## In this script we will homogenize the data from the pre-fire forest maps (1985) and the most current forest map of the autonomous community.

## Author: Ana Laura Giambelluca
## Jupyter Notebook

###################################################################
                      ##  Navarra            
##################################################################
from pandas.core.computation.check import NUMEXPR_INSTALLED
import pandas as pd
import numpy as np
import matplotlib.pyplot as plt
%matplotlib inline  
import os
import rasterio
import rasterio.features
import rasterio.warp
from osgeo import gdal
from matplotlib import pyplot
from rasterio.plot import show 
import geopandas as gpd
from osgeo import ogr, osr
import math
import re
from rasterstats import zonal_stats

# We load the Navarre layer containing the information from both land use maps. This layer is obtained by intersecting the Spanish Forest Map (1985) with the Navarre forest map of 2011.
# You can find the layer in the folder Layers/...(Region).../01_Forest_Map

shp=gpd.read_file('Bosques_MFE11_MFE85_Navarra.shp')

# Each code is assigned its corresponding label, creating a dataframe
codigo=[0,1,2,3,4,5,6,7,8,9,10,11,12,13,14,15,16,17,18,19,20,21,22,23,24,25,26,27,28,29,30,31,32,33,34,35,36,37,38,39,40,41,42,43,44,45,46,47,49,50,51,52,53,54,55,56,57,58,59,60,61,62,63,64,65,66,67,68,69,70,71,72,73,74,75,76,77,78,79,80,81,83,84,85,87,88,89,90,91,92,93,94,95,96,97,98,99,100,101,102,103,104,105,106,107,108,108,109,110,111,112,113,114,115,116,117,118,119,120,121,122,123,124,125,126,127,128,129,130,131,132,133,134,135,136,137,138,139,140,141,142,143,144,145,146,147,148,149,150,151,152,153,154,155,156,157,158,159,160,161,162,163,164,165,166,167,168,169,170,171,172,173,174,175,176,177,178,179,180,181,182,183,184,185,186,187,188,189,190,191,192,193,194,195,196,197,198,199,200,201,202,203,204,205,206,207,208,209,210,211,212,213,214,215,216,217,218,219,220,221,222,223,224,225,226,227,228,229,230,231,232,233,234,235,236,237,238,239,240,241,242,243,244,245,246,247,248,249,250,251,252,253,254,255,256,257,258,259,260,261,262,263,264,265,266,267,268,269,270,271,272,273,274,275,276,277,278,279,280,281,282,283,284,285,286,287,287,288,289,290,291,292,293,294,295,296,297,298,299,300,301,302,303,304,305,306,307,308,309,310,311,312,313,314,315,316,317,318,319,320,321,322,323,324,325,326,327,328,329,330,331,332,333,334,335,336,337,338,339,340,341,342,343,344,345,346,347,348,349,350,351,352,353,354,355,356,357,358,359,360,361,362,363,364,365,366,367,368,368,369,370,371,372,373,374,375,376,377,378,379,380,381,382,383,384,385,386,387,388,389,390,391,392,393,394,395,396,397,398,399,400,401,402,403,404,405,406,407,408,409,410,411,412,413,414,415,416,417,418,419,420,421,422,423,424,425,426,427,428,429,431,432,433,434,435,436,437,438,439,440,441,442,443,444,445,446,447,448,449,450,451,452,453,454,455,456,457,458,459,460,461,462,463,464,465,466,467,468,469,470,471,472,473,474,475,476,477,478,479,480,481,482,483,484,485,486,487,488,489,490,491,492,493,494,495,496,497,498,499,500,501,502,503,504,505,506,507,508,509,510,511,512,513,514,515,516,517,518,519,520,521,522,523,524,525,526,527,528,529,530,531,532,533,534,535,536,537,538,538,539,540,541,542,543,544,545,546,547,548,549,550,551,552,553,554,555,556,557,558,559,561,563,564,565,566,567,568,569,570,571,572,573,575,578,579,580,581,582,584,586,588,589,590,592,593,594,595,597,599,600,601,603,604,605,606,607,608,609,610,611,612,613,615,617,618,619,620,621,622,623,626,627,630,632,634,635,637,638,639,640,640,641,642,643,646,647,648,649,650,651,652,653,655,656,657,658,659,660,661,662,663,664,665,666,667,668,669,670,671,672,673,674,675,682,683,684,685,686,687,688,689,690,691,692,700,701,702,703,704,705,706,707,708,709,710,711,712,713,714,715,716,717,718,719,720,721,722,723,724,725,726,727,728,729,730,731,732,733,734,735,736,737,738,739,740,741,742,743,744,745,746,747,748,749,750,751,752,753,754,755,756,757,758,759,760,761,762,763,764,765,766,767,768,769,770,771,772,773,774,775,776,777,778,779,780,781,782,783,784,785,787,788,789,790,791,792,793,794,795,796,797,798,799,800,801,802,803,804,805,806,807,808,809,810,811,812,813,814,815,816,817,818,819,820,821,822,823,824,825,826,827,828,829,830,831,832,833,834,835,836,837,838,839,840,841,842,843,844,845,846,847,848,849,850,851,852,853,854,855,856,857,858,859,860,861,862,863,864,865,866,867,868,869,870,900,901,902,903,999,1001,1004,1005,1006,1010,1011,1012,1013,1015,1016,1017,1018,1021,1023,1024,1025,1027,1028,1029,1030,1031,1032,1033,1034,1035,1036,1037,1038,1039,1040,1041,1042,1043,1044,1045,1046,1047,1048,1049,1050,1051,1052,1053,1054,1055,1056,1057,1058,1059,1060,1061,1062,1063,1064,1065,1066,1067,1068,1069,1071,1072,1073,1074,1077,1078,1079,1080,1081,1082,1083,1084,1085,1086,1087,1088,1089,1090,1091,1092,1093,1094,1095,1096,1097,1098,1099,1100,1101,1102,1103,1104,1105,1106,1107,1108,1109,1110,1111,1112,1113,1114,1115,1116,1117,1118,1119,1120,1121,1122,1123,1124,1125,1126,1130,1131,1132,1133,1134,1135,1136,1137,1138,1139,1140,1141,1142,1143,1144,1145,1146,1147,1148,1149,1150,1152,1153,1154,1155,1156,1157,1158,1159,1160,1161,1162,1163,1164,1165,1166,1167,1168,1169,1171,1172,1173,1174,1175,1176,1177,1178,1179,1180,1181,1182,1183,1184,1185,1186,1187,1188,1189,1190,1191,1192,1193,1194,1195,1196,1197,1198,1199,1200,1201,1202,1203,1204,1205,1206,1207,1208,1209,1210,1211,1212,1213,1214,1215,1216,1217,1218,1219,1220,1221,1222,1223,1224,1225,1226,1227,1228,1229,1230,1231,1232,1233,1234,1235,1236,1237,1238,1239,1240,1241,1242,1243,1244,1245,1246,1247,1248,1249,1250,1251,1252,1253,1254,1255,1256,1257,1258,1259,1260,1261,1262,1263,1264,1265,1266,1267,1268,1269,1270,1271,1272,1273,1274,1275,1276,1277,1278,1279,1280,1281,1282,1283,1284,1285,1286,1287,1288,1289,1290,1291,1292,1293,1294,1295,1296,1298,1299,1300,1301,1302,1303,1304,1305,1306,1307,1308,1309,1310,1311,1312,1313,1314,1315,1316,1317,1318,1319,1320,1321,1322,1323,1324,1325,1326,1327,1328,1329,1330,1331,1332,1333,1334,1335,1336,1337,1338,1339,1340,1341,1342,1343,1344,1345,1346,1347,1348,1349,1350,1351,1352,1353,1354,1355,1356,1357,1358,1359,1360,1361,1362,1363,1364,1365,1366,1367,1368,1369,1370,1371,1372,1373,1374,1376,1377,1378,1379,1380,1381,1382,1383,1384,1385,1386,1387,1388,1389,1391,1392,1393,1394,1395,1397,1398,1399,1400,1401,1402,1403,1404,1405,1406,1407,1408,1409,1410,1411,1412,1413,1414,1415,1416,1417,1418,1419,1420,1421,1422,1423,1424,1425,1426,1427,1428,1429,1430,1431,1432,1433,1434,1435,1436,1437,1438,1439,1440,1441,1442,1443,1444,1445,1446,1447,1448,1449,1450,1451,1452,1453,1454,1455,1456,1457,1458,1459,1460,1461,1462,1463,1464,1465,1466,1467,1468,1469,1470,1471,1472,1473,1474,1475,1476,1477,1478,1479,1480,1481,1482,1483,1484,1485,1486,1487,1488,1489,1490,1491,1492,1493,1494,1495,1496,1497,1498,1499,1500,1501,1502,1503,1504,1505,1506,1507,1508,1509,1510,1511,1512,1513,1514,1515,1516,1517,1518,1519,1520,1521,1522,1523,1524,1525,1526,1528,1529,1530,1531,1532,1533,1534,1535,1536,1537,1538,1539,1540,1541,1542,1543,1544,1545,1546,1547,1548,1549,1550,1551,1552,1553,1554,1555,1556,1557,1558,1559,1560,1561,1562,1563,1564,1565,1566,1567,1568,1569,1570,1571,1572,1573,1574,1575,1576,1577,1578,1579,1580,1581,1582,1583,1584,1585,1586,1587,1588,1589,1590,1591,1592,1593,1594,1595,1596,1597,1598,1599,1600,1601,1602,1603,1604,1605,1606,1607,1608,1609,1610,1611,1612,1613,1614,1615,1616,1617,1618,1619,1620,1621,1622,1623,1624,1625,1626,1627,1628,1629,1630,1631,1632,1633,1634,1635,1636,1637,1638,1639,1640,1641,1642,1643,1644,1645,1646,1647,1648,1649,1650,1651,1652,1653,1654,1655,1656,1657,1658,1659,1660,1662,1663,1664,1665,1666,1667,1668,1669,1670,1672,1673,1674,1675,1676,1677,1678,1679,1680,1681,1682,1683,1684,1685,1686,1687,1688,1689,1690,1691,1692,1693,1694,1695,1696,1697,1698,1699,1700,1701,1702,1703,1704,1705,1706,1707,1708,1709,1710,1711,1712,1713,1714,1715,1716,1717,1719,1720,1721,1722,1723,1725,1726,1727,1728,1729,1730,1731,1732,1733,1734,1735,1736,1737,1738,1739,1740,1741,1742,1743,1744,1745,1746,1747,1748,1749,1750,1751,1752,1753,1754,1755,1756,1757,1758,1759,1760,1761,1762,1763,1764,1765,1766,1767,1768,1769,1770,1771,1772,1773,1774,1775,1776,1777,1778,1779,1780,1781,1782,1783,1784,1785,1786,1787,1788,1789,1790,1791,1792,1793,1794,1795,1796,1797,1798,1799,1800,1801,1802,1803,1804,1805,1806,1807,1808,1809,1810,1812,1813,1814,1815,1816,1817,1818,1820,1821,1822,1823,1824,1826,1827,1828,1829,1830,1831,1832,1834,1835,1836,1837,1838,1839,1840,1841,1845,1846,1847,1848,1849,1850,1851,1852,1853,1854,1855,1856,1859,1860,1861,1862,1863,1864,1865,1866,1867,1868,1869,1870,1871,1872,1873,1874,1875,1876,1877,1878,1879,1880,1881,1882,1883,1884,1885,1886,1887,1888,1889,1890,1891,1892,1894,1895,1898,1899,1900,1901,1902,1903,1904,1905,1906,1907,1908,1909,1910,1911,1912,1913,1914,1915,1916,1917,1918,1919,1920,1921,1922,1923,1924,1925,1926,1927,1928,1929,1930,1931,1932,1933,1934,1935,1936,1937,1938,1939,1940,1941,1942,1943,1944,1945,1946,1947,1948,1949,1950,1951,1952,1953,1954,1955,1956,1957,1958,1959,1960,1961,1962,1963,1964,1965,1967,1968,1969,1970,1971,1972,1973,1974,1975,1976,1977,1978,1979,1980,1981,1982,1983,1984,1985,1986,1987,1988,1989,1990,1991,1992,1993,1994,1995,1996,1997,1998,1999,2000,2001,2002,2003,2004,2005,2006,2007,2008,2010,2011,2012,2013,2014,2015,2016,2017,2018,2019,2020,2021,2022,2023,2024,2025,2026,2027,2028,2029,2030,2031,2032,2033,2034,2035,2036,2037,2038,2041,2042,2043,2044,2045,2046,2047,2048,2049,2050,2051,2052,2053,2054,2055,2056,2057,2058,2059,2060,2061,2062,2063,2064,2065,2066,2067,2068,2069,2070,2071,2072,2073,2074,2075,2076,2077,2078,2079,2080,2081,2082,2083,2084,2085,2086,2087,2088,2089,2090,2091,2092,2093,2094,2095,2096,2097,2098,2099,2100,2101,2102,2103,2104,2105,2106,2107,2108,2109,2110,2111,2112,2113,2114,2115,2116,2117,2118,2119,2120,2121,2122,2123,2124,2125,2126,2127,2128,2129,2130,2131,2132,2133,2134,2135,2136,2137,2138,2139,2140,2141,2142,2143,2144,2145,2146,2147,2148,2149,2152,2153,2154,2155,2156,2157,2158,2159,2160,2161,2162,2163,2164,2165,2166,2168,2172,2173,2174,2175,2176,2177,2178,2179,2180,2181,2182,2183,2184,2185,2186,2187,2188,2189,2190,2191,2192,2193,2194,2195,2196,2197,2198,2199,2200,2201,2202,2203,2204,2205,2206,2207,2208,2209,2210,2211,2212,2213,2214,2215,2216,2217,2218,2219,2220,2221,2222,2223,2224,2225,2226,2227,2228,2229,2230,2231,2232,2233,2234,2235,2236,2237,2238,2239,2240,2241,2242,2243,2244,2245,2246,2247,2248,2249,2250,2251,2252,2253,2254,2255,2256,2257,2258,2259,2260,2261,2262,2263,2264,2265,2266,2267,2268,2269,2270,2271,2272,2273,2274,2275,2276,2277,2278,2280,2281,2282,2284,2285,2286,2287,2288,2289,2290,2291,2292,2293,2294,2295,2296,2297,2298,2299,2300,2301,2302,2303,2304,2305,2306,2307,2308,2309,2310,2311,2312,2313,2314,2315,2316,2317,2318,2319,2320,2321,2322,2323,2324,2325,2326,2327,2328,2329,2330,2331,2332,2333,2334,2335,2336,2337,2338,2339,2340,2341,2342,2343,2344,2345,2346,2347,2348,2349,2350,2351,2352,2353,2354,2355,2356,2357,2358,2359,2360,2361,2362,2363,2364,2365,2366,2367,2368,2369,2370,2371,2372,2373,2374,2375,2376,2377,2378,2379,2380,2381,2382,2383,2384,2385,2386,2387,2388,2389,2390,2391,2392,2393,2395,2396,2397,2399,2400,2401,2402,2403,2404,2405,2406,2407,2408,2409,2411,2412,2413,2414,2415,2418,2419,2420,2421,2422,2423,2424,2425,2426,2427,2428,2429,2430,2431,2432,2433,2434,2435,2436,2437,2438,2439,2440,2441,2442,2443,2444,2445,2446,2447,2448,2449,2450,2451,2452,2453,2456,2457,2458,2459,2460,2461,2462,2463,2464,2465,2466,2467,2468,2469,2470,2471,2473,2474,2475,2476,2477,2478,2479,2480,2481,2482,2483,2484,2485,2486,2487,2488,2489,2490,2491,2492,2493,2494,2495,2496,2497,2498,2499,2500,2501,2502,2503,2504,2505,2506,2507,2508,2509,2510,2511,2512,2513,2514,2515,2516,2517,2518,2519,2520,2521,2522,2523,2524,2525,2526,2527,2528,2529,2530,2531,2532,2533,2534,2535,2536,2537,2538,2539,2540,2541,2542,2543,2544,2545,2546,2547,2548,2549,2550,2551,2552,2553,2554,2555,2556,2557,2558,2559,2560,2561,2562,2563,2564,2565,2566,2567,2568,2569,2570,2571,2572,2573,2574,2575,2576,2577,2578,2579,2580,2581,2582,2583,2584,2585,2586,2587,2588,2589,2590,2591,2592,2593,2594,2595,2596,2597,2598,2599,2600,2601,2602,2603,2604,2605,2606,2607,2608,2609,2610,2611,2612,2613,2614,2615,2616,2617,2618,2619,2620,2621,2622,2623,2624,2625,2626,2627,2628,2629,2630,2631,2632,2633,2634,2635,2636,2637,2638,2639,2640,2641,2642,2643,2644,2645,2646,2647,2648,2649,2650,2651,2652,2653,2654,2655,2656,2657,2658,2659,2660,2661,2662,2663,2664,2665,2666,2667,2668,2669,2670,2671,2672,2673,2674,2675,2676,2677,2678,2679,2680,2681,2682,2683,2684,2685,2686,2687,2688,2689,2690,2691,2692,2693,2694,2695,2696,2697,2698,2699,2700,2701,2702,2703,2704,2705,2706,2707,2708,2709,2710,2711,2712,2713,2714,2715,2716,2717,2718,2719,2720,2721,2722,2723,2724,2725,2726,2727,2728,2729,2730,2731,2732,2733,2734,2735,2736,2737,2738,2739,2740,2741,2742,2743,2744,2745,2746,2747,2748,2749,2750,2751,2752,2753,2754,2755,2756,2757,2758,2759,2760,2761,2762,2763,2764,2765,2766,2767,2768,2769,2770,2771,2772,2773,2774,2775,2776,2777,2778,2779,2780,2781,2782,2783,2784,2785,2787,2788,2789,2790,2791,2793,2794,2795,2796,2797,2798,2799,2800,2801,2802,2803,2804,2805,2806,2808,2809,2810,2811,2812,2813,2814,2815,2816,2817,2818,2819,2820,2821,2822,2823,2824,2826,2827,2828,2830,2831,2832,2834,2835,2836,2837,2838,2839,2840,2841,2842,2843,2844,2845,2846,2847,2848,2849,2850,2851,2852,2853,2854,2855,2856,2857,2858,2859,2860,2861,2862,2863,2864,2865,2866,2867,2868,2869,2870,2871,2872,2873,2874,2875,2876,2877,2878,2879,2880,2881,2882,2883,2884,2885,2886,2887,2888,2889,2890,2891,2892,2893,2894,2895,2896,2897,2898,2899,2900,2901,2902,2903,2904,2905,2906,2907,2908,2909,2910,2911,2912,2913,2914,2915,2916,2917,2918,2919,2920,2921,2922,2923,2924,2925,2926,2927,2928,2929,2930,2931,2932,2933,2934,2935,2936,2937,2938,2939,2940,2941,2942,2943,2944,2945,2946,2947,2948,2949,2950,2951,2952,2953,2954,2955,2956,2957,2958,2959,2960,2961,2962,2963,2964,2965,2966,2967,2968,2969,2970,2971,2972,2973,2974,2975,2976,2977,2978,2979,2980,2981,2982,2983,2984,2985,2986,2987,2988,2989,2990,2991,2992,2993,2994,2995,2996,2997,2998,2999,3000,3001,3002,3003,3004,3005,3006,3007,3008,3009,3010,3011,3012,3013,3014,3015,3016,3017,3018,3019,3020,3021,3022,3023,3024,3025,3026,3027,3028,3029,3030,3031,3032,3033,3034,3035,3036,3037,3038,3039,3040,3041,3042,3043,3044,3045,3046,3047,3048,3049,3050,3051,3052,3053,3054,3055,3056,3057,3058,3059,3060,3061,3062,3063,3064,3065,3066,3067,3068,3069,3070,3071,3072,3073,3074,3075,3076,3077,3078,3079,3081,3082,3083,3084,3085,3086,3087,3088,3089,3090,3091,3092,3093,3094,3095,3096,3097,3098,3099,3100,3101,3102,3103,3104,3105,3106,3107,3108,3109,3110,3111,3112,3113,3114,3115,3116,3117,3118,3119,3120,3121,3122,3123,3124,3125,3126,3127,3128,3129,3131,3132,3133,3134,3135,3136,3137,3138,3139,3141,3144,3145,3146,3147,3148,3149,3150,3151,3152,3153,3154,3155,3156,3157,3158,3159,3160,3161,3162,3163,3164,3165,3166,3167,3168,3169,3170,3171,3172,3173,3174,3175,3176,3177,3178,3179,3180,3181,3182,3183,3184,3185,3186,3187,3188,3189,3190,3191,3192,3193,3194,3195,3196,3197,3198,3199,3200,3201,3202,3203,3204,3205,3206,3207,3208,3209,3210,3211,3212,3213,3214,3215,3216,3217,3218,3219,3220,3221,3222,3223,3224,3225,3226,3227,3228,3229,3230,3231,3232,3233,3234,3235,3236,3237,3238,3239,3240,3241,3242,3243,3244,3245,3246,3247,3248,3249,3250,3251,3252,3253,3254,3255,3256,3257,3258,3259,3260,3261,3262,3263,3264,3265,3266,3269,3270,3271,3272,3275,3278,3279,3282,3284,3285,3286,3287,3288,3289,3290,3291,3292,3293,3295,3296,3297,3298,3299,3300,3301,3302,3303,3304,3305,3306,3307,3308,3309,3310,3311,3312,3313,3314,3315,3316,3317,3318,3319,3320,3321,3322,3323,3324,3325,3326,3327,3328,3329,3330,3331,3332,3333,3334,3335,3336,3337,3338,3339,3340,3341,3342,3343,3344,3345,3346,3347,3348,3349,3350,3351,3352,3353,3354,3355,3356,3357,3358,3359,3360,3361,3362,3363,3364,3365,3366,3367,3368,3369,3370,3371,3372,3373,3374,3375,3376,3377,3378,3379,3380,3381,3382,3383,3384,3385,3386,3387,3388,3389,3390,3391,3392,3393,3394,3395,3396,3397,3398,3399,3400,3402,3403,3404,3405,3406,3407,3408,3409,3411,3412,3413,3414,3415,3416,3417,3419,3420,3421,3422,3423,3424,3425,3426,3427,3428,3429,3430,3431,3432,3433,3434,3435,3436,3437,3438,3439,3440,3441,3442,3443,3444,3445,3446,3448,3450,3451,3452,3453,3454,3455,3456,3457,3458,3459,3460,3461,3462,3463,3464,3465,3466,3467,3468,3469,3470,3472,3473,3474,3475,3477,3478,3479,3480,3481,3482,3483,3484,3485,3486,3487,3488,3489,3490,3491,3492,3493,3494,3495,3496,3497,3498,3499,3500,3501,3502,3503,3504,3505,3506,3507,3508,3509,3510,3511,3512,3513,3514,3515,3516,3517,3518,3519,3520,3521,3522,3523,3524,3525,3526,3527,3528,3529,3530,3531,3532,3533,3534,3535,3536,3537,3538,3539,3540,3541,3542,3543,3544,3545,3546,3547,3548,3549,3550,3551,3552,3553,3554,3555,3556,3557,3558,3559,3560,3561,3562,3563,3564,3565,3566,3567,3568,3569,3570,3571,3572,3573,3575,3579,3580,3581,3582,3583,3584,3585,3586,3587,3588,3589,3590,3591,3592,3593,3594,3595,3596,3597,3598,3599,3600,3601,3602,3603,3604,3605,3606,3607,3608,3609,3610,3611,3612,3613,3614,3615,3616,3617,3618,3619,3620,3621,3622,3623,3624,3625,3626,3627,3628,3629,3630,3631,3632,3633,3634,3635,3636,3637,3638,3639,3640,3641,3642,3643,3644,3645,3646,3647,3648,3649,3650,3651,3652,3653,3654,3655,3656,3657,3658,3659,3660,3661,3662,3663,3664,3665,3666,3667,3668,3669,3670,3671,3672,3673,3674,3675,3676,3677,3678,3679,3683,3684,3685,3686,3687,3691,3692,3695,3696,3698,3699,3700,3701,3702,3703,3704,3705,3706,3707,3708,3709,3710,3711,3712,3713,3714,3715,3716,3717,3718,3719,3720,3721,3722,3723,3724,3725,3726,3727,3728,3729,3730,3731,3732,3733,3734,3735,3736,3737,3738,3739,3740,3741,3742,3743,3744,3745,3746,3747,3748,3749,3750,3751,3752,3753,3754,3755,3756,3757,3758,3759,3760,3761,3762,3763,3764,3765,3766,3767,3768,3769,3770,3771,3772,3773,3774,3775,3776,3777,3778,3779,3780,3781,3782,3783,3784,3785,3786,3787,3788,3789,3790,3791,3792,3793,3794,3795,3796,3797,3798,3799,3800,3801,3802,3803,3804,3805,3806,3807,3808,3809,3810,3811,3812,3813,3814,3815,3816,3817,3818,3819,3820,3821,3822,3823,3824,3825,3826,3827,3828,3829,3830,3831,3832,3833,3834,3835,3836,3837,3838,3839,3840,3841,3842,3843,3844,3845,3846,3847,3848,3849,3850,3851,3852,3853,3854,3855,3856,3857,3858,3859,3860,3861,3862,3863,3864,3865,3866,3867,3868,3869,3870,3871,3872,3873,3874,3875,3876,3877,3878,3879,3880,3881,3882,3883,3884,3885,3886,3887,3888,3889,3890,3891,3892,3893,3894,3895,3896,3897,3898,3899,3900,3901,3902,3903,3904,3905,3906,3907,3908,3909,3910,3911,3912,3913,3914,3915,3916,3917,3918,3919,3920,3921,3922,3923,3925,3926,3927,3928,3929,3930,3931,3932,3933,3934,3935,3936,3937,3938,3939,3940,3941,3942,3943,3944,3945,3947,3948,3949,3950,3951,3952,3953,3954,3955,3956,3957,3958,3960,3961,3962,3963,3964,3965,3966,3967,3968,3969,3970,3971,3972,3973,3974,3975,3976,3977,3978,3979,3980,3981,3982,3983,3984,3985,3986,3987,3988,3989,3990,3991,3992,3993,3994,3995,3996,3997,3998,3999,4000,4001,4002,4003,4004,4005,4006,4007,4008,4009,4010,4011,4012,4013,4014,4015,4016,4017,4018,4019,4020,4021,4022,4023,4024,4025,4026,4027,4028,4029,4030,4031,4032,4033,4034,4035,4036,4037,4038,4039,4040,4041,4042,4043,4045,4046,4047,4048,4049,4050,4051,4052,4053,4054,4055,4056,4057,4058,4059,4060,4061,4062,4063,4064,4065,4066,4067,4068,4069,4070,4071,4072,4073,4074,4075,4076,4077,4079,4080,4081,4082,4083,4084,4085,4086,4087,4088,4089,4090,4091,4092,4093,4094,4095,4096,4097,4098,4099,4100,4101,4102,4103,4104,4105,4106,4107,4108,4109,4110,4111,4112,4113,4114,4115,4116,4117,4118,4119,4120,4121,4122,4123,4124,4125,4126,4127,4128,4129,4130,4131,4132,4133,4134,4135,4136,4137,4138,4139,4140,4141,4142,4143,4144,4145,4146,4147,4148,4150,4151,4152,4153,4154,4155,4156,4157,4158,4159,4160,4161,4162,4163,4164,4165,4166,4167,4168,4169,4170,4171,4172,4173,4174,4175,4176,4177,4178,4179,4180,4181,4182,4183,4184,4185,4186,4187,4188,4189,4190,4191,4192,4193,4194,4195,4196,4197,4198,4199,4200,4201,4204,4205,4207,4209,4210,4214,4215,4216,4216,4219,4220,4221,4222,4223,4224,4225,4226,4227,4228,4229,4230,4231,4232,4233,4235,4236,4237,4238,4239,4240,4241,4242,4243,4244,4245,4246,4247,4248,4249,4250,4251,4252,4253,4254,4255,4256,4257,4258,4259,4260,4261,4262,4263,4264,4265,4266,4267,4268,4269,4270,4272,4273,4274,4275,4276,4277,4278,4279,4280,4281,4282,4283,4284,4285,4286,4287,4288,4289,4290,4291,4292,4293,4294,4295,4296,4297,4298,4299,4300,4301,4302,4303,4304,4305,4306,4307,4308,4309,4310,4311,4312,4313,4314,4315,4316,4317,4318,4319,4320,4321,4322,4323,4324,4325,4326,4327,4328,4329,4330,4331,4332,4333,4334,4340,4341,4343,4344,4346,4347,4349,4350,4352,4353,4354,4355,4356,4357,4358,4359,4360,4361,4362,4363,4364,4365,4366,4367,4368,4369,4370,4371,4372,4373,4374,4375,4376,4377,4378,4379,4380,4381,4382,4383,4384,4385,4386,4387,4388,4389,4390,4391,4392,4393,4394,4395,4396,4397,4398,4399,4400,4401,4402,4403,4404,4405,4406,4407,4408,4409,4410,4411,4412,4413,4414,4415,4416,4417,4418,4419,4420,4421,4422,4423,4424,4425,4426,4427,4428,4429,4430,4431,4432,4433,4434,4435,4436,4437,4438,4439,4440,4441,4442,4443,4444,4445,4446,4447,4448,4449,4450,4451,4452,4453,4454,4455,4456,4457,4458,4459,4460,4461,4462,4463,4464,4465,4466,4467,4468,4469,4470,4471,4472,4473,4474,4475,4476,4477,4478,4479,4480,4481,4482,4483,4484,4485,4486,4487,4488,4489,4491,4492,4493,4494,4495,4496,4497,4498,4499,4500,4501,4502,4503,4504,4505,4506,4507,4508,4509,4510,4511,4512,4513,4514,4515,4517,4518,4519,4520,4521,4522,4523,4524,4525,4526,4527,4528,4529,4530,4531,4532,4533,4534,4535,4536,4537,4538,4539,4540,4541,4542,4543,4544,4545,4546,4547,4548,4549,4550,4551,4552,4553,4554,4555,4556,4557,4558,4559,4560,4561,4562,4563,4564,4565,4566,4567,4568,4569,4570,4571,4572,4573,4574,4576,4577,4578,4579,4580,4581,4582,4583,4584,4586,4587,4588,4589,4590,4591,4592,4593,4594,4595,4596,4597,4598,4599,4600,4601,4602,4603,4604,4605,4606,4607,4608,4609,4610,4611,4612,4613,4614,4615,4616,4617,4618,4619,4620,4621,4622,4623,4624,4625,4626,4627,4628,4629,4630,4632,4633,4634,4635,4636,4637,4638,4639,4641,4642,4644,4646,4647,4648,4649,4650,4651,4652,4653,4654,4655,4656,4657,4658,4659,4660,4661,4662,4663,4664,4665,4666,4667,4668,4669,4670,4671,4672,4673,4674,4675,4676,4677,4678,4679,4680,4681,4682,4683,4684,4685,4686,4687,4688,4689,4690,4691,4692,4693,4694,4695,4696,4697,4698,4699,4700,4701,4702,4703,4704,4705,4706,4707,4708,4709,4710,4711,4712,4713,4714,4715,4716,4717,4718,4719,4720,4721,4722,4723,4724,4725,4726,4727,4728,4729,4730,4731,4732,4733,4734,4735,4736,4737,4738,4739,4740,4741,4742,4743,4744,4745,4746,4747,4748,4749,4750,4751,4752,4753,4754,4755,4756,4757,4758,4759,4760,4761,4762,4763,4764,4765,4766,4767,4768,4769,4770,4771,4772,4773,4774,4775,4776,4777,4778,4779,4780,4781,4782,4783,4784,4785,4786,4787,4788,4789,4790,4791,4792,4793,4794,4795,4796,4797,4798,4799,4800,4801,4802,4803,4804,4805,4806,4807,4809,4810,4811,4812,4814,4815,4816,4817,4818,4819,4820,4821,4822,4825,4827,4828,4829,4830,4831,4832,4833,4834,4837,4839,4842,4844,4845,4848,4849,4850,4851,4852,4855,4856,4857,4858,4859,4860,4861,4862,4863,4864,4865,4866,4867,4868,4869,4870,4871,4872,4873,4874,4875,4876,4877,4878,4879,4880,4881,4882,4883,4884,4885,4886,4887,4888,4889,4890,4891,4892,4893,4894,4895,4896,4897,4898,4899,4900,4901,4902,4903,4904,4905,4906,4907,4908,4909,4910,4911,4912,4913,4914,4915,4916,4917,4918,4919,4920,4921,4922,4923,4924,4925,4926,4927,4928,4929,4930,4931,4932,4933,4934,4935,4936,4937,4938,4939,4940,4941,4942,4943,4944,4945,4946,4947,4948,4949,4950,4951,4952,4953,4954,4955,4956,4957,4958,4959,4960,4961,4962,4963,4964,4965,4966,4967,4968,4969,4970,4971,4972,4973,4974,4975,4976,4977,4978,4979,4980,4981,4982,4983,4984,4985,4986,4987,4988,4990,4991,4992,4993,4994,4995,4996,4997,4998,4999,5000,5001,5002,5004,5005,5006,5007,5008,5009,5010,5011,5012,5013,5014,5015,5016,5017,5018,5019,5020,5023,5024,5025,5027,5028,5029,5030,5031,5032,5033,5034,5035,5036,5037,5038,5039,5040,5041,5042,5043,5044,5045,5046,5047,5048,5049,5050,5051,5052,5053,5054,5055,5056,5057,5058,5059,5060,5061,5062,5063,5064,5065,5066,5068,5069,5070,5071,5072,5073,5075,5076,5077,5078,5079,5080,5081,5082,5083,5084,5085,5086,5087,5088,5089,5090,5091,5092,5093,5094,5095,5096,5097,5098,5099,5100,5101,5102,5103,5104,5105,5106,5107,5108,5109,5110,5111,5112,5113,5114,5115,5116,5117,5118,5119,5120,5121,5122,5123,5124,5125,5126,5127,5128,5129,5130,5132,5133,5134,5135,5136,5137,5138,5139,5140,5141,5142,5143,5144,5145,5146,5147,5148,5149,5150,5151,5153,5154,5155,5156,5157,5158,5159,5160,5161,5162,5163,5164,5165,5166,5167,5168,5169,5170,5171,5172,5173,5174,5175,5176,5177,5178,5179,5180,5181,5182,5183,5184,5185,5186,5187,5188,5189,5190,5191,5192,5193,5194,5195,5196,5197,5198,5199,5200,5201,5202,5203,5204,5205,5206,5207,5208,5209,5210,5211,5212,5213,5214,5215,5216,5217,5218,5219,5220,5221,5222,5223,5224,5225,5226,5227,5228,5229,5230,5231,5232,5233,5234,5235,5236,5237,5238,5239,5240,5241,5242,5243,5244,5245,5246,5247,5248,5249,5250,5251,5252,5253,5254,5255,5256,5257,5258,5259,5260,5261,5262,5263,5264,5265,5266,5267,5268,5269,5270,5271,5272,5273,5274,5275,5276,5277,5278,5279,5280,5281,5282,5283,5284,5285,5286,5287,5288,5289,5290,5291,5292,5293,5294,5295,5296,5297,5298,5299,5300,5301,5302,5303,5304,5305,5306,5307,5308,5309,5310,5311,5312,5313,5314,5315,5316,5317,5318,5319,5320,5321,5322,5323,5324,5325,5326,5327,5328,5329,5330,5331,5332,5333,5334,5335,5336,5337,5338,5339,5340,5341,5342,5343,5344,5345,5346,5347,5348,5349,5350,5351,5352,5353,5354,5355,5356,5357,5358,5359,5360,5361,5362,5363,5364,5365,5366,5367,5368,5369,5370,5371,5372,5373,5374,5375,5376,5377,5378,5379,5380,5381,5382,5383,5384,5385,5386,5387,5388,5389,5390,5391,5392,5393,5394,5395,5396,5397,5398,5399,5400,5401,5402,5403,5404,5405,5406,5407,5408,5409,5410,5411,5412,5413,5414,5415,5416,5417,5418,5419,5420,5421,5422,5423,5425,5426,5427,5428,5429,5430,5431,5432,5433,5434,5435,5436,5438,5439,5440,5441,5442,5443,5444,5445,5446,5447,5448,5449,5450,5451,5452,5453,5454,5455,5456,5457,5458,5459,5460,5461,5462,5463,5464,5465,5466,5467,5468,5469,5470,5471,5472,5473,5474,5475,5476,5477,5478,5479,5480,5481,5482,5483,5484,5485,5486,5487,5488,5490,5491,5492,5493,5494,5495,5496,5497,5498,5499,5500,5501,5502,5503,5504,5505,5506,5507,5508,5509,5510,5511,5512,5513,5514,5515,5516,5517,5518,5519,5520,5521,5522,5523,5524,5525,5526,5527,5528,5529,5530,5531,5532,5533,5534,5535,5536,5537,5538,5539,5540,5541,5542,5543,5544,5545,5546,5547,5548,5550,5551,5552,5553,5554,5555,5556,5557,5558,5559,5560,5561,5562,5563,5564,5565,5566,5567,5568,5569,5570,5571,5572,5573,5574,5575,5576,5577,5578,5579,5580,5581,5582,5583,5584,5585,5586,5587,5588,5589,5590,5591,5592,5593,5594,5595,5596,5597,5598,5599,5600,5601,5602,5603,5604,5605,5606,5607,5608,5609,5610,5611,5612,5613,5614,5615,5616,5617,5618,5619,5620,5621,5622,5623,5624,5625,5626,5627,5628,5629,5630,5631,5632,5633,5634,5635,5636,5637,5638,5639,5640,5641,5643,5644,5645,5646,5647,5648,5649,5650,5651,5652,5653,5654,5655,5656,5657,5658,5659,5660,5661,5662,5663,5664,5665,5666,5667,5668,5669,5670,5671,5672,5673,5674,5675,5676,5677,5678,5679,5680,5681,5682,5683,5684,5685,5686,5687,5688,5689,5690,5691,5692,5693,5694,5695,5696,5697,5698,5699,5700,5701,5702,5703,5704,5705,5706,5707,5708,5709,5710,5711,5712,5713,5714,5715,5716,5717,5718,5719,5720,5721,5722,5723,5724,5725,5726,5727,5728,5729,5730,5731,5732,5733,5734,5735,5736,5737,5738,5739,5740,5741,5742,5743,5744,5745,5746,5747,5748,5749,5750,5751,5752,5753,5756,5757,5758,5759,5760,5761,5762,5763,5764,5765,5766,5767,5768,5769,5770,5771,5772,5773,5774,5775,5776,5777,5778,5779,5780,5781,5782,5783,5784,5785,5786,5787,5788,5789,5790,5791,5792,5793,5794,5795,5796,5797,5798,5799,5800,5805,5806,5807,5809,5810,5813,5814,5815,5816,5817,5818,5819,5820,5821,5822,5823,5824,5825,5826,5827,5828,5829,5830,5831,5832,5833,5834,5835,5836,5837,5838,5839,5840,5841,5842,5843,5844,5845,5846,5847,5848,5849,5850,5851,5852,5853,5854,5855,5856,5857,5858,5859,5860,5862,5863,5864,5865,5866,5868,5869,5870,5871,5872,5873,5874,5875,5876,5877,5878,5879,5880,5881,5882,5883,5884,5885,5886,5887,5888,5889,5890,5891,5892,5893,5894,5895,5896,5897,5898,5899,5900,5901,5902,5903,5904,5905,5906,5907,5908,5909,5910,5911,5912,5913,5914,5915,5916,5917,5918,5919,5920,5921,5922,5923,5924,5925,5926,5927,5928,5929,5930,5931,5932,5933,5934,5935,5937,5938,5939,5940,5941,5942,5943,5944,5945,5946,5947,5948,5949,5950,5951,5952,5953,5954,5955,5956,5957,5958,5959,5960,5961,5962,5963,5964,5965,5966,5967,5968,5969,5970,5971,5972,5973,5974,5975,5976,5977,5978,5979,5980,5981,5982,5983,5984,5985,5986,5987,5988,5989,5990,5991,5992,5993,5994,5995,5996,5997,5998,5999,6000,6001,6004,6005,6006,6007,6008,6009,6010,6011,6012,6013,6014,6015,6016,6019,6021,6022,6026,6028,6029,6030,6031,6032,6033,6034,6035,6036,6037,6038,6039,6040,6041,6042,6043,6044,6045,6046,6047,6048,6049,6050,6051,6052,6053,6054,6055,6056,6057,6058,6059,6060,6061,6062,6063,6064,6065,6066,6067,6068,6069,6070,6071,6072,6073,6074,6075,6076,6077,6078,6079,6080,6081,6082,6083,6084,6085,6086,6087,6088,6089,6090,6091,6092,6093,6094,6095,6096,6097,6098,6099,6100,6101,6102,6103,6104,6105,6106,6107,6108,6109,6110,6111,6112,6113,6114,6115,6116,6117,6118,6119,6120,6121,6122,6123,6124,6125,6126,6127,6128,6129,6130,6131,6132,6133,6134,6135,6136,6137,6138,6139,6140,6141,6142,6143,6144,6145,6146,6147,6148,6149,6150,6151,6152,6153,6154,6155,6156,6157,6158,6159,6160,6161,6162,6163,6164,6165,6166,6167,6168,6169,6170,6171,6172,6173,6174,6175,6176,6177,6178,6180,6181,6182,6183,6184,6185,6186,6187,6190,6191,6192,6193,6194,6195,6196,6197,6198,6199,6200,6201,6202,6203,6204,6205,6206,6207,6208,6209,6210,6211,6212,6213,6214,6215,6216,6217,6218,6219,6220,6221,6222,6223,6224,6225,6226,6227,6228,6229,6230,6231,6232,6233,6234,6235,6236,6237,6238,6239,6240,6241,6242,6243,6245,6246,6247,6248,6249,6250,6251,6252,6253,6254,6255,6256,6257,6258,6259,6260,6261,6262,6263,6264,6265,6266,6267,6268,6269,6270,6271,6272,6273,6274,6275,6276,6277,6278,6279,6280,6281,6282,6283,6284,6285,6286,6287,6288,6289,6290,6291,6292,6293,6294,6295,6296,6297,6298,6299,6300,6301,6302,6303,6304,6305,6306,6307,6308,6309,6310,6311,6312,6313,6314,6315,6316,6317,6318,6319,6320,6321,6322,6323,6324,6325,6326,6327,6328,6329,6330,6331,6332,6333,6334,6335,6336,6337,6338,6339,6340,6341,6342,6343,6344,6345,6346,6347,6348,6349,6350,6351,6352,6353,6354,6355,6356,6357,6358,6359,6360,6361,6362,6363,6364,6365,6366,6367,6368,6369,6370,6371,6372,6373,6374,6375,6376,6377,6378,6379,6380,6381,6382,6383,6384,6385,6386,6387,6388,6389,6390,6391,6392,6393,6394,6395,6396,6397,6398,6399,6400,6401,6402,6403,6404,6405,6406,6407,6408,6409,6410,6411,6412,6413,6414,6415,6416,6417,6418,6419,6420,6421,6422,6423,6424,6425,6426,6427,6428,6429,6430,6431,6432,6433,6434,6435,6436,6437,6438,6439,6440,6441,6442,6443,6444,6445,6446,6447,6448,6449,6450,6451,6452,6453,6454,6455,6456,6457,6458,6459,6460,6461,6462,6463,6464,6465,6466,6467,6468,6469,6470,6471,6472,6473,6474,6475,6476,6477,6478,6479,6480,6481,6482,6483,6484,6485,6486,6487,6488,6489,6490,6491,6492,6493,6494,6495,6496,6497,6498,6499,6500,6501,6502,6503,6504,6505,6506,6507,6508,6509,6510,6511,6512,6513,6514,6515,6516,6517,6518,6519,6520,6521,6522,6523,6524,6525,6526,6527,6528,6529,6530,6531,6532,6533,6534,6535,6536,6537,6538,6539,6540,6541,6542,6543,6544,6545,6547,6548,6549,6551,6552,6553,6554,6555,6556,6557,6558,6559,6560,6561,6562,6563,6564,6565,6567,6568,6569,6570,6571,6572,6573,6574,6575,6576,6577,6578,6579,6580,6581,6582,6583,6584,6585,6586,6587,6588,6589,6590,6591,6592,6593,6594,6595,6596,6597,6598,6599,6600,6601,6602,6603,6604,6605,6606,6607,6608,6609,6610,6611,6612,6614,6615,6616,6617,6618,6619,6620,6621,6622,6623,6624,6625,6626,6627,6628,6629,6630,6631,6632,6633,6634,6635,6636,6637,6638,6639,6640,6641,6642,6643,6644,6645,6646,6647,6648,6649,6650,6651,6652,6653,6654,6655,6656,6657,6658,6659,6660,6661,6662,6663,6665,6666,6667,6668,6669,6670,6671,6672,6673,6674,6675,6676,6677,6678,6679,6680,6681,6682,6683,6684,6685,6686,6687,6688,6689,6690,6691,6692,6693,6694,6695,6696,6697,6698,6699,6700,6701,6702,6703,6704,6705,6706,6707,6708,6709,6710,6711,6712,6713,6714,6715,6716,6717,6718,6719,6720,6721,6722,6723,6724,6725,6726,6727,6728,6729,6730,6731,6732,6733,6734,6735,6736,6737,6738,6739,6740,6741,6742,6743,6744,6745,6746,6747,6748,6749,6750,6751,6752,6753,6754,6755,6756,6757,6758,6759,6760,6761,6762,6763,6764,6765,6766,6767,6768,6769,6770,6771,6772,6773,6774,6775,6776,6777,6778,6779,6780,6781,6782,6783,6784,6785,6786,6787,6788,6789,6790,6791,6792,6793,6794,6795,6796,6797,6798,6799,6800,6801,6802,6803,6804,6805,6806,6807,6808,6809,6810,6811,6812,6813,6814,6815,6816,6817,6818,6819,6820,6821,6822,6823,6824,6825,6826,6827,6828,6829,6830,6831,6832,6833,6834,6835,6836,6837,6838,6839,6840,6841,6842,6843,6844,6845,6846,6847,6848,6849,6850,6851,6852,6853,6854,6855,6856,6857,6858,6859,6860,6861,6862,6863,6864,6865,6866,6867,6868,6869,6870,6871,6872,6873,6874,6875,6876,6877,6878,6879,6880,6884,6885,6886,6887,6888,6889,6890,6891,6892,6893,6894,6895,6896,6897,6898,6899,6900,6901,6902,6903,6904,6905,6906,6907,6908,6909,6910,6911,6912,6913,6914,6915,6916,6917,6918,6919,6920,6921,6922,6923,6924,6925,6926,6927,6928,6929,6930,6931,6932,6933,6934,6935,6936,6937,6938,6939,6940,6941,6942,6943,6944,6945,6946,6947,6948,6949,6950,6951,6952,6953,6954,6955,6956,6957,6959,6960,6961,6962,6963,6964,6965,6966,6967,6968,6969,6970,6971,6972,6973,6974,6975,6976,6977,6978,6979,6980,6981,6982,6983,6984,6985,6986,6987,6988,6989,6990,6991,6992,6993,6994,6995,6996,6997,6998,6999,7000,7001,7002,7003,7004,7005,7006,7007,7008,7009,7010,7011,7012,7013,7014,7015,7016,7017,7018,7019,7020,7021,7022,7023,7024,7026,7027,7028,7029,7030,7031,7032,7033,7034,7035,7036,7037,7038,7039,7040,7041,7042,7043,7044,7045,7046,7047,7048,7049,7050,7051,7052,7053,7054,7055,7056,7057,7058,7059,7060,7061,7062,7063,7064,7065,7066,7067,7068,7070,7071,7072,7073,7074,7076,7077,7078,7079,7080,7081,7082,7083,7084,7085,7086,7087,7088,7089,7090,7091,7092,7093,7094,7095,7096,7097,7098,7099,7100,7101,7102,7103,7104,7105,7106,7107,7108,7109,7110,7111,7112,7113,7114,7115,7116,7117,7118,7119,7120,7121,7122,7123,7124,7125,7126,7127,7128,7129,7130,7131,7132,7133,7134,7135,7136,7137,7138,7139,7140,7141,7142,7143,7144,7145,7146,7147,7148,7149,7150,7151,7152,7153,7154,7156,7157,7158,7159,7160,7161,7162,7163,7164,7165,7166,7167,7168,7169,7170,7171,7172,7173,7174,7175,7176,7177,7178,7179,7180,7181,7182,7183,7184,7185,7186,7187,7188,7189,7190,7191,7192,7193,7194,7195,7196,7197,7199,7200,7201,7202,7203,7204,7205,7208,7209,7210,7211,7212,7213,7214,7215,7216,7217,7218,7219,7220,7222,7223,7224,7225,7226,7227,7229,7230,7231,7232,7233,7234,7235,7236,7237,7238,7239,7240,7241,7242,7243,7244,7245,7246,7247,7248,7249,7250,7251,7252,7253,7254,7255,7256,7257,7258,7259,7260,7261,7262,7263,7264,7265,7266,7267,7268,7269,7270,7271,7272,7273,7274,7275,7276,7277,7278,7279,7280,7281,7282,7283,7284,7285,7286,7287,7288,7289,7290,7291,7292,7293,7294,7295,7296,7297,7299,7300,7301,7302,7303,7304,7305,7306,7307,7308,7309,7310,7311,7312,7313,7314,7315,7316,7317,7318,7319,7320,7321,7322,7323,7324,7325,7326,7327,7328,7329,7330,7331,7332,7333,7334,7335,7336,7337,7338,7339,7340,7341,7342,7343,7344,7345,7346,7347,7348,7349,7350,7351,7352,7353,7354,7355,7356,7357,7358,7359,7360,7361,7362,7363,7364,7365,7366,7367,7368,7369,7370,7371,7372,7373,7374,7375,7376,7377,7378,7379,7380,7381,7382,7383,7384,7385,7386,7387,7388,7389,7390,7391,7392,7393,7394,7395,7396,7397,7398,7399,7400,7401,7402,7403,7404,7405,7406,7407,7408,7409,7410,7411,7412,7413,7414,7415,7416,7417,7418,7419,7420,7421,7422,7423,7424,7425,7426,7427,7428,7429,7430,7431,7432,7433,7434,7435,7436,7437,7438,7439,7440,7441,7442,7443,7444,7445,7446,7447,7448,7449,7450,7451,7452,7453,7454,7455,7456,7457,7458,7459,7460,7461,7462,7463,7464,7465,7466,7467,7468,7469,7470,7471,7472,7473,7474,7475,7476,7477,7478,7479,7480,7481,7482,7483,7484,7485,7486,7487,7488,7489,7490,7491,7492,7493,7494,7495,7496,7497,7498,7499,7500,7501,7502,7503,7504,7505,7506,7507,7508,7509,7510,7511,7512,7513,7514,7515,7516,7517,7518,7519,7520,7521,7522,7523,7524,7525,7526,7527,7528,7529,7530,7531,7532,7533,7534,7535,7536,7537,7538,7539,7540,7541,7542,7543,7544,7545,7546,7547,7548,7549,7550,7551,7552,7553,7554,7555,7556,7557,7558,7559,7560,7561,7562,7563,7564,7565,7566,7567,7568,7569,7570,7571,7572,7573,7574,7575,7576,7577,7578,7579,7580,7581,7582,7583,7584,7585,7586,7587,7588,7589,7590,7591,7592,7593,7594,7595,7598,7599,7600,7602,7603,7604,7605,7606,7607,7608,7609,7610,7611,7612,7613,7614,7615,7616,7617,7618,7619,7620,7621,7622,7623,7624,7625,7626,7627,7628,7629,7630,7631,7632,7633,7634,7635,7636,7637,7638,7639,7640,7641,7642,7643,7644,7645,7646,7647,7648,7649,7650,7651,7652,7653,7654,7655,7656,7657,7658,7659,7660,7661,7662,7663,7664,7665,7666,7667,7668,7669,7670,7671,7672,7673,7674,7675,7676,7677,7678,7679,7680,7681,7682,7683,7684,7688,7689,7690,7691,7692,7693,7694,7695,7696,7697,7698,7699,7700,7701,7702,7703,7704,7705,7706,7707,7708,7709,7710,7711,7713,7714,7715,7716,7719,7720,7721,7722,7723,7724,7725,7727,7728,7729,7730,7731,7732,7733,7734,7735,7736,7737,7738,7739,7740,7741,7742,7743,7744,7745,7746,7747,7748,7749,7750,7751,7752,7753,7754,7755,7756,7758,7759,7760,7761,7762,7763,7764,7765,7766,7767,7768,7769,7770,7771,7772,7773,7774,7775,7776,7777,7778,7779,7780,7781,7782,7783,7784,7785,7786,7787,7788,7789,7790,7791,7792,7793,7794,7795,7796,7797,7798,7799,7800,7801,7802,7803,7804,7805,7813,7814,7815,7817,7818,7823,7824,7825,7826,7828,7830,7831,7832,7833,7834,7835,7836,7837,7838,7839,7840,7841,7842,7843,7844,7845,7846,7847,7848,7849,7850,7851,7852,7853,7854,7855,7856,7857,7858,7859,7860,7861,7862,7863,7864,7865,7866,7867,7868,7869,7870,7871,7872,7873,7874,7875,7876,7877,7878,7879,7880,7881,7882,7883,7884,7885,7886,7887,7889,7890,7891,7892,7893,7894,7895,7896,7897,7898,7899,7900,7901,7902,7903,7904,7905,7906,7907,7908,7909,7910,7911,7912,7913,7914,7915,7916,7917,7918,7919,7920,7921,7922,7923,7924,7925,7926,7927,7928,7929,7930,7931,7932,7933,7934,7935,7936,7937,7938,7939,7940,7941,7942,7943,7944,7945,7946,7947,7948,7949,7950,7951,7952,7953,7954,7955,7956,7957,7958,7959,7960,7961,7962,7963,7964,7965,7966,7967,7968,7969,7970,7971,7972,7973,7974,7975,7976,7977,7978,7979,7980,7981,7982,7983,7984,7985,7986,7987,7988,7989,7990,7991,7992,7993,7994,7995,7996,7997,7998,7999,8000,8001,8002,8003,8004,8005,8006,8007,8008,8009,8010,8011,8012,8013,8014,8015,8016,8017,8018,8019,8023,8024,8027,8028,8029,8030,8031,8032,8033,8034,8035,8036,8037,8038,8039,8040,8041,8042,8043,8044,8045,8046,8047,8048,8049,8050,8051,8052,8053,8054,8055,8056,8057,8058,8059,8060,8061,8062,8063,8064,8065,8066,8067,8068,8069,8070,8071,8072,8073,8074,8075,8076,8077,8078,8079,8080,8081,8082,8083,8084,8085,8086,8087,8088,8089,8090,8091,8092,8093,8094,8095,8096,8097,8098,8099,8100,8101,8102,8103,8104,8105,8106,8107,8108,8109,8110,8111,8112,8113,8114,8115,8116,8117,8118,8119,8120,8121,8122,8123,8124,8125,8126,8127,8129,8130,8131,8132,8133,8134,8135,8136,8137,8138,8141,8142,8143,8144,8145,8146,8147,8148,8149,8150,8151,8153,8154,8155,8156,8157,8158,8159,8160,8161,8162,8164,8165,8166,8167,8168,8169,8170,8171,8172,8173,8174,8175,8176,8177,8178,8179,8180,8181,8182,8183,8184,8185,8186,8187,8188,8189,8190,8191,8192,8193,8194,8195,8196,8197,8198,8199,8200,8201,8202,8203,8204,8205,8206,8207,8208,8209,8210,8211,8212,8213,8214,8215,8216,8217,8218,8219,8220,8221,8222,8223,8224,8225,8226,8227,8228,8229,8230,8231,8232,8233,8234,8235,8236,8237,8238,8239,8240,8242,8243,8244,8245,8248,8250,8251,8253,8254,8255,8256,8257,8258,8259,8261,8262,8265,8266,8267,8268,8269,8270,8271,8273,8274,8275,8277,8278,8279,8280,8281,8282,8283,8285,8287,8288,8289,8290,8291,8293,8294,8295,8297,8298,8299,8300,8301,8302,8303,8304,8305,8306,8307,8308,8309,8310,8311,8312,8313,8314,8315,8316,8317,8318,8319,8320,8321,8322,8323,8324,8325,8326,8327,8328,8329,8330,8331,8332,8333,8334,8335,8336,8337,8338,8339,8340,8341,8342,8343,8344,8345,8346,8347,8348,8349,8350,8351,8352,8353,8354,8355,8356,8357,8358,8359,8360,8361,8362,8363,8364,8365,8366,8367,8368,8369,8370,8371,8372,8373,8374,8375,8376,8377,8378,8379,8380,8381,8382,8383,8384,8385,8386,8387,8388,8389,8390,8391,8392,8393,8394,8395,8396,8397,8398,8399,8400,8401,8402,8403,8404,8405,8406,8407,8408,8409,8410,8411,8412,8413,8414,8415,8416,8417,8418,8419,8420,8421,8422,8423,8424,8425,8426,8427,8428,8429,8430,8431,8432,8435,8436,8437,8438,8439,8440,8442,8443,8445,8447,8448,8449,8450,8451,8452,8453,8454,8455,8456,8457,8458,8459,8460,8462,8463,8464,8466,8467,8468,8469,8470,8471,8472,8473,8474,8475,8476,8477,8478,8479,8480,8481,8482,8483,8484,8485,8486,8487,8488,8489,8491,8492,8493,8495,8496,8497,8498,8499,8500,8501,8502,8503,8504,8505,8506,8507,8508,8509,8510,8511,8512,8513,8514,8516,8517,8518,8519,8520,8521,8522,8523,8524,8525,8526,8527,8528,8529,8530,8531,8532,8533,8534,8535,8536,8537,8538,8539,8540,8541,8542,8543,8544,8545,8546,8547,8548,8549,8550,8551,8552,8553,8554,8555,8556,8558,8559,8560,8561,8562,8563,8564,8566,8567,8568,8569,8570,8571,8572,8573,8574,8575,8576,8577,8578,8579,8580,8581,8582,8583,8584,8585,8586,8587,8588,8589,8590,8591,8592,8593,8594,8595,8596,8597,8598,8599,8600,8601,8602,8603,8604,8605,8606,8607,8608,8609,8610,8612,8613,8614,8615,8616,8617,8618,8619,8620,8621,8622,8623,8624,8625,8626,8627,8628,8629,8630,8631,8632,8633,8634,8635,8636,8637,8639,8640,8641,8642,8643,8644,8645,8646,8647,8648,8649,8650,8651,8652,8653,8654,8655,8656,8657,8658,8659,8660,8661,8662,8663,8664,8665,8666,8667,8668,8669,8670,8671,8672,8673,8674,8675,8676,8677,8678,8679,8680,8681,8682,8683,8684,8685,8686,8687,8688,8689,8690,8691,8692,8693,8694,8695,8697,8698,8699,8700,8701,8703,8704,8705,8706,8707,8708,8710,8711,8713,8714,8715,8717,8718,8719,8720,8721,8722,8723,8724,8725,8727,8728,8729,8731,8732,8733,8734,8735,8736,8737,8738,8739,8740,8741,8742,8743,8745,8746,8747,8748,8750,8752,8753,8754,8755,8756,8757,8758,8759,8762,8763,8764,8765,8766,8767,8768,8769,8770,8772,8773,8774,8775,8776,8777,8778,8779,8780,8781,8782,8783,8784,8785,8786,8787,8788,8789,8790,8792,8793,8794,8795,8796,8797,8798,8799,8800,8801,8802,8803,8804,8805,8806,8807,8808,8809,8810,8811,8812,8813,8814,8815,8816,8817,8818,8819,8820,8821,8823,8824,8825,8826,8827,8828,8829,8830,8831,8832,8833,8834,8835,8836,8837,8838,8839,8840,8841,8842,8843,8844,8845,8846,8847,8848,8849,8850,8851,8852,8853,8854,8855,8856,8857,8858,8859,8860,8861,8862,8863,8864,8865,8866,8867,8868,8869,8870,8871,8872,8873,8874,8875,8876,8877,8878,8879,8880,8881,8882,8883,8884,8885,8886,8887,8888,8889,8890,8891,8892,8893,8894,8895,8896,8897,8898,8899,8900,8901,8902,8903,8904,8905,8906,8907,8908,8909,8910,8911,8912,8913,8914,8915,8916,8917,8918,8919,8920,8921,8922,8923,8924,8925,8926,8927,8928,8929,8930,8931,8932,8933,8934,8935,8936,8937,8938,8939,8940,8941,8942,8943,8944,8945,8946,8947,8948,8949,8950,8951,8952,8953,8954,8955,8956,8957,8958,8959,8960,8961,8962,8963,8964,8965,8966,8967,8968,8969,8970,8971,8972,8973,8974,8975,8976,8977,8978,8979,8980,8981,8982,8983,8984,8985,8986,8987,8988,8989,8990,8991,8992,8993,8994,8995,8996,8997,8998,8999,9000,9001,9002,9003,9004,9005,9006,9007,9008,9009,9010,9011,9012,9013,9014,9015,9016,9017,9018,9019,9020,9021,9022,9023,9024,9025,9026,9027,9028,9029,9030,9031,9032,9033,9034,9035,9036,9037,9038,9039,9040,9041,9042,9043,9044,9045,9046,9047,9048,9049,9050,9051,9052,9053,9054,9055,9056,9057,9058,9059,9060,9061,9062,9063,9064,9065,9066,9067,9068,9069,9070,9071,9072,9073,9074,9075,9076,9077,9078,9079,9080,9081,9082,9083,9084,9085,9086,9087,9088,9089,9090,9091,9092,9094,9095,9096,9097,9098,9099,9100,9101,9102,9103,9104,9105,9106,9107,9108,9109,9110,9111,9112,9113,9114,9115,9116,9117,9118,9119,9120,9121,9122,9123,9124,9125,9126,9127,9128,9129,9130,9131,9132,9133,9134,9135,9136,9137,9138,9139,9140,9141,9142,9143,9144,9145,9146,9147,9148,9149,9150,9151,9152,9153,9154,9155,9156,9157,9158,9159,9160,9161,9162,9163,9164,9165,9166,9167,9168,9169,9170,9171,9172,9173,9174,9175,9176,9177,9178,9179,9180,9181,9182,9183,9184,9185,9186,9187,9188,9189,9190,9191,9192,9193,9194,9195,9196,9197,9198,9199,9200,9201,9202,9203,9204,9205,9206,9207,9208,9209,9210,9211,9212,9213,9214,9215,9216,9217,9218,9219,9220,9221,9222,9223,9224,9225,9226,9227,9228,9229,9230,9231,9232,9233,9234,9235,9236,9237,9238,9239,9240,9241,9242,9243,9244,9245,9246,9247,9248,9249,9250,9251,9252,9253,9254,9255,9256,9257,9258,9259,9260,9261,9262,9263,9264,9265,9266,9267,9268,9269,9270,9271,9272,9273,9274,9275,9276,9277,9278,9279,9280,9281,9282,9283,9284,9285,9286,9287,9288,9289,9290,9291,9292,9293,9294,9295,9296,9297,9298,9299,9300,9301,9302,9303,9304,9305,9306,9307,9308,9309,9311,9312,9313,9314,9315,9316,9317,9318,9319,9320,9321,9322,9323,9324,9325,9326,9327,9328,9329,9330,9331,9332,9333,9334,9335,9336,9337,9338,9339,9340,9341,9342,9343,9344,9345,9346,9347,9348,9349,9350,9351,9352,9353,9354,9355,9356,9357,9358,9359,9360,9361,9362,9363,9364,9365,9366,9367,9368,9369,9370,9371,9372,9373,9374,9375,9376,9377,9378,9379,9380,9381,9382,9383,9384,9385,9386,9387,9388,9389,9390,9391,9392,9393,9394,9395,9396,9397,9398,9399,9400,9401,9402,9403,9404,9405,9406,9407,9408,9409,9410,9411,9412,9413,9414,9415,9416,9417,9418,9419,9420,9421,9422,9423,9424,9425,9426,9427,9428,9429,9430,9431,9432,9433,9434,9435,9436,9437,9438,9439,9440,9441,9442,9443,9444,9445,9446,9447,9448,9449,9450,9451,9452,9453,9454,9455,9456,9457,9458,9459,9460,9461,9462,9463,9464,9465,9466,9467,9468,9469,9470,9471,9472,9473,9474,9475,9476,9477,9478,9479,9480,9481,9482,9483,9484,9485,9486,9487,9488,9489,9490,9491,9492,9493,9494,9495,9496,9497,9498,9499,9500,9501,9502,9503,9504,9505,9506,9507,9508,9509,9510,9511,9512,9513,9514,9515,9516,9517,9518,9519,9520,9521,9522,9523,9524,9525,9526,9527,9528,9529,9530,9531,9532,9533,9534,9535,9536,9537,9538,9539,9540,9541,9542,9543,9544,9545,9546,9547,9548,9549,9550,9551,9552,9553,9554,9555,9556,9557,9558,9559,9560,9561,9563,9565,9566,9571,9573,9574,9575,9576,9577,9578,9579,9580,9581,9582,9583,9584,9585,9586,9587,9588,9589,9590,9592,9593,9594,9595,9596,9597,9598,9599,9600,9601,9602,9603,9604,9605,9606,9607,9608,9609,9610,9611,9612,9613,9614,9615,9616,9617,9618,9619,9620,9621,9622,9623,9624,9625,9626,9627,9628,9629,9630,9631,9632,9633,9634,9635,9636,9637,9638,9639,9640,9641,9642,9643,9644,9645,9646,9647,9648,9649,9650,9651,9652,9653,9654,9655,9656,9657,9658,9659,9660,9661,9662,9663,9664,9666,9667,9668,9669,9670,9671,9672,9673,9674,9675,9676,9677,9678,9679,9680,9681,9682,9683,9684,9685,9686,9687,9688,9689,9690,9691,9692,9693,9694,9695,9697,9699,9700,9702,9704,9705,9707,9709,9710,9711,9712,9713,9714,9715,9716,9717,9718,9720,9721,9722,9723,9724,9726,9728,9729,9730,9731,9732,9733,9734,9735,9736,9737,9738,9739,9740,9741,9742,9743,9744,9745,9746,9747,9748,9749,9750,9751,9752,9753,9754,9755,9757,9761,9762,9763,9764,9765,9766,9767,9768,9769,9770,9771,9772,9773,9774,9775,9776,9777,9778,9779,9780,9781,9782,9783,9784,9785,9786,9787,9788,9789,9790,9791,9792,9793,9794,9795,9796,9797,9798,9799,9800,9801,9802,9803,9804,9805,9806,9807,9808,9809,9810,9811,9812,9813,9814,9815,9816,9817,9818,9819,9820,9821,9822,9823,9825,9826,9827,9828,9829,9830,9831,9832,9833,9834,9835,9836,9837,9840,9842,9843,9844,9845,9846,9847,9848,9849,9850,9851,9852,9853,9854,9855,9856,9857,9858,9859,9860,9861,9862,9863,9864,9865,9866,9867,9868,9869,9870,9871,9872,9873,9874,9875,9876,9877,9878,9879,9880,9881,9882,9883,9884,9885,9886,9887,9888,9889,9890,9891,9892,9893,9894,9895,9896,9897,9898,9899,9900,9901,9902,9903,9904,9905,9906,9907,9908,9909,9910,9911,9912,9913,9914,9915,9916,9917,9918,9919,9920,9921,9922,9923,9924,9925,9926,9927,9928,9929,9930,9931,9932,9933,9934,9935,9936,9937,9938,9939,9940,9941,9942,9943,9944,9945,9946,9947,9948,9949,9950,9951,9952,9953,9954,9955,9956,9957,9958,9959,9960,9961,9962,9963,9964,9965,9966,9967,9968,9969,9970,9971,9972,9973,9974,9975,9976,9977,9978,9979,9980,9981,9982,9983,9984,9985,9986,9987,9988,9989,9990,9991,9992,9993,9994,9995,9997,9998,9999,10000,10001,10002,10003,10005,10006,10007,10008,10009,10010,10011,10012,10013,10014,10015,10016,10017,10018,10020,10021,10022,10024,10025,10026,10027,10028,10029,10030,10032,10033,10034,10035,10036,10038,10039,10040,10041,10042,10044,10045,10046,10048,10049,10050,10051,10052,10053,10054,10055,10056,10057,10058,10059,10061,10062,10063,10064,10065,10067,10069,10072,10073,10074,10075,10076,10077,10078,10079,10080,10081,10082,10083,10084,10085,10086,10087,10088,10089,10090,10091,10092,10093,10094,10095,10096,10097,10098,10099,10100,10101,10102,10103,10104,10105,10106,10107,10108,10109,10110,10111,10112,10113,10114,10115,10116,10117,10118,10119,10120,10121,10122,10123,10124,10125,10126,10127,10128,10129,10130,10131,10132,10133,10134,10135,10136,10137,10138,10139,10140,10141,10142,10143,10144,10145,10146,10147,10148,10149,10150,10151,10152,10153,10154,10155,10156,10157,10158,10159,10160,10161,10162,10163,10164,10165,10166,10167,10168,10169,10170,10171,10172,10173,10174,10175,10176,10177,10178,10179,10180,10181,10182,10183,10184,10185,10186,10187,10188,10189,10190,10191,10192,10193,10194,10195,10196,10197,10198,10199,10200,10201,10202,10203,10204,10205,10206,10207,10208,10209,10210,10211,10212,10213,10214,10215,10216,10217,10218,10219,10220,10221,10222,10223,10224,10225,10226,10227,10228,10229,10230,10231,10232,10233,10234,10235,10236,10237,10238,10239,10240,10241,10242,10243,10244,10245,10246,10247,10248,10249,10250,10251,10252,10253,10254,10255,10256,10257,10258,10259,10260,10261,10262,10263,10264,10265,10266,10267,10268,10269,10270,10272,10274,10275,10276,10277,10278,10279,10280,10281,10282,10283,10285,10286,10288,10291,10292,10293,10294,10295,10297,10299,10301,10302,10303,10304,10305,10306,10307,10308,10309,10310,10311,10312,10313,10314,10315,10316,10317,10318,10319,10320,10321,10322,10323,10324,10325,10326,10327,10328,10329,10330,10332,10333,10334,10335,10336,10337,10338,10339,10340,10341,10342,10343,10344,10345,10346,10347,10348,10349,10350,10351,10352,10353,10354,10355,10356,10357,10358,10359,10360,10361,10362,10363,10364,10365,10366,10367,10368,10369,10370,10371,10372,10373,10374,10375,10376,10377,10378,10379,10380,10381,10383,10384,10385,10386,10387,10388,10389,10390,10391,10392,10393,10394,10395,10396,10397,10398,10399,10400,10401,10402,10403,10404,10405,10406,10407,10408,10409,10410,10411,10412,10413,10414,10415,10416,10417,10418,10419,10420,10421,10422,10423,10424,10425,10426,10427,10428,10429,10430,10431,10432,10433,10434,10435,10436,10437,10438,10439,10440,10441,10442,10443,10444,10445,10446,10447,10448,10449,10450,10451,10452,10453,10454,10455,10456,10457,10458,10459,10460,10461,10462,10463,10464,10465,10466,10467,10468,10469,10470,10471,10472,10473,10474,10475,10476,10477,10478,10479,10480,10481,10482,10484,10485,10486,10487,10488,10489,10490,10491,10492,10493,10494,10495,10496,10497,10498,10499,10500,10501,10502,10503,10504,10505,10506,10507,10508,10509,10510,10511,10512,10513,10514,10515,10516,10517,10518,10519,10520,10521,10522,10523,10524,10525,10526,10527,10528,10529,10530,10531,10532,10533,10534,10535,10536,10537,10538,10539,10540,10541,10542,10543,10544,10545,10546,10547,10548,10549,10550,10551,10552,10553,10554,10555,10556,10557,10558,10559,10560,10561,10562,10563,10564,10565,10566,10567,10568,10569,10570,10571,10572,10573,10574,10575,10576,10577,10578,10579,10580,10581,10582,10583,10584,10585,10586,10587,10588,10589,10590,10591,10592,10593,10594,10595,10596,10597,10598,10599,10600,10601,10602,10603,10604,10605,10606,10607,10608,10609,10610,10611,10612,10613,10614,10615,10616,10617,10618,10619,10620,10621,10622,10623,10624,10625,10626,10627,10628,10629,10630,10631,10632,10633,10634,10635,10636,10638,10639,10640,10641,10642,10643,10644,10645,10646,10647,10648,10649,10650,10651,10652,10653,10654,10655,10656,10657,10658,10659,10660,10661,10662,10663,10664,10665,10666,10667,10668,10669,10670,10671,10672,10673,10674,10675,10677,10678,10679,10680,10681,10682,10683,10684,11000,11001,11002,11003,11004,11005,11006,11007,11008,11009,11010,11011,11012,11013,11014,11015,11016,11017,11018,11019,11020,11021,11022,11023,11024,11025,11026,11027,11028,11029,11030,11038,11039,11040,11041,11042,11043,11044,11045,11046,11047,11048,11049,11050,11051,11052,11053,11054]
nombre=['Sin información','Mezcla de frondosas con predominio de exóticas','Dracaena draco','Frangula alnus','Rhamnus alaternus','Mezcla de frondosas autóctonas y exóticas','Xesteira mezclada. Varias especies del Género Cytisus en mezcla','Xesteira mixta. Varios Géneros, con predominio de Cytisus/Sarothamnus','Phillyrea latifolia','Mezcla de frondosas autóctonas con frondosas y coníferas exóticas','Mezcla de coníferas autóctonas y exóticas','Ailanthus altissima','Malus sylvestris','Celtis australis','Taxus baccata','Mezcla de coníferas con predominio de exóticas','Mezcla de coníferas y frondosas con predominio de exóticas','Arbolado mixto caducifolio, en España Mediterránea','Chamaecyparis lawsoniana','Acer campestre','Amygdalus dulcis','Pinus sylvestris','Pinus uncinata','Pinus pinea','Pinus halepensis','Pinus nigra','Pinus pinaster','Pinus canariensis','Pinus radiata','Acer monspessulanum','Acer pseudoplatanus','Abies alba','Abies pinsapo','Picea abies','Pseudotsuga menziesii','Acer granatense','Arbutus unedo','Betula celtiberica','Juniperus thurifera','Betula pubescens fontqueri','Betula pendula','Quercus robur','Quercus petraea','Betula pubescens carpatica','Bosque o parque de coníferas xerófilas','Quercus ilex rotundifolia','Quercus suber','Quercus canariensis','Bosque o parque de coníferas xerófilas y frondosas esclerófilas','Crataegus monogyna','Populus alba','Populus tremula','Bosque mixto de caducifolios y subsclerófilos','Alnus glutinosa','Bosque mixto de caducifolios y esclerófilos','Bosque esclerófilo mixto','Bosque esclerófilo mixto de pie de cantil','Bosque mixto de subsclerófilos y esclerófilos','Bosque mixto de subsclerófilos y coníferas','Galería continental salina','Eucalyptus globulus','Eucalyptus camaldulensis','Fraxinus angustifolia','Ficus carica','Ilex aquifolium','Fraxinus excelsior','Ceratonia siliqua','Bosque mixto caducifolio (fraga) en enclaves en España Mediterránea','Bosque mixto de caducifolios y coníferas','Fraxinus ornus','Fagus sylvatica','Castanea sativa','Elaeagnus angustifolia','Corylus avellana','Juglans regia','Galería alta','Soto mixto arbóreo','Soto mixto arbustivo','Juniperus communis alpina','Juniperus communis communis','Myrica faya','Erica arborea','Persea indica','Juniperus communis hemisphaerica','Ocotea foetens','Apollonias barbujana','Juniperus oxycedrus','Sabinar mixto','Juniperus phoenicea','Juniperus sabina','Sabino-enebral','Bosque mixto de laurifolios y esclerófilos','Populus canescens','Rhus coriaria','Populus nigra','Carpinus betulus','Laurus nobilis','Bosque de elevada heterogeneidad','Bosque subsclerófilo mixto','Olea europaea sylvestris','Olea europaea europaea','Prunus avium','Quercus coccifera','Calluna vulgaris','Arctostaphylos uva-ursi','Mezcla de varias especies de pinos','mezcla de varias especies del género Pinus','Quercus cerrioides','Myrtus communis','Pistacia lentiscus','Ligustrum vulgare','Quercus fruticosa','Rosmarinus officinalis','Quercus ilex ilex','Berberis vulgaris','Quercus pubescens','Quercus pyrenaica','Quercus, varias especies en mezcla','Cornus sanguinea','Euonymus europaeus','Quercus faginea','Ziziphus lotus','Quercus gr. faginea. Varias estirpes infraspecíficas o de difícil adscripción','Anthyllis cytisoides','Sorbus aria','Santolina rosmarinifolia','Salix alba','Salix atrocinerea','Salix pedicellata','Sorbus domestica','Salix fragilis','Sorbus hybrida','Sorbus latifolia','Sorbus mougeotii','Sambucus nigra','Salix caprea','Salix canariensis','Saladar seco','Sorbus torminalis','Sorbus aucuparia','Sauzal alto mixto','Sauzal mixto en gándara o turbera','Tetraclinis articulata','Tilia cordata','Tamarix africana','Tamarix gallica','Tilia intermedia','Tilia platyphyllos','Tamarix canariensis','Tamarix boveana','Tarajal mezclado (mezcla de especies de Tamarix)','Ulmus glabra','Ulmus minor','Phoenix dactylifera','Asphodelus albus','Adenocarpus complicatus','Adenocarpus decorticans','Arthrocnemum fruticosum','Arthrocnemum macrostachyum','Adenocarpus hispanicus','Amelanchier ovalis','Arthrocnemum perenne','Asphodelus ramosus','Atriplex halimus','Bupleurum fruticosum','Bupleurum gibraltaricum','Brachypodium phoenicoides','Brachypodium retusum','Cytisus arboreus','Cytisus cantabricus','Cytisus commutatus','Cytisus grandiflorus','Carrichtera annua','Cladium mariscus','Cytisus multiflorus','Corema album','Cytisus patens','Cytisus scoparius','Cytisus striatus','Cytisus reverchonii','Cedrus atlantica','Cedrus libanotica, aggr.,s.l.','Dorycnium pentaphyllum','Dittrichia viscosa','Escobillar mixto','Eucalyptus dalrympleana','Ephedra fragilis','Eucalyptus macarthuri','Eucalyptus obliqua','Eucalyptus gomphocephala','Eucalyptus rudis','Eucalyptus sp.','Eucalyptus citriodora','Eucalyptus spp., en mezcla','Festuca arundinacea','Festuca spp. de alta montaña','Guiraoa arvensis','Gypsophila hispanica','Chamaespartium sagittale','Chamaespartium tridentatum','Hippocrepis comosa','Hyparrhenia hirta','Hippophaë rhamnoides','Cupressus glabra','Cupressus lusitanica','Cupressus macrocarpa','Cupressus sempervirens','Cupressus, otras especies','Cupressus, varias especies, en mezcla','Koeleria crassipes','Koeleria vallesiana castellana','Lavandula angustifolia','Populus x canadensis','Lavandula dentata','Limonium insigne','Lavandula latifolia','Limoniastrum monopetalum','Lavandula lanata','Larix, una o varias especies','Lavandula stoechas','Lavandula angustifolia x vera (lavandín)','Limonium, especies vivaces, una o varias ("orejonal")','Nicotiana glauca','Nerium oleander','Ononis fruticosa','Ononis natrix','Opuntia sp.','Ononis ramosissima','Ononis speciosa','Ononis tridentata','Periploca laevigata angustifolia','Pinus brutia','Pinus ponderosa','Phillyrea angustifolia','Platanus hybrida','Phillyrea media','Pinus jeffreyi','Pinus nigra nigra','Phlomis purpurea','Pinus strobus','Pistacia terebinthus','Mezcla de varias especies de pinos, todos o la mayoría exóticos','Quercus cerris','Quercus rubra','Ricinus communis','Rhododendron ferrugineum','Coronilla minima minima','Robinia pseudacacia','Coronilla minima minor','Almarjal, Barrillar','Securinega tinctoria','Marisma salina clara','Marisma salina densa','Salix elaeagnos','Stipa gigantea','Saladar húmedo','Stipa iberica','Salsola kali','Salix americana','Salix viminalis','Stipa offneri','Stipa pennata','Salix purpurea','Stipa lagascae','Sosar terofítico (Halogeton, Salsola papillosa, etc.)','Suaeda maritima','Salvia lavandulifolia','Suaeda vera','Quenopodiáceas y spp. varias de otras familias, mezcla en agrupación halófila','Thymus baeticus','Thymbra capitata','Thymus hyemalis','Thymus longiflorus','Thymus mastichina','Thymelaea tinctoria','Thymus serpyllioides','Thymelaea hirsuta','Thymus membranaceus','Thymus vulgaris','Thymus zygis','Ulmus pumila','Vaccinium myrtillus','Viburnum tinus','Withania frutescens','Bojar mixto','brezal hidrófilo mixto','Brezal mezclado','Erica cinerea','Erica andevalensis','Erica mackaiana','Cistus laurifolius','Festuca scariosa','Helictotrichon filifolium','Genista florida','Genista cinerea','Genista valentina','Genista obtusiramea','Genista ramosissima','Genista spartioides','Genista pilosa','Genista pseudopilosa','Helichrysum sp.','Cistus ladanifer','Cistus monspeliensis','Cistus populifolius','Jaral mezclado.- Cistus, varias especies, en mezcla','Rosmarinus sp.','Cytisus purgans','Retama sphaerocarpa','Retama monosperma','Artemisia herba-alba','Artemisia glutinosa','Artemisia barrelieri','Ulex europaeus','Ulex minor','Ulex gallii','Tojar extramediterráneo. Mezcla de spp. de Ulex o bien tojar con matorral mixto','Ulex parviflorus','Stauracanthus boivinii','Aulagar mezclado o mixto mediterráneo','Desierto, en general. Cubierta vegetal inferior al 5% de la superficie','Semidesierto, en general. Cubierta entre el 5% y el 15%','Desierto de altura','Semidesierto de altura','Desierto de barro','Semidesierto de barro','Desierto de erosión','Semidesierto de erosión','Desierto rocoso, no kárstico, roquedo compacto','Semidesierto rocoso, no kárstico','Desierto por sobrecarga de macrofauna espontánea','Semidesierto por sobrecarga de macrofauna espontánea','Desierto de hielo','Semidesierto de hielo','Desierto por incendios','Semidesierto por incendio reiterado','Desierto de canchales, gleras, cascajares y pedregales','Semidesierto de canchales, gleras, cascajares y pedregales','Desierto kárstico','Semidesierto kárstico','Desierto inundado por mareas, en sustrato no barroso','Desierto por excavaciones o escombreras de minas y canteras','Semidesierto por excavaciones o escombreras de minas y canteras','Desierto por pastoreo o sobrecarga ganadera','Semidesierto por pastoreo o sobrecarga ganadera','Desierto de arena','Semidesierto de arena','Desierto por concentración de sustancias tóxicas','Semidesierto por concentración de sustancias tóxicas','Desierto salino seco','Semidesierto salino seco','césped','Nardus stricta','Césped denso de altura, "tasca"','Césped denso de altura, "borreguil"','Césped denso de altura, "braña de cumbres"','Estepa leñosa','Estepa leñosa de altura','Estepa leñosa de algezar','Matas bajas y herbáceas vivaces en karst','Estepa leñosa de duna','Palmitar, en zona hiperárida','Erizal. Matorral espinoso almohadillado','Genista baetica','Genista haenseleri','Genista hispanica','Calicotome spinosa, C. villosa','Astragalus boissieri','Astragalus nevadensis','Astragalus clusii','Brezal xerófilo mixto','Erica scoparia','Erica multiflora','Erica umbellata','Erica vagans','Erica australis','brezal mixto','Garriga alta y densa','Garriga media degradada','Garriga clara, muy degradada o incipiente','Romeral mixto','Salvio-Esplegar','Prado de diente','Espinar, s.l.','Espinar caducifolio','Crataegus sp.','Rhamnus catharticus','Rosa, una o varias especies, arbustivas o subarbustivas','Prunus ramburii','Prunus spinosa','Berberis hispanica','Maytenus senegalensis','Rahmnus lycioides, Rh. oleoides, Rh. saxatilis','Lycium, una o varias especies','Calicotome intermedia','Pteridium aquilinum, o helechar de altura','Helechar mixto','Herbazal anual','Jaramagal (Diplotaxis, Brassica, etc.)','Cenizar (Chenopodium, Amaranthus, etc.)','Herbazal rudero-nitrófilo','Herbazal anual gipsófilo','Launaea, una o varias especies anuales','Spartina stricta o Lastonar marismeño','Diplotaxis harra','Herbazal terofítico de gándara','Moricandia arvensis ("collejonar")','Reseda, una o varias especies anuales','Herbazal rudero-arvense','Margarital (Anthemis, Tanacetum, Ormenis, etc.)','Asphodelus fistulosus','Trebolar terofítico mixto','Jaramagal ammo-nitrófilo','Herbazal de leguminosas xerófilas','Moricandia foetida','Espiguillar terofítico (Bromus, Vulpia, Hordeum, etc.)','Espiguillar terofítico sobre barbecho antiguo (Trachynia, Cynosurus, etc.)','Moricandia moricandioides','Césped xerófilo mixto (Festuca hystrix, F. duriuscula, etc.)','Cardal (Onopordon, Sylibum, Cirsium, Eryngium, Ptilostemon, etc.)','Lastonar mixto','Agrostis curtisii','Gramal mixto (Dactylis, Cynodon, Koeleria, Avenula, etc.)','Lastonar de altura','Lastonar pinchudo de altura (Festuca indigesta)','Corynephorus canescens','Ammophila arenaria','Arrhenatherum bulbosum','Matorral mixto, s.l.','Sideritis glacialis','Matorral en karst','Tamojar','Matorral de pie de cantil','Arenaria tetraqueta','Matorral mixto de ericáceas','Matorral mixto de gándara','Erodium petraeum','Saladar negro: Salsola verticillata','Matorral mixto gipsófilo','Matorral claro gipsófilo','Matorral halófilo con presencia importante de Salsola verticillata','Matorral mixto halo-higrófilo','Matorral mixto nitro-termófilo','Matorral mixto halo-xerófilo','Matorral mixto con predominio de Genista spartioides','Matorral mixto con predominio de Genista spartioides y Ulex parviflorus','Matorral mixto con predominio de romero','Matorral mixto con predominio de Ulex parviflorus','Matorral mixto con predominio de Anthyllis cytisoides','Lasto-Erizal','Lasto-Mato-Erizal','Mato-Erizal','Mancha alta y densa','Mancha degradada','Matorral alto en karst','Buxus sempervirens','Buxus balearica','Pastizal estacional denso','Pastizal estacional claro','Pastizal estacional de leguminosas xerófilas vivaces','Pastizal o herbazal vivaz con encharcamiento temporal','Herbazal vivaz en duna o arena móvil','herbazal vivaz sometido a inundación intermitente por mareas','Pastizal mesófilo denso','Matorral retamoideo mixto. Varios Géneros, predominio Genista-Retama-Spartium','Teline linifolia','Spartium junceum','Teline monspessulana','Salsola genistoides','Prado de siega','Tomillar mixto','Tomillar mixto con Compuestas leñosas (Artemisia, Helichrysum, Santolina)','Agave sisalana','Agave fourcroydes','Jaguarzal, Carpazal','Cistus albidus','Cistus salvifolius','Cistus psilosepalus','Cistus clusii','Jaguarzal, carpazal gipsófilo','Halimium alyssoides','Halimium halimifolium','Halimium atriplicifolium','Helianthemum gr. croceum','Helianthemum, especies rastreras, excluída gr. Croceum','Helianthemum apenninum','Chamaerops humilis','Junquera mixta y/o herbazal vivaz alto de "tabla"','Herbazal mixto de tabla (vivaces y terófitos, con predominio de éstos)','Typha latifolia','Typha angustifolia','Junquera mezclada.- Juncus, especies varias en mezcla','Junciar alto','Herbazal vivaz de gándara','Herbazal mixto de gándara (spp. anuales)','Holoschoenus vulgaris','Pastizal leñoso mixto: Especies ± xerófilas','Pastizal leñoso mixto: especies ± hidrófilas, en dominios de bosque caducifolio','Acacia dealbata','Acacia melanoxylon','Stipa tenacissima','Lygeum spartum','Arbustedo mixto caducifolio','Matorral acusadamente termófilo','Fraga poliedícica.- Bosque caducifolio poliedícico extramediterráneo','Bosque mixto de pie de cantil','Galería arbórea mixta','Fraga diedícica de Quercus robur y Betula celtiberica','Fraga diedícica de Quercus robur y Castanea sativa','Fraga diedícica de Betula celtiberica y Castanea sativa','Fraga diedícica de Quercus pyrenaica y Castanea sativa','Fraga diedícica de Quercus robur e ilex aquifolium','Fraga diedícica de Quercus pyrenaica y Betula celtiberica','Mosaico en gándara con árboles y arbustos','Fraga triedícica, con Quercus pyrenaica, Betula celtiberica y Castanea sativa','Fraga triedícica con Quercus robur, Quercus pyrenaica y Betula celtiberica','Fraga triedícica con Quercus robur, Quercus pyrenaica y Castanea sativa','Fraga diedícica con Quercus robur y Quercus pyrenaica','Fraga triedícica con Quercus robur, Betula celtiberica y Castanea sativa','Fraga mixta con Tilia sp.','Galería arbustiva mixta','Rubus ulmifolius','Rubus, especies de tallas bajas o medias','Genista scorpius','Erizal mixto','Arenaria pungens','Hormatophylla spinosa','Vella spinosa','Echinospartum sp.','Bupleurum spinosum','Genista tejedensis','Erinacea anthyllis','Genista pumila','Cultivos agrícolas','Arbolado','Arbustedo','Lasto-timo-aliagar','Genista equisetiformis, G. umbellata','Genista umbellata','Launaea arborescens','Launaea lanifera','Phragmites australis (carrizal)','Arundo plinii','Arundo donax','Cañar o carrizal mixto','Musgar','Liquenar','Matorral mixto silicícola (composición dependiente de la comarca y la altitud)','Matorral mixto silicícola con participación apreciable de elementos espinosos','Matorral mixto calcícola','Matorral mixto calcícola con participación apreciable de espinosas','Sabino-enebral rastrero mixto','áreas en proceso de urbanización o urbanizadas','Arbutus canariensis','Prado con pebes','Arbustedo mixto termófilo','Brezal con matorral mixto','Bosque termófilo mixto','Chamaecytisus palmensis','Erica scoparia platycodon','Juniperus cedrus','Laurus azorica','Laurocerasus lusitanica hixa','Laurisilva multiespecífica','Laurisilva oligoespecífica','Monteverde','Olea europaea','Pistacia atlantica','Prelaurisilva','Premonteverde','Phoenix canariensis','Retamar mixto del Teide','Sabinar fresco mixto','Visnea mocanera','Agave americana','Artemisia canariensis','Adenocarpus foliolosus','Atriplex glauca','Adenocarpus viscosus','Citrullus colocynthis','Cheiranthus scoparius','Cistus symphytifolius','Chenolea tomentosa','Echium decaisnel','Echium onosmifolium','Eupatorium','Hypericum canariense','Lycium intricatum','Neochamaelea pulverulenta','Ononis angustissima','Odontospermum intermedium','Odontospermum sericeum','Pterocephalus dumetorum','Pterocephalus lasiospermus','Plocama pendula','Periploca laevigata','Plantago webbil','Rumex lunaria','Sideritis bolleana','Salvia canariensis','Suaeda vermiculata','Schizogyne sericea','Salsola vermiculata','Salsola verticillata','Suaeda vera vera','Traganum moquinii','Viola cheiranthifolia','Zigophyllum fontanesii','Codesar (Adenocarpus) extraalísico','Codesar suprasílvico, ocasionalmente sílvico','Desierto de bloques rocosos','Desierto de roca compacta','Desierto de lavas','Desierto de picones','Arenales y Jables','Desierto de altura','Tabaibar amargo','Dragonal (vestigios)','Almacigar (vestigios)','Aulagar','Aulagar de Launaea arborescens','Aulagar claro (Launaea arborescens)','Jaramagal','Semidesierto','Herbazal anual alísico','Herbazal anual extraalísico (sílvico)','Herbazal anual higrófilo','Herbazal anual intraalísico','Herbazal anual suprasílvico (claro)','Herbazal vivaz, s.l.','Cardal','Lastonar (Pennisetum, Aristida, etc.)','Matorral mixto alísico, s.l.','Matorral mixto blanco, alísico','Matorral mixto blanco, extraalísico','Matorral mixto infrasílvico','Matorral mixto seco infrasílvico','Matorral mixto suprasílvico, claro','Matorral mixto tajial, infrasílvico','Tagasastar','Retamar extraalísico (Teline, Retama)','Retamar suprasílvico','Escobonal','Matorral halófilo mixto','Tomillar','Jaral, Jaguarzal, s.l.','Junquera','Acacia cyclops','Acacia cyanophylla','Tajinastar','Laurisilva oligospecífica','Laurisilva multispecífica','Rubus spp. Zarzal','Cedral rastrero de altura','Cardonal de Euphorbia canariensis','Cardonal de Euphorbia handiensis','Toldar (Euphorbia aphylla)','Tabaibar dulce (Euphorbia balsamifera)','Matorral termófilo mixto','Matorral termófilo con predominio de Euphorbiaceae','Matorral termófilo con elementos crasos (Euphorbia aphylla, Ceropegia spp.)','Palmar','Nopalar (Opuntia spp.)','Cornicalar (Periploca laevigata)','Mezcla de Quercus ilex ilex y Quercus ilex rotundifolia','Asphodelus aestivus','Asplenium onopteris','Brachypodium sylvaticum','Hedera canariensis','Myosotis latifolia','Origanum vulgare','Phagnalon saxatilis','Psoralea bituminosa','Smilax aspera','Viola riviniana','Woodwardia radicans','Aeonium palmensis','Aeonium viscatum','Ageratina adenophora','Ageratina riparia','Aichryson laxum','Aichryson punctatum','Argyranthemum frutescens','Argyranthemum gracile','Brachypodium arbuscula','Bupleurum salicifolium','Bystropogon canariensis','Bystropogon origanifolius','Carlina xeranthemoides','Chamaecytisus proliferus','Davalia canariensis','Descurainia bourgeana','Dryopteris oligodonta','Echium aculeatum','Echium brevirame','Echium hierrense','Erysimum scoparium','Euphorbia aphylla','Euphorbia balsamifera','Euphorbia berthelotii','Euphorbia obtusifolia','Euphorbia canariensis','Euphorbia mellifera','Fayal brezal','Fayal-brezal de tejo','Ferula linkii','Geranium canariensis','Gesnouinia arborea','Gonospermum canariensis','Gonospermun fruticosum','Heberdenia bahamensis','Herbazal alísico','Herbazal extraalísico','Herbazal infrasílvico','Hypericum grandifolium','Hypericum reflexum','Ilex canariensis','Ilex platyphilla','Jaral mixto','Jasminum adoratisimun','Laurisilva termófila','Lavandula canariensis','Lavandula pinnatifida','Lotus campylocladus','Lotus hillebrandii','Matorral de artemisia ramosa','Matorral mixto extraalísico','Matorral mixto halo-higrófilo','Matorral mixto hiperxerófilo','Matorral termófilo mixto (crasas y secas) claro','Maytenus canariensis','Messerschmidia fruticosa','Micromeria hyssopifolia','Micromeria varia','Myrica rivas-martinezii','Pastizal estacional claro','Phyllis nobla','Picconia excelsa','Pleiomeris canariensis','Pseudoarrhenaterum bulbosum','Reducto o vestigio de almacigar','Retama monosperma rhodorrhizoides','Rhamnus crenulata','Rhamnus glandulosa','Rubia fruticosa','Rumex maderensis','Scrophularia glabrata','Semidesierto de lavas','Semidesierto de picón','Senecio klenia','Sideroxylon marmulano','Smilax canariensis','Sonchus leptocephalus','Spartocytisus filipes','Teline canariensis','Teline microphylla','Teline stenopetala','Tolpis laciniata','Viburnum rigidum','Viola palmensis','Terrenos improductivos','Echium webbii','Aeonium nobile','Cedronella canariensis','Convolvulus canariensis','Convolvulus floridus','Plantago arborescens','Globularia salicina','Aeonium subplanum','Aeonium hierrense','Aeonium punctatum','Aeonium lindleyi','Aeonium canariense','Aeonium ciliatum','Aeonium spathulatum','Spartocytisus supranubius','Phagnalon purpurascens','Echium acanthocarpum','Echium leucophaeum','Echium auberianum','Echium wildpretii','Echium virescens','Aeonium decorum','Paronychia canariensis','Mesembryanthemun aistalinea','Carlina salicifolia','Polycarpea nivea','Tolpis proustii','Tolpis webbii','Sambucus palmensis','Canarina canariensis','Tamus edulis','Urtica morifolia','Limonium pectinatum','Descurainia millefolia','Lotus emeroides','Lotus glaucus','Lotus sessilifolius','Sonchus hierriensis','Sonchus arboreus','Greenovia diplocycla','Ixanthus viscosus','Silene nocteolens','Rubus bollei','Ceropegia fusca','Sideritis dendro-chahorra','Semele androgyna','Astydamia latifolia','Withania aristata','Isoplexis canariensis','Allagopappus dichotomus','Salsola longifolia','Euphorbia atropurpurea','Cheirolophus teydis','Arrhenatherum calderae','Senecio palmensis','Asparagus plocamoides','Bystropogon plumosus','Pennisetum setaceum','Bencomia caudata','Pimpinella cumbrae','Rhamnus integrifolia','Cistus osbeckifolius','Lavatera acerifolia','Nepeta teydea','Phyllis viscosa','Vieraea laevigata','Descurainia gilva','Sideritis canariensis','Echium pininana','Andryalia pinnatifida','Pterocephalus porphyranthus','Ceropegia hians','Viola palmensis','Olea lentiscetum balear','Matorral mixto sobre arenal +/- movil','Semidesierto de roca salinizada','Desierto de roca salinizada','Agua','Abies','Abutilon','Abutilon teophrasti','Acacia','Acacia farnesiana','Acacia karoo','Acacia longifolia','Acacia mearnsii','Acacia retinoides','Acanthus','Acanthus mollis','Acer','Acer martinii','Acer negundo','Acer opalus','Acer platanoides','Aceras','Aceras anthropophorum','Achillea','Achillea ageratum','Achillea chamaemelifolia','Achillea filipendulina','Achillea ligustica','Achillea millefolium','Achillea millefolium millefolium','Achillea nobilis','Achillea nobilis nobilis','Achillea odorata','Achillea ptarmica','Achillea pyrenaica','Achillea santolinoides','Achillea setacea','Achillea tomentosa','Achnatherum','Achnatherum calamagrostis','Achyranthes','Achyranthes aspera','Achyranthes sicula','Acinos','Acinos alpinus','Acinos alpinus alpinus','Acinos alpinus meridionalis','Acinos arvensis','Acinos rotundifolius','Aconitum','Aconitum anthora','Aconitum compactum','Aconitum napellus','Aconitum napellus napellus','Aconitum napellus vulgare','Aconitum nevadense','Aconitum paniculatum','Aconitum pyrenaicum','Aconitum pyrenaicum lamarckii','Aconitum vulparia','Actaea','Actaea spicata','Adenocarpus','Adenocarpus commutatus','Adenocarpus complicatus anisochilus','Adenocarpus complicatus aureus','Adenocarpus complicatus complicatus','Adenocarpus complicatus lainzii','Adenocarpus hispanicus argyrophyllus','Adenocarpus hispanicus hispanicus','Adenocarpus telonensis','Adenostyles','Adenostyles alliariae','Adenostyles alliariae alliariae','Adenostyles alliariae hybrida','Adiantum','Adiantum capillus-veneris','Adiantum cuneatum','Adiantum decorum','Adiantum hispidulun','Adiantum venustum','Adonis','Adonis aestivalis','Adonis annua','Adonis annua annua','Adonis annua carinata','Adonis baetica','Adonis flammea','Adonis microcarpa','Adonis pyrenaica','Adonis vernalis','Adoxa','Adoxa moschatellina','Aegilops','Aegilops geniculata','Aegilops lorentii','Aegilops neglecta','Aegilops triuncialis','Aegilops ventricosa','Aeluropus','Aeluropus littoralis','Aeonium','Aeonium arboreum','Aesculus','Aesculus hippocastanum','Aetheorhiza','Aetheorhiza bulbosa','Aetheorhiza bulbosa bulbosa','Aetheorhiza bulbosa willkommii','Aethionema','Aethionema saxatile','Aethionema saxatile ovalifolium','Aethionema saxatile saxatile','Aethusa','Aethusa cynapium','Aethusa cynapium agrestis','Aethusa cynapium cynapium','Agave','Ageratum','Ageratum houstonianum','Agrimonia','Agrimonia eupatoria','Agrimonia eupatoria eupatoria','Agrimonia eupatoria grandis','Agrimonia procera','Agrimonia repens','x Agropogon','x Agropogon x littoralis','Agropyron','Agropyron cristatum','Agropyron cristatum pectinatum','Agrostemma','Agrostemma githago','Agrostis','Agrostis agrostiflora','Agrostis alpina','Agrostis canina','Agrostis capillaris','Agrostis castellana','Agrostis durieui','Agrostis gigantea','Agrostis gigantea gigantea','Agrostis juressi','Agrostis nebulosa','Agrostis nevadensis','Agrostis nevadensis minor','Agrostis nevadensis nevadensis','Agrostis olivetorum','Agrostis pourretii','Agrostis reuteri','Agrostis rupestris','Agrostis schleicheri','Agrostis stolonifera','Agrostis tenerrima','Agrostis tileni','Agrostis truncatula','Ailanthus','Aira','Aira caryophyllea','Aira caryophyllea caryophyllea','Aira caryophyllea multiculmis','Aira cupaniana','Aira elegantissima','Aira praecox','Aira tenorii','Aira uniaristata','Airopsis','Airopsis tenella','Aizoon','Aizoon hispanicum','Ajuga','Ajuga chamaepitys','Ajuga chamaepitys chamaepitys','Ajuga iva','Ajuga pyramidalis','Ajuga reptans','Ajuga rotundifolia','Albizia','Albizia distachya','Albizia julibrissin','Alcea','Alcea rosea','Alchemilla','Alchemilla alpina','Alchemilla arvensis','Alchemilla balsatica','Alchemilla catalaunica','Alchemilla colorata','Alchemilla connivens','Alchemilla coriacea','Alchemilla cornucopioides','Alchemilla demissa','Alchemilla fallax','Alchemilla filicaulis','Alchemilla fissa','Alchemilla flabellata','Alchemilla flaccida','Alchemilla fontqueri','Alchemilla fulgens','Alchemilla glabra','Alchemilla glomerulans','Alchemilla lapeyrousii','Alchemilla lineata','Alchemilla longana','Alchemilla microcarpa','Alchemilla plicatula','Alchemilla pyrenaica','Alchemilla saxatilis','Alchemilla splendens','Alchemilla straminea','Alchemilla subsericea','Alchemilla tenuis','Alchemilla transiens','Alchemilla vetteri','Alchemilla viridicans','Alchemilla xanthochlora','Alisma','Alisma lanceolatum','Alisma plantago-aquatica','Alkana','Alkana lutea','Alkana tinctoria','Alliaria','Alliaria petiolata','Allium','Allium ampeloprasum','Allium baeticum','Allium carinatum','Allium carinatum carinatum','Allium cepa','Allium chamaemoly','Allium chrysonemum','Allium cupani','Allium cupani hirtovaginatum','Allium ebusitanum','Allium ericetorum','Allium grosii','Allium guttatum','Allium guttatum sardoum','Allium massaessylum','Allium melananthum','Allium moly','Allium moschatum','Allium neapolitanum','Allium nigrum','Allium oleraceum','Allium palentinum','Allium pallens','Allium pallens pallens','Allium paniculatum','Allium paniculatum paniculatum','Allium paniculatum villosulum','Allium pardoi','Allium polyanthum','Allium porrum','Allium pyrenaicum','Allium reconditum','Allium roseum','Allium rouyi','Allium sativum','Allium schmitzii','Allium schoenoprasum','Allium schoenoprasum orosiae','Allium schoenoprasum schoenoprasum','Allium scopulicola','Allium scorodoprasum','Allium scorodoprasum rotundum','Allium scorzonerifolium','Allium senescens','Allium senescens montanum','Allium sphaerocephalon','Allium sphaerocephalon sphaerocephalon','Allium stearnii','Allium subhirsutum','Allium subvillosum','Allium triquetrum','Allium ursinum','Allium ursinum ursinum','Allium victorialis','Allium vineale','Alnus','Alnus cordata','Alnus cordata cordata','Alnus incana','Alnus incana incana','Alnus viridis','Aloë','Aloë arborescens','Aloë saponaria','Aloë succotrina','Aloë vera','Alopecurus','Alopecurus aequalis','Alopecurus arundinaceus','Alopecurus bulbosus','Alopecurus geniculatus','Alopecurus gerardii','Alopecurus myosuroides','Alopecurus pratensis','Alopecurus pratensis pratensis','Alopecurus rendlei','Alternanthera','Alternanthera caracasana','Alternanthera nodiflora','Alternanthera peploides','Alternanthera pungens','Alternanthera pungens monocephala','Althaea','Althaea cannabina','Althaea hirsuta','Althaea longiflora','Althaea officinalis','Althenia','Althenia filiformis','Alyssum','Alyssum alyssoides','Alyssum arenarium','Alyssum atlanticum','Alyssum cuneifolium','Alyssum diffusum','Alyssum fastigiatum','Alyssum granatense','Alyssum linifolium','Alyssum minus','Alyssum minutum','Alyssum montanum','Alyssum montanum gadorense','Alyssum montanum montanum','Alyssum serpyllifolium','Amaranthus','Amaranthus acutilobus','Amaranthus albus','Amaranthus blitodes','Amaranthus bouchonii','Amaranthus caudatus','Amaranthus crispus','Amaranthus cruentus','Amaranthus deflexus','Amaranthus gracilis','Amaranthus graecizans','Amaranthus hybridus','Amaranthus lividus','Amaranthus muricatus','Amaranthus paniculatus','Amaranthus patulus','Amaranthus powellii','Amaranthus quitensis','Amaranthus retroflexus','Amaranthus spinosus','Amaranthus standleyanus','Amaranthus viridis','Amberboa','Amberboa moschata','Ambrosia','Ambrosia artemisiifolia','Ambrosia coronopifolia','Ambrosia maritima','Ambrosia tenuifolia','Ambrosia trifida','Amelanchier','Amelanchier ovalis comafredensis','Amelanchier ovalis ovalis','Ammannia','Ammannia coccinea','Ammi','Ammi majus','Ammi visnaga','Ammochloa','Ammochloa palaestina','Ammochloa palaestina palaestina','Ammochloa palaestina subacaulis','Ammoides','Ammoides pusilla','Ammophila','Ammophila arenaria arenaria','Ammophila arenaria arundinacea','Ampelodesmos','Ampelodesma mauritanica','Amygdalus','Anabasis','Anabasis aphylla','Anabasis articulata','Anacamptis','Anacamptis pyramidalis','Anacyclus','Anacyclus alboranensis','Anacyclus clavatus','Anacyclus pyrethrum','Anacyclus radiatus','Anacyclus valentinus','Anagallis','Anagallis arvensis','Anagallis crassifolia','Anagallis foemina','Anagallis minima','Anagallis monelli','Anagallis monelli collina','Anagallis monelli monelli','Anagallis tenella','Anagyris','Anagyris foetida','Anarrhinum','Anarrhinum bellidifolium','Anarrhinum duriminium','Anarrhinum laxiflorum','Anchusa','Anchusa arvensis','Anchusa arvensis arvensis','Anchusa arvensis orientalis','Anchusa azurea','Anchusa calcarea','Anchusa granatensis','Anchusa officinalis','Anchusa puechii','Anchusa subglabra','Anchusa undulata','Anchusa undulata undulata','Andrachne','Andrachne telephioides','Androcymbium','Androcymbium europaeum','Andropogon','Andropogon distachyos','Androsace','Androsace carnea','Androsace carnea carnea','Androsace carnea laggeri','Androsace carnea rosea','Androsace ciliata','Androsace cylindrica','Androsace cylindrica cylindrica','Androsace cylindrica willkommii','Androsace elongata','Androsace elongata breistrofferii','Androsace elongata elongata','Androsace helvetica','Androsace lactea','Androsace maxima','Androsace pubescens','Androsace pyrenaica','Androsace rioxana','Androsace vandellii','Androsace villosa','Andryala','Andryala agardhii','Andryala integrifolia','Andryala laxiflora','Andryala ragusina','Anemone','Anemone coronaria','Anemone narcissiflora','Anemone nemorosa','Anemone palmata','Anemone pavoniana','Anemone ranunculoides','Anemone ranunculoides ranunculoides','Anemone trifolia','Anemone trifolia albida','Anethum','Anethum graveolens','Angelica','Angelica laevis','Angelica pachycarpa','Angelica sylvestris','Angelica razulii','Annona','Annona cherimolia','Anogramma','Anogramma leptophylla','Antennaria','Antennaria carpatica','Antennaria dioica','Anthemis','Anthemis alpestris','Anthemis altissima','Anthemis arvensis','Anthemis arvensis arvensis','Anthemis arvensis incrassata','Anthemis bourgaei','Anthemis carpatica','Anthemis carpatica carpatica','Anthemis carpatica petraea','Anthemis chrysantha','Anthemis cossoniana','Anthemis cotula','Anthemis cretica','Anthemis maritima','Anthemis triumfetti','Anthemis tuberculata','Anthemis tuberculata tuberculata','Anthemis tuberculata turolensis','Anthericum','Anthericum baeticum','Anthericum liliago','Anthericum ramosum','Anthoxantum','Anthoxantum amarum','Anthoxantum aristatum','Anthoxantum aristatum aristatum','Anthoxantum aristatum machrantum','Anthoxantum odoratum','Anthoxantum ovatum','Anthriscus','Anthriscus caucalis','Anthriscus cerefolium','Anthriscus sylvestris','Anthyllis','Anthyllis barba-jovis','Anthyllis cornicina','Anthyllis fontqueri','Anthyllis gandogeri','Anthyllis gerardi','Anthyllis hamosa','Anthyllis henoniana','Anthyllis hermanniae','Anthyllis hystrix','Anthyllis lotoides','Anthyllis montana','Anthyllis montana hispanica','Anthyllis onobrychoides','Anthyllis pachyphylla','Anthyllis plumosa','Anthyllis polycephala','Anthyllis ramburii','Anthyllis rupestris','Anthyllis tejedensis','Anthyllis terniflora','Anthyllis tetraphylla','Anthyllis vulneraria','Anthyllis vulneraria alpestris','Anthyllis vulneraria argyrophylla','Anthyllis vulneraria arundana','Anthyllis vulneraria atlantis','Anthyllis vulneraria balearica','Anthyllis vulneraria dertosensis','Anthyllis vulneraria forondae','Anthyllis vulneraria iberica','Anthyllis vulneraria maura','Anthyllis vulneraria praepropera','Anthyllis vulneraria pyrenaica','Anthyllis vulneraria reuteri','Anthyllis vulneraria vulnerarioides','Antinoria','Antinoria agrostidea','Antinoria agrostidea agrostidea','Antinoria agrostidea natans','Antirrhinum','Antirrhinum ambiguum','Antirrhinum australe','Antirrhinum barrelieri','Antirrhinum boissieri','Antirrhinum bolosii','Antirrhinum braun-blanquetii','Antirrhinum charidemi','Antirrhinum graniticum','Antirrhinum grosii','Antirrhinum hispanicum','Antirrhinum hispanicum hispanicum','Antirrhinum hispanicum mollissimum','Antirrhinum latifolium','Antirrhinum majus','Antirrhinum majus cirrhigerum','Antirrhinum majus linkianum','Antirrhinum majus litigiosum','Antirrhinum majus tortuosum','Antirrhinum meonanthum','Antirrhinum meonanthum meonanthum','Antirrhinum meonanthum salcedoi','Antirrhinum microphyllum','Antirrhinum molle','Antirrhinum pertegasii','Antirrhinum pulverulentum','Antirrhinum rupestre','Antirrhinum saccharatum','Antirrhinum sempervirens','Antirrhinum siculum','Antirrhinum valentinum','Apera','Apera interrupta','Apera spica-venti','Apera spica-venti spica-venti','Aphanes','Aphanes arvensis','Aphanes cornucopioides','Aphanes floribunda','Aphanes microcarpa','Aphyllanthes','Aphyllanthes monspeliensis','Apium','Apium bermejoi','Apium graveolens','Apium inundatum','Apium leptophyllum','Apium nodiflorum','Apium repens','Aposeris','Aposeris foetida','Aptenia','Aptenia cordifolia','Aquilegia','Aquilegia aragonensis','Aquilegia cazorlensis','Aquilegia dichroa','Aquilegia discolor','Aquilegia guarensis','Aquilegia hirsutissima','Aquilegia nevadensis','Aquilegia paui','Aquilegia pyrenaica','Aquilegia vulgaris','Arabidopsis','Arabidopsis thaliana','Arabis','Arabis allionii','Arabis alpina','Arabis collina','Arabis corymbiflora','Arabis glabra','Arabis hirsuta','Arabis lusitanica','Arabis muralis','Arabis nova','Arabis parvula','Arabis pauciflora','Arabis planisiliqua','Arabis recta','Arabis sagittata','Arabis serpillifolia','Arabis serpillifolia serpillifolia','Arabis soyeri','Arabis soyeri soyeri','Arabis stenocarpa','Arabis stricta','Arabis turrita','Arabis verna','Arachis','Arachis hypogaea','Araucaria','Araucaria heterophylla','Araujia','Araujia sericifera','Arbutus','Arceuthobium','Arceuthobium oxycedri','Arctium','Arctium lappa','Arctium minus','Arctium pubens','Arctium tomentosum','Arctostaphylos','Arctostaphylos alpinus','Arctostaphylos crassifolia','Arctotheca','Arctotheca calendula','Arctotis','Arctotis stoechadifolia','Aremonia','Aremonia agrimonioides','Aremonia agrimonioides agrimonioides','Arenaria','Arenaria aggregata','Arenaria aggregata aggretata','Arenaria aggregata erinacea','Arenaria algarbiensis','Arenaria armerina','Arenaria arundana','Arenaria balearica','Arenaria capillipes','Arenaria cerastioides','Arenaria ciliata','Arenaria ciliata ciliata','Arenaria ciliata moehringioides','Arenaria conica','Arenaria conimbricensis','Arenaria controversa','Arenaria emarginata','Arenaria fontqueri','Arenaria grandiflora','Arenaria grandiflora bolosii','Arenaria grandiflora grandiflora','Arenaria grandiflora incrassata','Arenaria hispanica','Arenaria hispida','Arenaria leptoclados','Arenaria ligericina','Arenaria lithops','Arenaria maritima','Arenaria modesta','Arenaria modesta modesta','Arenaria montana','Arenaria montana intricata','Arenaria montana montana','Arenaria nevadensis','Arenaria obtusiflora','Arenaria obtusiflora ciliaris','Arenaria obtusiflora obtusiflora','Arenaria pomeli','Arenaria purpurascens','Arenaria racemosa','Arenaria retusa','Arenaria serpyllifolia','Arenaria tenuis','Arenaria tomentosa','Arenaria valentina','Arenaria vitoriana','Argemone','Argemone mexicana','Argyrolobium','Argyrolobium zanonii','Arisarum','Arisarum proboscideum','Arisarum vulgare','Arisarum simorrhinum','Arisarum vulgare','Aristida','Aristida adscensionis','Aristida coerulescens','Aristolochia','Aristolochia baetica','Aristolochia bianorii','Aristolochia clematitis','Aristolochia longa','Aristolochia pistolochia','Aristolochia rotunda','Armeniaca','Armeniaca vulgaris','Armeria','Armeria alliacea','Armeria alliacea burgalensis','Armeria alliacea lacaitae','Armeria alliacea matritensis','Armeria alliacea rigida','Armeria alliacea segoviensis','Armeria alliacea sicorisiensis','Armeria baetica','Armeria beslengensis','Armeria colorata','Armeria duriaei','Armeria eriophylla','Armeria euscadiensis','Armeria filicaulis','Armeria gaditana','Armeria hirta','Armeria hispalensis','Armeria juniperifolia','Armeria langei','Armeria langei daveaui','Armeria langei langei','Armeria littoralis','Armeria macrophylla','Armeria maritima','Armeria maritima alpina','Armeria maritima fontqueri','Armeria maritima halleri','Armeria maritima maritima','Armeria maritima miscella','Armeria maritima salvadorii','Armeria pinifolia','Armeria pseudarmeria','Armeria pubigera','Armeria pungens','Armeria pungens pungens','Armeria pungens welwitschii','Armeria quichiotis','Armeria rouyana','Armeria ruscinonensis','Armeria ruscinonensis littorifuga','Armeria ruscinonensis ruscinonensis','Armeria splendens','Armeria splendens bigerrensis','Armeria splendens splendens','Armeria trachyphylla','Armeria transmontana','Armeria velutina','Armeria vestita','Armeria villosa','Armoracia','Armoracia rusticana','Arnica','Arnica montana','Arnica montana atlantica','Arnica montana montana','Arnoseris','Arnoseris minima','Arrhenatherum','Arrhenatherum album','Arrhenatherum almijarense','Arrhenatherum elatius','Arrhenatherum elatius elatius','Arrhenatherum elatius sardoum','Artemisia','Artemisia abrotanum','Artemisia absinthium','Artemisia alba','Artemisia arborescens','Artemisia caerulescens','Artemisia caerulescens caerulescens','Artemisia caerulescens gallica','Artemisia campestris','Artemisia campestris campestris','Artemisia campestris maritima','Artemisia chamaemelifolia','Artemisia chamaemelifolia cantabrica','Artemisia chamaemelifolia chamaemelifolia','Artemisia eriantha','Artemisia gabriellae','Artemisia granatensis','Artemisia legionensis','Artemisia pedemontana','Artemisia reptans','Artemisia umbelliformis','Artemisia valentina','Artemisia verlotiorum','Artemisia vulgaris','Arthrocnemum','Arum','Arum italicum','Arum italicum italicum','Arum italicum neglectum','Arum maculatum','Arum orientale','Arum orientale lucanum','Arum orientale orientale','Arum pictum','Aruncus','Aruncus dioicus','Arundo','Asarina','Asarina procumbens','Asarum','Asarum europaeum','Asclepias','Asclepias curasavica','Asparagus','Asparagus acutifolius','Asparagus albus','Asparagus aphyllus','Asparagus asparagoides','Asparagus maritimus','Asparagus officinalis','Asparagus officinalis officinalis','Asparagus officinalis prostratus','Asparagus stipularis','Asperugo','Asperugo procumbens','Asperula','Asperula aristata','Asperula aristata oreophilla','Asperula aristata scabra','Asperula arvensis','Asperula cynanchica','Asperula hirsuta','Asperula hirta','Asperula laevigata','Asperula occidentalis','Asperula paui','Asperula pyrenaica','Asperula taurina','Asperula taurina taurina','Asphodelus','Asphodelus aestivus','Asphodelus albus albus','Asphodelus albus villarsii','Asplenium','Asplenium adiantum-nigrum','Asplenium balearicum','Asplenium billotii','Asplenium bulbiferum','Asplenium celtibericum','Asplenium cuneifolium','Asplenium fontanum','Asplenium foreziense','Asplenium hemionitis','Asplenium lucidum','Asplenium majoricum','Asplenium marinum','Asplenium nidus','Asplenium obovatum','Asplenium onopteris','Asplenium petrarchae','Asplenium petrarchae bivalens','Asplenium petrarchae petrarchae','Asplenium rutamuraria','Asplenium seelosii','Asplenium seelosii glabrum','Asplenium seelosii seelosii','Asplenium septentrionale','Asplenium subglandulosum','Asplenium subglandulosum hispanicum','Asplenium trichomanes','Asplenium trichomanes inexpectans','Asplenium trichomanes pachyrachis','Asplenium trichomanes quadrivalens','Asplenium trichomanes trichomanes','Asplenium viride','Aster','Aster alpinus','Aster aragonensis','Aster catalaunicus','Aster ericoides','Aster lanceolatus','Aster linosyris','Aster pilosus','Aster pyrenaeus','Aster sedifolius','Aster sedifolius sedifolius','Aster sedifolius trinervis','Aster squamatus','Aster tripolium','Aster tripolium pannonicus','Aster tripolium tripolium','Aster willkommii','Asteriscus','Asteriscus aquaticus','Asteriscus aquaticus aquaticus','Asteriscus aquaticus nanus','Asteriscus maritimus','Asterolinon','Asterolinon linum-stellatum','Astragalus','Astragalus algarbiensis','Astragalus alopecuroides','Astragalus alpinus','Astragalus alpinus alpinus','Astragalus australis','Astragalus austriacus','Astragalus baeticus','Astragalus baionensis','Astragalus balearicus','Astragalus bourgaeanus','Astragalus cicer','Astragalus cymbicarpos','Astragalus danicus','Astragalus depressus','Astragalus depressus depressus','Astragalus depressus helminthocarpus','Astragalus echinatus','Astragalus edulis','Astragalus epiglottis','Astragalus epiglottis asperulus','Astragalus epiglottis epiglottis','Astragalus exscapus','Astragalus giennensis','Astragalus glaux','Astragalus glycyphyllos','Astragalus granatensis','Astragalus granatensis granatensis','Astragalus grossii','Astragalus hamosus','Astragalus hegelmaieri','Astragalus hispanicus','Astragalus incanus','Astragalus incanus incanus','Astragalus incanus incurvus','Astragalus incanus macrorhizus','Astragalus incanus nummularioides','Astragalus longidentatus','Astragalus lusitanicus','Astragalus lusitanicus lusitanicus','Astragalus massiliensis','Astragalus monspessulanus','Astragalus monspessulanus chlorocyanux','Astragalus monspessulanus monspessulanus','Astragalus monspessulanus teresianus','Astragalus onobrychis','Astragalus oxyglottis','Astragalus pauciflorus','Astragalus penduliflorus','Astragalus polyactinus','Astragalus purpureus','Astragalus scorpioides','Astragalus sempervirens','Astragalus sempervirens muticus','Astragalus sempervirens sempervirens','Astragalus sesameus','Astragalus stella','Astragalus tenuifoliosus','Astragalus tremolsianus','Astragalus turolensis','Astragalus vesicarius','Astragalus vesicarius vesicarius','Astrantia','Astrantia major','Astrantia major carinthiaca','Astrantia major major','Astrantia minor','Athamanta','Athamanta cretensis','Athamanta hispanica','Athamanta vayredana','Athyrium','Athyrium distentifolium','Athyrium filix-femina','Atractylis','Atractylis cancellata','Atractylis cancellata cancellata','Atractylis cancellata gaditana','Atractylis gummifera','Atractylis humilis','Atractylis tutinii','Atriplex','Atriplex glabriuscula','Atriplex hastata','Atriplex heterosperma','Atriplex hortensis','Atriplex laciniata','Atriplex littoralis','Atriplex patula','Atriplex prostrata','Atriplex rosea','Atriplex semibaccata','Atriplex tatarica','Atropa','Atropa baetica','Atropa bella-donna','Aubrieta','Aubrieta deltoidea','Avellinia','Avellinia michelii','Avellinia tenuicola','Avena','Avena barbata','Avena barbata atherantha','Avena barbata barbata','Avena byzantina','Avena chinensis','Avena fatua','Avena longiglumis','Avena murphyi','Avena prostrata','Avena sativa','Avena sativa macrantha','Avena sativa sativa','Avena sterilis','Avena sterilis ludoviciana','Avena sterilis sterilis','Avena strigosa','Avena strigosa agraria','Avena strigosa strigosa','Avenula','Avenula albinervis','Avenula bromoides','Avenula cincinnata','Avenula crassifolia','Avenula delicatula','Avenula gervaisii','Avenula gonzaloi','Avenula hookeri','Avenula iberica','Avenula levis','Avenula marginata','Avenula marginata pyrenaica','Avenula marginata sulcata','Avenula mirandana','Avenula murcica','Avenula pratensis','Avenula pratensis pratensis','Avenula pruinosa','Avenula pubescens','Avenula pubescens pubescens','Avenula pungens','Avenula requienii','Avenula versicolor','Avenula versicolor versicolor','Azolla','Azolla caroliniana','Azolla filiculoides','Azolla pinnata','Baccharis','Baccharis halimifolia','Bacopa','Bacopa monnieri','Baldellia','Baldellia alpestris','Baldellia ranunculoides','Ballota','Ballota hirsuta','Ballota nigra','Ballota nigra foetida','Ballota nigra nigra','Ballota uncinata','Balsamita','Balsamita majus','Barbarea','Barbarea intermedia','Barbarea verna','Barbarea vulgaris','Barlia','Barlia robertiana','Bartsia','Bartsia alpina','Bartsia aspera','Bartsia spicata','Bassia','Bassia hirsuta','Bassia hyssopifolia','Bellardia','Bellardia trixago','Bellardiochloa','Bellardiochloa violacea','Bellis','Bellis annua','Bellis annua annua','Bellis annua microcephala','Bellis perennis','Bellis rotundifolia','Bellis sylvestris','Bellium','Bellium bellidioides','Berberis','Berberis garciae','Berberis vulgaris seroi','Berberis vulgaris vulgaris','Bergia','Bergia capensis','Berula','Berula erecta','Beta','Beta macrocarpa','Beta patellaria','Beta vulgaris','Beta vulgaris maritima','Beta vulgaris vulgaris','Betula','Betula papyriphera','Betula parvibracteata','Betula pubescens','Betula pubescens latisquama','Betula pubescens pubescens','Betula pubescens tortuosa','Biarum','Biarum arundanum','Biarum carratracense','Biarum dispar','Biarum galiani','Biarum tenuifolium','Bidens','Bidens aurea','Bidens cernua','Bidens frondosa','Bidens pilosa','Bidens subalternans','Bidens tripartita','Bifora','Bifora radians','Bifora testiculata','Biota','Biota orientalis','Biscutella','Biscutella auriculata','Biscutella baetica','Biscutella brevifolia','Biscutella cichoriifolia','Biscutella coronopifolia','Biscutella coronopifolia coronopifolia','Biscutella coronopifolia stenophylla','Biscutella cuneata','Biscutella didyma','Biscutella flexuosa','Biscutella foliosa','Biscutella frutescens','Biscutella gibraltarica','Biscutella glacialis','Biscutella granitica','Biscutella gredensis','Biscutella intermedia','Biscutella intermedia fontqueri','Biscutella intermedia intermedia','Biscutella intermedia macroclada','Biscutella laevigata','Biscutella laevigata laevigata','Biscutella laevigata longifolia','Biscutella lusitanica','Biscutella mediterranea','Biscutella megacarpaea','Biscutella microcarpa','Biscutella montana','Biscutella montana montana','Biscutella montana rosularis','Biscutella scaposa','Biscutella sempervirens','Biscutella valentina','Biscutella variegata','Biscutella variegata latiorifolia','Biscutella variegata variegata','Biserrula','Biserrula pelecinus','Blackstonia','Blackstonia perfoliata','Blackstonia perfoliata grandiflora','Blackstonia perfoliata imperfoliata','Blackstonia perfoliata perfoliata','Blackstonia perfoliata serotina','Blechnum','Blechnum moorei','Blechnum occidentale','Blechnum spicant','Blysmus','Blysmus compressus','Blyxa','Blyxa japonica','Boehmeria','Boehmeria nivea','Boleum','Boleum asperum','Bombycilaena','Bombycilaena discolor','Bombycilaena erecta','Borago','Borago officinalis','Bordera','Bordera chouardii','Bordera pyrenaica','Botrychium','Botrychium lanceolatum','Botrychium lunaria','Botrychium matricariifolium','Bougainvillaea','Bougainvillaea glabra','Bougainvillaea spectabilis','Boussingaultia','Boussingaultia cordifolia','Bouvardia','Bouvardia leiantha','Bouvardia longiflora','Bouvardia ternifolia','Brachiaria','Brachiaria eruciformis','Brachyapium','Brachyapium dichotomum','Brachychiton','Brachychiton populneus','Brachypodium','Brachypodium distachyon','Brachypodium pinnatum','Brachypodium pinnatum pinnatum','Brachypodium pinnatum rupestre','Brachypodium sylvaticum','Brachypodium sylvaticum glaucovirens','Brachypodium sylvaticum sylvaticum','Brassica','Brassica balearica','Brassica barrelieri','Brassica barrelieri barrelieri','Brassica barrelieri oxyrrhina','Brassica fruticulosa','Brassica fruticulosa cossoniana','Brassica fruticulosa fruticulosa','Brassica juncea','Brassica napus','Brassica nigra','Brassica oleracea','Brassica oleracea oleracea','Brassica oleracea robertiana','Brassica rapa','Brassica rapa rapa','Brassica rapa sylvestris','Brassica repanda','Brassica repanda blancoana','Brassica repanda cadevallii','Brassica repanda cantabrica','Brassica repanda confusa','Brassica repanda galissieri','Brassica repanda latisiliqua','Brassica repanda maritima','Brassica repanda nudicaulis','Brassica repanda turbonis','Brassica tournefortii','Brimeura','Brimeura amethyistina','Brimeura fastigiata','Briza','Briza maxima','Briza media','Briza media media','Briza minor','Bromus','Bromus arvensis','Bromus benekenii','Bromus commutatus','Bromus commutatus commutatus','Bromus diandrus','Bromus erectus','Bromus erectus erectus','Bromus fasciculatus','Bromus hispanicus','Bromus hordeaceus','Bromus hordeaceus hordeaceus','Bromus hordeaceus molliformis','Bromus hordeaceus thominii','Bromus inermis','Bromus intermedius','Bromus lanceolatus','Bromus madritensis','Bromus racemosus','Bromus ramosus','Bromus rigidus','Bromus rubens','Bromus scoparius','Bromus secalinus','Bromus squarrosus','Bromus sterilis','Bromus tectorum','Bromus willdenowii','Broussonetia','Broussonetia papyrifera','Bryonia','Bryonia cretica','Bryonia cretica dioica','Buddleja','Buddleja davidii','Bufonia','Bufonia macropetala','Bufonia paniculata','Bufonia perennis','Bufonia tenuifolia','Bufonia tuberculata','Bufonia willkommiana','Buglossoides','Buglossoides arvensis','Buglossoides arvensis arvensis','Buglossoides arvensis gasparrinii','Buglossoides arvensis permixta','Buglossoides gastonii','Buglossoides purpurocaerulea','Bulbocodium','Bulbocodium vernum','Bunias','Bunias erucago','Bunium','Bunium alpinum','Bunium alpinum corydalinum','Bunium alpinum macuca','Bunium bulbocastanum','Bunium pachypodum','Bupleurum','Bupleurum acutifolium','Bupleurum angulosum','Bupleurum baldense','Bupleurum baldense baldense','Bupleurum barceloi','Bupleurum bourgaei','Bupleurum falcatum','Bupleurum falcatum cernuum','Bupleurum falcatum falcatum','Bupleurum foliosum','Bupleurum fruticescens','Bupleurum gerardi','Bupleurum gerardi filicaule','Bupleurum gerardi gerardi','Bupleurum lancifolium','Bupleurum longifolium','Bupleurum praealtum','Bupleurum ranunculoides','Bupleurum ranunculoides gramineum','Bupleurum ranunculoides ranunculoides','Bupleurum rigidum','Bupleurum rigidum paniculatum','Bupleurum rigidum rigidum','Bupleurum rotundifolium','Bupleurum semicompositum','Bupleurum tenuissimum','Bupleurum tenuissimum tenuissimum','Butomus','Butomus umbellatus','Buxus','Cachrys','Cachrys libanotis','Cachrys sicula','Cachrys trifida','Cakile','Cakile maritima','Cakile maritima aegyptiaca','Cakile maritima maritima','Calamagrostis','Calamagrostis arundinacea','Calamagrostis canescens','Calamagrostis canescens canescens','Calamagrostis epigejos','Calamagrostis x hartmaniana','Calamagrostis pseudophragmites','Calaminta','Calaminta grandiflora','Calaminta nepeta','Calaminta nepeta glandulosa','Calaminta nepeta nepeta','Calaminta sylvatica','Calaminta sylvatica ascendens','Calaminta sylvatica sylvatica','Calendula','Calendula arvensis','Calendula exilis','Calendula officinalis','Calendula suffruticosa','Calendula suffruticosa algarbiensis','Calendula suffruticosa lusitanica','Calendula suffruticosa suffruticosa','Calendula suffruticosa tomentosa','Calendula tripterocarpa','Calepina','Calepina irregularis','Calicotome','Calicotome villosa','Callianthemum','Callianthemum coriandrifolium','Callipeltis','Callipeltis cucullaris','Callitriche','Callitriche brutia','Callitriche lenisulca','Callitriche lusitanica','Callitriche obtusangula','Callitriche palustris','Callitriche platycarpa','Callitriche stagnalis','Callitriche truncata','Callitriche truncata truncata','Calluna','Calocedrus','Calocedrus decurrens','Caltha','Caltha palustris','Calystegia','Calystegia sepium','Calystegia sepium roseata','Calystegia sepium sepium','Calystegia silvatica','Calystegia soldanella','Camellia','Camellia japonica','Camelina','Camelina alyssum','Camelina microcarpa','Camelina rumelica','Camelina sativa','Campanula','Campanula affinis','Campanula affinis affinis','Campanula affinis bolosii','Campanula arvatica','Campanula arvatica adsurgens','Campanula arvatica arvatica','Campanula asturica','Campanula cantabrica','Campanula cervicaria','Campanula cochlearifolia','Campanula decumbens','Campanula dichotoma','Campanula dieckii','Campanula erinus','Campanula fastigiata','Campanula ficarioides','Campanula glomerata','Campanula glomerata glomerata','Campanula herminii','Campanula hispanica','Campanula hispanica catalanica','Campanula hispanica hispanica','Campanula jaubertiana','Campanula jaubertiana andorrana','Campanula jaubertiana jaubertiana','Campanula latifolia','Campanula legionensis','Campanula lusitanica','Campanula lusitanica lusitanica','Campanula lusitanica transtagana','Campanula mariani','Campanula medium','Campanula mollis','Campanula patula','Campanula patula costae','Campanula patula patula','Campanula paui','Campanula persicifolia','Campanula persicifolia persicifolia','Campanula persicifolia subpyrenaica','Campanula precatoria','Campanula primulifolia','Campanula pyrenaica','Campanula rapunculoides','Campanula rapunculus','Campanula recta','Campanula rotundifolia','Campanula ruscinonensis','Campanula scheuchzeri','Campanula speciosa','Campanula specularioides','Campanula tracheliifolia','Campanula trachelium','Campanula trachelium trachelium','Campanula viciosoi','Campanula wiedmannii','Campanula willkommii','Camphorosma','Camphorosma monspeliaca','Camphorosma monspeliaca monspeliaca','Campsis','Campsis radicans','Campyloneurum','Campyloneurum phyllitidis','Canna','Canna flaccida','Canna indica','Cannabis','Cannabis sativa','Capnophyllum','Capnophyllum peregrinum','Capparis','Capparis ovata','Capparis spinosa','Capsella','Capsella bursa-pastoris','Capsella rubella','Capsicum','Capsicum annuum','Capsicum baccatum','Capsicum frutescens','Caralluna','Caralluna europaea','Caralluna munbyana','Cardamine','Cardamine amara','Cardamine amara amara','Cardamine amara olotensis','Cardamine asarifolia','Cardamine bellidifolia','Cardamine bellidifolia alpina','Cardamine crassifolia','Cardamine x digenea','Cardamine flexuosa','Cardamine heptaphylla','Cardamine hirsuta','Cardamine impatiens','Cardamine parviflora','Cardamine pentaphyllos','Cardamine pratensis','Cardamine raphanifolia','Cardamine raphanifolia raphanifolia','Cardamine resedifolia','Cardamine rivularis','Cardaria','Cardaria draba','Carduncellus','Carduncellus araneosus','Carduncellus araneosus araneosus','Carduncellus araneosus pseudomitissimus','Carduncellus caeruleus','Carduncellus dianius','Carduncellus mitissimus','Carduncellus monspelliensium','Carduncellus pinnatus','Carduncellus pinnatus matritensis','Carduus','Carduus acanthoides','Carduus argemone','Carduus argemone argemone','Carduus assoi','Carduus asturicus','Carduus bourgeanus','Carduus bourgeanus bourgeanus','Carduus bourgeanus ibicensis','Carduus bourgeanus valentinus','Carduus broteroi','Carduus carlinifolius','Carduus carlinoides','Carduus carlinoides carlinoides','Carduus carlinoides hispanicus','Carduus carpetanus','Carduus cephalantus','Carduus chrysacanthus','Carduus chrysacanthus hispanicus','Carduus crispus','Carduus crispus crispus','Carduus crispus multiflorus','Carduus granatensis','Carduus x medius','Carduus meonanthus','Carduus myriacanthus','Carduus nigrescens','Carduus nutans','Carduus nutans alpicola','Carduus nutans nutans','Carduus paui','Carduus platypus','Carduus pycnocephalus','Carduus pycnocephalus pycnocephalus','Carduus rivasgodayanus','Carduus sandwithii','Carduus tenuiflorus','Carduus vivariensis','Carduus vivariensis assoi','Carduus vivariensis australis','Carduus vivariensis vivariensis','Carex','Carex acuta','Carex acutiformis','Carex alba','Carex arenaria','Carex asturica','Carex atrata','Carex atrata aterrima','Carex atrata atrara','Carex bicolor','Carex binervis','Carex brachystachys','Carex brevicollis','Carex brizoides','Carex camposii','Carex capillaris','Carex capillaris capillaris','Carex caryophyllea','Carex chordorrhiza','Carex curta','Carex curvula','Carex curvula curvula','Carex curvula rosae','Carex davalliana','Carex demissa','Carex depauperata','Carex depressa','Carex depressa depressa','Carex digitata','Carex dioica','Carex distachya','Carex distans','Carex disticha','Carex divisa','Carex divulsa','Carex divulsa divulsa','Carex divulsa leersii','Carex durieui','Carex echinata','Carex elata','Carex elata elata','Carex ericetorum','Carex extensa','Carex ferruginea','Carex ferruginea caudata','Carex flacca','Carex flacca flacca','Carex flacca serrulata','Carex flava','Carex foetida','Carex frigida','Carex grioletii','Carex hallerana','Carex hirta','Carex hispida','Carex hordeistichos','Carex hostiana','Carex humilis','Carex intricata','Carex lachenalii','Carex laevigata','Carex lasiocarpa','Carex lepidocarpa','Carex limosa','Carex liparocarpos','Carex liparocarpos liparocarpos','Carex macrostylon','Carex mairii','Carex maritima','Carex montana','Carex muricata','Carex muricata lamprocarpa','Carex muricata muricata','Carex nevadensis','Carex nigra','Carex nigra alpina','Carex nigra nigra','Carex oedipostyla','Carex olbiensis','Carex ornithopoda','Carex ornithopoda ornithopoda','Carex ornithopoda ornithopodioides','Carex otrubae','Carex ovalis','Carex pallescens','Carex panicea','Carex paniculata','Carex paniculata lusitanica','Carex paniculata paniculata','Carex parviflora','Carex pedula','Carex pilulifera','Carex pilulifera pilulifera','Carex praecox','Carex pseudocyperus','Carex pulicaris','Carex punctata','Carex pyrenaica','Carex remota','Carex reuterana','Carex riparia','Carex rorulenta','Carex rostrata','Carex rupestris','Carex sempervirens','Carex serotina','Carex serotina serotina','Carex spicata','Carex stenophylla','Carex strigosa','Carex sylvatica','Carex sylvatica paui','Carex sylvatica sylvatica','Carex tomentosa','Carex trinervis','Carex umbrosa','Carex umbrosa huetiana','Carex umbrosa umbrosa','Carex vaginata','Carex vesicaria','Carex vulpina','Carlina','Carlina acanthifolia','Carlina acanthifolia acanthifolia','Carlina acanthifolia cynara','Carlina acaulis','Carlina acaulis acaulis','Carlina acaulis simplex','Carlina corymbosa','Carlina corymbosa corymbosa','Carlina lanata','Carlina racemosa','Carlina vulgaris','Carlina vulgaris longiflora','Carlina vulgaris vulgaris','Carpesium','Carpesium cernuum','Carpinus','Carpobrotus','Carpobrotus acinaciformis','Carpobrotus chinensis','Carpobrotus edulis','Carrichtera','Carthamus','Carthamus arborescens','Carthamus lanatus','Carthamus lanatus baeticus','Carthamus lanatus lanatus','Carthamus tinctorius','Carum','Carum carvi','Carum foetidum','Carum verticillatum','Carya','Carya illinoinensis','Castanea','Castanea crenata','Castellia','Castellia tuberculosa','Casuarina','Casuarina cunnighamiana','Catabrosa','Catabrosa aquatica','Catalpa','Catalpa bignonioides','Catananche','Catananche caerulea','Catananche lutea','Catananche lutea carpholepis','Catharanthus','Catharanthus roseus','Caucalis','Caucalis platycarpos','Cedrus','Cedrus brevifolia','Cedrus deodara','Cedrus libani','Celosia','Celosia argentea','Celtis','Celtis occidentalis','Cenchrus','Cenchrus ciliaris','Cenchrus incertus','Centaurea','Centaurea acaulis','Centaurea africana','Centaurea alba','Centaurea alba alba','Centaurea alba costae','Centaurea alba latronum','Centaurea alpestris','Centaurea alpina','Centaurea amblensis','Centaurea x andresiana','Centaurea antennata','Centaurea argecillensis','Centaurea aristata','Centaurea aristata aristata','Centaurea aristata langeana','Centaurea aspera','Centaurea aspera aspera','Centaurea aspera scorpiurifolia','Centaurea aspera stenophylla','Centaurea balearica','Centaurea boissieri','Centaurea boissieri boissieri','Centaurea boissieri dufourii','Centaurea boissieri jaennensis','Centaurea boissieri mariolensis','Centaurea boissieri paui','Centaurea boissieri pinae','Centaurea boissieri pomeliana','Centaurea boissieri prostrata','Centaurea boissieri resupinata','Centaurea boissieri spachii','Centaurea boissieri willkommii','Centaurea bombycina','Centaurea bombycina bombycina','Centaurea bombycina funkii','Centaurea borjae','Centaurea calcitrapa','Centaurea carratracensis','Centaurea castellanoides','Centaurea x ceballosii','Centaurea centaurim','Centaurea cephalariifolia','Centaurea citricolor','Centaurea clementei','Centaurea collina','Centaurea collina serratulifolia','Centaurea corcubionensis','Centaurea cordubensis','Centaurea cyanus','Centaurea debeauxii','Centaurea debeauxii debeauxii','Centaurea debeauxii endressii','Centaurea debeauxii nemoralis','Centaurea debeauxii nevadensis','Centaurea debeauxii thuillieri','Centaurea depressa','Centaurea diluta','Centaurea dracunculifolia','Centaurea emigrantis','Centaurea eriophora','Centaurea exarata','Centaurea fraylensis','Centaurea gadorensis','Centaurea granatensis','Centaurea haenseleri','Centaurea haenseleri epapposa','Centaurea haenseleri haenseleri','Centaurea hyssopifolia','Centaurea jacea','Centaurea janeri','Centaurea babiana','Centaurea babiana janeri','Centaurea lagascae','Centaurea lagascana','Centaurea lagascana lagascana','Centaurea lagascana podospermifolia','Centaurea lainzii','Centaurea leucophaea','Centaurea leucophaea biformis','Centaurea leucophaea leucophaea','Centaurea leucophaea ochrolopha','Centaurea limbata','Centaurea linaresii','Centaurea linifolia','Centaurea x losana','Centaurea loscosii','Centaurea machrorriza','Centaurea mariana','Centaurea melitensis','Centaurea micracantha','Centaurea micrantha','Centaurea micrantha herminii','Centaurea micrantha melanosticta','Centaurea micrantha micrantha','Centaurea microptilon','Centaurea microptilon emporitana','Centaurea microptilon micoptilon','Centaurea montana','Centaurea monticola','Centaurea napifolia','Centaurea nicaeensis','Centaurea nigra','Centaurea nigra carpetana','Centaurea nigra nigra','Centaurea nigra rivularis','Centaurea ornata','Centaurea ornata macrocephala','Centaurea ornata ornata','Centaurea ornata saxicola','Centaurea paniculata','Centaurea paniculata castellana','Centaurea paniculata cossoniana','Centaurea paniculata paniculata','Centaurea pectinata','Centaurea pectinata pectinata','Centaurea polymorpha','Centaurea procumbens','Centaurea prolongi','Centaurea pullata','Centaurea pulvinata','Centaurea sagredoi','Centaurea scabiosa','Centaurea schousboei','Centaurea schousboei schousboei','Centaurea schousboei septentrionalis','Centaurea seridis','Centaurea seridis cruenta','Centaurea seridis maritima','Centaurea seridis seridis','Centaurea solstitialis','Centaurea solstitialis solstitialis','Centaurea sonchifolia l.','Centaurea sphaerocephala','Centaurea sphaerocephala malacitana','Centaurea sphaerocephala polyacantha','Centaurea sphaerocephala sphaerocephala','Centaurea spinabadia','Centaurea spinabadia hanryi','Centaurea spinabadia isernii','Centaurea spinabadia spinabadia','Centaurea sulphurea','Centaurea x tatayana','Centaurea toletana','Centaurea toletana tentudaica','Centaurea toletana toletana','Centaurea triumfetti','Centaurea triumfetti lingulata','Centaurea triumfetti lugdunensis','Centaurea triumfetti semidecurrens','Centaurea triumfetti triumfetti','Centaurea urgellensis','Centaurea urgellensis rothmalerana','Centaurea urgellensis urgellensis','Centaurea vinyalsii','Centaurea vinyalsii approximata','Centaurea vinyalsii vinyalsii','Centaurea x zubiae','Centaurium','Centaurium bianoris','Centaurium chloodes','Centaurium enclusense','Centaurium erythraea','Centaurium erythraea erythraea','Centaurium erythraea grandiflorum','Centaurium erythraea majus','Centaurium favargeri','Centaurium linariifolium','Centaurium littorale','Centaurium maritimum','Centaurium microcalyx','Centaurium pulchellum','Centaurium quadrifolium','Centaurium rigualii','Centaurium scilloides','Centaurium somedanum','Centaurium spicatum','Centaurium suffruticosum','Centaurium tenuiflorum','Centaurium tenuiflorum acutiflorum','Centaurium tenuiflorum tenuiflorum','Centaurium triphyllum','Centranthus','Centranthus angustifolius','Centranthus calcitrapae','Centranthus calcitrapae calcitrapae','Centranthus calcitrapae trichocarpus','Centranthus lecoqii','Centranthus macrosiphon','Centranthus nevadensis','Centranthus nevadensis nevadensis','Centranthus ruber','Centranthus ruber ruber','Cephalanthera','Cephalanthera damasonium','Cephalanthera longifolia','Cephalanthera rubra','Cephalaria','Cephalaria leucantha','Cephalaria linearifolia','Cephalaria squamiflora','Cephalaria squamiflora balearica','Cephalaria syriaca','Cerastium','Cerastium alpinum','Cerastium alpinum alpinum','Cerastium alpinum lanatum','Cerastium alpinum squalidum','Cerastium arvense','Cerastium arvense arvense','Cerastium arvense strictum','Cerastium boissieri','Cerastium brachypetalum','Cerastium brachypetalum brachypetalum','Cerastium brachypetalum roeseri','Cerastium brachypetalum tauricum','Cerastium cerastoides','Cerastium dichotomum','Cerastium diffusum','Cerastium diffusum diffusum','Cerastium fontanum','Cerastium fontanum hispanicum','Cerastium fontanum triviale','Cerastium gibraltaricum','Cerastium glomeratum','Cerastium gracile','Cerastium pedunculatum','Cerastium perfoliatum','Cerastium pumilum','Cerastium pumilum pallens','Cerastium pumilum pumilum','Cerastium pyrenaicum','Cerastium semidecandrum','Cerastium semidecandrum semidecandrum','Cerastium siculum','Ceratocapnos','Ceratocapnos heterocarpa','Ceratocephalus','Ceratocephalus falcatus','Ceratoides','Ceratoides latens','Ceratonia','Ceratophyllum','Ceratophyllum demersum','Ceratophyllum demersum demersum','Ceratophyllum submersum','Cercis','Cercis siliquastrum','Cerinthe','Cerinthe glabra','Cerinthe glabra glabra','Cerinthe gymnandra','Cerinthe major','Cestrum','Cestrum nocturnum','Cestrum parqui','Ceterach','Ceterach officinarum','Chaenorhinum','Chaenorhinum glareosum','Chaenorhinum grandiflorum','Chaenorhinum macropodum','Chaenorhinum macropodum degenii','Chaenorhinum macropodum macropodum','Chaenorhinum minus','Chaenorhinum minus minus','Chaenorhinum origanifolium','Chaenorhinum origanifolium cadevallii','Chaenorhinum origanifolium crassifolium','Chaenorhinum origanifolium origanifolium','Chaenorhinum origanifolium segoviense','Chaenorhinum robustum','Chaenorhinum rubrifolium','Chaenorhinum rubrifolium bianorii','Chaenorhinum rubrifolium formenterae','Chaenorhinum rubrifolium raveyi','Chaenorhinum rubrifolium rubrifolium','Chaenorhinum serpyllifolium','Chaenorhinum serpyllifolium lusitanicum','Chaenorhinum serpyllifolium serpyllifolium','Chaenorhinum tenellum','Chaenorhinum villosum','Chaerophyllum','Chaerophyllum aureum','Chaerophyllum hirsutum','Chaerophyllum temulentum','Chaetopogon','Chaetopogon fasciculatus','Chaetopogon fasciculatus fasciculatus','Chaetopogon fasciculatus prostratus','Chamaecyparis','Chamaecytisus','Chamaecytisus supinus','Chamaemelum','Chamaemelum fuscatum','Chamaemelum mixtum','Chamaemelum nobile','Chamaemelum nobile aurea','Chamaemelum nobile nobile','Chamaerops','Chamaespartium','Chamomilla','Chamomilla aurea','Chamomilla recutita','Chamomilla suaveolens','Cheilanthes','Cheilanthes catanensis','Cheilanthes guanchica','Cheilanthes hispanica','Cheilanthes maderensis','Cheilanthes marantae','Cheilanthes pteridioides','Cheilanthes tinaei','Cheiranthus','Cheiranthus cheiri','Cheirolophus','Cheirolophus intybaceus','Cheirolophus sempervirens','Cheirolophus uliginosus','Chelidonium','Chelidonium majus','Chenopodium','Chenopodium album','Chenopodium album album','Chenopodium album striatum','Chenopodium ambrosioides','Chenopodium bonus-henricus','Chenopodium botrys','Chenopodium botryodes','Chenopodium capitatum','Chenopodium exsuccum','Chenopodium ficifolium','Chenopodium foliosum','Chenopodium giganteum','Chenopodium glaucum','Chenopodium hybridum','Chenopodium multifidum','Chenopodium murale','Chenopodium opulifolium','Chenopodium polyspermum','Chenopodium pumilio','Chenopodium rubrum','Chenopodium urbicum','Chenopodium vulvaria','Chenopodium vulvaria microphyllum','Chloris','Chloris gayana','Chondrilla','Chondrilla juncea','Christella','Christella dentata','Chronanthus','Chronanthus biflorus','Chrozophora','Chrozophora obliqua','Chrozophora tinctoria','Chrysanthemum','Chrysanthemum balsamita','Chrysanthemum carinatum','Chrysanthemum coronarium','Chrysanthemum segetum','Chrysosplenium','Chrysosplenium alternifolium','Chrysosplenium oppositifolium','Cicendia','Cicendia filiformis','Cicer','Cicer arietinum','Cicerbita','Cicerbita alpina','Cicerbita plumieri','Cichorium','Cichorium endivia','Cichorium endivia divaricatum','Cichorium endivia endivia','Cichorium intybus','Cichorium spinosum','Cicuta','Cicuta virosa','Circaea','Circaea alpina','Circaea x intermedia','Circaea lutetiana','Cirsium','Cirsium acaule','Cirsium acaule acaule','Cirsium acaule gregarium','Cirsium albicans','Cirsium arvense','Cirsium bourgaeanum','Cirsium carniolicum','Cirsium carniolicum rufescens','Cirsium costae','Cirsium dissectum','Cirsium echinatum','Cirsium eriophorum','Cirsium eriophorum chodati','Cirsium eriophorum eriophorum','Cirsium ferox','Cirsium filipendulum','Cirsium flavispina','Cirsium flavispina matritense','Cirsium flavispina nevadense','Cirsium gaditanum','Cirsium giraudiasii','Cirsium glabrum','Cirsium helenioides','Cirsium monspesulanum','Cirsium odontolepis','Cirsium oleraceum','Cirsium palustre','Cirsium pannonicum','Cirsium richteranum','Cirsium rivulare','Cirsium rosulatum','Cirsium scabrum','Cirsium tuberosum','Cirsium valentinum','Cirsium vulgare','Cirsium welwitschii','Cistanche','Cistanche phelypaea','Cistanche violacea','Cistus','Cistus crispus','Cistus heterophyllus','Cistus incanus','Cistus incanus corsicus','Cistus libanotis','Cistus populifolius major','Cistus populifolius populifolius','Citrullus','Citrullus lanatus','Citrus','Citrus aurantium','Citrus limon','Citrus medica','Citrus reticulata','Citrus sinensis','Cladanthus','Cladanthus arabicus','Cladium','Claytonia','Claytonia perfoliata','Cleistogenes','Cleistogenes serotina','Cleistogenes serotina serotina','Clematis','Clematis campaniflora','Clematis cirrhosa','Clematis flammula','Clematis recta','Clematis vitalba','Clematis viticella','Cleome','Cleome violacea','Cleonia','Cleonia lusitanica','Clinopodium','Clinopodium vulgare','Clinopodium vulgare arundanum','Clinopodium vulgare vulgare','Clypeola','Clypeola eriocarpa','Clypeola jonthlaspi','Cneorum','Cneorum tricoccon','Cnicus','Cnicus benedictus','Cobaea','Cobaea scandens','Cochlearia','Cochlearia aestuaria','Cochlearia aragonensis','Cochlearia danica','Cochlearia glastifolia','Cochlearia officinalis','Coeloglossum','Coeloglossum viride','Coix','Coix lacryma-jobi','Colchicum','Colchicum autumnale','Colchicum lusitanicum','Colchicum neapolitanum','Colchicum triphyllum','Coleostephus','Coleostephus clausonis','Coleostephus myconis','Colocasia','Colocasia esculenta','Colutea','Colutea arborescens','Colutea arborescens arborescens','Colutea arborescens gallica','Colutea atlantica','Commicarpus','Commicarpus plumbagineus','Conium','Conium maculatum','Conopodium','Conopodium bourgaei','Conopodium brachycarpum','Conopodium bunioides','Conopodium capillifolium','Conopodium majus','Conopodium pyrenaeum','Conopodium pyrenaeum pusillum','Conopodium pyrenaeum pyrenaeum','Conopodium ramosum','Conopodium thalictrifolium','Conringia','Conringia orientalis','Consolida','Consolida ambigua','Consolida orientalis','Consolida orientalis orientalis','Consolida pubescens','Consolida regalis','Consolida regalis regalis','Convallaria','Convallaria majalis','Convolvulus','Convolvulus althaeoides','Convolvulus althaeoides althaeoides','Convolvulus arvensis','Convolvulus boissieri','Convolvulus boissieri boissieri','Convolvulus cantabrica','Convolvulus cneorum','Convolvulus humilis','Convolvulus lanuginosus','Convolvulus lineatus','Convolvulus meonanthus','Convolvulus pentapetaloides','Convolvulus siculus','Convolvulus siculus agrestis','Convolvulus siculus siculus','Convolvulus tricolor','Convolvulus tricolor tricolor','Convolvulus valentinus','Conyza','Conyza bonariensis','Conyza canadiensis','Conyza x flahaultiana','Corallorhiza','Corallorhiza trifida','Corema','Coriandrum','Coriandrum sativum','Coriaria','Coriaria myrtifolia','Coris','Coris hispanica','Coris monspeliensis','Cornus','Cornus sanguinea sanguinea','Coronilla','Coronilla emerus','Coronilla emerus emerus','Coronilla juncea','Coronilla minima','Coronilla minima clusii','Coronilla repanda','Coronilla repanda dura','Coronilla repanda repanda','Coronilla scorpioides','Coronilla valentina','Coronilla valentina glauca','Coronilla valentina pentaphylla','Coronilla varia','Coronopus','Coronopus didymus','Coronopus navasii','Coronopus squamatus','Corrigiola','Corrigiola littoralis','Corrigiola littoralis imbricata','Corrigiola littoralis littoralis','Corrigiola telephiifolia','Cortaderia','Cortaderia selloana','Corydalis','Corydalis bulbosa','Corydalis bulbosa bulbosa','Corydalis claviculata','Corydalis claviculata claviculata','Corydalis lutea','Corydalis solida','Corydalis solida solida','Corylus','Corynephorus','Corynephorus divaricatus','Corynephorus fasciculatus','Corynephorus macrantherus','Cosmos','Cosmos bipinnatus','Cotinus','Cotinus coggygria','Cotoneaster','Cotoneaster granatensis','Cotoneaster integerrimus','Cotoneaster nebrodensis','Cotula','Cotula coronopifolia','Crambe','Crambe filiformis','Crambe hispanica','Crambe maritima','Crassula','Crassula campestris','Crassula tillaea','Crassula vaillantii','Crataegus azarolus','Crataegus lacinata','Crataegus laevigata','Crataegus laevigata laevigata','Crataegus monogyna azarella','Crataegus monogyna brevispina','Crepis','Crepis albida','Crepis albida albida','Crepis albida asturica','Crepis albida grosii','Crepis albida longicaulis','Crepis albida macrocephala','Crepis albida scorzoneroides','Crepis bellidifolia','Crepis biennis','Crepis bourgeaui','Crepis bursifolia','Crepis capillaris','Crepis conyzifolia','Crepis foetida','Crepis foetida foetida','Crepis granatensis','Crepis lampsanoides','Crepis mollis','Crepis nicaeensis','Crepis oporinoides','Crepis paludosa','Crepis pulchra','Crepis pusilla','Crepis pygmaea','Crepis pygmaea anachoretica','Crepis pygmaea pygmaea','Crepis pyrenaica','Crepis sancta','Crepis setosa','Crepis tectorum','Crepis tectorum tectorum','Crepis tingitana','Crepis triasii','Crepis vesicaria','Crepis vesicaria congenita','Crepis vesicaria haenseleri','Crepis vesicaria vesicaria','Crepis zacintha','Cressa','Cressa cretica','Crithmum','Crithmum maritimum','Crocus','Crocus cambessedesii','Crocus carpetanus','Crocus nevadensis','Crocus nudiflorus','Crocus sativus','Crocus serotinus','Crocus serotinus clusii','Crocus serotinus salzmannii','Crocus vernus','Crocus vernus albiflorus','Crucianella','Crucianella angustifolia','Crucianella latifolia','Crucianella maritima','Crucianella patula','Cruciata','Cruciata glabra','Cruciata laevipes','Cruciata pedemontana','Crupina','Crupina crupinastrum','Crupina vulgaris','Crypis','Crypis aculeata','Crypis schoenoides','Cryptogramma','Cryptogramma crispa','Cryptomeria','Cryptomeria japonica','Ctenopsis','Ctenopsis delicatula','Ctenopsis gypsophila','Ctenopsis pectinella','Cucubalus','Cucubalus baccifer','Cucumis','Cucumis melo','Cucumis myriocarpus','Cucumis sativus','Cucurbita','Cucurbita maxima','Cucurbita moschata','Cucurbita pepo','Culcita','Culcita macrocarpa','Cumimum','Cumimum cyminum','Cunninghamia','Cunninghamia lanceolata','Cupressus','Cupressus arizonica','Cupressus goveniana','Cuscuta','Cuscuta approximata','Cuscuta approximata approximata','Cuscuta approximata episonchum','Cuscuta australis','Cuscuta australis tinei','Cuscuta brevistyla','Cuscuta campestris','Cuscuta epilinum','Cuscuta epithymum','Cuscuta epithymum epithymum','Cuscuta epithymum kotschyi','Cuscuta europaea','Cuscuta planiflora','Cuscuta suaveolens','Cuscuta triumvirati','Cutandia','Cutandia divaricata','Cutandia maritima','Cutandia memphitica','Cyanopsis','Cyanopsis muricata','Cyclamen','Cyclamen balearicum','Cyclosorus','Cyclosorus dentatus','Cydonia','Cydonia oblonga','Cylindropuntia','Cylindropuntia cylindrica','Cylindropuntia exaltata','Cymbalaria','Cymbalaria aequitriloba','Cymbalaria aequitriloba aequitriloba','Cymbalaria aequitriloba fragilis','Cymbalaria muralis','Cymbalaria muralis muralis','Cymodocea','Cymodocea nodosa','Cynanchum','Cynanchum acutum','Cynara','Cynara alba','Cynara algarbiensis','Cynara cardunculus','Cynara humilis','Cynara scolymus','Cynara tournefortii','Cynodon','Cynodon dactylon','Cynoglossum','Cynoglossum cheirifolium','Cynoglossum clandestinum','Cynoglossum creticum','Cynoglossum dioscoridis','Cynoglossum germanicum','Cynoglossum nebrodense','Cynoglossum officinale','Cynomorium','Cynomorium coccineum','Cynosurus','Cynosurus cristatus','Cynosurus echinatus','Cynosurus elegans','Cyperus','Cyperus auricomus','Cyperus capitatus','Cyperus difformis','Cyperus eragrostis','Cyperus esculentus','Cyperus flavescens','Cyperus flavidus','Cyperus fuscus','Cyperus laevigatus','Cyperus laevigatus distachyos','Cyperus longus','Cyperus longus badius','Cyperus longus longus','Cyperus mundtii','Cyperus rotundus','Cyperus serotinus','Cypripedium','Cypripedium calceolus','Cystopteris','Cystopteris dickieana','Cystopteris fragilis','Cystopteris fragilis diaphana','Cystopteris fragilis fragilis','Cystopteris fragilis pseudorregia','Cystopteris fragilis regia','Cystopteris montana','Cystopteris viridula','Cytinus','Cytinus hypocistis','Cytinus hypocistis hypocistis','Cytinus hypocistis macranthus','Cytinus hypocistis orientalis','Cytinus hypocistis pityusensis','Cytinus ruber','Cytisus','Cytisus baeticus','Cytisus ingramii','Cytisus malacitanus','Cytisus malacitanus catalaunicus','Cytisus malacitanus malacitanus','Cytisus moleroi','Cytisus purgans balansae','Cytisus purgans purgans','Cytisus scoparius scoparius','Cytisus sessilifolius','Cytisus tribracteolatus','Cytisus villosus','Daboecia','Daboecia cantabrica','Dactylis','Dactylis glomerata','Dactylis glomerata aschersoniana','Dactylis glomerata glomerata','Dactylis glomerata hispanica','Dactylis glomerata ibicensis','Dactylis glomerata juncinella','Dactylis marina','Dactylorhiza','Dactylorhiza elata','Dactylorhiza elata elata','Dactylorhiza elata sesquipedalis','Dactylorhiza fuchsii','Dactylorhiza incarnata','Dactylorhiza incarnata incarnata','Dactylorhiza maculata','Dactylorhiza maculata elodes','Dactylorhiza maculata maculata','Dactylorhiza majalis','Dactylorhiza majalis alpestris','Dactylorhiza majalis majalis','Dactylorhiza saccifera','Dactylorhiza sambucina','Dactylorhiza sambucina insularis','Dactylorhiza sambucina sambucina','Dactylorhiza sulphurea','Dactylorhiza sulphurea pseudosambucima','Dactylorhiza sulphurea sulphurea','Dactylorhiza traunsteineri','Damasonium','Damasonium alisma','Danthonia','Danthonia alpina','Danthonia decumbens','Daphne','Daphne alpina','Daphne cneorum','Daphne gnidium','Daphne laureola','Daphne laureola laureola','Daphne laureola philippi','Daphne mezereum','Daphne oleoides','Daphne rodriguezii','Dasypyrum','Dasypyrum villosum','Datura','Datura ferox','Datura innoxia','Datura metel','Datura stramonium','Daucus','Daucus aureus','Daucus carota','Daucus carota carota','Daucus carota drepanensis','Daucus carota gummifer','Daucus carota maritimus','Daucus carota maximus','Daucus crinitus','Daucus durieua','Daucus muricatus','Daucus setifolis','Davallia','Davallia canariensis','Delphinium','Delphinium gautieri','Delphinium gracile','Delphinium halteranum','Delphinium montanum','Delphinium nevadense','Delphinium obcordatum','Delphinium pentagynum','Delphinium peregrinum','Delphinium pictum','Delphinium sordidum','Delphinium staphisagria','Delphinium verdunense','Deschampsia','Deschampsia cespitosa','Deschampsia cespitosa cespitosa','Deschampsia flexuosa','Deschampsia hispanica','Deschampsia hispanica hispanica','Deschampsia media','Deschampsia media masclansii','Deschampsia media media','Deschampsia refracta','Deschampsia setacea','Descurainia','Descurainia sophia','Desmazeria','Desmazeria marina','Desmazeria rigida','Desmazeria rigida hemipoa','Desmazeria rigida rigida','Desmazeria sicula','Dethawia','Dethawia tenuifolia','Dianthus','Dianthus absconditus','Dianthus algetanus','Dianthus anticarius','Dianthus armeria','Dianthus armeria armeria','Dianthus armeria camboi','Dianthus barbatus','Dianthus barbatus barbatus','Dianthus carthusianorum','Dianthus carthusianorum carthusianorum','Dianthus carthusianorum vaginatus','Dianthus caryophyllus','Dianthus caryophyllus caryophyllus','Dianthus charidemii','Dianthus cintranus','Dianthus cintranus cintranus','Dianthus cintranus multiceps','Dianthus costae','Dianthus crassipes','Dianthus deltoides','Dianthus deltoides deltoides','Dianthus deltoides nuriae','Dianthus furcatus','Dianthus furcatus geminiflorus','Dianthus gallicus','Dianthus hispanicus','Dianthus hispanicus hispanicus','Dianthus hispanicus tarraconensis','Dianthus langeanus','Dianthus laricifolius','Dianthus lusitanus','Dianthus lusitanus bolivaris','Dianthus lusitanus lucronensis','Dianthus lusitanus lusitanus','Dianthus lusitanus serenaeus','Dianthus malacitanus','Dianthus malacitanus malacitanus','Dianthus malacitanus valentinus','Dianthus mariani','Dianthus merinoi','Dianthus monspessulanus','Dianthus monspessulanus eynensis','Dianthus monspessulanus monspessulanus','Dianthus monspessulanus sternbergii','Dianthus planellae','Dianthus pungens','Dianthus pungens cognobilis','Dianthus pungens fontqueri','Dianthus pungens multiceps','Dianthus pungens pungens','Dianthus pungens tarraconensis','Dianthus pyrenaicus','Dianthus pyrenaicus catalaunicus','Dianthus pyrenaicus floribundus','Dianthus pyrenaicus pyrenaicus','Dianthus rupicola','Dianthus rupicola hermaeensis','Dianthus scaber','Dianthus scaber cutandae','Dianthus scaber scaber','Dianthus scaber toledanus','Dianthus seguieri','Dianthus seguieri cadevallii','Dianthus seguieri costei','Dianthus seguieri gautieri','Dianthus subacaulis','Dianthus subacaulis brachyanthus','Dianthus subacaulis duatorum','Dianthus subacaulis hieronymi','Dianthus subacaulis nivalis','Dianthus subacaulis ruscinonensis','Dianthus subbaeticus','Dianthus sylvestris','Dianthus sylvestris siculus','Dichanthium','Dichanthium ischaemum','Dictamnus','Dictamnus albus','Dictamnus hispanicus','Digitalis','Digitalis dubia','Digitalis dubia palani','Digitalis heywoodii','Digitalis lutea','Digitalis lutea lutea','Digitalis obscura','Digitalis obscura laciniata','Digitalis obscura obscura','Digitalis parviflora','Digitalis purpurea','Digitalis purpurea mariana','Digitalis purpurea purpurea','Digitalis thapsi','Digitaria','Digitaria debilis','Digitaria ischaemum','Digitaria sanguinalis','Dinebra','Dinebra retroflexa','Dioscorea','Dioscorea opposita','Diospyros','Diospyros kaki','Diospyros lotus','Dipcadi','Dipcadi fulvum','Dipcadi serotinun','Diphasium','Diphasium alpinum','Diphasium complanatum','Diphasium complanatum complanatum','Diplazium','Diplazium caudatum','Diplotaxis','Diplotaxis catholica','Diplotaxis crassifolia','Diplotaxis crassifolia crassifolia','Diplotaxis crassifolia intricata','Diplotaxis crassifolia lagascana','Diplotaxis erucoides','Diplotaxis erucoides erucoides','Diplotaxis gomez-campoi','Diplotaxis harra lagascana','Diplotaxis ibicensis','Diplotaxis muralis','Diplotaxis muralis muralis','Diplotaxis siettiana','Diplotaxis siifolia','Diplotaxis siifolia siifolia','Diplotaxis tenuifolia','Diplotaxis virgata','Diplotaxis virgata virgata','Diplotaxis viminea','Dipsacus','Dipsacus comosus','Dipsacus fullonum','Dipsacus laciniatus','Dipsacus pilosus','Dipsacus sativus','Disphyma','Disphyma crassifolium','Dittrichia','Dittrichia graveolens','Dittrichia viscosa revoluta','Dittrichia viscosa viscosa','Doronicum','Doronicum austriacum','Doronicum carpetanum','Doronicum clusii','Doronicum grandiflorum','Doronicum grandiflorum braunblanqueti','Doronicum pardalianches','Doronicum plantagineum','Dorycnium','Dorycnium hirsutum','Dorycnium pentaphyllum fulgurans','Dorycnium pentaphyllum gracile','Dorycnium pentaphyllum pentaphyllum','Dorycnium rectum','Draba','Draba aizoides','Draba cantabriae','Draba cantabrica','Draba carinthiaca','Draba dedeana','Draba dedeana dedeana','Draba dedeana mawii','Draba dubia','Draba hispanica','Draba hispanica hispanica','Draba hispanica lebrunii','Draba incana','Draba incana pyrenaea','Draba lutescens','Draba muralis','Draba nemoralis','Draba tomentosa','Draba tomentosa ciliigera','Draba tomentosa subnivalis','Draba zapateri','Dracunculus','Dracunculus muscivorus','Dracunculus vulgaris','Drosanthemum','Drosanthemum floribundum','Drosera','Drosera anglica','Drosera intermedia','Drosera rotundifolia','Drosophyllum','Drosophyllum lusitanicum','Dryas','Dryas octopetala','Dryopteris','Dryopteris abbreviata','Dryopteris aemula','Dryopteris affinis','Dryopteris affinis affinis','Dryopteris affinis robusta','Dryopteris affinis stilluppensis','Dryopteris aitoniana','Dryopteris borreri','Dryopteris carthusiana','Dryopteris corleyi','Dryopteris cristata','Dryopteris dilatata','Dryopteris expansa','Dryopteris filix-mas','Dryopteris guanchica','Dryopteris oreades','Dryopteris pseudomas','Dryopteris remota','Dryopteris submontana','Dryopteris tyrrhena','Dryopteris villarii','Dryopteris villarii balearica','Dryopteris villarii pallida','Dryopteris villarii villarii','Duchesnea','Duchesnea indica','Duranta','Duranta  repens','Ecballium','Ecballium elaterium','Echinaria','Echinaria capitata','Echinochloa','Echinochloa colonum','Echinochloa crus-galli','Echinochloa oryzoides','Echinophora','Echinophora spinosa','Echinops','Echinops fontqueri','Echinops ritro','Echinops ritro ritro','Echinops sphaerocephalus','Echinops sphaerocephalus sphaerocephalus','Echinops strigosus','Echinospartum boissieri','Echinospartum horridum','Echinospartum lusitanicum','Echinospartum lusitanicum barnadesii','Echinospartum lusitanicum lusitanicum','Echium','Echium albicans','Echium arenarium','Echium asperrimum','Echium boissieri','Echium cantabricum','Echium creticum','Echium creticum coincyanum','Echium creticum creticum','Echium flavum','Echium gaditanum','Echium humile','Echium italicum.','Echium lusitanicum','Echium lusitanicum lusitanicum','Echium lusitanicum polycaulon','Echium parviflorum','Echium plantagineum','Echium pustulatum','Echium rosulatum','Echium sabulicola','Echium tuberculatum','Echium vulgare','Eclipta','Eclipta prostata','Eichhornia','Eichhornia crassipes','Elaeagnus','Elaeoselinum','Elaeoselinum asclepium','Elaeoselinum asclepium meoides','Elaeoselinum foetidum','Elaeoselinum gummiferum','Elaeoselinum tenuifolium','Elatine','Elatine alsinastrum','Elatine hexandra','Elatine hydropiper','Elatine macropoda','Eleocharis','Eleocharis acicularis','Eleocharis austriaca','Eleocharis multicaulis','Eleocharis palustris','Eleocharis palustris palustris','Eleocharis palustris vulgaris','Eleocharis parvula','Eleocharis quinqueflora','Eleocharis uniglumis','Eleusine','Eleusine indica','Eleusine tristachya','Elizaldia','Elizaldia calycyna','Elodea','Elodea canadensis','Elymus','Elymus caninus','Elymus curvifolius','Elymus elongatus','Elymus elongatus elongatus','Elymus farctus','Elymus farctus boreali-atlanticus','Elymus farctus farctus','Elymus x farctus farctus x pycnanthus','Elymus x farctus farctus x repens','Elymus hispidus','Elymus hispidus barbulatus','Elymus hispidus hispidus','Elymus panormitanus','Elymus pungens','Elymus pungens campestris','Elymus pungens fontqueri','Elymus pungens pungens','Elymus pycnanthus','Elymus x pycnanthus x repens','Elymus repens','Elymus repens repens','Emex','Emex spinosa','Empetrum','Empetrum nigrum','Empetrum nigrum hermaphroditum','Empetrum nigrum nigrum','Endressia','Endressia castellana','Endressia pyrenaica','Enneapogon','Enneapogon persicus','Ensete','Ensete edule','Ensete gilleti','Ensete glaucum','Ensete superbum','Ensete ventricosum','Ephedra','Ephedra distachya','Ephedra distachya distachya','Ephedra fragilis campylopoda','Ephedra fragilis fragilis','Ephedra major','Ephedra major major','Ephedra nebrodensis','Epilobium','Epilobium alpestre','Epilobium alsinifolium','Epilobium anagallidifolium','Epilobium angustifolium','Epilobium atlanticum','Epilobium collinum','Epilobium duriaei','Epilobium hirsutum','Epilobium lanceolatum','Epilobium montanum','Epilobium nutans','Epilobium obscurum','Epilobium palustre','Epilobium parviflorum','Epilobium roseum','Epilobium roseum roseum','Epilobium tetragonum','Epilobium tetragonum lamyi','Epilobium tetragonum tetragonum','Epilobium tetragonum tournefortii','Epipactis','Epipactis atrorubens','Epipactis helleborine','Epipactis microphylla','Epipactis palustris','Epipactis parviflora','Equisetum','Equisetum arvense','Equisetum fluviatile','Equisetum hyemale','Equisetum palustre','Equisetum ramosissimum','Equisetum sylvaticum','Equisetum telmateia','Equisetum tenue','Equisetum x trachyodon','Equisetum variegatum','Eragrostis','Eragrostis barrelieri','Eragrostis cilianensis','Eragrostis curvula','Eragrostis minor','Eragrostis papposa','Eragrostis pectinacea','Eragrostis pilosa','Erica','Erica arborea arborea','Erica arborea riojana','Erica ciliaris','Erica erigena','Erica lusitanica','Erica scoparia scoparia','Erica terminalis','Erica tetralix','Brezal de Erica tetralix','Erigeron','Erigeron acer','Erigeron acer acer','Erigeron alpinus','Erigeron annuus','Erigeron annuus annuus','Erigeron annuus septentrionalis','Erigeron annuus strigosus','Erigeron aragonensis','Erigeron frigidus','Erigeron glabratus','Erigeron karvinskianus','Erigeron major','Erigeron uniflorus','Erinacea','Erinus','Erinus alpinus','Eriobotrya','Eriobotrya japonica','Eriophorum','Eriophorum angustifolium','Eriophorum latifolium','Eriophorum scheuchzeri','Eriophorum vaginatum','Erodium','Erodium acaule','Erodium astragaloides','Erodium boissieri','Erodium botrys','Erodium castellanum','Erodium carvifolium','Erodium cazorlanum','Erodium chium','Erodium chium chium','Erodium chium littoreum','Erodium ciconium','Erodium cicutarium','Erodium cicutarium bipinnatum','Erodium cicutarium cicutarium','Erodium cicutarium jacquinianum','Erodium daucoides','Erodium gaussenianum','Erodium gruinum','Erodium guttatum','Erodium laciniatum','Erodium malacoides','Erodium manescavi','Erodium maritimum','Erodium moschatum','Erodium mouretii','Erodium paui','Erodium petraeum crispum','Erodium petraeum glandulosum','Erodium petraeum lucidum','Erodium petraeum valentinum','Erodium recoderii','Erodium reichardii','Erodium rupestre','Erodium rupicola','Erodium sanguis-christi','Erodium tordylioides','Erophila','Erophila verna','Erophila verna praecox','Erophila verna spathulata','Erophila verna verna','Eruca','Eruca vesicaria','Eruca vesicaria sativa','Eruca vesicaria vesicaria','Erucaria','Erucaria hispanica','Erucastrum','Erucastrum gallicum','Erucastrum laevigatum','Erucastrum nasturtiifolium','Eryngium','Eryngium aquifolium','Eryngium bourgatii','Eryngium bourgatii bourgatii','Eryngium bourgatii hispanicum','Eryngium bourgatii pyrenaicum','Eryngium campestre','Eryngium x chevalieri','Eryngium corniculatum','Eryngium dichotomum','Eryngium dilatatum','Eryngium duriaei','Eryngium galioides','Eryngium glaciale','Eryngium grosii','Eryngium ilicifolium','Eryngium juresianum','Eryngium lazae','Eryngium maritimum','Eryngium tenue','Eryngium tricuspidatum','Eryngium viviparum','Erysimum','Erysimum cheiranthoides','Erysimum cheiranthoides cheiranthoides','Erysimum decumbens','Erysimum grandiflorum','Erysimum incanum','Erysimum linifolium','Erysimum linifolium baeticum','Erysimum linifolium cazorlense','Erysimum linifolium linifolium','Erysimum myriophyllum','Erysimum repandum','Erythronium','Erythronium dens-canis','Eschscholzia','Eschscholzia californica','Eucalyptus gunnii','Eucalyptus maidenii','Eucalyptus resinifer','Eucalyptus robustus','Eucalyptus viminalis','Euonymus','Euonymus japonicus','Euonymus latifolius','Eupatorium adenophorum','Eupatorium cannabinum','Eupatorium cannabinum cannabinum','Euphorbia','Euphorbia akenocarpa','Euphorbia amygdaloides','Euphorbia amygdaloides amygdaloides','Euphorbia angulata','Euphorbia biumbellata','Euphorbia boetica','Euphorbia briquetii','Euphorbia brittingeri','Euphorbia broteri','Euphorbia bupleroides','Euphorbia chamaebuxus','Euphorbia chamaesyce','Euphorbia chamaesyce chamaesyce','Euphorbia characias','Euphorbia characias characias','Euphorbia clavigera','Euphorbia clementei','Euphorbia cyparissias','Euphorbia dendroides','Euphorbia dracunculoides','Euphorbia dulcis','Euphorbia duvalii','Euphorbia esula','Euphorbia esula aragonensis','Euphorbia esula esula','Euphorbia esula tommasiniana','Euphorbia exigua','Euphorbia falcata','Euphorbia flavicoma','Euphorbia fontqueriana','Euphorbia gaditana','Euphorbia gayi','Euphorbia helioscopia','Euphorbia heliscopioides','Euphorbia humifusa','Euphorbia hyberna','Euphorbia hyberna hyberna','Euphorbia isatidifolia','Euphorbia lagascae','Euphorbia lathyris','Euphorbia maculata','Euphorbia maresii','Euphorbia mariolensis','Euphorbia margalidiana','Euphorbia matritensis','Euphorbia medicaginea','Euphorbia minuta','Euphorbia monchiquensis','Euphorbia myrsinites','Euphorbia myrsinites litardierei','Euphorbia myrsinites myrsinites','Euphorbia nevadensis','Euphorbia nicaeensis','Euphorbia nicaeensis nicaeensis','Euphorbia nutans','Euphorbia palustris','Euphorbia paralias','Euphorbia peplis','Euphorbia peploides','Euphorbia peplus','Euphorbia pinea','Euphorbia pithyusa','Euphorbia pithyusa cupanii','Euphorbia pithyusa pithyusa','Euphorbia platyphyllos','Euphorbia polygalifolia','Euphorbia polygalifolia polygalifolia','Euphorbia polygalifolia vasconensis','Euphorbia polygonifolia','Euphorbia portlandica','Euphorbia prostrata','Euphorbia pterococca','Euphorbia pubescens','Euphorbia segetalis','Euphorbia seguierana','Euphorbia seguierana seguierana','Euphorbia sennenii','Euphorbia serpens','Euphorbia serrata','Euphorbia serrulata','Euphorbia squamigera','Euphorbia squamigera carthaginensis','Euphorbia squamigera squamigera','Euphorbia sulcata','Euphorbia taurinensis','Euphorbia terracina','Euphorbia turolensis','Euphorbia uliginosa','Euphorbia villosa','Euphorbia welwitschii','Euphrasia','Euphrasia alpina','Euphrasia alpina alpina','Euphrasia alpina sennenii','Euphrasia cantabrica','Euphrasia frigida','Euphrasia fontqueri','Euphrasia hirtella','Euphrasia italica','Euphrasia micrantha','Euphrasia minima','Euphrasia minima minima','Euphrasia nemorosa','Euphrasia pectinata','Euphrasia pulchra','Euphrasia rostkoviana','Euphrasia rostkoviana montana','Euphrasia rostkoviana rostkoviana','Euphrasia salisburgensis','Euphrasia stricta','Euphrasia stricta edonardi','Euphrasia stricta stricta','Euphrasia tatarica','Euphrasia vigursii','Euphrasia willkommii','Euzomodendron','Euzomodendron bourgaeanum','Evax','Evax asterisciflora','Evax carpetana','Evax lusitanica','Evax nevadensis','Evax pygmaea','Evax pygmaea pygmaea','Evax pygmaea ramosissima','Exaculum','Exaculum pusillum','Fagonia','Fagonia cretica','Fagopyrum','Fagopyrum esculentum','Fagopyrum tataricum','Fagus','Fagus grandifolia','Falcaria','Falcaria vulgaris','Fallopia','Fallopia aubertii','Fallopia baldschuanica','Fallopia convolvulus','Fallopia dumetorum','Fedia','Fedia caput-bovis','Fedia cornucopiae','Ferula','Ferula communis','Ferula communis communis','Ferula communis glauca','Ferula tingitana','Ferulago','Ferulago brachyloba','Ferulago campestris','Ferulago granatensis','Ferulago lutea','Festuca','Festuca airoides','Festuca alpina','Festuca altissima','Festuca ampla','Festuca arundinacea arundinacea','Festuca arundinacea atlantigena','Festuca arundinacea fenas','Festuca borderi','Festuca burnatii','Festuca caerulescens','Festuca capillifolia','Festuca clementei','Festuca costei','Festuca durandii','Festuca durissima','Festuca elegans','Festuca eskia','Festuca frigida','Festuca gautieri','Festuca gigantea','Festuca glacialis','Festuca hervieri','Festuca heterophylla','Festuca hystrix','Festuca iberica','Festuca indigesta','Festuca indigesta alleizettei','Festuca indigesta aragonensis','Festuca indigesta hackeliana','Festuca indigesta indigesta','Festuca indigesta molinieri','Festuca juncifolia','Festuca lemanii','Festuca liviensis','Festuca nevadensis','Festuca nigrescens','Festuca nigrescens microphylla','Festuca nigrescens nigrescens','Festuca ochroleuca','Festuca ovina','Festuca paniculata','Festuca paniculata baetica','Festuca paniculata paniculata','Festuca paniculata spadicea','Festuca plicata','Festuca pratensis','Festuca pratensis pratensis','Festuca pseudeskia','Festuca pseudotrichophylla','Festuca pyrenaica','Festuca quadriflora','Festuca querana','Festuca reverchonii','Festuca rivularis','Festuca rothmaleri','Festuca rubra','Festuca rubra arenaria','Festuca rubra asperifolia','Festuca rubra juncea','Festuca rubra littoralis','Festuca rubra pruinosa','Festuca rubra rubra','Festuca tenuifolia','Festuca trichophylla','Festuca triflora','Festuca valentina','Festuca vasconcensis','Festuca vivipara','x Festulolium','x Festulolium loliaceum','Ficus','Ficus elastica','Ficus lyrata','Ficus pumila','Ficus retusa','Filaginella','Filaginella uliginosa','Filaginella uliginosa uliginosa','Filago','Filago congesta','Filago desertorum','Filago duraei','Filago fuscencens','Filago hispanica','Filago lutescens','Filago lutescens lutescens','Filago mareotica','Filago micropodioides','Filago pyramidata','Filago ramosissima','Filago vulgaris','Filipendula','Filipendula ulmaria','Filipendula ulmaria ulmaria','Filipendula vulgaris','Fimbristylis','Fimbristylis bisumbellata','Fimbristylis ferruginea','Foeniculum','Foeniculum vulgare','Foeniculum vulgare piperitum','Foeniculum vulgare vulgare','Forsskalea','Forsskalea tenacissima','Forsythia','Forsythia suspensa','Forsythia viridissima','Fragaria','Fragaria x ananassa','Fragaria moschata','Fragaria vesca','Fragaria virginiana','Fragaria viridis','Fragaria viridis campestris','Fragaria viridis','Frangula','Frankenia','Frankenia boissieri','Frankenia corymbosa','Frankenia hirsuta','Frankenia laevis','Frankenia pulverulenta','Frankenia thymifolia','Fraxinus','Fraxinus angustifolia angustifolia','Fraxinus angustifolia oxycarpa','Fraxinus excelsior excelsior','Freesia','Freesia refracta','Fritillaria','Fritillaria lusitanica','Fritillaria pyrenaica','Fuchsia','Fuchsia coccinea','Fuchsia colensoi','Fuchsia x hybrida hort. ex','Fuchsia magellanica','Fuchsia triphylla','Fuirena','Fuirena pubescens','Fumana','Fumana ericoides','Fumana laevipes','Fumana laevis','Fumana paradoxa','Fumana procumbens','Fumana scoparia','Fumana thymifolia','Fumaria','Fumaria agraria','Fumaria bastardii','Fumaria bella','Fumaria bicolor','Fumaria capreolata','Fumaria capreolata capreolata','Fumaria densiflora','Fumaria flabellata','Fumaria macrosepala','Fumaria martinii','Fumaria mirabilis','Fumaria muralis','Fumaria muralis boraei','Fumaria muralis muralis','Fumaria officinalis','Fumaria officinalis officinalis','Fumaria officinalis wirtgenii','Fumaria parviflora','Fumaria reuteri','Fumaria rupestris','Fumaria schleicheri','Fumaria schrammii','Fumaria sepium','Fumaria transiens','Fumaria vaillantii','Furcraea','Furcraea bedinghausii','Gagea','Gagea arvensis','Gagea fistulosa','Gagea foliosa','Gagea granatellii','Gagea lutea','Gagea minima','Gagea nevadensis','Gagea polymorpha','Gagea pratensis','Gagea saxatilis','Gaillardia','Gaillardia aristata','Galactites','Galactites duriaei','Galactites tomentosa','Galanthus','Galanthus nivalis','Galanthus nivalis nivalis','Galega','Galega officinalis','Galenia','Galenia secunda','Galeopsis','Galeopsis angustifolia','Galeopsis ladanum','Galeopsis pyrenaica','Galeopsis segetum','Galeopsis tetrahit','Galinsoga','Galinsoga ciliata','Galinsoga parviflora','Galium','Galium album','Galium album album','Galium aparine','Galium arenarium','Galium asturiocantabricum','Galium baeticum','Galium balearicum','Galium boissieranum','Galium boreale','Galium brockmannii','Galium broterianum','Galium cespitosum','Galium cinereum','Galium cometerhizon','Galium concatenatum','Galium corrudifolium','Galium crespianum','Galium debile','Galium divaricatum','Galium elongatum','Galium ephedroides','Galium erythrorrhizon','Galium fruticescens','Galium glaucum','Galium helodes','Galium idubedae','Galium laevigatum','Galium lucidum','Galium marchandii','Galium maritimum','Galium minutulum','Galium mollugo','Galium murale','Galium murcicum','Galium nevadense','Galium odoratum','Galium palustre','Galium papillosum','Galium parisiense','Galium pinetorum','Galium x pomeranicum','Galium pruinosum','Galium pulvinatum','Galium pyrenaicum','Galium rivulare','Galium rosellum','Galium rotundifolium','Galium saxatile','Galium scabrum','Galium setaceum','Galium setaceum decaisnei','Galium setaceum setaceum','Galium spurium','Galium tricornutum','Galium tunetanum','Galium uliginosum','Galium valentinum','Galium verrucosum','Galium verticillatum','Galium verum','Galium verum verum','Galium viridiflorum','Galium viscosum','Gamochaeta','Gamochaeta spicata','Gamochaeta subfalcata','Garidella','Garidella nigellastrum','Gastridium','Gastridium laxum','Gastridium ventricosum','Gaudinia','Gaudinia fragilis','Gaudinia hispanica','Genista','Genista acanthoclada','Genista acanthoclada acanthoclada','Genista acanthoclada balearica','Genista acanthoclada fasciculata','Genista anglica','Genista berberidea','Genista carpetana','Genista carpetana carpetana','Genista carpetana nociva','Genista cinerea ausetana','Genista cinerea cinerea','Genista cinerea leptoclada','Genista cinerea rosmarinetosum','Genista cinerea speciosa','Genista dorycnifolia','Genista dorycnifolia dorycnifolia','Genista dorycnifolia grossii','Genista falcata','Genista hirsuta','Genista hispanica hispanica','Genista occidentalis','Genista hystris','Genista hystris hystris','Genista hystris legionensis','Genista lanuginosa','Genista lucida','Genista micrantha','Genista polyanthos','Genista pulchella','Genista sanabrensis','Genista scorpius campylocarpa','Genista scorpius scorpius','Genista teretifolia','Genista tinctoria','Genista tournefortii','Genista triacanthos','Genista tridens','Gennaria','Gennaria diphylla','Gentiana','Gentiana acaulis','Gentiana alpina','Gentiana boryi','Gentiana brachyphylla','Gentiana brachyphylla brachyphylla','Gentiana burseri','Gentiana burseri burseri','Gentiana cruciata','Gentiana cruciata cruciata','Gentiana lutea','Gentiana lutea aurantiaca','Gentiana lutea lutea','Gentiana montserratii','Gentiana nivalis','Gentiana occidentalis','Gentiana pneumonanthe','Gentiana pneumonanthe depressa','Gentiana pneumonanthe pneumonanthe','Gentiana pumila','Gentiana pumila delphinensis','Gentiana pyrenaica','Gentiana verna','Gentiana verna verna','Gentianella','Gentianella campestris','Gentianella campestris campestris','Gentianella ciliata','Gentianella ciliata ciliata','Gentianella hyperifolia','Gentianella tenella','Geranium','Geranium bohemicum','Geranium cataractarum','Geranium cazorlense','Geranium cinereum','Geranium cinereum cinereum','Geranium columbinum','Geranium dissectum','Geranium divaricatum','Geranium dolomiticum','Geranium endressii','Geranium lanuginosum','Geranium lucidum','Geranium malviflorum','Geranium molle','Geranium nodosum','Geranium palustre','Geranium phaeum','Geranium pratense','Geranium purpureum','Geranium pusillum','Geranium pyrenaicum','Geranium robertianum','Geranium rotundifolium','Geranium sanguineum','Geranium subargenteum','Geranium sylvaticum','Geranium sylvaticum sylvaticum','Geum','Geum heterocarpum','Geum hispidum','Geum montanum','Geum pyrenaicum','Geum rivale','Geum sylvaticum','Geum urbanum','Ginkgo','Ginkgo biloba','Gladiolus','Gladiolus communis','Gladiolus communis byzantinus','Gladiolus communis communis','Gladiolus dubius','Gladiolus illyricus','Gladiolus italicus','Gladiolus reuteri','Glaucium','Glaucium corniculatum','Glaucium flavum','Glaux','Glaux maritima','Glechoma','Glechoma hederacea','Gleditsia','Gleditsia triacanthos','Glinus','Glinus lotoides','Globularia','Globularia alypum','Globularia cambessedesii','Globularia cordifolia','Globularia gracilis','Globularia nudicaulis','Globularia punctata','Globularia repens','Globularia spinosa','Globularia valentina','Globularia vulgaris','Glossopappus','Glossopappus macrotus','Glyceria','Glyceria declinata','Glyceria fluitans','Glyceria plicata','Glycine','Glycine max','Glycyrrhiza','Glycyrrhiza foetida','Glycyrrhiza glabra','Gnaphalium','Gnaphalium luteo-album','Gomphocarpus','Gomphocarpus fruticosus','Goniophlebium','Goniophlebium subauriculatum','Goodyera','Goodyera repens','Gossypium','Gossypium herbaceum','Gratiola','Gratiola linifolia','Gratiola officinalis','Gratiola officinalis broterii','Gratiola officinalis officinalis','Grevillea','Grevillea robusta','Groenlandia','Groenlandia densa','Guillonea','Guillonea scabra','Guiraoa','Guizotia','Guizotia abyssinica','Gymnadenia','Gymnadenia conopsea','Gymnadenia odoratissima','Gymnocarpium','Gymnocarpium dryopteris','Gymnocarpium robertianum','Gymnostyles','Gymnostyles stolonifera','Gynandriris','Gynandriris sisyrinchium','Gypsophila','Gypsophila montserratii','Gypsophila muralis','Gypsophila pilosa','Gypsophila repens','Gypsophila struthium','Gypsophila tomentosa','Gyrocaryum','Gyrocaryum oppositifolium','Hainardia','Hainardia cylindrica','Hakea','Hakea acicularis','Hakea salicifolia','Hakea saligna','Halimione','Halimione portulacoides','Halimium','Halimium atriplicifolium atriplicifolium','Halimium atriplicifolium serpentinicola','Halimium commutatum','Halimium halimifolium halimifolium','Halimium halimifolium multiflorum','Halimium lasianthum','Halimium lasianthum lasianthum','Halimium ocymoides','Halimium umbellatum','Halimium viscosum','Halocnemum','Halocnemum strobilaceum','Halogeton','Halogeton sativus','Halopeplis','Halopeplis amplexicaulis','Hammada','Hammada scoparia','Haplophyllum','Haplophyllum linifolium','Haplophyllum linifolium linifolium','Haplophyllum linifolium rosmarinifolium','Hedera','Hedera helix','Hedera helix canariensis','Hedera helix helix','Hedypnois','Hedypnois arenaria','Hedypnois cretica','Hedysarum','Hedysarum coronarium','Hedysarum flexuosum','Hedysarum glomeratum','Hedysarum hedysaroides','Hedysarum hedysaroides hedysaroides','Hedysarum humile','Hedysarum spinosissimum','Helianthemum','Helianthemum aegyptiacum','Helianthemum almeriense','Helianthemum almeriense almerinse','Helianthemum almeriense scopolosum','Helianthemum alypoides','Helianthemum asperum','Helianthemum canum','Helianthemum canum canum','Helianthemum canum piloselloides','Helianthemum caput-felis','Helianthemum cinereum','Helianthemum glaucum','Helianthemum hirtum','Helianthemum lavandulifolium','Helianthemum ledifolium','Helianthemum leptophyllum','Helianthemum marifolium','Helianthemum marifolium cinerascens','Helianthemum marifolium dichroum','Helianthemum marifolium filabrense','Helianthemum marifolium marifolium','Helianthemum marifolium niveum','Helianthemum marifolium rubellum','Helianthemum marifolium tomentosum','Helianthemum nummularium','Helianthemum nummularium glabrum','Helianthemum nummularium grandiflorum','Helianthemum nummularium nummularium','Helianthemum nummularium obscurum','Helianthemum nummularium pyrenaicum','Helianthemum nummularium tommentosum','Helianthemum oelandicum','Helianthemum oelandicum alpestre','Helianthemum oelandicum italicum','Helianthemum origanifolium','Helianthemum origanifolium glabratum','Helianthemum origanifolium molle','Helianthemum origanifolium origanifolium','Helianthemum origanifolium serrae','Helianthemum pannosum','Helianthemum pannosum boissieri','Helianthemum pannosum frigidulum','Helianthemum pannosum pannosum','Helianthemum papillare','Helianthemum piliferum','Helianthemum pilosum','Helianthemum pilosum pilosum','Helianthemum rossmaessleri','Helianthemum rossmaessleri paui','Helianthemum rossmaessleri rossmaessleri','Helianthemum salicifolium','Helianthemum salicifolium intermedium','Helianthemum salicifolium salicifolium','Helianthemum sanguineum','Helianthemum sessiliflorum','Helianthemum squamatum','Helianthemum villosum','Helianthemum violaceum','Helianthemum virgatum','Helianthemum viscarium','Helianthemum viscidulum','Helianthemum viscidulum guadiccianum','Helianthemum viscidulum viscarioides','Helianthemum viscidulum viscidulum','Helianthus','Helianthus annuus','Helianthus tuberosus','Helichrysum ambiguum','Helichrysum boissieri','Helichrysum bracteatum','Helichrysum cespitosum','Helichrysum decumbens','Helichrysum foetidum','Helichrysum fontanesii','Helichrysum italicum','Helichrysum italicum italicum','Helichrysum italicum microphyllum','Helichrysum italicum serotinum','Helichrysum orbiculare','Helichrysum petiolare','Helichrysum rupestre','Helichrysum rupestre cambessedesii','Helichrysum rupestre rupestre','Helichrysum stoechas','Helichrysum stoechas stoechas','Helictotrichon','Helictotrichon cantabricum','Helictotrichon murcicum','Helictotrichon planifolium','Helictotrichon sarracenorum','Helictotrichon sedenense','Heliotropium','Heliotropium curassavicum','Heliotropium europaeum','Heliotropium supinum','Helleborus','Helleborus foetidus','Helleborus foetidus balearicus','Helleborus lividus','Helleborus lividus lividus','Helleborus viridis','Helleborus viridis occidentalis','Hemarthria','Hemarthria altissima','Hemerocallis','Hemerocallis fulva','Hepatica','Hepatica nobilis','Heracleum','Heracleum sphondylium','Heracleum sphondylium montanum','Heracleum sphondylium pyrenaicum','Heracleum sphondylium sphondylium','Herniaria','Herniaria baetica','Herniaria boissieri','Herniaria ciliolata','Herniaria fontanessi','Herniaria fontanessi almeriana','Herniaria fruticosa','Herniaria fruticosa erecta','Herniaria fruticosa fruticosa','Herniaria glabra','Herniaria hirsuta','Herniaria hirsuta cinerea','Herniaria hirsuta hirsuta','Herniaria incana','Herniaria latifolia','Herniaria murorum','Herniaria scabrida','Hertia','Hertia cherifolia','Hesperis','Hesperis laciniata','Hesperis laciniata laciniata','Hesperis matronalis','Hesperis matronalis candida','Hesperis matronalis matronalis','Heteranthemis','Heteranthemis viscidehirta','Heteropogon','Heteropogon contortus','Hibiscus','Hibiscus mutabilis','Hibiscus rosa-sinensis','Hibiscus trionum','Hieracium','Hieracium acuminatum','Hieracium gr. alatum','Hieracium gr. amplexicaule','Hieracium amplexicaule','Hieracium x anchusoides','Hieracium gr. aragonense','Hieracium aragonense','Hieracium aragonense alpinum','Hieracium aragonense aragonense','Hieracium gr. argillaceum','Hieracium argyrocomum','Hieracium atropictum','Hieracium gr. aymericianum','Hieracium gr. bourgaei','Hieracium bourgaei','Hieracium bowlesianum','Hieracium brachybrachion','Hieracium breviscapum','Hieracium gr. briziflorum','Hieracium briziflorum','Hieracium brumale','Hieracium gr. candidum','Hieracium candidum','Hieracium gr. cantalicum','Hieracium castellanum','Hieracium cavanillesianum','Hieracium gr. cerinthoides','Hieracium cerinthoides','Hieracium chamaepicris','Hieracium cinerascens','Hieracium coleoidiforme','Hieracium gr. colmeiroanum','Hieracium colmeiroanum','Hieracium comatulum','Hieracium gr. compositum','Hieracium conicum','Hieracium gr. cordatum','Hieracium cordatum','Hieracium gr. cordifolium','Hieracium cordifolium','Hieracium gr. crocatum','Hieracium dipsacifolium','Hieracium doronicoides','Hieracium dumosum','Hieracium gr. elisaeanum','Hieracium elisaeanum','Hieracium eriocerinthe','Hieracium gr. eriopogon','Hieracium eriopogon','Hieracium exaltatum','Hieracium exotericum','Hieracium flagellare','Hieracium flagellare flagellare','Hieracium flocculiferum','Hieracium gr. glaucinum','Hieracium glaucinum','Hieracium glaucocerinthe','Hieracium gr. glaucophyllum','Hieracium glaucophyllum','Hieracium gouanii','Hieracium gougetianum','Hieracium granatense','Hieracium gr. guadarramense','Hieracium guadarramense','Hieracium gymnocerinthe','Hieracium halimifolium','Hieracium hirsutum','Hieracium hispanicum','Hieracium gr. humile','Hieracium humile','Hieracium x hypeuryum','Hieracium gr.insuetum','Hieracium insuetum','Hieracium intonsum','Hieracium inuliflorum','Hieracium gr. inuloides','Hieracium gr. juranum','Hieracium lactucella','Hieracium lactucella lactucella','Hieracium lactucella magnauricula','Hieracium lactucella myriadenum','Hieracium lactucella nanum','Hieracium gr. laevigatum','Hieracium laevigatum','Hieracium gr. lamprophyllum','Hieracium lamprophyllum','Hieracium lanceolatum','Hieracium gr. laniferum','Hieracium laniferum','Hieracium lantoscanum','Hieracium gr. latifolium','Hieracium laurinum','Hieracium gr. lawsonii','Hieracium lawsonii','Hieracium loeflingianum','Hieracium gr. loscosianum','Hieracium loscosianum','Hieracium gr. maculatum','Hieracium gr. mixtiforme','Hieracium mixtiforme','Hieracium gr. mixtum','Hieracium mixtum','Hieracium mixtum bombycinum','Hieracium gr. murorum','Hieracium murorum','Hieracium myagrifolium','Hieracium neocerinthe','Hieracium gr. neopicris','Hieracium neopicris','Hieracium neorupicola','Hieracium niveum','Hieracium niveum niveum','Hieracium gr. nobile','Hieracium nobile','Hieracium olivaceum','Hieracium gr. onoscoides','Hieracium onosmoides','Hieracium gr. pallidiflorum','Hieracium pallidum','Hieracium gr. pardoanum','Hieracium pardoanum','Hieracium peleteranum','Hieracium peleteranum ligericum','Hieracium peleteranum peleteranum','Hieracium peleteranum subpeleteranum','Hieracium peleteranum tenuiscapum','Hieracium peleteranum vansoesti','Hieracium petraeum','Hieracium gr. phlomoides','Hieracium phlomoides','Hieracium gr. piliferum','Hieracium piliferum','Hieracium pilosella','Hieracium pilosella argentinum','Hieracium pilosella euroalpinum','Hieracium pilosella euronotum','Hieracium pilosella melanops','Hieracium pilosella micradenium','Hieracium pilosella minuticeps','Hieracium pilosella tricholepium','Hieracium pilosella trichoscapum','Hieracium pilosella trichosoma','Hieracium pilosella velutinum','Hieracium piloselliforme','Hieracium gr. pinicola','Hieracium pinicola','Hieracium praealtum','Hieracium praealtum anadenium','Hieracium praealtum bauhinii','Hieracium praealtum praealtum','Hieracium praecox','Hieracium gr. prenanthoides','Hieracium prenanthoides','Hieracium gr. pseudocerinthe','Hieracium pseudopilosella','Hieracium pseudopilosella albarracinum','Hieracium pseudopilosella plantaginoides','Hieracium pseudopilosella pseudopilosella','Hieracium pseudopilosella tenuicaule','Hieracium gr. purpurascens','Hieracium purpurascens','Hieracium ramondii','Hieracium gr. rapunculoides','Hieracium gr. rectum','Hieracium gr. rupricaprinum','Hieracium rupricaprinum','Hieracium gr. rupicola','Hieracium gr. sabaudum','Hieracium salvatorum','Hieracium gr. saxifragum','Hieracium gr. schmidtii','Hieracium schmidtii','Hieracium gr. solidagineum','Hieracium solidagineum','Hieracium gr. sonchoides','Hieracium sonchoides','Hieracium gr. souliei','Hieracium subluridum','Hieracium subpanduratum','Hieracium gr. subsericeum','Hieracium subsericeum','Hieracium tardans','Hieracium texedense','Hieracium tridentatifolium','Hieracium gr. turritifolium','Hieracium turritifolium','Hieracium umbellatum','Hieracium gr. umbrosum','Hieracium umbrosum','Hieracium vagum','Hieracium vahlii','Hieracium valentinum','Hieracium valirensi','Hieracium vayredanum','Hieracium gr. vellereum','Hieracium vellereum','Hieracium virgultorum','Hieracium gr. viride','Hieracium viride','Hieracium gr. viscosum','Hieracium viscosum','Hieracium vogesiacum','Hieracium gr. vulgatum','Himantoglossum','Himantoglossum hircinum','Himantoglossum hircinum hircinum','Hippocrepis','Hippocrepis balearica','Hippocrepis bourgaei','Hippocrepis ciliata','Hippocrepis commutata','Hippocrepis glauca','Hippocrepis multisiliquosa','Hippocrepis salzmannii','Hippocrepis scabra','Hippocrepis squamata','Hippocrepis squamata eriocarpa','Hippocrepis squamata squamata','Hippocrepis unisiliquosa','Hippocrepis unisiliquosa biflora','Hippocrepis unisiliquosa unisiliquosa','Hippocrepis valentina','Hippophaë','Hippuris','Hippuris vulgaris','Hirschfeldia','Hirschfeldia incana','Hispidella','Hispidella hispanica','Hohenackeria','Hohenackeria exscapa','Hohenackeria polyodon','Holcus','Holcus caespitosus','Holcus gayanus','Holcus grandiflorus','Holcus lanatus','Holcus mollis','Holcus mollis mollis','Holcus mollis reuteri','Holcus setiglumis','Holcus setiglumis setiglumis','Holosteum','Holosteum umbellatum','Holosteum umbellatum glutinosum','Holosteum umbellatum umbellatum','Homalocladium','Homalocladium platycladum','Homogyne','Homogyne alpina','Honkenya','Honkenya peploides','Hordelymus','Hordelymus europaeus','Hordeum','Hordeum bulbosum','Hordeum distichon','Hordeum hystrix','Hordeum marinum','Hordeum murinum','Hordeum murinum glaucum','Hordeum murinum leporinum','Hordeum murinum murinum','Hordeum secalinum','Hordeum vulgare','Hormatophylla','Hormatophylla cadevalliana','Hormatophylla cochleata','Hormatophylla lapeyrousiana','Hormatophylla lapeyrousiana angustifolia','Hormatophylla lapeyrousiana lapeyrousiana','Hormatophylla longicaulis','Hormatophylla purpurea','Hormatophylla reverchonii','Horminum','Horminum pyrenaicum','Hornungia','Hornungia aragonensis','Hornungia petraea','Howeia','Howeia fosterana','Hugueninia','Hugueninia tanacetifolia','Hugueninia tanacetifolia suffruticosa','Humulus','Humulus lupulus','Huperzia','Huperzia selago','Huperzia selago selago','Hutchinsia','Hutchinsia alpina','Hutchinsia alpina alpina','Hutchinsia alpina auerswaldii','Hutchinsia aragonensis','Hutera','Hutera cheiranthos','Hutera cheiranthos nevadensis','Hutera hispida','Hutera leptocarpa','Hutera longirostra','Hutera pseuderucastrum','Hutera rupestris','Hyacinthoides','Hyacinthoides hispanica','Hyacinthoides italica','Hyacinthoides non-scripta','Hyacinthoides reverchonii','Hydrangea','Hydrangea macrophylla','Hydrocharis','Hydrocharis morsus-ranae','Hydrocotyle','Hydrocotyle bonariensis','Hydrocotyle vulgaris','Hylocereus','Hylocereus triangularis','Hylocereus trigonus','Hylocereus undatus','Hymenolobus','Hymenolobus pauciflorus','Hymenolobus procumbens','Hymenophyllum','Hymenophyllum tunbrigense','Hymenostemma','Hymenostemma pseudanthemis','Hyoscyamus','Hyoscyamus albus','Hyoscyamus niger','Hyoseris','Hyoseris radiata','Hyoseris radiata radiata','Hyoseris scabra','Hyparrhenia','Hyparrhenia pubescens','Hypecoum','Hypecoum imberbe','Hypecoum pendulum','Hypecoum procumbens','Hypericum','Hypericum androsaemum','Hypericum australe','Hypericum balearicum','Hypericum calycinum','Hypericum caprifolium','Hypericum elodes','Hypericum ericoides','Hypericum hircinum','Hypericum hirsutum','Hypericum humifusum','Hypericum hyssopifolium','Hypericum hyssopifolium hyssopifolium','Hypericum linarifolium','Hypericum maculatum','Hypericum maculatum maculatum','Hypericum montanum','Hypericum nummularium','Hypericum perfoliatum','Hypericum perforatum','Hypericum pubescens','Hypericum pulchrum','Hypericum richeri','Hypericum richeri burseri','Hypericum tetrapterum','Hypericum tomentosum','Hypericum triquetrifolium','Hypericum undulatum','Hypochoeris','Hypochoeris achyrophorus','Hypochoeris glabra','Hypochoeris maculata','Hypochoeris radicata','Hypochoeris radicata platylepis','Hypochoeris radicata radicata','Hypochoeris rutea','Hyssopus','Hyssopus officinalis','Hyssopus officinalis aristatus','Hyssopus officinalis canescens','Hyssopus officinalis officinalis','Iberis','Iberis amara','Iberis amara amara','Iberis amara forestieri','Iberis aurosica','Iberis aurosica cantabrica','Iberis aperta','Iberis bernardiana','Iberis ciliata','Iberis crenata','Iberis fontqueri','Iberis gibraltarica','Iberis hegelmairei','Iberis intermedia','Iberis intermedia dunalii','Iberis intermedia intermedia','Iberis intermedia prostii','Iberis linifolia','Iberis linifolia linifolia','Iberis linifolia welwitschii','Iberis nazarita','Iberis odorata','Iberis panduriformis','Iberis pinnata','Iberis procumbens','Iberis procumbens procumbens','Iberis pruitii','Iberis pruitii embergueri','Iberis pruitii gastonis','Iberis pruitii granatensis','Iberis pruitii lagascana','Iberis pruitii petraea','Iberis pruitii pruitii','Iberis sampaiana','Iberis saxatilis','Iberis saxatilis cinerea','Iberis saxatilis saxatilis','Iberis semperflorens','Iberis sempervirens','Iberis spathulata','Iberis spathulata lereschiana','Iberis spathulata spathulata','Iberis umbellata','Ifloga','Ifloga spicata','Ilex','Ilex balearica','Illecebrum','Illecebrum verticillatum','Impatiens','Impatiens balfourii','Impatiens noli-tangere','Imperata','Imperata cylindrica','Inula','Inula britannica','Inula conyza','Inula crithmoides','Inula helenioides','Inula helenium','Inula helvetica','Inula hirta','Inula montana','Inula salicina','Inula salicina aspera','Inula salicina salicina','Inula sennenii','Ionopsidium','Ionopsidium abulense','Ionopsidium acaule','Ionopsidium prolongoi','Ipomea','Ipomea acuminata','Ipomea batatas','Ipomea purpurea','Ipomea sagittata','Ipomea stolonifera','Iris','Iris albicans','Iris boissieri','Iris filifolia','Iris foetidissima','Iris germanica','Iris graminea','Iris juncea','Iris latifolia','Iris lusitanica','Iris lutescens','Iris lutescens lutescens','Iris lutescens subbiflora','Iris pallida','Iris pallida pallida','Iris planifolia','Iris pseudacorus','Iris serotina','Iris spuria','Iris spuria maritima','Iris tingitana','Iris xiphium','Isatis','Isatis platiloba','Isatis tinctoria','Isoëtes','Isoëtes asturiense','Isoëtes boryana','Isoëtes brochonii','Isoëtes delilei','Isoëtes durieui','Isoëtes echinospora','Isoëtes hystrix','Isoëtes lacustris','Isoëtes longissima','Isoëtes tenuissima','Isoëtes velata','Isopyrum','Isopyrum thalictroides','Ixia','Ixia paniculata','Jacaranda','Jacaranda acutifolia','Jacaranda mimosifolia','Jasione','Jasione blepharodon','Jasione brevisepala','Jasione corymbosa','Jasione crispa','Jasione crispa amethystina','Jasione crispa cavanillesii','Jasione crispa centralis','Jasione crispa crispa','Jasione crispa mariana','Jasione crispa maritima','Jasione crispa sessiliflora','Jasione crispa tomentosa','Jasione foliosa','Jasione foliosa foliosa','Jasione foliosa minuta','Jasione laevis','Jasione laevis carpetana','Jasione laevis gredensis','Jasione laevis laevis','Jasione laevis rosularis','Jasione lusitanica','Jasione montana','Jasione montana echinata','Jasione montana montana','Jasione penicillata','Jasminum','Jasminum fruticans','Jasminum officinale','Jasonia','Jasonia glutinosa','Jasonia tuberosa','Jubaea','Jubaea chilensis','Juglans','Juglans nigra','Juncus acutifolius','Juncus acutus','Juncus acutus acutus','Juncus alpinus','Juncus alpinus alpinus','Juncus anceps','Juncus arcticus','Juncus articulatus','Juncus bufonius','Juncus bulbosus','Juncus capitatus','Juncus compressus','Juncus conglomeratus','Juncus effusus','Juncus emmanuelis','Juncus filiformis','Juncus foliosus','Juncus fontanesii','Juncus fontanesii fontanesii','Juncus fontanesii pyramidatus','Juncus gerardi','Juncus gerardi gerardi','Juncus gerardi montanus','Juncus heterophyllus','Juncus hybridus','Juncus inflexus','Juncus littoralis','Juncus maritimus','Juncus minutulus','Juncus pygmaeus','Juncus pyrenaeus','Juncus sphaerocarpus','Juncus squarrosus','Juncus striatus','Juncus subnodulosus','Juncus subulatus','Juncus tenageia','Juncus tenuis','Juncus tingitanus','Juncus trifidus','Juncus trifidus trifidus','Juncus triglumis','Juncus webbianus','Juniperus','Juniperus communis','Juniperus oxycedrus macrocarpa','Juniperus oxycedrus oxycedrus','Juniperus oxycedrus transtagana','Juniperus phoenicea lycia','Juniperus phoenicea phoenicea','Juniperus virginiana','Jurinea','Jurinea fontqueri','Jurinea humilis','Jurinea pinnata','Kalanchoë','Kalanchoë pinnata','Kalidium','Kalidium foliatum','Kernera','Kernera auriculata','Kernera boissieri','Kernera decipiens','Kernera saxatilis','Kickxia','Kickxia cirrhosa','Kickxia commutata','Kickxia commutata commutata','Kickxia elatine','Kickxia elatine crinita','Kickxia elatine elatine','Kickxia lanigera','Kickxia spuria','Kickxia spuria integrifolia','Kickxia spuria spuria','Kleinia','Kleinia ficoides','Knautia','Knautia arvensis','Knautia arvernensis','Knautia dipsacifolia','Knautia dipsacifolia dipsacifolia','Knautia integrifolia','Knautia nevadensis','Knautia purpurea','Knautia rupicola','Knautia salvadoris','Knautia subscaposa','Kobresia','Kobresia myosuroides','Kobresia simpliciuscula','Kochia','Kochia laniflora','Kochia prostrata','Kochia scoparia','Kochia sicorica','Koeleria','Koeleria caudata','Koeleria glauca','Koeleria macrantha','Koeleria pyramidata','Koeleria splendens','Koeleria vallesiana','Koeleria vallesiana vallesiana','Koelpinia','Koelpinia linearis','Koelreuteria','Koelreuteria paniculata','Kosteletzkya','Kosteletzkya pentacarpos','Krascheninnikovia','Krascheninnikovia ceratoides','Kundmannia','Kundmannia sicula','Laburnum','Laburnum anagyroides','Lactuca','Lactuca livida','Lactuca perennis','Lactuca perennis granatensis','Lactuca perennis perennis','Lactuca saligna','Lactuca sativa','Lactuca serriola','Lactuca singularis','Lactuca tenerrima','Lactuca viminea','Lactuca viminea chondrilliflora','Lactuca viminea ramosissima','Lactuca viminea viminea','Lactuca virosa','Lafuentea','Lafuentea rotundifolia','Lagenaria','Lagenaria siceraria','Lagerstroemia','Lagerstroemia indica','Lagoecia','Lagoecia cuminoides','Lagurus','Lagurus ovatus','Lamarckia','Lamarckia aurea','Lamiastrum','Lamiastrum galeobdolon','Lamiastrum galeobdolon galeobdolon','Lamiastrum galeobdolon montanum','Lamium','Lamium album','Lamium amplexicaule','Lamium amplexicaule amplexicaule','Lamium flexuosum','Lamium hybridum','Lamium maculatum','Lamium purpureum','Lampranthus','Lampranthus glaucus','Lantana','Lantana camara','Lapiedra','Lapiedra martinezii','Lappula','Lappula barbata','Lappula deflexa','Lappula marginata','Lappula squarrosa','Lappula squarrosa squarrosa','Lapsana','Lapsana communis','Lapsana communis communis','Lapsana communis intermedia','Larix decidua','Larix x eurolepis','Larix kaempferi','Laserpitium','Laserpitium eliasii','Laserpitium gallicum','Laserpitium latifolium','Laserpitium longiradium','Laserpitium nestleri','Laserpitium nestleri nestleri','Laserpitium nestleri turolensis','Laserpitium paradoxum','Laserpitium prutenicum','Laserpitium prutenicum dufourianum','Laserpitium prutenicum prutenicum','Laserpitium siler','Laserpitium siler siler','Lasiopogon','Lasiopogon muscoides','Lathraea','Lathraea clandestina','Lathraea squamaria','Lathyrus','Lathyrus amphicarpos','Lathyrus amphicarpos amphicarpos','Lathyrus amphicarpos tetrapterus','Lathyrus angulatus','Lathyrus annuus','Lathyrus aphaca','Lathyrus articulatus','Lathyrus bauhinii','Lathyrus cicera','Lathyrus cirrhosus','Lathyrus clymenum','Lathyrus filiformis','Lathyrus heterophyllus','Lathyrus hirsutus','Lathyrus inconspicuus','Lathyrus japonicus','Lathyrus laevigatus','Lathyrus laevigatus occidentalis','Lathyrus latifolius','Lathyrus montanus','Lathyrus niger','Lathyrus niger niger','Lathyrus nissolia','Lathyrus ochrus','Lathyrus palustris','Lathyrus palustris nudicaulis','Lathyrus palustris palustris','Lathyrus pannonicus','Lathyrus pannonicus hispanicus','Lathyrus pratensis','Lathyrus sativus','Lathyrus saxatilis','Lathyrus setifolius','Lathyrus sphaericus','Lathyrus sylvestris','Lathyrus sylvestris pyrenaicum','Lathyrus sylvestris sylvestris','Lathyrus tingitanus','Lathyrus tremolsianus','Lathyrus tuberosus','Lathyrus vernus','Lathyrus vivantii','Launaea cervicornis','Launaea mucronata','Launaea nudicaulis','Launaea pumila','Launaea resedifolia','Laurentia','Laurentia gasparrinii','Laurentia tenella','Laurocerasus','Laurocerasus lusitanica','Laurocerasus lusitanica lusitanica','Laurocerasus officinalis','Laurus','Lavandula','Lavandula angustifolia angustifolia','Lavandula angustifolia pyrenaica','Lavandula multifida','Lavandula stoechas luisieri','Lavandula stoechas pedunculata','Lavandula stoechas sampaiana','Lavandula stoechas stoechas','Lavandula viridis','Lavatera','Lavatera arborea','Lavatera cretica','Lavatera maritima','Lavatera mauritanica','Lavatera oblongifolia','Lavatera olbia','Lavatera punctata','Lavatera triloba','Lavatera triloba pallescens','Lavatera triloba triloba','Lavatera trimestris','Leersia','Leersia oryzoides','Legousia','Legousia castellana','Legousia falcata','Legousia hybrida','Legousia pentagonia','Legousia speculum-veneris','Lemna','Lemna gibba','Lemna minor','Lemna perpusilla','Lemna trisulca','Lemna valdiviana','Lens','Lens culinaris','Lens ervoides','Lens nigricans','Leonotis','Leonotis leonurus','Leontodon','Leontodon autumnalis','Leontodon autumnalis autumnalis','Leontodon boryi','Leontodon carpetanus','Leontodon carpetanus carpetanus','Leontodon carpetanus nevadensis','Leontodon crispus','Leontodon crispus bourgaeanus','Leontodon crispus crispus','Leontodon duboisii','Leontodon farinosus','Leontodon hispidulus','Leontodon hispidus','Leontodon hispidus hispidus','Leontodon maroccanus','Leontodon merinoi','Leontodon microcephalus','Leontodon montanus','Leontodon montanus montanus','Leontodon pyrenaicus','Leontodon pyrenaicus cantabricus','Leontodon pyrenaicus pyrenaicus','Leontodon salzmannii','Leontodon taraxacoides','Leontodon taraxacoides longirostris','Leontodon taraxacoides taraxacoides','Leontodon tuberosus','Leontopodium','Leontopodium alpinum','Leontopodium alpinum alpinum','Leonurus','Leonurus cardiaca','Lepidium','Lepidium calycotricum','Lepidium calycotricum anticarium','Lepidium calycotricum calycotrichum','Lepidium campestre','Lepidium cardamines','Lepidium graminifolium','Lepidium graminifolium graminifolium','Lepidium graminifolium suffruticosum','Lepidium heterophyllum','Lepidium hirtum','Lepidium hirtum hirtum','Lepidium hirtum petrophilum','Lepidium hirtum stylatum','Lepidium latifolium','Lepidium perfoliatum','Lepidium ramburei','Lepidium ruderale','Lepidium sativum','Lepidium spinosum','Lepidium subulatum','Lepidium villarsii','Lepidium villarsii reverchonii','Lepidium virginicum','Lepidophorum','Lepidophorum repandum','Leucanthemopsis','Leucanthemopsis alpina','Leucanthemopsis alpina alpina','Leucanthemopsis alpina cuneata','Leucanthemopsis flaveola','Leucanthemopsis pallida','Leucanthemopsis pallida pallida','Leucanthemopsis pallida spathulifolia','Leucanthemopsis pallida virescens','Leucanthemopsis pectinata','Leucanthemopsis pulverulenta','Leucanthemopsis pulverulenta pseudopulverulenta','Leucanthemopsis pulverulenta pulverulenta','Leucanthemopsis radicans','Leucanthemum','Leucanthemum arundanum','Leucanthemum crassifolium','Leucanthemum delarbrei','Leucanthemum gracilicaule','Leucanthemum leucolepis','Leucanthemum maximum','Leucanthemum pallens','Leucanthemum paludosum','Leucanthemum pluriflorum','Leucanthemum praecox','Leucanthemum subglaucum','Leucanthemum sylvaticum','Leucanthemum vulgare','Leucojum','Leucojum aestivum','Leucojum aestivum aestivum','Leucojum aestivum pulchellum','Leucojum autumnale','Leucojum trichophyllum','Leucojum valentinum','Leucojum vernum','Leuzea','Leuzea centauroides','Leuzea conifera','Leuzea rhaponticoides','Levisticum','Levisticum officinale','Leycesteria','Leycesteria formosa','Leymus','Leymus arenarius','Leysera','Leysera leyseroides','Ligusticum','Ligusticum lucidum','Ligusticum lucidum huteri','Ligusticum lucidum lucidum','Ligustrum','Ligustrum lucidum','Ligustrum ovalifolium','Lilium','Lilium bulbiferum','Lilium martagon','Lilium pomponium','Lilium pyrenaicum','Limodorum','Limodorum abortivum','Limoniastrum','Limonium album','Limonium angustibractea','Limonium antonii-llorensii','Limonium aragonense','Limonium arenosum','Limonium auriculae-ursifolium','Limonium auriculae-ursifolium auriculae-ursifolium','Limonium bellidifolium','Limonium biflorum','Limonium binervosum','Limonium bonduellei','Limonium brassicifolium','Limonium caesium','Limonium calaminare','Limonium caprariense','Limonium caprariense caprariense','Limonium caprariense multiflorum','Limonium carthaginense','Limonium castellonense','Limonium catalaunicum','Limonium catalaunicum catalaunicum','Limonium cavanillesii','Limonium coincyi','Limonium cossonianum','Limonium costae','Limonium cymulliferum','Limonium delicatulum','Limonium delicatulum delicatulum','Limonium delicatulum tournefortii','Limonium delicatulum valentium','Limonium densissimum','Limonium dichotomum','Limonium diffusum','Limonium dufourei','Limonium duriusculum','Limonium echioides','Limonium emarginatum','Limonium emporitanum','Limonium erectum','Limonium estevei','Limonium eugeniae','Limonium ferulaceum','Limonium formenterae','Limonium furfuraceum','Limonium geronense','Limonium gibertii','Limonium girardianum','Limonium gougetianum','Limonium graecum','Limonium graecum divaricatum','Limonium grosii','Limonium humile','Limonium inarimense','Limonium inarimense ebusitanum','Limonium insigne carthaginiense','Limonium insigne insigne','Limonium latibracteatum','Limonium lucentinum','Limonium magallufianum','Limonium majoricum','Limonium majus','Limonium malacitanum','Limonium marisolii','Limonium minutiflorum','Limonium minutiflorum balearicum','Limonium neo-castellonense','Limonium oleifolium','Limonium oleifolium oleifolium','Limonium oleifolium pseudodictyocladum','Limonium ovalifolium','Limonium parvibracteatum','Limonium ramosissimum','Limonium ramosissimum confusum','Limonium ramosissimum provinciale','Limonium retusum','Limonium revolutum','Limonium ruizii','Limonium salmonis','Limonium salsuginosum','Limonium sinuatum','Limonium subglabrum','Limonium supinum','Limonium tabernense','Limonium thiniense','Limonium thouinii','Limonium tremolsii','Limonium viciosi','Limonium vulgare','Limonium vulgare serotinum','Limosella','Limosella aquatica','Linaria','Linaria aeruginea','Linaria aeruginea aeruginea','Linaria aeruginea pruinosa','Linaria algarviana','Linaria alpina','Linaria amethystea','Linaria amethystea amethystea','Linaria amethystea multipunctata','Linaria amoi','Linaria angustissima','Linaria anticaria','Linaria arenaria','Linaria arvensis','Linaria badalii','Linaria benitoi','Linaria bipunctata','Linaria caesia','Linaria caesia caesia','Linaria caesia decumbens','Linaria cavanillesii','Linaria chalepensis','Linaria clementei','Linaria cretacea','Linaria depauperata','Linaria diffusa','Linaria elegans','Linaria faucicola','Linaria filicaulis','Linaria glacilis','Linaria glauca','Linaria glauca aragonensis','Linaria glauca bubanii','Linaria glauca glauca','Linaria glauca olcadium','Linaria hirta','Linaria huteri','Linaria incarnata','Linaria intricata','Linaria lamarckii','Linaria larifolia','Linaria lilacina','Linaria micrantha','Linaria munbyana','Linaria nevadensis','Linaria nigricans','Linaria nivea','Linaria oblongifolia','Linaria oblongifolia haenseleri','Linaria oblongifolia oblongifolia','Linaria oligantha','Linaria pedunculata','Linaria pelisseriana','Linaria platycalyx','Linaria propinqua','Linaria repens','Linaria reverchonii','Linaria rossmaessleri','Linaria salzmannii','Linaria saturejoides','Linaria saturejoides angustealata','Linaria saturejoides saturejoides','Linaria saxatilis','Linaria x sepium','Linaria simplex','Linaria spartea','Linaria supina','Linaria thursica','Linaria thymifolia','Linaria triornithophora','Linaria triphylla','Linaria tristis','Linaria verticillata','Linaria viscosa','Linaria vulgaris','Lindernia','Lindernia dubia','Lindernia procumbens','Linum','Linum austriacum','Linum austriacum austriacum','Linum austriacum collicum','Linum bienne','Linum campanulatum','Linum catharticum','Linum maritimum','Linum narbonense','Linum ortegae','Linum perenne','Linum perenne alpinum','Linum perenne perenne','Linum setaceum','Linum strictum','Linum strictum corymbulosum','Linum strictum strictum','Linum suffruticosum','Linum suffruticosum salsoloides','Linum suffruticosum suffruticosum','Linum tenue','Linum tenuifolium','Linum trigynum','Linum usitatissimum','Linum viscosum','Lippia','Lippia canescens','Lippia nodiflora','Lippia triphylla','Liriodendron','Liriodendron tulipifera','Listera','Listera cordata','Listera ovata','Lithodora','Lithodora diffusa','Lithodora diffusa diffusa','Lithodora diffusa lusitanica','Lithodora fruticosa','Lithodora nitida','Lithodora oleifolia','Lithospermum','Lithospermum officinale','Littorella','Littorella uniflora','Livistona','Livistona australis','Lobelia','Lobelia urens','Lobularia','Lobularia libyca','Lobularia maritima','Loeflingia','Loeflingia baetica','Loeflingia hispanica','Loeflingia pentandra','Loeflingia tavaresiana','Logfia','Logfia arvensis','Logfia clementei','Logfia gallica','Logfia minima','Loiseleuria','Loiseleuria procumbens','Lolium','Lolium multiflorun','Lolium perenne','Lolium remotum','Lolium rigidum','Lolium rigidum rigidum','Lolium temulentum','Lonicera','Lonicera alpigena','Lonicera alpigena alpigena','Lonicera arborea','Lonicera biflora','Lonicera caerulea','Lonicera caerulea caerulea','Lonicera caprifolium','Lonicera etrusca','Lonicera implexa','Lonicera japonica','Lonicera nigra','Lonicera periclymenum','Lonicera periclymenum hispanica','Lonicera periclymenum periclymenum','Lonicera pyrenaica','Lonicera pyrenaica majoricensis','Lonicera pyrenaica pyrenaica','Lonicera splendida','Lonicera tatarica','Lonicera xylosteum','Lophochloa','Lophochloa cristata','Lophochloa pubescens','Lophochloa pumila','Lophochloa salzmannii','Lotononis','Lotononis lupinifolia','Lotus','Lotus alpinus','Lotus angustissimus','Lotus angustissimus angustissimus','Lotus angustissimus suaveolens','Lotus arenarius','Lotus collinus','Lotus conimbricensis','Lotus corniculatus','Lotus creticus','Lotus cytisoides','Lotus delortii','Lotus edulis','Lotus glareosus','Lotus glareosus glacialis','Lotus glareosus glareosus','Lotus glareosus villosus','Lotus granadensis','Lotus halophilus','Lotus longesiliquosus','Lotus ornithopodioides','Lotus parviflorus','Lotus pedunculatus','Lotus preslii','Lotus subbiflorus','Lotus subbiflorus castellanus','Lotus subbiflorus subbiflorus','Lotus tenuis','Lotus tetraphyllus','Lotus uliginosus','Ludwigia','Ludwigia palustris','Ludwigia uruguayensis','Luffa','Luffa cylindrica','Lunaria','Lunaria annua','Lunaria annua annua','Lunaria rediviva','Lupinus','Lupinus albus','Lupinus albus albus','Lupinus angustifolius','Lupinus angustifolius angustifolius','Lupinus angustifolius reticulatus','Lupinus hispanicus','Lupinus luteus','Lupinus micranthus','Lupinus polyphyllus','Lupinus varius','Lupinus varius orientalis','Lupinus varius varius','Luronium','Luronium natans','Luzula','Luzula alpinopilosa','Luzula alpinopilosa alpinopilosa','Luzula alpinopilosa candollei','Luzula caespitosa','Luzula campestris','Luzula desvauxii','Luzula forsteri','Luzula hispanica','Luzula lactea','Luzula lutea','Luzula luzulina','Luzula luzuloides','Luzula luzuloides cuprina','Luzula luzuloides luzuloides','Luzula multiflora','Luzula multiflora congesta','Luzula multiflora multiflora','Luzula nivea','Luzula nutans','Luzula pilosa','Luzula x somedana','Luzula sudetica','Luzula sylvatica','Luzula sylvatica henriquesii','Luzula sylvatica sylvatica','Lychnis','Lychnis alpina','Lychnis coronaria','Lychnis flos-cuculi','Lychnis flos-cuculi flos-cuculi','Lychnis viscaria','Lychnis viscaria viscaria','Lycium afrum','Lycium barbarum','Lycium europaeum','Lycocarpus','Lycocarpus fugax','Lycopersicon','Lycopersicon esculentum','Lycopodium','Lycopodium alpinum','Lycopodium annotinum','Lycopodium cernuum','Lycopodium clavatum','Lycopodium complanatum','Lycopodium inundatum','Lycopodium selago','Lycopus','Lycopus europaeus','Lygeum','Lysimachia','Lysimachia ephemerum','Lysimachia minoricensis','Lysimachia nemorum','Lysimachia nummularia','Lysimachia vulgaris','Lythrum','Lythrum acutangulum','Lythrum borysthenicum','Lythrum borysthenicum borysthenicum','Lythrum borysthenicum hispidulum','Lythrum castellanum','Lythrum flexuosum','Lythrum hyssopifolia','Lythrum junceum','Lythrum portula','Lythrum salicaria','Lythrum thymifolia','Lythrum tribracteatum','Maclura','Maclura pomifera','Magnolia','Magnolia grandiflora','Magydaris','Magydaris panacifolia','Magydaris panacifolia femeniensii','Magydaris panacifolia panacifolia','Mahonia','Mahonia aquifolium','Maianthemum','Maianthemum bifolium','Malachium','Malachium calycinum','Malcolmia','Malcolmia africana','Malcolmia lacera','Malcolmia littorea','Malcolmia maritima','Malcolmia ramosissima','Malope','Malope malacoides','Malope multiflora','Malope trifida','Malus','Malus dasyphylla','Malus domestica','Malva','Malva aegyptia','Malva alcea','Malva alcea alcea','Malva alcea fastigiata','Malva cretica','Malva cretica althaeoides','Malva hispanica','Malva moschata','Malva neglecta','Malva nicaeensis','Malva parviflora','Malva pusilla','Malva stipulacea','Malva sylvestris','Malva tournefortiana','Malvella','Malvella sherardiana','Mandragora','Mandragora autumnalis','Mantisalca','Mantisalca salmantica','Maresia','Maresia nana','Marrubium','Marrubium alysson','Marrubium incanum','Marrubium supinum','Marrubium vulgare','Marsilea','Marsilea aegyptiaca','Marsilea quadrifolia','Marsilea strigosa','Matricaria','Matricaria maritima','Matricaria maritima maritima','Matricaria matricarioides','Matricaria perforata','Matthiola','Matthiola fruticulosa','Matthiola fruticulosa fruticulosa','Matthiola fruticulosa perennis','Matthiola fruticulosa valesiaca','Matthiola incana','Matthiola incana incana','Matthiola lunta','Matthiola parviflora','Matthiola sinuata','Matthiola tricuspidata','Maytenus','Meconopsis','Meconopsis cambrica','Medicago','Medicago aculeata','Medicago arabica','Medicago arborea','Medicago arborea arborea','Medicago arborea citrina','Medicago ciliaris','Medicago coronata','Medicago disciformis','Medicago granadensis','Medicago intertexta','Medicago laciniata','Medicago laciniata laciniata','Medicago littoralis','Medicago littoralis cylindracea','Medicago littoralis littoralis','Medicago littoralis tricycla','Medicago lupulina','Medicago marina','Medicago minima','Medicago minima minima','Medicago minima recta','Medicago murex','Medicago murex murex','Medicago murex rodriguezii','Medicago orbicularis','Medicago orbicularis castellana','Medicago orbicularis orbicularis','Medicago polymorpha','Medicago praecox','Medicago rigidula','Medicago rugosa','Medicago sativa','Medicago sativa falcata','Medicago sativa glomerata','Medicago sativa sativa','Medicago scutellata','Medicago secundiflora','Medicago suffruticosa','Medicago suffruticosa leiocarpa','Medicago suffruticosa segobricensis','Medicago suffruticosa suffruticosa','Medicago tenoreana','Medicago tornata','Medicago truncatula','Medicago turbinata','Melampyrum','Melampyrum arvense','Melampyrum catalaunicum','Melampyrum cristatum','Melampyrum pratense','Melampyrum sylvaticum','Melandrium','Melandrium glutinosum','Melia','Melia azedarach','Melica','Melica bauhinii','Melica ciliata','Melica ciliata ciliata','Melica ciliata magnolii','Melica cupanii','Melica minuta','Melica nutans','Melica uniflora','Melilotus','Melilotus alba','Melilotus altissima','Melilotus elegans','Melilotus indica','Melilotus infesta','Melilotus italica','Melilotus messanensis','Melilotus neapolitana','Melilotus officinalis','Melilotus segetalis','Melilotus sulcata','Melissa','Melissa officinalis','Melissa officinalis altissima','Melissa officinalis officinalis','Melittis','Melittis melissophyllum','Melittis melissophyllum melissophyllum','Mentha','Mentha aquatica','Mentha arvensis','Mentha cervina','Mentha x dumetorum','Mentha x gentilis','Mentha longifolia','Mentha x piperita','Mentha x piperita nm. citrata','Mentha pulegium','Mentha rotundifolia','Mentha spicata','Mentha suaveolens','Mentha x verticillata','Mentha x villosa','Mentha x villosa nm. alopecuroides','Menyanthes','Menyanthes trifoliata','Mercurialis','Mercurialis annua','Mercurialis elliptica','Mercurialis perennis','Mercurialis reverchonii','Mercurialis tomentosa','Merendera','Merendera androcymbioides','Merendera filifolia','Merendera pyrenaica','Mesembryanthemum','Mesembryanthemum crystallinum','Mesembryanthemum nodiflorum','Mespilus','Mespilus germanica','Meum','Meum athamanticum','Mibora','Mibora minima','Microcnemum','Microcnemum coralloides','Microcnemum coralloides coralloides','Micromeria','Micromeria filiformis','Micromeria fruticosa','Micromeria fruticosa fruticosa','Micromeria graeca','Micromeria graeca graeca','Micromeria inodora','Micromeria microphylla','Micromeria nervosa','Micropus','Micropus supinus','Micropyrum','Micropyrum patens','Micropyrum tenellum','Milium','Milium effusum','Milium scabrum','Milium vernale','Milium vernale montianum','Milium vernale vernale','Minuartia','Minuartia campestris','Minuartia cerastiifolia','Minuartia dichotoma','Minuartia funkii','Minuartia geniculata','Minuartia hamata','Minuartia hybrida','Minuartia hybrida hybrida','Minuartia hybrida mediterranea','Minuartia laricifolia','Minuartia laricifolia laricifolia','Minuartia montana','Minuartia mutabilis','Minuartia recurva','Minuartia recurva recurva','Minuartia rubra','Minuartia sedoides','Minuartia verna','Minuartia verna valentina','Minuartia verna verna','Minuartia villarii','Mirabilis','Mirabilis jalapa','Misopates','Misopates calycinum','Misopates oronthium','Modiola','Modiola caroliniana','Moehringia','Moehringia ciliata','Moehringia fontqueri','Moehringia intricata','Moehringia muscosa','Moehringia pentandra','Moehringia tejedensis','Moehringia trinervia','Moenchia','Moenchia erecta','Moenchia erecta erecta','Moenchia erecta octandra','Molineriella','Molineriella laevis','Molineriella minuta','Molinia','Molinia caerulea','Molinia caerulea arundianacea','Molinia caerulea caerulea','Mollugo','Mollugo cerviana','Mollugo verticillata','Molopospermum','Molopospermum peloponnesiacum','Moluccella','Moluccella spinosa','Moneses','Moneses uniflora','Monotropa','Monotropa hypophegea','Monotropa hypopitys','Monstera','Monstera deliciosa','Montia','Montia fontana','Montia fontana amporitana','Montia fontana chondrosperma','Montia fontana fontana','Montia fontana variabilis','Montia perfoliata','Moricandia','Morus','Morus alba','Morus nigra','Mucizonia','Mucizonia hispida','Mucizonia lagascae','Mucizonia sedoides','Muehlenbeckia','Muehlenbeckia sagittifolia','Murbeckiella','Murbeckiella boryi','Murbeckiella pinnatifida','Musa','Musa cavendishii','Muscari','Muscari botryoides','Muscari comosum','Muscari neglectum','Muscari parviflorum','Myagrum','Myagrum perfoliatum','Mycelis','Mycelis muralis','Myoporum','Myoporum tenuifolium','Myosotis','Myosotis alpestris','Myosotis alpina','Myosotis arvensis','Myosotis arvensis arvensis','Myosotis arvensis umbrata','Myosotis balbisiana','Myosotis debilis','Myosotis decumbens','Myosotis decumbens teresiana','Myosotis discolor','Myosotis discolor discolor','Myosotis lamottiana','Myosotis latifolia','Myosotis laxa','Myosotis laxa caespitosa','Myosotis minutiflora','Myosotis nemorosa','Myosotis persoonii','Myosotis ramosissima','Myosotis ramosissima ramosissima','Myosotis refracta','Myosotis refracta refracta','Myosotis secunda','Myosotis sicula','Myosotis scorpioides','Myosotis stolonifera','Myosotis stricta','Myosotis sylvatica','Myosotis sylvatica sylvatica','Myosoton','Myosoton aquaticum','Myosoton aquaticum aquaticum','Myosoton aquaticum calycinum','Myosurus','Myosurus minimus','Myrica','Myrica gale','Myricaria','Myricaria germanica','Myriophyllum','Myriophyllum alterniflorum','Myriophyllum spicatum','Myriophyllum verticillatum','Myrrhis','Myrrhis odorata','Myrrhoides','Myrrhoides nodosa','Myrtus','Myrtus communis communis','Myrtus communis tarentina','Najas','Najas marina','Najas minor','Narcissus','Narcissus assoanus','Narcissus asturiensis','Narcissus baeticus','Narcissus bicolor','Narcissus bulbocodium','Narcissus bulbocodium bulbocodium','Narcissus bulbocodium citrinus','Narcissus bulbocodium obesus','Narcissus calcicarpetanus','Narcissus cantabricus','Narcissus cordubensis','Narcissus cuatrecasasii','Narcissus cyclamineus','Narcissus dubius','Narcissus elegans','Narcissus eugeniae','Narcissus fernandesii','Narcissus gaditanus','Narcissus hedraeanthus','Narcissus humilis','Narcissus x incomparabilis','Narcissus x intermedius','Narcissus jacetanus','Narcissus jonquilla','Narcissus lagoi','Narcissus longispathus','Narcissus marianicus','Narcissus x medioluteus','Narcissus minor','Narcissus muñozii-garmendiae','Narcissus x odorus','Narcissus papyraceus','Narcissus papyraceus panizzianus','Narcissus papyraceus papyraceus','Narcissus papyraceus polyanthus','Narcissus poeticus','Narcissus poeticus poeticus','Narcissus pseudonarcissus','Narcissus pseudonarcissus major','Narcissus pseudonarcissus moschatus','Narcissus pseudonarcissus nevadensis','Narcissus pseudonarcissus nobilis','Narcissus pseudonarcissus pallidiflorus','Narcissus pseudonarcissus portensis','Narcissus pseudonarcissus pseudonarcissus','Narcissus requienii','Narcissus rupicola','Narcissus serotinus','Narcissus x stenanthus','Narcissus tazetta','Narcissus tazetta tazetta','Narcissus tortifolius','Narcissus triandrus','Narcissus triandrus pallidulus','Narcissus triandrus triandrus','Narcissus viridiflorus','Narcissus willkommii','Narduroides','Narduroides salzmannii','Nardus','Narthecium','Narthecium ossifragum','Nasturtium','Nasturtium microphyllum','Nasturtium officinale','Naufraga','Naufraga balearica','Neatostema','Neatostema apulum','Neotinea','Neotinea maculata','Neottia','Neottia nidus-avis','Nepeta','Nepeta amethystina','Nepeta amethystina amethystina','Nepeta amethystina microglandulosa','Nepeta apuleii','Nepeta beltranii','Nepeta boissieri','Nepeta cantabrica','Nepeta cataria','Nepeta granatensis','Nepeta hispanica','Nepeta latifolia','Nepeta latifolia latifolia','Nepeta latifolia oscensis','Nepeta mallophora','Nepeta multibracteata','Nepeta nepetella','Nepeta nuda','Nepeta nuda nuda','Nepeta numantina','Nepeta tuberosa','Nepeta tuberosa gienensis','Nepeta tuberosa reticulata','Nepeta tuberosa tuberosa','Nepeta ucranica','Nepeta ucranica braun-blanquetii','Nephrolepis','Nephrolepis cordifolia','Nephrolepis exaltata','Nerium','Neslia','Neslia paniculata','Neslia paniculata paniculata','Neslia paniculata thracica','Nicotiana','Nicotiana rustica','Nicotiana tabacum','Nigella','Nigella arvensis','Nigella arvensis arvensis','Nigella damascena','Nigella gallica','Nigella hispanica','Nigella hispanica atlantica','Nigella hispanica hispanica','Nigritella','Nigritella nigra','Nigritella nigra nigra','Noaea','Noaea mucronata','Nolletia','Nolletia chrysocomoides','Nonea','Nonea micrantha','Nonea micrantha bourgaei','Nonea micrantha micrantha','Nonea ventricosa','Nonea vesicaria','Nothoscordum','Nothoscordum inodorum','Notobasis','Notobasis syriaca','Notoceras','Notoceras bicorne','Nuphar','Nuphar lutea','Nymphaea','Nymphaea alba','Nymphaea candida','Nymphoides','Nymphoides peltata','Ocinum','Ocinum basilicum','Odontites','Odontites asturicus','Odontites eliassennenii','Odontites granatensis','Odontites jaubertiana','Odontites kaliformis','Odontites lanceolata','Odontites lanceolata lanceolata','Odontites lanceolata olotensis','Odontites longiflora','Odontites lutea','Odontites purpurea','Odontites pyrenaea','Odontites pyrenaea abiliana','Odontites pyrenaea pyrenaea','Odontites tenuifolia','Odontites verna','Odontites verna serotina','Odontites verna verna','Odontites viscosa','Odontites viscosa hispanica','Odontites viscosa viscosa','Oenanthe','Oenanthe aquatica','Oenanthe crocata','Oenanthe fistulosa','Oenanthe globulosa','Oenanthe globulosa globulosa','Oenanthe globulosa kunzei','Oenanthe lachenalii','Oenanthe peucedanifolia','Oenanthe pimpinelloides','Oenanthe silaifolia','Oenothera','Oenothera biennis','Oenothera erythrosepala','Oenothera longiflora','Oenothera parviflora','Oenothera rosea','Oenothera stricta','Olea','Omalotheca','Omalotheca norvegica','Omalotheca supina','Omalotheca sylvatica','Omphalodes','Omphalodes brassicifolia','Omphalodes commutata','Omphalodes gallaecica','Omphalodes kuzinskyanae','Omphalodes linifolia','Omphalodes nitida','Omphalodes pavoniana','Onobrychis','Onobrychis aequidentata','Onobrychis argentea','Onobrychis argentea argentea','Onobrychis argentea hispanica','Onobrychis caput-galli','Onobrychis peduncularis','Onobrychis peduncularis matritensis','Onobrychis peduncularis peduncularis','Onobrychis pyrenaica','Onobrychis reuteri','Onobrychis saxatilis','Onobrychis stenorhiza','Onobrychis supina','Onobrychis viciifolia','Ononis','Ononis alopecuroides','Ononis aragonensis','Ononis baetica','Ononis biflora','Ononis cephalotes','Ononis cintrana','Ononis cossoniana','Ononis crispa','Ononis cristata','Ononis crotalarioides','Ononis dentata','Ononis diffusa','Ononis euphrasiifolia','Ononis filicaulis','Ononis hirta','Ononis laxiflora','Ononis leucotricha','Ononis minutissima','Ononis mitissima','Ononis natrix','Ononis natrix hispanica','Ononis ornithopodioides','Ononis pendula','Ononis pinnata','Ononis pubescens','Ononis pusilla','Ononis reclinata','Ononis repens','Ononis reuteri','Ononis rotundifolia','Ononis rotundifolia latifolia','Ononis rotundifolia rotundifolia','Ononis saxicola','Ononis sicula','Ononis spinosa','Ononis spinosa antiquorum','Ononis spinosa spinosa','Ononis striata','Ononis subspicata','Ononis tournefortii','Ononis variegata','Ononis viscosa','Ononis viscosa brachycarpa','Ononis viscosa breviflora','Ononis viscosa foetida','Ononis viscosa subcordata','Ononis viscosa viscosa','Onopordum','Onopordum acaulon','Onopordum acaulon acaulon','Onopordum acaulon pyrenaicum','Onopordum acaulon uniflorum','Onopordum acanthium','Onopordum acanthium acanthium','Onopordum acanthium gautieri','Onopordum x bilbilitanum','Onopordum corymbosum','Onopordum corymbosum corymbosum','Onopordum glomeratum','Onopordum humile','Onopordum illyricum','Onopordum illyricum illyricum','Onopordum macracanthum','Onopordum nervosum','Onosma','Onosma bubanii','Onosma fastigiata','Onosma fastigiata catalaunica','Onosma fastigiata fastigiata','Onosma tricerosperma','Onosma tricerosperma granatensis','Onosma tricerosperma hispanica','Onosma tricerosperma tricerosperma','Ophioglossum','Ophioglossum azoricum','Ophioglossum lusitanicum','Ophioglossum vulgatum','Ophrys','Ophrys apifera','Ophrys apifera apifera','Ophrys apifera jurana','Ophrys arachnitiformis','Ophrys bertolonii','Ophrys x bertoloniiformis','Ophrys bombyliflora','Ophrys fuciflora','Ophrys fuciflora fuciflora','Ophrys fusca','Ophrys fusca durieui','Ophrys fusca fusca','Ophrys fusca omegaifera','Ophrys garganica','Ophrys insectifera','Ophrys lutea','Ophrys lutea lutea','Ophrys lutea murbeckii','Ophrys scolopax','Ophrys scolopax scolopax','Ophrys speculum','Ophrys speculum speculum','Ophrys sphegodes','Ophrys sphegodes atrata','Ophrys sphegodes litigiosa','Ophrys sphegodes sphegodes','Ophrys tenthredinifera','Oplismenus','Oplismenus undulatifolius','Opopanax','Opopanax chironium','Opuntia cylindrica','Opuntia dillenii','Opuntia erinacea','Opuntia ficus-indica','Opuntia subulata','Opuntia tomentosa','Opuntia tuna','Opuntia vulgaris','x Orchi-Aceras (Aceras x Orchis)','x Orchi-Aceras (Aceras x Orchis) macra','Orchis','Orchis coriophora','Orchis coriophora coriophora','Orchis coriophora fragans','Orchis coriophora martrinii','Orchis italica','Orchis lactea','Orchis laxiflora','Orchis laxiflora laxiflora','Orchis laxiflora palustris','Orchis longicornu','Orchis mascula','Orchis mascula hispanica','Orchis mascula mascula','Orchis mascula olbiensis','Orchis mascula signifera','Orchis militaris','Orchis morio','Orchis morio champagneuxii','Orchis morio morio','Orchis morio picta','Orchis pallens','Orchis papilionacea','Orchis papilionacea grandiflora','Orchis papilionacea rubra','Orchis patens','Orchis provincialis','Orchis provincialis provincialis','Orchis purpurea','Orchis saccata','Orchis simia','Orchis spitzelii','Orchis spitzelii spitzelii','Orchis tridentata','Orchis tridentata commutata','Orchis tridentata tridentata','Orchis ustulata','Oreochloa','Oreochloa blanka','Oreochloa confusa','Oreopteris','Oreopteris limbosperma','Origanum','Origanum compactum','Origanum majorana','Origanum majoricum','Origanum onites','Origanum paui','Origanum virens','Origanum vulgare','Orlaya','Orlaya grandiflora','Orlaya kochii','Ornithogalum','Ornithogalum arabicum','Ornithogalum broteroi','Ornithogalum collinum','Ornithogalum concinnum','Ornithogalum divergens','Ornithogalum exscapum','Ornithogalum narbonense','Ornithogalum nutans','Ornithogalum orthophyllum','Ornithogalum orthophyllum baeticum','Ornithogalum orthophyllum kochii','Ornithogalum pyrenaicum','Ornithogalum reverchonii','Ornithogalum umbellatum','Ornithogalum unifolium','Ornithopus','Ornithopus compressus','Ornithopus perpusillus','Ornithopus pinnatus','Ornithopus sativus','Ornithopus sativus isthmocarpus','Ornithopus sativus sativus','Orobanche','Orobanche alba','Orobanche amethystea','Orobanche amethystea amethystea','Orobanche amethystea castellana','Orobanche arenaria','Orobanche caesia','Orobanche calendulae','Orobanche caryophyllacea','Orobanche cernua','Orobanche clausonis','Orobanche crenata','Orobanche densiflora','Orobanche elatior','Orobanche foetida','Orobanche gracilis','Orobanche haenseleri','Orobanche hederae','Orobanche latisquama','Orobanche laserpitii-sileris','Orobanche lavandulacea','Orobanche loricata','Orobanche lutea','Orobanche maritima','Orobanche minor','Orobanche purpurea','Orobanche ramosa','Orobanche ramosa mutelii','Orobanche ramosa nana','Orobanche ramosa ramosa','Orobanche rapum-genistae','Orobanche rapum-genistae benthamii','Orobanche rapum-genistae rapum-genistae','Orobanche reticulata','Orobanche rosmarina','Orobanche sanguinea','Orobanche schultzii','Orobanche teucrii','Orobanche trichocalyx','Orobanche variegata','Ortegia','Ortegia hispanica','Orthilia','Orthilia secunda','Orthilia secunda secunda','Oryza','Oryza sativa','Oryzopsis','Oryzopsis coerulescens','Oryzopsis miliacea','Oryzopsis paradoxa','Oryzopsis thomasii','Osmunda','Osmunda regalis','Osyris','Osyris alba','Osyris quadripartita','Otanthus','Otanthus maritimus','Otospermum','Otospermum glabrum','Oxalis','Oxalis acetosella','Oxalis articulata','Oxalis corniculata','Oxalis corymbosa','Oxalis europaea','Oxalis latifolia','Oxalis pes-caprae','Oxalis purpurea','Oxyria','Oxyria digyna','Oxytropis','Oxytropis amethystea','Oxytropis campestris','Oxytropis campestris campestris','Oxytropis campestris nuriae','Oxytropis foucadii','Oxytropis halleri','Oxytropis halleri halleri','Oxytropis lapponica','Oxytropis pyrenaica','Paeonia','Paeonia broteroi','Paeonia cambessedesii','Paeonia coriacea','Paeonia officinalis','Paeonia officinalis humilis','Paliurus','Paliurus spina-christi','Pallenis','Pallenis spinosa','Pallenis spinosa spinosa','Pancratium','Pancratium maritimum','Panicum','Panicum capillare','Panicum miliaceum','Panicum repens','Papaver','Papaver argemone','Papaver dubium','Papaver hybridum','Papaver lecoqii','Papaver pinnatifidum','Papaver rhaeticum','Papaver rhoeas','Papaver rupifragum','Papaver somniferum','Papaver somniferum setigerum','Papaver somniferum somniferum','Papaver stipitatum','Papaver strigosum','Papaver suaveolens','Papaver suaveolens endresii','Papaver suaveolens suaveolens','Paradisea','Paradisea liliastrum','Paradisea lusitanica','Parapholis','Parapholis filiformis','Parapholis incurva','Parapholis marginata','Parapholis pycnantha','Parapholis strigosa','Parentucellia','Parentucellia latifolia','Parentucellia viscosa','Parietaria','Parietaria judaica','Parietaria lusitanica','Parietaria lusitanica lusitanica','Parietaria lusitanica serbica','Parietaria mauritanica','Paris','Paris quadrifolia','Parnassia','Parnassia palustris','Parnassia palustris palustris','Paronychia','Paronychia aretioides','Paronychia argentea','Paronychia argentea argentea','Paronychia capitata','Paronychia cymosa','Paronychia echinulata','Paronychia echinulata echinulata','Paronychia kapela','Paronychia kapela baetica','Paronychia kapela serpyllifolia','Paronychia polygonifolia','Paronychia rouyana','Paronychia suffruticosa','Parthenium','Parthenium argentatum','Parthenocissus','Parthenocissus inserta','Parthenocissus quinquefolia','Parthenocissus tricuspidata','Paspalum','Paspalum dilatatum','Paspalum paspalodes','Paspalum vaginatum','Passiflora','Passiflora caerulea','Pastinaca','Pastinaca lucida','Pastinaca sativa','Pastinaca sativa sativa','Pastinaca sativa sylvestris','Pastinaca sativa urens','Pawlonia','Pawlonia tomentosa','Pedicularis','Pedicularis asparagoides','Pedicularis comosa','Pedicularis comosa comosa','Pedicularis foliosa','Pedicularis kerneri','Pedicularis mixta','Pedicularis pyrenaica','Pedicularis rostratospicata','Pedicularis rostratospicata helvetica','Pedicularis schizocalyx','Pedicularis sylvatica','Pedicularis sylvatica lusitanica','Pedicularis sylvatica sylvatica','Pedicularis tuberosa','Pedicularis verticillata','Peganum','Peganum harmala','Pelargonium','Pelargonium capitatum','Pelargonium crispum','Pelargonium x domesticum','Pelargonium peltatum','Pelargonium zonale','Pellaea','Pellaea calomelanos','Pellaea rotundifolia','Pennisetum','Pennisetum villosum','Pentaglottis','Pentaglottis sempervirens','Pentaphylloides','Pentaphylloides fruticosa','Pentaphylloides fruticosa floribunda','Periballia','Periballia involucrata','Periploca','Periploca graeca','Periploca laevigata laevigata','Persea','Persea americana','Persica','Persica vulgaris','Pessopteris','Pessopteris crassifolia','Petasites','Petasites fragans','Petasites hybridus','Petasites hybridus hybridus','Petasites paradoxus','Petrocallis','Petrocallis pyrenaica','Petrocoptis','Petrocoptis albaredae','Petrocoptis albaredae albaredae','Petrocoptis albaredae guinochetti','Petrocoptis crassifolia','Petrocoptis crassifolia crassifolia','Petrocoptis crassifolia guarensis','Petrocoptis crassifolia montsicciana','Petrocoptis glaucifolia','Petrocoptis grandiflora','Petrocoptis hispanica','Petrocoptis pardoi','Petrocoptis pardoi pardoi','Petrocoptis pseudoviscosa','Petrocoptis pyrenaica','Petrocoptis pyrenaica pyrenaica','Petrocoptis viscosa','Petrocoptis wiedmannii','Petrorhagia','Petrorhagia atapuercae','Petrorhagia nanteuilii','Petrorhagia prolifera','Petrorhagia saxifraga','Petrorhagia velutina','Petroselinum','Petroselinum crispum','Petroselinum segetum','Petunia','Petunia axillaris','Petunia x hybrida hort.','Petunia violacea','Peucedanum','Peucedanum aragonense','Peucedanum carvifolia','Peucedanum cervaria','Peucedanum gallicum','Peucedanum hispanicum','Peucedanum lancifolium','Peucedanum officinale','Peucedanum officinale officinale','Peucedanum officinale stenocarpum','Peucedanum oreoselinum','Peucedanum oreoselinum bourgaei','Peucedanum oreoselinum oreoselinum','Peucedanum ostruthium','Peucedanum venetum','Phagnalon','Phagnalon rupestre','Phagnalon saxatile','Phagnalon sordidum','Phalacrocarpum','Phalacrocarpum hoffmannseggii','Phalacrocarpum oppositifolium','Phalacrocarpum oppositifolium isthmocatpus','Phalacrocarpum oppositifolium sativus','Phalaris','Phalaris aquatica','Phalaris arundinacea','Phalaris arundinacea arundinacea','Phalaris arundinacea rotgesii','Phalaris brachystachys','Phalaris canariensis','Phalaris coerulescens','Phalaris minor','Phalaris paradoxa','Phalaris truncata','Phaseolus','Phaseolus coccineus','Phaseolus vulgaris','Philadelphus','Philadelphus coronarius','Phillyrea','Phlebodium','Phlebodium aureum','Phleum','Phleum alpinum','Phleum alpinum alpinum','Phleum alpinum rhaeticum','Phleum arenarium','Phleum paniculatum','Phleum phleoides','Phleum pratense','Phleum pratense bertolonii','Phleum pratense pratense','Phleum pratense trabutii','Phleum pseudocommutatum','Phleum subulatum','Phleum subulatum subulatum','Phlomis','Phlomis x composita','Phlomis crinita','Phlomis herba-venti','Phlomis herba-venti herba-venti','Phlomis herba-venti pungens','Phlomis italica','Phlomis lychnitis','Phlomis purpurea almeriensis','Phlox','Phlox drummondii','Phoenix','Pholiurus','Pholiurus pannonicus','Phormium','Phormium tenax','Photinia','Photinia serrulata','Phragmites','Phyllitis','Phyllitis sagittata','Phyllitis scolopendrium','Phyllostachys','Phyllostachys aurea','Phyllostachys bambusoides','Phyllostachys nigra','Phyllostachys viridiglaucescens','Physalis','Physalis alkekengi','Physalis peruviana','Physalis phyladelphica','Physospermun','Physospermun cornubiense','Phyteuma','Phyteuma charmelii','Phyteuma globulariifolium','Phyteuma globulariifolium pedemontanum','Phyteuma hemisphaericum','Phyteuma hispanicum','Phyteuma orbiculare','Phyteuma pyrenaicum','Phyteuma rupicola','Phyteuma serratoides','Phyteuma spicatum','Phyteuma spicatum spicatum','Phytolacca','Phytolacca americana','Phytolacca dioica','Picea','Picea abies abies','Picnomon','Picnomon acarna','Picris','Picris comosa','Picris echioides','Picris hieracioides','Picris hieracioides hieracioides','Picris hieracioides longifolia','Picris hieracioides spinulosa','Picris hispanica','Picris pauciflora','Picris sprengerana','Picris villarsii','Picris willkommii','Pilea','Pilea cadierei','Pilularia','Pilularia globulifera','Pilularia minuta','Pimpinella','Pimpinella anisum','Pimpinella bicknellii','Pimpinella gracilis','Pimpinella gracilis catalaunica','Pimpinella gracilis gracilis','Pimpinella gracilis puberula','Pimpinella major','Pimpinella peregrina','Pimpinella procumbens','Pimpinella saxifraga','Pimpinella siifolia','Pimpinella tragium','Pimpinella tragium lithophila','Pimpinella villosa','Pinguicula','Pinguicula alpina','Pinguicula grandiflora','Pinguicula grandiflora coenocantabrica','Pinguicula grandiflora grandiflora','Pinguicula longifolia','Pinguicula longifolia longifolia','Pinguicula lusitanica','Pinguicula nevadensis','Pinguicula vallisneriifolia','Pinguicula vulgaris','Pinus','Pinus x bougetii','Pinus clusiana','Pinus clusiana clusiana','Pinus clusiana salzmannii','Pinus pinaster atlantica','Pinus pinaster pinaster','Pinus sylvestris iberica','Pinus sylvestris nevadensis','Pinus sylvestris pyrenaica','Pistacia','Pistacia x saportae','Pistacia vera','Pistorinia','Pistorinia brevifolia','Pistorinia hispanica','Pisum','Pisum sativum','Pisum sativum elatius','Pisum sativum sativus','Pittosporum','Pittosporum tobira','Pittosporum undulatum','Plantago','Plantago afra','Plantago albicans','Plantago alpina','Plantago amplexicaulis','Plantago arenaria','Plantago argentea','Plantago asperrima','Plantago atrata','Plantago atrata atrata','Plantago atrata discolor','Plantago bellardii','Plantago bellardii bellardii','Plantago cornuti','Plantago coronopus','Plantago coronopus coronopus','Plantago coronopus purpurascens','Plantago crassifolia','Plantago holosteum','Plantago holosteum algarbiensis','Plantago holosteum holosteum','Plantago lagopus','Plantago lanceolata','Plantago loeflingii','Plantago macrorhiza','Plantago major','Plantago major intermedia','Plantago major major','Plantago maritima','Plantago maritima loscosii','Plantago maritima maritima','Plantago maritima serpentina','Plantago media','Plantago media media','Plantago media nevadensis','Plantago monosperma','Plantago nivalis','Plantago notata','Plantago ovata','Plantago sempervirens','Plantago serraria','Plantago subulata','Plantago subulata granatensis','Platanthera','Platanthera bifolia','Platanthera chlorantha','Platanus','Platanus orientalis','Platycapnos','Platycapnos saxicola','Platycapnos saxicola grandiflora','Platycapnos spicata','Platycapnos spicata echeandiae','Platycapnos spicata spicata','Platycerium','Platycerium bifurcatum','Pleurosorus','Pleurosorus hispanicus','Pleurosorus nevadensis','Plumbago','Plumbago europaea','Plumeria','Plumeria alba','Plumeria rubra','Poa','Poa alpina','Poa angustifolia','Poa annua','Poa bulbosa','Poa cenisia','Poa cenisia sardoa','Poa chaixii','Poa compressa','Poa feratiana','Poa flaccidula','Poa infirma','Poa laxa','Poa ligulata','Poa maroccana','Poa minor','Poa minor minor','Poa minor nevadensis','Poa molinerii','Poa nemoralis','Poa pratensis','Poa pratensis legionensis','Poa pratensis pratensis','Poa subcaerulea','Poa supina','Poa trivialis','Poa trivialis sylvicola','Poa trivialis trivialis','Poinsettia','Poinsettia pulcherrima','Polianthes','Polianthes tuberosa','Polycarpon','Polycarpon alsinifolium','Polycarpon diphyllum','Polycarpon polycarpoides','Polycarpon tetraphyllum','Polycnemum','Polycnemum arvense','Polycnemum majus','Polygala','Polygala alpestris','Polygala alpestris alpestris','Polygala alpina','Polygala baetica','Polygala boissieri','Polygala calcarea','Polygala comosa','Polygala edmundii','Polygala exilis','Polygala lusitanica','Polygala microphylla','Polygala monspeliaca','Polygala nicaeensis','Polygala nicaeensis caesalpinii','Polygala rupestris','Polygala serpyllifolia','Polygala varyredae','Polygala vulgaris','Polygala vulgaris mediterranea','Polygala vulgaris vulgaris','Polygonatum','Polygonatum multiflorum','Polygonatum odoratum','Polygonatum verticillatum','Polygonum','Polygonum alpinum','Polygonum amphibium','Polygonum arenarium','Polygonum arenarium pulchellum','Polygonum arenastrum','Polygonum aviculare','Polygonum aviculare aviculare','Polygonum aviculare battandieri','Polygonum aviculare rhizoxylon','Polygonum bistorta','Polygonum equisetiforme','Polygonum hydropiper','Polygonum lapathifolium','Polygonum lapathifolium lapathifolium','Polygonum lapathifolium pallidum','Polygonum maritimum','Polygonum minus','Polygonum mite','Polygonum orientale','Polygonum oxyspermum','Polygonum oxyspermum oxyspermum','Polygonum oxyspermum raii','Polygonum patulum','Polygonum persicaria','Polygonum robertii','Polygonum romanum','Polygonum rurivagum','Polygonum salicifolium','Polygonum tomentosum','Polygonum viviparum','Polypodium','Polypodium australe','Polypodium interjectum','Polypodium vulgare','Polypogon','Polypogon maritimus','Polypogon maritimus maritimus','Polypogon maritimus subspathaceus','Polypogon monspeliensis','Polypogon viridis','Polystichum','Polystichum aculeatum','Polystichum x bicknellii','Polystichum braunii','Polystichum x illyricum','Polystichum lonchitis','Polystichum setiferum','Populus','Populus deltoides','Populus euphratica','Portulaca','Portulaca grandiflora','Portulaca oleracea','Portulaca oleracea oleracea','Portulaca oleracea sativa','Posidonia','Posidonia oceanica','Potamogeton','Potamogeton alpinus','Potamogeton coloratus','Potamogeton compressus','Potamogeton x cooperi','Potamogeton crispus','Potamogeton filiformis','Potamogeton gramineus','Potamogeton lucens','Potamogeton natans','Potamogeton nodosus','Potamogeton pectinatus','Potamogeton perfoliatus','Potamogeton polygonifolius','Potamogeton pusillus','Potamogeton trichoides','Potentilla','Potentilla alchimilloides','Potentilla anglica','Potentilla anserina','Potentilla anserina anserina','Potentilla argentea','Potentilla aurea','Potentilla aurea aurea','Potentilla brauniana','Potentilla caulescens','Potentilla cinerea','Potentilla crantzii','Potentilla crantzii crantzii','Potentilla crantzii latestipula','Potentilla erecta','Potentilla frigida','Potentilla fruticosa','Potentilla grandiflora','Potentilla guarensis','Potentilla hirta','Potentilla inclinata','Potentilla mascuinii','Potentilla micrantha','Potentilla montana','Potentilla multifida','Potentilla neglecta','Potentilla nevadensis','Potentilla nivalis','Potentilla oscensis','Potentilla palustris','Potentilla pennsylvanica','Potentilla pennsylvanica hispanica','Potentilla pennsylvanica pennsylvanica','Potentilla petrophyla','Potentilla pyrenaica','Potentilla recta','Potentilla reptans','Potentilla reuteri','Potentilla rupestris','Potentilla scoparioides','Potentilla sterilis','Potentilla tabernaemontani','Potentilla thuringiaca','Prasium','Prasium majus','Prenanthes','Prenanthes purpurea','Primula','Primula elatior','Primula elatior elatior','Primula elatior intricata','Primula elatior lofthousei','Primula farinosa','Primula farinosa farinosa','Primula hirsuta','Primula integrifolia','Primula latifolia','Primula pedemontana','Primula pedemontana iberica','Primula pedemontana pedemontana','Primula veris','Primula veris canescens','Primula veris columnae','Primula veris veris','Primula vulgaris','Primula vulgaris balearica','Primula vulgaris vulgaris','Prolonga','Prolonga hispanica','Prolonga pectinata','Prunella','Prunella grandiflora','Prunella grandiflora grandiflora','Prunella grandiflora pyrenaica','Prunella hyssopifolia','Prunella laciniata','Prunella vulgaris','Prunus','Prunus cerasifera','Prunus cerasus','Prunus domestica','Prunus domestica domestica','Prunus domestica insititia','Prunus lusitanica','Prunus mahaleb','Prunus padus','Prunus padus padus','Prunus prostrata','Pseudarrhenatherum','Pseudarrhenatherum longifolium','Pseudorchis','Pseudorchis albida','Pseudorchis albida albida','Pseudorlaya','Pseudorlaya minuscula','Pseudorlaya pumila','Pseudosasa','Pseudosasa japonica','Pseudotsuga','Psidium','Psidium guajava','Psilotum','Psilotum nudum','Psilurus','Psilurus incurvus','Psoralea','Psoralea americana','Psoralea bituminosa','Pteridium','Pteridium aquilinum aquilinum','Pteridium aquilinum brevipes','Pteris','Pteris argyraea','Pteris cretica','Pteris multifida','Pteris serrulata','Pteris tremula','Pteris vittata','Pterocephalus','Pterocephalus diandrus','Pterocephalus intermedius','Pterocephalus papposus','Pterocephalus spathulatus','Ptilostemon','Ptilostemon casabonae','Ptilostemon hispanicus','Ptychotis','Ptychotis saxifraga','Puccinellia','Puccinellia distans','Puccinellia distans distans','Puccinellia fasciculata','Puccinellia fasciculata fasciculata','Puccinellia fasciculata pungens','Puccinellia festuciformis','Puccinellia festuciformis convoluta','Puccinellia festuciformis festuciformis','Puccinellia festuciformis tenuifolia','Puccinellia maritima','Puccinellia rupestris','Pulicaria','Pulicaria arabica','Pulicaria dysenterica','Pulicaria microcephala','Pulicaria odora','Pulicaria paludosa','Pulicaria sicula','Pulicaria vulgaris','Pulmonaria','Pulmonaria affinis','Pulmonaria longifolia','Pulsatilla','Pulsatilla alpina','Pulsatilla alpina alpina','Pulsatilla alpina apiifolia','Pulsatilla alpina cantabrica','Pulsatilla alpina fontqueri','Pulsatilla rubra','Pulsatilla rubra hispanica','Pulsatilla rubra rubra','Pulsatilla vernalis','Punica','Punica granatum','Putoria','Putoria calabrica','Pycnocomon','Pycnocomon rutifolium','Pyracantha','Pyracantha coccinea','Pyrola','Pyrola chlorantha','Pyrola minor','Pyrola rotundifolia','Pyrola rotundifolia rotundifolia','Pyrus','Pyrus amygadaliformis','Pyrus bourgaeana','Pyrus communis','Pyrus cordata','Pyrus pyraster','Pyrus salvifolia','Quercus','Quercus x andegavensis','Quercus x anselmi','Quercus x aruciensis','Quercus x auzendi','Quercus x canariensis x faginea faginea','Quercus x canariensis x pyrenaica x petraea','Quercus x canariensis x pyrenaica x mas','Quercus x cantabrica','Quercus x clementi','Quercus x costae','Quercus x desmotricha','Quercus faginea alpestris','Quercus faginea broteri','Quercus faginea faginea','Quercus x faginea alpestris x canariensis','Quercus x faginea broteri x pyrenaica','Quercus x fontanesii','Quercus x fontqueri','Quercus x hispanica','Quercus ilex','Quercus x legionensis','Quercus x marianica','Quercus mas','Quercus x montserrati','Quercus x morisii','Quercus x numantina','Quercus x paui','Quercus x petraea x pyrenaica','Quercus x pseudo-morisii','Quercus x pseudosuber','Quercus pubescens palensis','Quercus pubescens pubescens','Quercus x pubescens palensis x mas','Quercus x pubescens palensis x mas x robur robur','Quercus x pubescens palensis x petraea','Quercus x pubescens palensis x pyrenaica','Quercus x pubescens palensis x robur robur','Quercus x rechinii','Quercus robur broteroana','Quercus robur estremadurensis','Quercus robur robur','Quercus x rosacea','Quercus x rouxii','Quercus x salcedoi','Quercus x senneniana','Quercus x subalbescens','Quercus x subpyrenaica','Quercus x teriana','Quercus x viveri','Radiola','Radiola linoides','Ramonda','Ramonda myconi','Ranunculus','Ranunculus abnormis','Ranunculus acetosellifolius','Ranunculus aconitifolius','Ranunculus acris','Ranunculus acris acris','Ranunculus acris friesianus','Ranunculus acris granatensis','Ranunculus aduncus','Ranunculus alpestris','Ranunculus amplexicaulis','Ranunculus aquatilis','Ranunculus aquatilis aquatilis','Ranunculus aquatilis saniculifolius','Ranunculus arvensis','Ranunculus auricomus','Ranunculus baudotii','Ranunculus bulbosus','Ranunculus bulbosus adscendens','Ranunculus bulbosus aleae','Ranunculus bulbosus bulbifer','Ranunculus bulbosus bulbosus','Ranunculus bulbosus castellanus','Ranunculus bulbosus gallecicus','Ranunculus bullatus','Ranunculus bupleroides','Ranunculus carinthiacus','Ranunculus circinatus','Ranunculus cortusifolius','Ranunculus demissus','Ranunculus ficaria','Ranunculus ficaria bulbifer','Ranunculus ficaria ficaria','Ranunculus ficaria ficariiformis','Ranunculus flammula','Ranunculus flammula flammula','Ranunculus fluitans','Ranunculus glacialis','Ranunculus gouanii','Ranunculus gramineus','Ranunculus gregarius','Ranunculus hederaceus','Ranunculus henriquesii','Ranunculus lateriflorus','Ranunculus lingua','Ranunculus longipes','Ranunculus lusitanicus','Ranunculus macrophyllus','Ranunculus malessanus','Ranunculus monspeliacus','Ranunculus muricatus','Ranunculus nemorosus','Ranunculus nemorosus nemorosus','Ranunculus nigrescens','Ranunculus nodiflorus','Ranunculus ololeucos','Ranunculus omiophyllus','Ranunculus ophioglossifolius','Ranunculus paludosus','Ranunculus parnassifolius','Ranunculus parnassifolius cabrerensis','Ranunculus parnassifolius favargeri','Ranunculus parnassifolius heterocarpus','Ranunculus parviflorus','Ranunculus peltatus','Ranunculus platanifolius','Ranunculus pseuofluitans','Ranunculus pyrenaeus','Ranunculus pyrenaeus alismoides','Ranunculus pyrenaeus pyrenaeus','Ranunculus repens','Ranunculus reptans','Ranunculus rupestris','Ranunculus ruscinonensis','Ranunculus sardous','Ranunculus sceleratus','Ranunculus sceleratus sceleratus','Ranunculus seguieri','Ranunculus seguieri seguieri','Ranunculus thora','Ranunculus trichophyllus','Ranunculus trichophyllus lutulentus','Ranunculus trichophyllus trichophyllus','Ranunculus trilobus','Ranunculus tripartitus','Ranunculus weylery','Raphanus','Raphanus raphanistrum','Raphanus raphanistrum landra','Raphanus raphanistrum maritimus','Raphanus raphanistrum microcarpos','Raphanus raphanistrum raphanistrum','Rapistrum','Rapistrum rugosum','Rapistrum rugosum linnaeanum','Rapistrum rugosum orientale','Rapistrum rugosum rugosum','Reichardia','Reichardia gaditana','Reichardia intermedia','Reichardia picroides','Reichardia tingitana','Reichardia tingitana discolor','Reichardia tingitana tingitana','Reseda','Reseda alba','Reseda barrelieri','Reseda complicata','Reseda decursiva','Reseda glauca','Reseda gredensis','Reseda jacquinii','Reseda lanceolata','Reseda lutea','Reseda luteola','Reseda media','Reseda odorata','Reseda paui','Reseda paui almijarensis','Reseda paui paui','Reseda phyteuma','Reseda phyteuma collina','Reseda stricta','Reseda stricta funkii','Reseda suffruticosa','Reseda undata','Reseda virgata','Reseda vivantii','Retama','Reynoutria','Reynoutria japonica','Reynoutria sachalinensis','Rhagadiolus','Rhagadiolus stellatus','Rhamnus','Rhamnus alpinus','Rhamnus alpinus alpinus','Rhamnus ludovici-salvatoris','Rhamnus lycioides','Rhamnus oleoides','Rhamnus lycioides velutinus','Rhamnus myrtifolius','Rhamnus pumilus','Rhamnus saxatilis','Rhamnus saxatilis saxatilis','Rhinanthus','Rhinanthus angustifolius','Rhinanthus mediterraneus','Rhinanthus minor','Rhodiola','Rhodiola rosea','Rhododendron','Rhododendron ponticum','Rhododendron ponticum baeticum','Rhus','Rhynchosinapis','Rhynchosinapis cheiranthos','Rhynchosinapis cheiranthos cheiranthiflora','Rhynchosinapis cheiranthos cheiranthos','Rhynchosinapis cheiranthos montana','Rhynchosinapis cheiranthos nevadensis','Rhynchosinapis granatensis','Rhynchosinapis hispida','Rhynchosinapis hispida hispida','Rhynchosinapis johnstonni','Rhynchosinapis longirostra','Rhynchosinapis pseuderucastrum','Rhynchosinapis pseuderucastrum pseuderucastrum','Rhynchosinapis pseuderucastrum setigera','Rhynchospora','Rhynchospora alba','Rhynchospora fusca','Rhynchospora rugosa','Ribes','Ribes alpinum','Ribes petraeum','Ribes rubrum','Ribes uva-crispa','Ricinus','Ridolfia','Ridolfia segetum','Robinia','Rochelia','Rochelia disperma','Rochelia disperma retorta','Roemeria','Roemeria hybrida','Romulea','Romulea bulbocodium','Romulea clusiana','Romulea columnae','Romulea columnae columnae','Romulea ramiflora','Romulea ramiflora gaditana','Romulea ramiflora ramiflora','Rorippa','Rorippa amphibia','Rorippa hispanica','Rorippa islandica','Rorippa pyrenaica','Rorippa sylvestris','Rorippa sylvestris sylvestris','Rosa agrestis','Rosa andegavensis','Rosa arvensis','Rosa caesia','Rosa canina','Rosa corymbifera','Rosa deseglisei','Rosa eglanteria','Rosa elliptica','Rosa foetida','Rosa gallica','Rosa glauca','Rosa majalis','Rosa micrantha','Rosa mollis','Rosa montana','Rosa moschata','Rosa myriacantha','Rosa nitidula','Rosa pendulina','Rosa pimpinellifolia','Rosa pimpinellifolia caviniacensis','Rosa pimpinellifolia pimpinellifolia','Rosa pouzinii','Rosa rubiginosa','Rosa scabriuscula','Rosa sempervirens','Rosa sherardii','Rosa sicula','Rosa squarrosa','Rosa stylosa','Rosa stylosa cantabrica','Rosa stylosa nevadensis','Rosa stylosa stylosa','Rosa subcollina','Rosa tomentosa','Rosa villosa','Rosa villosa pomifera','Rosa vosagiaca','Rosmarinus','Rosmarinus eriocalix','Rosmarinus tomentosus','Rothmaleria','Rothmaleria granatensis','Rubia','Rubia angustifolia','Rubia peregrina','Rubia tinctorum','Rubus affinis','Rubus alnicola','Rubus arduennensis','Rubus bifrons','Rubus caesius','Rubus candicans','Rubus canescens','Rubus chaerophyllus','Rubus chaerophyllus brachythyrsus','Rubus chaerophyllus chaerophyllus','Rubus chloocladus','Rubus collinus','Rubus discolor','Rubus dummoniensis','Rubus geniculatus','Rubus glandulosus','Rubus godronii','Rubus godronii amplistipulus','Rubus godronii godronii','Rubus hebetatus','Rubus henriquesii','Rubus hirtus','Rubus idaeus','Rubus incanescens','Rubus interruptus','Rubus lejeunei','Rubus lespinassei','Rubus lloydianus','Rubus lusitanicus','Rubus minutidentatus','Rubus minutiflorus','Rubus miostilus','Rubus pedatifolius','Rubus phyllostachys','Rubus portuensis','Rubus pyramidalis','Rubus rhombifolius','Rubus sampaianus','Rubus saxatilis','Rubus serpens','Rubus silvaticus','Rubus subincertus','Rubus tenuidentatus','Rubus tereticualis','Rubus timbal-lagravei','Rudbeckia','Rudbeckia laciniata','Rumex','Rumex acetosa','Rumex acetosa acetosa','Rumex acetosa biformis','Rumex acetosella','Rumex alpinus','Rumex amplexicaulis','Rumex angiocarpus','Rumex aquaticus','Rumex arifolius','Rumex bucephalophorus','Rumex bucephalophorus bucephalophorus','Rumex bucephalophorus graecus','Rumex bucephalophorus hispanicus','Rumex cantabricus','Rumex conglomeratus','Rumex conglomeratus conglomeratus','Rumex conglomeratus nevadensis','Rumex crispus','Rumex cristatus','Rumex hydrolapathum','Rumex induratus','Rumex intermedius','Rumex longifolius','Rumex maritimus','Rumex obtusifolius','Rumex obtusifolius obtusifolius','Rumex obtusifolius sylvestris','Rumex obtusifolius transiens','Rumex palustris','Rumex papillaris','Rumex patientia','Rumex pulcher','Rumex pulcher divaricatus','Rumex pulcher pulcher','Rumex rupestris','Rumex sanguineus','Rumex scutatus','Rumex suffruticosus','Rumex thyrsoides','Rumex tingitanus','Rumex vinealis','Rupicapnos','Rupicapnos africana','Ruppia','Ruppia cirrhosa','Ruppia maritima','Ruscus','Ruscus aculeatus','Ruscus hypophyllum','Ruta','Ruta angustifolia','Ruta chalepensis','Ruta graveolens','Ruta montana','Saccharum','Saccharum barberi','Saccharum officinarum','Saccharum ravennae','Saccharum sinense','Sagina','Sagina apetala','Sagina apetala apetala','Sagina maritima','Sagina nevadensis','Sagina nodosa','Sagina procumbens','Sagina procumbens muscosa','Sagina procumbens procumbens','Sagina sabuletorum','Sagina saginoides','Sagina subulata','Sagittaria','Sagittaria latifolia','Sagittaria sagittifolia','Salicornia','Salicornia europaea','Salicornia fragilis','Salicornia nitens','Salicornia ramosissima','Salix','Salix alba alba','Salix alba coerulea','Salix alba micans','Salix alba vitellina','Salix appendiculata','Salix atrocinerea atrocinerea','Salix atrocinerea catalaunica','Salix aurita','Salix babylonica','Salix breviserrata','Salix cantabrica','Salix cinerea','Salix daphnoides','Salix elaeagnos angustifolia','Salix elaeagnos elaeagnos','Salix foetida','Salix hastata','Salix hastata hastata','Salix herbacea','Salix lapponum','Salix lapponum ceretanum','Salix lapponum lapponum','Salix matritensis','Salix myrsinifolia','Salix netricha','Salix pentandra','Salix phylicifolia','Salix phylicifolia bicolor','Salix purpurea lambertiana','Salix purpurea purpurea','Salix pyrenaica','Salix repens','Salix reticulata','Salix retusa','Salix salviifolia','Salix secalliana','Salix tarraconensis','Salix triandra','Salix triandra discolor','Salix triandra triandra','Salix viciosorum','Salpichroa','Salpichroa origanifolia','Salsola','Salsola collina','Salsola hispanica','Salsola kali kali','Salsola kali ruthenica','Salsola kali tragus','Salsola masclansii','Salsola papillosa','Salsola soda','Salsola triandra','Salsola triandra triandra','Salsola webbii','Salvia','Salvia aethiopis','Salvia argentea','Salvia bicolor','Salvia blancoana','Salvia candelabrum','Salvia glutinosa','Salvia x hegelmaieri','Salvia lavandulifolia lavandulifolia','Salvia lavandulifolia oxyodon','Salvia lavandulifolia vellerea','Salvia officinalis','Salvia phlomoides','Salvia pratensis','Salvia sclarea','Salvia sclareoides','Salvia triloba','Salvia valentina','Salvia verbenaca','Salvia verticillata','Salvia viridis','Salvinia','Salvinia auriculata','Salvinia natans','Salvinia rotundifolia','Sambucus','Sambucus ebulus','Sambucus racemosa','Samolus','Samolus valerandi','Sanguisorba','Sanguisorba ancistroides','Sanguisorba ancistroides ancistroides','Sanguisorba ancistroides parviflora','Sanguisorba hybrida','Sanguisorba mauritanica','Sanguisorba minor','Sanguisorba minor lateriflora','Sanguisorba minor magnolii','Sanguisorba minor minor','Sanguisorba minor muricata','Sanguisorba minor rupicola','Sanguisorba officinalis','Sanicula','Sanicula europaea','Sansevieria','Sansevieria trifasciata','Santolina','Santolina chamaecyparissus','Santolina chamaecyparissus chamaecyparissus','Santolina chamaecyparissus insularis','Santolina chamaecyparissus magonica','Santolina chamaecyparissus squarrosa','Santolina chamaecyparissus tomentosa','Santolina elegans','Santolina magontina','Santolina oblongifolia','Santolina rosmarinifolia canescens','Santolina rosmarinifolia rosmarinifolia','Santolina viscosa','Saponaria','Saponaria bellidifolia','Saponaria caespitosa','Saponaria glutinosa','Saponaria ocymoides','Saponaria officinalis','Sarcocapnos','Sarcocapnos baetica','Sarcocapnos crassifolia','Sarcocapnos enneaphylla','Sarcocapnos integrifolia','Satureja','Satureja cuneifolia','Satureja hortensis','Satureja intricata','Satureja montana','Satureja montana montana','Satureja obovata','Satureja salzmannii','Saussurea','Saussurea alpina','Saussurea alpina alpina','Saxifraga','Saxifraga adscendens','Saxifraga adscendens adscendens','Saxifraga aizoides','Saxifraga androsacea','Saxifraga aquatica','Saxifraga aretioides','Saxifraga aspera','Saxifraga babiana','Saxifraga biternata','Saxifraga boissieri','Saxifraga bryoides','Saxifraga caesia','Saxifraga callosa','Saxifraga callosa catalaunica','Saxifraga camposii','Saxifraga camposii camposii','Saxifraga camposii leptophylla','Saxifraga canaliculata','Saxifraga x capitata','Saxifraga carpetana','Saxifraga clusii','Saxifraga clusii clusii','Saxifraga clusii lepismigena','Saxifraga conifera','Saxifraga continentalis','Saxifraga corbariensis','Saxifraga corbariensis corbariensis','Saxifraga corbariensis valentina','Saxifraga corsica','Saxifraga corsica cossoniana','Saxifraga corsica font-queri','Saxifraga cotyledon','Saxifraga cuneata','Saxifraga cuneifolia','Saxifraga dichotoma','Saxifraga dichotoma albarracinensis','Saxifraga dichotoma dichotoma','Saxifraga erioblasta','Saxifraga exarata','Saxifraga exarata suaveolens','Saxifraga gemmulosa','Saxifraga geranioides','Saxifraga x geum','Saxifraga globulifera','Saxifraga granulata','Saxifraga granulata graniticola','Saxifraga granulata granulata','Saxifraga haenseleri','Saxifraga hariotii','Saxifraga hirsuta','Saxifraga hirsuta hirsuta','Saxifraga hirsuta paucicrenata','Saxifraga hypnoides','Saxifraga latepetiolata','Saxifraga longifolia','Saxifraga losana','Saxifraga media','Saxifraga moncayensis','Saxifraga moschata','Saxifraga nervosa','Saxifraga nevadensis','Saxifraga oppositifolia','Saxifraga paniculata','Saxifraga pentadactylis','Saxifraga x polita','Saxifraga praetermissa','Saxifraga pubescens','Saxifraga pubescens iratiana','Saxifraga pubescens pubescens','Saxifraga retusa','Saxifraga retusa retusa','Saxifraga reuterana','Saxifraga rigoi','Saxifraga rotundifolia','Saxifraga spathularis','Saxifraga stellaris','Saxifraga stellaris alpigena','Saxifraga tridactylites','Saxifraga trifurcata','Saxifraga umbrosa','Saxifraga vayredana','Saxifraga willkommiana','Scabiosa','Scabiosa atropurpurea','Scabiosa cinerea','Scabiosa cinerea cinerea','Scabiosa columbaria','Scabiosa columbaria columbaria','Scabiosa cretica','Scabiosa graminifolia','Scabiosa graminifolia arizagae','Scabiosa graminifolia graminifolia','Scabiosa monspeliensis','Scabiosa pulsatilloides','Scabiosa pulsatilloides macropoda','Scabiosa pulsatilloides pulsatilloides','Scabiosa saxatilis','Scabiosa saxatilis grosii','Scabiosa saxatilis saxatilis','Scabiosa semipapposa','Scabiosa sicula','Scabiosa stellata','Scabiosa stellata simplex','Scabiosa stellata stellata','Scabiosa triandra','Scabiosa turolensis','Scandix','Scandix australis','Scandix australis australis','Scandix australis brevirostris','Scandix australis microcarpa','Scandix pecten-veneris','Scandix pecten-veneris macrorhyncha','Scandix pecten-veneris pecten-veneris','Scandix stellata','Scandix stellata stellata','Scandix stellata velutina','Schinus','Schinus molle','Schinus terebinthifolia','Schismus','Schismus barbatus','Schkuhria','Schkuhria pinnata','Schoenus','Schoenus nigricans','Sciadopitys','Sciadopitys verticillata','Scilla','Scilla autumnalis','Scilla bifolia','Scilla hyacinthoides','Scilla lilio-hyacinthus','Scilla monophyllos','Scilla numidica','Scilla obtusifolia','Scilla odorata','Scilla paui','Scilla peruviana','Scilla ramburei','Scilla reverchonii','Scilla verna','Scirpus','Scirpus cernuus','Scirpus cespitosus','Scirpus cespitosus cespitosus','Scirpus cespitosus germanicus','Scirpus fluitans','Scirpus holoschoenus','Scirpus hudsonianus','Scirpus lacustris','Scirpus lacustris lacustris','Scirpus lacustris tabernaemontani','Scirpus litoralis','Scirpus maritimus','Scirpus maritimus maritimus','Scirpus mucronatus','Scirpus pseudosetaceus','Scirpus pungens','Scirpus setaceus','Scirpus supinus','Scirpus sylvaticus','Scirpus triqueter','Scleranthus','Scleranthus annuus','Scleranthus annuus annuus','Scleranthus annuus polycarpos','Scleranthus annuus ruscinonensis','Scleranthus annuus verticillatus','Scleranthus perennis','Scleranthus perennis perennis','Scleranthus perennis polycnemoides','Scleranthus uncinatus','Sclerochloa','Sclerochloa dura','Scolymus','Scolymus hispanicus','Scolymus maculatus','Scorpiurus','Scorpiurus muricatus','Scorpiurus vermiculatus','Scorzonera','Scorzonera albicans','Scorzonera angustifolia','Scorzonera aristata','Scorzonera baetica','Scorzonera brevicaulis','Scorzonera crispatula','Scorzonera fistulosa','Scorzonera graminifolia','Scorzonera hirsuta','Scorzonera hispanica','Scorzonera humilis','Scorzonera laciniata','Scorzonera parviflora','Scorzonera purpurea','Scorzonera purpurea purpurea','Scorzonera transtagana','Scorzonera tuberosa','Scrophularia','Scrophularia alpestris','Scrophularia arguta','Scrophularia auriculata','Scrophularia canina','Scrophularia canina canina','Scrophularia crithmifolia','Scrophularia crithmifolia alpina','Scrophularia crithmifolia burundana','Scrophularia crithmifolia crithmifolia','Scrophularia frutescens','Scrophularia grandiflora','Scrophularia grandiflora reuteri','Scrophularia herminii','Scrophularia laevigata','Scrophularia lyrata','Scrophularia nodosa','Scrophularia oblongifolia','Scrophularia oxyrhyncha','Scrophularia peregrina','Scrophularia pseudoauriculata','Scrophularia pyrenaica','Scrophularia ramosissima','Scrophularia sambucifolia','Scrophularia schousboei','Scrophularia sciophila','Scrophularia scorodonia','Scrophularia sublyrata','Scrophularia vernalis','Scutellaria','Scutellaria alpina','Scutellaria alpina alpina','Scutellaria balearica','Scutellaria galericulata','Scutellaria javalambrensis','Scutellaria minor','Scutellaria orientalis','Scutellaria orientalis hispanica','Scutellaria orientalis orientalis','Secale','Secale cereale','Secale montanum','Securigera','Securigera securidaca','Securinega','Sedum','Sedum acre','Sedum aetnense','Sedum album','Sedum alpestre','Sedum anacampseros','Sedum andegavense','Sedum anglicum','Sedum anglicum anglicum','Sedum anglicum melanantherum','Sedum anglicum pyrenaicum','Sedum annuum','Sedum arenarium','Sedum atratum','Sedum atratum atratum','Sedum brevifolium','Sedum caespitosum','Sedum cepaea','Sedum dasyphyllum','Sedum forsteranum','Sedum gypsicola','Sedum hirsutum','Sedum hirsutum baeticum','Sedum hirsutum hirsutum','Sedum lagascae','Sedum maireanum','Sedum nevadense','Sedum ochroleucum','Sedum ochroleucum montanum','Sedum ochroleucum ochroleucum','Sedum pedicellatum','Sedum pruinatum','Sedum reflexum','Sedum rivasgodayi','Sedum rubens','Sedum sediforme','Sedum sexangulare','Sedum spurium','Sedum stellatum','Sedum telephium','Sedum telephium fabaria','Sedum telephium maximum','Sedum tenuifolium','Sedum villosum','Sedum willkommianum','Selaginella','Selaginella denticulata','Selaginella kraussiana','Selaginella pallescens','Selaginella selaginoides','Selinum','Selinum carvifolia','Selinum pyrenaeum','Sempervivum','Sempervivum andreanum','Sempervivum arachnoideum','Sempervivum arachnoideum arachnoideum','Sempervivum arachnoideum tomentosum','Sempervivum calcareum','Sempervivum cantabricum','Sempervivum giuseppii','Sempervivum minutum','Sempervivum montanum','Sempervivum montanum montanum','Sempervivum nevadense','Sempervivum tectorum','Sempervivum vicentei','Senecio','Senecio adonidifolius','Senecio alboranicus','Senecio angulatus','Senecio aquaticus','Senecio aquaticus aquaticus','Senecio aquaticus barbareifolius','Senecio auricula','Senecio bayonnensis','Senecio bicolor','Senecio bicolor cineraria','Senecio boissieri','Senecio cacaliaster','Senecio carpetanus','Senecio coincy','Senecio doria','Senecio doria doria','Senecio doria legionensis','Senecio doronicum','Senecio doronicum doronicum','Senecio doronicum gerardii','Senecio elegans','Senecio elodes','Senecio eriopus','Senecio erucifolius','Senecio flavus','Senecio fluviatilis','Senecio gallicus','Senecio glaberrimus','Senecio harveianus','Senecio helenitis','Senecio helenitis helenitis','Senecio helenitis macrochaetus','Senecio incanus','Senecio jacobaea','Senecio lagascanus','Senecio lapeyrousii','Senecio leucanthemifolius','Senecio leucophyllus','Senecio linifolius','Senecio lividus','Senecio lopezii','Senecio mikanioides','Senecio minutus','Senecio nebrodensis','Senecio nemorensis','Senecio nemorensis fuchsii','Senecio nevadensis','Senecio paludosus','Senecio petraeus','Senecio pyrenaicus','Senecio pyrenaicus aragonensis','Senecio pyrenaicus granatensis','Senecio pyrenaicus pyrenaicus','Senecio quinqueradiatus','Senecio rodriguezii','Senecio sylvaticus','Senecio viscosus','Senecio vulgaris','Sequoia','Sequoia sempervirens','Sequoiadendron','Sequoiadendron giganteum','Serapias','Serapias cordigera','Serapias lingua','Serapias parviflora','Serapias vomeracea','Serapias vomeracea vomeracea','Serratula','Serratula abulensis','Serratula alcalae','Serratula baetica','Serratula cichoracea','Serratula cichoracea mucronata','Serratula flavescens','Serratula legionensis','Serratula leucantha','Serratula neglecta','Serratula nudicaulis','Serratula nudicaulis nudicaulis','Serratula nudicaulis subinermis','Serratula pauana','Serratula peixoteanum','Serratula pinnatifida','Serratula seoanei','Serratula tinctoria','Sesamoides','Sesamoides canescens','Sesamoides canescens canescens','Sesamoides canescens suffruticosa','Sesamoides minor','Sesamoides pygmaea','Sesamoides spathulifolium','Sesamum','Sesamum indicum','Seseli','Seseli annuum','Seseli annuum annuum','Seseli cantabricum','Seseli elatum','Seseli elatum elatum','Seseli farrenyi','Seseli granatense','Seseli hippomarathrum','Seseli intricatum','Seseli intricatum libanotis','Seseli montanum','Seseli montanum montanum','Seseli nanum','Seseli tortuosum','Seseli vayredanum','Sesleria','Sesleria albicans','Sesleria albicans albicans','Sesleria argentea','Sesleria argentea argentea','Sesleria argentea hispanica','Sesleria insularis','Sesleria insularis insularis','Setaria','Setaria adhaerens','Setaria geniculata','Setaria italica','Setaria pumila','Setaria verticillata','Setaria x verticillata x viridis','Setaria viridis','Sherardia','Sherardia arvensis','Sibbaldia','Sibbaldia procumbens','Sibthorpia','Sibthorpia africana','Sibthorpia europaea','Sideritis','Sideritis angustifolia','Sideritis x aragonensis','Sideritis arborescens','Sideritis arborescens arborescens','Sideritis arborescens camerae','Sideritis arborescens luteola','Sideritis arborescens paulii','Sideritis bubanii','Sideritis chamaedrifolia','Sideritis endressii','Sideritis foetens','Sideritis funkiana','Sideritis giennensis','Sideritis grandiflora','Sideritis hirsuta','Sideritis hirsuta hirsuta','Sideritis hirsuta maritima','Sideritis hyssopifolia','Sideritis hyssopifolia aranensis','Sideritis hyssopifolia guillonii','Sideritis hyssopifolia hyssopifolia','Sideritis ilicifolia','Sideritis incana','Sideritis incana glauca','Sideritis incana incana','Sideritis incana sericea','Sideritis incana virgata','Sideritis javalambrensis','Sideritis lacaitae','Sideritis laxespicata','Sideritis leucantha','Sideritis linearifolia','Sideritis montana','Sideritis montana ebracteata','Sideritis mugronensis','Sideritis osteoxyla','Sideritis ovata','Sideritis pusilla','Sideritis pusilla almeriensis','Sideritis pusilla flavovirens','Sideritis pusilla pusilla','Sideritis pusilla salina','Sideritis reverchonii','Sideritis romana','Sideritis romana romana','Sideritis scordioides','Sideritis scordioides cavanillesii','Sideritis scordioides scordioides','Sideritis serrata','Sideritis spinulosa','Sideritis stachydioides','Sideritis tragoriganum','Silaum','Silaum silaus','Silene','Silene acaulis','Silene adscendens','Silene alba','Silene alba alba','Silene alba divaricata','Silene almolae','Silene apetala','Silene armeria','Silene bellidifolia','Silene boissieri','Silene borderi','Silene boryi','Silene boryi barduliensis','Silene boryi boryi','Silene boryi duriensis','Silene cambessedessi','Silene cerastoides','Silene ciliata','Silene ciliata arvatica','Silene ciliata ciliata','Silene coeli-rosa','Silene colorata','Silene conica','Silene conica conica','Silene conoidea','Silene crassicaulis','Silene cretica','Silene diclinis','Silene dioica','Silene disticha','Silene divaricata','Silene elegans','Silene foetida','Silene fuscata','Silene gaditana','Silene gallica','Silene germana','Silene gibraltarica','Silene hifacensis','Silene inaperta','Silene inaperta inaperta','Silene inaperta murcica','Silene italica','Silene italica coutinhoi','Silene italica italica','Silene italica nemoralis','Silene italica puberula','Silene italica sennenii','Silene laeta','Silene legionensis','Silene littorea','Silene longicaulis','Silene macrorhiza','Silene mariana','Silene mellifera','Silene micropetala','Silene mollissima','Silene muscipula','Silene nicaeensis','Silene noctiflora','Silene nocturna','Silene nocturna nocturna','Silene nutans','Silene nutans nutans','Silene obtusifolia','Silene otites','Silene pendula','Silene portensis','Silene psammitis','Silene psammitis lasiostyla','Silene psammitis psammitis','Silene pseudatocion','Silene pseudovelutina','Silene pusilla','Silene ramosissima','Silene rubella','Silene rubella rubella','Silene rupestris','Silene saxifraga','Silene scabriflora','Silene secundiflora','Silene sedoides','Silene sericea','Silene stockenii','Silene stricta','Silene tomentosa','Silene tridentata','Silene vallesia','Silene vallesia penyalarensis','Silene vallesia tejendensis','Silene vallesia vallesia','Silene viridiflora','Silene vulgaris','Silene vulgaris angustifolia','Silene vulgaris commutata','Silene vulgaris glareosa','Silene vulgaris maritima','Silene vulgaris prostrata','Silene vulgaris thorei','Silene vulgaris vulgaris','Silybum','Silybum eburneum','Silybum eburneum eburneum','Silybum eburneum hispanicus','Silybum marianum','Simethis','Simethis planifolia','Sinapis','Sinapis alba','Sinapis alba alba','Sinapis alba dissecta','Sinapis alba mairei','Sinapis arvensis','Sinapis flexuosa','Sison','Sison amomum','Sisymbrella','Sisymbrella aspera','Sisymbrella aspera aspera','Sisymbrella aspera boissieri','Sisymbrella aspera praeteria','Sisymbrella aspera pseudoboissieri','Sisymbrium','Sisymbrium altissimum','Sisymbrium arundanum','Sisymbrium assoanum','Sisymbrium austriacum','Sisymbrium austriacum austriacum','Sisymbrium austriacum chrysanthum','Sisymbrium austriacum contortum','Sisymbrium austriacum hispanicum','Sisymbrium cavanillesianum','Sisymbrium crassifolium','Sisymbrium erysimoides','Sisymbrium irio','Sisymbrium laxiflorum','Sisymbrium leoselii','Sisymbrium matritense','Sisymbrium officinale','Sisymbrium orientale','Sisymbrium orientale gaussenii','Sisymbrium orientale orientale','Sisymbrium polyceratium','Sisymbrium runcinatum','Sisymbrium strictissimum','Sisymbrium supinum','Sisyrinchium','Sisyrinchium angustifolium','Sium','Sium latifolium','Smilax','Smilax aspera','Smilax aspera aspera','Smilax aspera balearica','Smilax aspera mauritanica','Smyrnium','Smyrnium olusatrum','Smyrnium perfoliatum','Solanum','Solanum americanum','Solanum bonariense','Solanum dulcamara','Solanum luteum','Solanum luteum alatum','Solanum luteum luteum','Solanum melongena','Solanum nigrum','Solanum nigrum nigrum','Solanum nigrum schultesii','Solanum sodomeum','Solanum sublobatum','Solanum tuberosum','Soldanella','Soldanella alpina','Soldanella villosa','Soleirolia','Soleirolia soleirolii','Solenanthus','Solenanthus reverchonii','Solidago','Solidago altissima','Solidago canadensis','Solidago gigantea','Solidago gigantea gigantea','Solidago gigantea serotina','Solidago virgaurea','Solidago virgaurea macrorrhiza','Solidago virgaurea minuta','Solidago virgaurea virgaurea','Soliva','Soliva pterosperma','Sonchus','Sonchus arvensis','Sonchus arvensis arvensis','Sonchus arvensis uliginosus','Sonchus asper','Sonchus asper asper','Sonchus asper glaucescens','Sonchus crassifolius','Sonchus maritimus','Sonchus maritimus aquatilis','Sonchus maritimus maritimus','Sonchus oleraceus','Sonchus palustris','Sonchus pustulatus','Sonchus tenerrimus','Sophora','Sophora japonica','Sorbus','Sorbus aria aria','Sorbus aucuparia aucuparia','Sorbus chamaemespilus','Sorbus sudetica','Sorghum','Sorghum bicolor','Sorghum halepense','Sparganium','Sparganium angustifolium','Sparganium emersum','Sparganium erectum','Sparganium erectum erectum','Sparganium erectum microcarpum','Sparganium erectum neglectum','Sparganium erectum oocarpum','Sparganium minimum','Spartina','Spartina alterniflora','Spartina densiflora','Spartina maritima','Spartina versicolor','Spartium','Spathodea','Spathodea campanulata','Spergula','Spergula arvensis','Spergula morisonii','Spergula pentandra','Spergula viscosa','Spergula viscosa pourretii','Spergula viscosa viscosa','Spergularia','Spergularia australis','Spergularia bocconii','Spergularia capillacea','Spergularia diandra','Spergularia fimbriata','Spergularia heldreichii','Spergularia marina','Spergularia media','Spergularia nicaeensis','Spergularia purpurea','Spergularia rubra','Spergularia rubra alpina','Spergularia rubra oreophila','Spergularia rubra rubra','Spergularia rupicola','Spergularia segetalis','Spergularia tangerina','Sphenopus','Sphenopus divaricatus','Spinacia','Spinacia oleracea','Spiraea','Spiraea crenata','Spiraea hypericifolia','Spiraea hypericifolia obovata','Spiranthes','Spiranthes aestivalis','Spiranthes spiralis','Spirodela','Spirodela polyrhiza','Sporobolus','Sporobolus indicus','Sporobolus poiretii','Sporobolus pungens','Sporobolus vaginiflorus','Stachys','Stachys alopecuros','Stachys alpina','Stachys annua','Stachys arenaria','Stachys arvensis','Stachys brachyclada','Stachys circinata','Stachys germanica','Stachys germanica germanica','Stachys germanica lusitanica','Stachys heraclea','Stachys maritima','Stachys monieri','Stachys ocymastrum','Stachys officinalis','Stachys palustris','Stachys recta','Stachys recta recta','Stachys recta sylvatica','Staehelina','Staehelina baetica','Staehelina dubia','Stapelia','Stapelia variegata','Staphylea','Staphylea pinnata','Stauracanthus','Stauracanthus genistoides','Stauracanthus genistoides genistoides','Stellaria','Stellaria alsine','Stellaria graminea','Stellaria holostea','Stellaria media','Stellaria media cupaniana','Stellaria media media','Stellaria neglecta','Stellaria nemorum','Stellaria nemorum glochidisperma','Stellaria nemorum nemorum','Stellaria pallida','Stenochlaena','Stenochlaena tenuifolia','Stenotaphrum','Stenotaphrum secundatum','Sternbergia','Sternbergia colchiciflora','Sternbergia lutea','Sternbergia lutea lutea','Stipa','Stipa apertifolia','Stipa barbata','Stipa bromoides','Stipa capensis','Stipa capillata','Stipa celakovskyi','Stipa dasyvaginata','Stipa hyalina','Stipa iberica iberica','Stipa iberica pauneroana','Stipa neesiana','Stipa papposa','Stipa parviflora','Stipa pennata eriocaulis','Stipa tirsa','Stipa tirsa tirsa','Stratiotes','Stratiotes aloides','Streptopus','Streptopus amplexifolius','Streptorhamphus','Streptorhamphus singularis','Suaeda','Suaeda altissima','Suaeda maritima maritima','Suaeda maritima pannonica','Suaeda maritima salsa','Suaeda pruinosa','Suaeda splendens','Suaeda vera longifolia','Subularia','Subularia aquatica','Succisa','Succisa pinnatifida','Succisa pratensis','Succisella','Succisella carvalhoana','Succisella microcephala','Succowia','Succowia balearica','Swertia','Swertia perennis','Symphoricarpos','Symphoricarpos albus','Symphoricarpos orbiculatus','Symphytum','Symphytum officinale','Symphytum officinale officinale','Symphytum tuberosum','Symphytum tuberosum tuberosum','Syringa','Syringa vulgaris','Taeniatherum','Taeniatherum caput-medusae','Tagetes','Tagetes minuta','Tagetes patula','Tamarix','Tamarix aphylla','Tamarix parviflora','Tamus','Tamus communis','Tanacetum','Tanacetum annuum','Tanacetum cinerariifolium','Tanacetum corymbosum','Tanacetum corymbosum corymbosum','Tanacetum funkii','Tanacetum microphyllum','Tanacetum parthenium','Tanacetum vahlii','Tanacetum vulgare','Tanacetum willkommii','Taraxacum','Taraxacum acutangulum','Taraxacum adamii gr.','Taraxacum aequilobum','Taraxacum apenninum gr.','Taraxacum aragonicum','Taraxacum asturiense','Taraxacum balearicum','Taraxacum bithynicum gr.','Taraxacum bithynicum','Taraxacum chelelabatum','Taraxacum cordatum','Taraxacum dissectum','Taraxacum ekmanii','Taraxacum erythrospermum gr.','Taraxacum erythrospermum','Taraxacum fulvum gr.','Taraxacum gasparrinii gr.','Taraxacum gasparrinii','Taraxacum hamatiforme','Taraxacum lainzii','Taraxacum lambinonii','Taraxacum lividum','Taraxacum marklundii','Taraxacum megalorhizon','Taraxacum minimum','Taraxacum montesignum','Taraxacum nevadense','Taraxacum nordstedtii','Taraxacum obovatum gr.','Taraxacum obovatum','Taraxacum officinale gr.','Taraxacum pacheri gr.','Taraxacum panalpinum','Taraxacum piceatum','Taraxacum placidum','Taraxacum praestans gr.','Taraxacum pyropappum','Taraxacum schroeteranum','Taraxacum serotinum gr.','Taraxacum spectabile gr.','Taraxacum stenospermum','Taraxacum vinosum','Taxodium','Taxodium ascendens','Taxodium distichum','Taxodium dubium','Taxodium mucronatum','Taxus','Tecoma','Tecoma stans','Tecomaria','Tecomaria capensis','Teesdalia','Teesdalia coronopifolia','Teesdalia nudicaulis','Teesdaliopsis','Teesdaliopsis conferta','Telephium','Telephium imperati','Telephium imperati imperati','Teline','Tetraclinis','Tetragonia','Tetragonia tetragonoides','Tetragonolobus','Tetragonolobus conjugatus','Tetragonolobus maritimus','Tetragonolobus purpureus','Tetragonolobus requienii','Teucrium','Teucrium amplexicaule','Teucrium aragonense','Teucrium aristatum','Teucrium asiaticum','Teucrium balthazaris','Teucrium belion','Teucrium botrys','Teucrium buxifolium','Teucrium campanulatum','Teucrium capitatum','Teucrium capitatum capitatum','Teucrium capitatum gracillimum','Teucrium carolipaui','Teucrium carolipaui carolipaui','Teucrium carolipaui fontqueri','Teucrium carthaginense','Teucrium chamaedrys','Teucrium chamaedrys albarracinense','Teucrium chamaedrys chamaedrys','Teucrium chamaedrys pinnatifidum','Teucrium charidemi','Teucrium chrysotrichum','Teucrium cinereum','Teucrium compactum','Teucrium cossonii','Teucrium cossonii cossonii','Teucrium cossonii fontqueri','Teucrium eriocephalum','Teucrium expansum','Teucrium flavum','Teucrium flavum glaucum','Teucrium fragile','Teucrium franchetianum','Teucrium fruticans','Teucrium gnaphalodes','Teucrium gnaphalodes gnaphalodes','Teucrium gnaphalodes jäennense','Teucrium haenseleri','Teucrium hervieri','Teucrium hifacense','Teucrium intricatum','Teucrium lanigerum','Teucrium lepicephalum','Teucrium leptophyllum','Teucrium libanitis','Teucrium mairei','Teucrium marum','Teucrium marum marum','Teucrium marum spinescens','Teucrium massiliense','Teucrium minus','Teucrium montanum','Teucrium oxylepis','Teucrium oxylepis marianum','Teucrium oxylepis oxylepis','Teucrium polium','Teucrium polium aguilasense','Teucrium polium aureum','Teucrium polium dunense','Teucrium polium lerrouxii','Teucrium polium pii-fontii','Teucrium polium polium','Teucrium polium purpurascens','Teucrium polium turdetanum','Teucrium polium vicentinum','Teucrium pseudo-chamaepitys','Teucrium pseudo-scorodonia','Teucrium pumilum','Teucrium pyrenaicum','Teucrium quadratulum','Teucrium resupinatum','Teucrium reverchonii','Teucrium rixanense','Teucrium rotundifolium','Teucrium salviastrum','Teucrium scordium','Teucrium scordium scordioides','Teucrium scordium scordium','Teucrium scorodonia','Teucrium scorodonia scorodonia','Teucrium serrano','Teucrium spinosum','Teucrium subspinosum','Teucrium thymifolium','Teucrium trifoliatum','Teucrium turredanum','Teucrium webbianum','Thalictrum','Thalictrum alpinum','Thalictrum aquilegifolium','Thalictrum flavum','Thalictrum flavum columnare','Thalictrum flavum flavum','Thalictrum flavum glaucum','Thalictrum flavum gracile','Thalictrum foetidum','Thalictrum foetidum valentinum','Thalictrum macrocarpum','Thalictrum minus','Thalictrum minus majus','Thalictrum minus minus','Thalictrum minus pubescens','Thalictrum minus pyrenaicum','Thalictrum morisonii','Thalictrum morisonii mediterraneum','Thalictrum morisonii morisonii','Thalictrum simplex','Thalictrum simplex simplex','Thalictrum tuberosum','Thapsia','Thapsia garganica','Thapsia maxima','Thapsia villosa','Theligonum','Theligonum cynocrambe','Thelypteris','Thelypteris limbosperma','Thelypteris palustris','Thelypteris phegopteris','Thelypteris pozoi','Thesium','Thesium alpinum','Thesium hispanicum','Thesium humifusum','Thesium humifusum divaricatum','Thesium humifusum humifusum','Thesium humifusum nevadense','Thesium humile','Thesium pyrenaicum','Thesium pyrenaicum alpestre','Thesium pyrenaicum pyrenaicum','Thevetia','Thevetia peruviana','Thlaspi','Thlaspi alliaceum','Thlaspi alpestre','Thlaspi alpestre alpestre','Thlaspi arvense','Thlaspi brachypetalum','Thlaspi montanum','Thlaspi nevadense','Thlaspi perfoliatum','Thlaspi stenopterum','Thuja','Thuja plicata','Thymbra','Thymelaea','Thymelaea broterana','Thymelaea calycina','Thymelaea coridifolia','Thymelaea dioica','Thymelaea elliptica','Thymelaea granatensis','Thymelaea lanuginosa','Thymelaea myrtifolia','Thymelaea nitida','Thymelaea nivalis','Thymelaea passerina','Thymelaea procumbens','Thymelaea pubescens','Thymelaea ruizii','Thymelaea sanamunda','Thymelaea subrepens','Thymelaea tartonraira','Thymelaea tartonraira tartonraira','Thymelaea tartonraira valentina','Thymelaea thesioides','Thymelaea villosa','Thymus','Thymus antoninae','Thymus bracteatus','Thymus caespititius','Thymus camphoratus','Thymus capitellatus','Thymus carnosus','Thymus granatensis','Thymus hirtus','Thymus lacaitae','Thymus leptocephalus','Thymus leptophyllus','Thymus leptophyllus leptophyllus','Thymus leptophyllus paui','Thymus longiflorus ciliatus','Thymus longiflorus longiflorus','Thymus loscosii','Thymus loscosii fontqueri','Thymus loscosii loscosii','Thymus mastichina donyanae','Thymus mastichina mastichina','Thymus mastigophorus','Thymus nervosus','Thymus orospedanus','Thymus piperella','Thymus praecox','Thymus praecox arcticus','Thymus praecox polytrichus','Thymus praecox praecox','Thymus pulegioides','Thymus richardii','Thymus richardii ebusitanus','Thymus richardii richardii','Thymus ruiz-latorrei','Thymus serpyllioides gadorensis','Thymus serpyllioides serpyllioides','Thymus tomentosus','Thymus villosus','Thymus villosus lusitanicus','Thymus willkommii','Tilia','Tilia platyphyllos platyphyllos','Tilia x vulgaris','Tofieldia','Tofieldia calyculata','Tolpis','Tolpis barbata','Tolpis umbellata','Tordylium','Tordylium apulum','Tordylium maximum','Torilis','Torilis arvensis','Torilis arvensis arvensis','Torilis arvensis elongata','Torilis arvensis neglecta','Torilis arvensis purpurea','Torilis japonica','Torilis leptophylla','Torilis nodosa','Tozzia','Tozzia alpina','Tozzia alpina alpina','Trachelium','Trachelium caeruleum','Trachelium caeruleum caeruleum','Trachycarpus','Trachycarpus fortunei','Tradescantia','Tradescantia fluminensis','Tragopogon','Tragopogon crocifolius','Tragopogon crocifolius crocifolius','Tragopogon dubius','Tragopogon floccosus','Tragopogon hybridus','Tragopogon porrifolius','Tragopogon porrifolius australis','Tragopogon porrifolius porrifolius','Tragopogon pratensis','Tragopogon pratensis minor','Tragopogon pratensis orientalis','Tragopogon pratensis pratensis','Tragus','Tragus racemosus','Trapa','Trapa natans','Traunsteinera','Traunsteinera globosa','Tribulus','Tribulus terrestris','Trichomanes','Trichomanes speciosum','Trifolium','Trifolium alexandrinum','Trifolium alpestre','Trifolium alpinum','Trifolium angustifolium','Trifolium arvense','Trifolium aureum','Trifolium badium','Trifolium bocconei','Trifolium boissieri','Trifolium campestre','Trifolium cernuum','Trifolium cherleri','Trifolium diffusum','Trifolium dubium','Trifolium fragiferum','Trifolium fragiferum bonannii','Trifolium fragiferum fragiferum','Trifolium gemellum','Trifolium glomeratum','Trifolium hirtum','Trifolium hybridum','Trifolium hybridum elegans','Trifolium hybridum hybridum','Trifolium incarnatum','Trifolium incarnatum incarnatum','Trifolium incarnatum molinerii','Trifolium isthmocarpum','Trifolium isthmocarpum isthmocarpum','Trifolium lappaceum','Trifolium leucanthum','Trifolium ligusticum','Trifolium medium','Trifolium medium medium','Trifolium michelianum','Trifolium micranthum','Trifolium montanum','Trifolium nigrescens','Trifolium nigrescens nigrescens','Trifolium obscurum','Trifolium obscurum aequidentatum','Trifolium occidentale','Trifolium ochroleucon','Trifolium ornithopodioides','Trifolium pallescens','Trifolium patens','Trifolium phleoides','Trifolium pratense','Trifolium pratense hirsutum','Trifolium pratense pratense','Trifolium repens','Trifolium repens nevadense','Trifolium repens prostratum','Trifolium repens repens','Trifolium resupinatum','Trifolium retusum','Trifolium rubens','Trifolium scabrum','Trifolium smyrnaeum','Trifolium spadiceum','Trifolium spumosum','Trifolium squamosum','Trifolium squarrosum','Trifolium stellatum','Trifolium striatum','Trifolium strictum','Trifolium subterraneum','Trifolium suffocatum','Trifolium thalii','Trifolium tomentosum','Trifolium xatardii','Triglochin','Triglochin bulbosa','Triglochin bulbosa barrelieri','Triglochin bulbosa laxiflora','Triglochin maritima','Triglochin palustris','Trigonella','Trigonella corniculata','Trigonella foenum-graecum','Trigonella gladiata','Trigonella monspeliaca','Trigonella polyceratia','Trigonella polyceratia amandiana','Trigonella polyceratia polyceratia','Triguera','Triguera ambrosiaca','Triguera inodora','Triguera osbeckii','Trinia','Trinia esteparia','Trinia glauca','Trinia glauca glauca','Triplachne','Triplachne nitens','Trisetaria','Trisetaria dufourei','Trisetum','Trisetum aureum','Trisetum baregense','Trisetum cavanillesii','Trisetum distichophyllum','Trisetum flavescens','Trisetum flavescens flavescens','Trisetum glaciale','Trisetum hispidum','Trisetum loeflingianum','Trisetum macrochaetum','Trisetum ovatum','Trisetum paniceum','Trisetum scabriusculum','Trisetum spicatum','Trisetum spicatum ovatipaniculatum','Trisetum velutinum','Triticum','Triticum aestivum','Triticum compactum','Triticum durum','Triticum monococcum','Triticum polonicum','Triticum spelta','Triticum turgidum','Tritonia','Tritonia x crocosmiflora','Trollius','Trollius europaeus','Trollius europaeus europaeus','Tropaeolum','Tropaeolum majus','Tuberaria','Tuberaria brevipes','Tuberaria bupleurifolia','Tuberaria echioides','Tuberaria globularifolia','Tuberaria guttata','Tuberaria lignosa','Tuberaria macrosepala','Tulipa','Tulipa clusiana','Tulipa gesnerana','Tulipa sylvestris','Tulipa sylvestris australis','Turgenia','Turgenia latifolia','Tussilago','Tussilago farfara','Typha','Typha domingensis','Typha minima','Typha shuttleworthii','Tyrimnus','Tyrimnus leucographus','Ulex','Ulex almijarensis','Ulex argenteus','Ulex argenteus argenteus','Ulex argenteus erinaceus','Ulex borgiae','Ulex europaeus europaeus','Ulex europaeus latebracteatus','Ulex micranthus','Ulex parviflorus eriocladus','Ulex parviflorus funkii','Ulex parviflorus jussiaei','Ulex parviflorus parviflorus','Ulmus','Ulmus laevis','Ulmus procera','Umbilicus','Umbilicus erectus','Umbilicus gaditanus','Umbilicus heylandianus','Umbilicus horizontalis','Umbilicus rupestris','Urginea','Urginea fugax','Urginea maritima','Urginea undulata','Urospermum','Urospermum dalechampii','Urospermum picroides','Urtica','Urtica atrovirens','Urtica atrovirens atrovirens','Urtica atrovirens bianorii','Urtica dioica','Urtica dioica dioica','Urtica membranacea','Urtica pilulifera','Urtica urens','Utricularia','Utricularia australis','Utricularia gibba','Utricularia minor','Utricularia vulgaris','Vaccaria','Vaccaria pyramidata','Vaccinium','Vaccinium uliginosum','Vaccinium uliginosum uliginosum','Valantia','Valantia hispida','Valantia muralis','Valeriana','Valeriana dioica','Valeriana dioica dioica','Valeriana dioica simplicifolia','Valeriana globulariifolia','Valeriana longiflora','Valeriana longiflora longiflora','Valeriana longiflora paui','Valeriana montana','Valeriana officinalis','Valeriana officinalis collina','Valeriana officinalis hispidula','Valeriana officinalis officinalis','Valeriana phu','Valeriana pyrenaica','Valeriana repens','Valeriana tripteris','Valeriana tuberosa','Valerianella','Valerianella carinata','Valerianella coronata','Valerianella costata','Valerianella dentata','Valerianella discoidea','Valerianella divaricata','Valerianella echinata','Valerianella eriocarpa','Valerianella eriocarpa eriocarpa','Valerianella eriocarpa truncata','Valerianella gadayana','Valerianella locusta','Valerianella lusitanica','Valerianella martinii','Valerianella microcarpa','Valerianella multidentata','Valerianella muricata','Valerianella platiloba','Valerianella pumila','Valerianella rimosa','Vallisneria','Vallisneria spiralis','Velezia','Velezia rigida','Vella','Vella pseudocytisus','Ventenata','Ventenata dubia','Veratrum','Veratrum album','Verbascum','Verbascum barnadesii','Verbascum blattaria','Verbascum boerhavii','Verbascum chaixii','Verbascum chaixii chaixii','Verbascum charidemi','Verbascum x commixtum','Verbascum creticum','Verbascum densiflorum','Verbascum dentifolium','Verbascum hervieri','Verbascum laciniatum','Verbascum lychnitis','Verbascum masguindali','Verbascum nevadense','Verbascum nigrum','Verbascum nigrum nigrum','Verbascum phlomoides','Verbascum pulverulentum','Verbascum rotundifolium','Verbascum rotundifolium haenseleri','Verbascum sinuatum','Verbascum thapsus','Verbascum thapsus crassifolium','Verbascum thapsus giganteum','Verbascum thapsus thapsus','Verbascum virgatum','Verbena','Verbena officinalis','Verbena supina','Veronica','Veronica acinifolia','Veronica agrestis','Veronica alpina','Veronica anagallis-aquatica','Veronica anagalloides','Veronica aphylla','Veronica aragonensis','Veronica arvensis','Veronica austriaca','Veronica austriaca teucrium','Veronica austriaca vahlii','Veronica beccabunga','Veronica bellidioides','Veronica bellidioides bellidioides','Veronica bellidioides lilacina','Veronica bellidioides townsendi','Veronica catenata','Veronica chamaedrys','Veronica chamaedrys chamaedrys','Veronica chamaedrys micrantha','Veronica chamaepithyoides','Veronica cymbalaria','Veronica dillenii','Veronica filiformis','Veronica fruticans','Veronica fruticans cantabrica','Veronica fruticans fruticans','Veronica fruticulosa','Veronica hederifolia','Veronica hederifolia hederifolia','Veronica hederifolia sibthorpioides','Veronica hederifolia triloba','Veronica jabalambrensis','Veronica langei','Veronica longifolia','Veronica mampodrensis','Veronica montana','Veronica nummularia','Veronica nummularia cantabria','Veronica nummularia nummularia','Veronica officinalis','Veronica peregrina','Veronica persica','Veronica polita','Veronica ponae','Veronica praecox','Veronica prostrata','Veronica prostrata scheereri','Veronica repens','Veronica rosea','Veronica scutellata','Veronica serpyllifolia','Veronica serpyllifolia humifusa','Veronica serpyllifolia parvifolia','Veronica serpyllifolia serpyllifolia','Veronica spicata','Veronica spicata spicata','Veronica tenuifolia','Veronica triphyllos','Veronica urticifolia','Veronica verna','Viburnum','Viburnum lantana','Viburnum opulus','Viburnum tinus tinus','Vicia','Vicia argentea','Vicia argentea argentea','Vicia argentea serinica','Vicia articulata','Vicia benghalensis','Vicia bifoliolata','Vicia bithynica','Vicia cassubica','Vicia cracca','Vicia disperma','Vicia durandii','Vicia ervilia','Vicia faba','Vicia hirsuta','Vicia hybrida','Vicia incana','Vicia lathyroides','Vicia leucantha','Vicia lutea','Vicia lutea lutea','Vicia lutea vestita','Vicia melanops','Vicia monantha','Vicia monantha monantha','Vicia narbonensis','Vicia onobrychioides','Vicia orobus','Vicia pannonica','Vicia pannonica striata','Vicia peregrina','Vicia pubescens','Vicia pyrenaica','Vicia sativa','Vicia sativa amphicarpa','Vicia sativa cordata','Vicia sativa nigra','Vicia sativa sativa','Vicia sepium','Vicia sylvatica','Vicia tenuifolia','Vicia tenuissima','Vicia tetrasperma','Vicia vicioides','Vicia villosa','Vicia villosa pseudocracca','Vicia villosa varia','Vicia villosa villosa','Vigna','Vigna unguiculata','Vinca','Vinca difformis','Vinca difformis difformis','Vinca major','Vinca minor','Vincetoxicum','Vincetoxicum hirundinaria','Vincetoxicum hirundinaria intermedium','Vincetoxicum hirundinaria lusitanicum','Vincetoxicum nigrum','Viola','Viola alba','Viola alba dehnhardtii','Viola arborescens','Viola arvensis','Viola biflora','Viola bubanii','Viola cadevallii','Viola canina','Viola canina canina','Viola canina montana','Viola catalonica','Viola cazorlensis','Viola collina','Viola cornuta','Viola crassiuscula','Viola demetria','Viola diversifolia','Viola hirta','Viola hirta hirta','Viola hirta longifimbriata','Viola jaubertiana','Viola kitaibeliana','Viola lactea','Viola langeana','Viola lutea','Viola lutea lutea','Viola mirabilis','Viola montcaunica','Viola odorata','Viola palentina','Viola palustris','Viola palustris juresii','Viola palustris palustris','Viola parvula','Viola persicifolia','Viola pyrenaica','Viola reichenbachiana','Viola riviniana','Viola rupestris','Viola rupestris rupestris','Viola suavis','Viola tricolor','Viola tricolor subalpina','Viola tricolor tricolor','Viola trinitatis','Viola willkommii','Viscum','Viscum album','Viscum album abietis','Viscum album album','Viscum album austriacum','Viscum cruciatum','Vitaliana','Vitaliana primuliflora','Vitaliana primuliflora assoana','Vitaliana primuliflora canescens','Vitaliana primuliflora cineraea','Vitex','Vitex agnus-castus','Vitis','Vitis vinifera','Vitis vinifera vinifera','Volutaria','Volutaria lippii','Volutaria maroccana','Vulpia','Vulpia alopecuros','Vulpia bromoides','Vulpia ciliata','Vulpia ciliata ciliata','Vulpia fasciculata','Vulpia fontquerana','Vulpia geniculata','Vulpia membranacea','Vulpia muralis','Vulpia myuros','Vulpia unilateralis','Vulpiella','Vulpiella tenuis','Wahlenbergia','Wahlenbergia hederacea','Wahlenbergia nutabunda','Wangenheimia','Wangenheimia lima','Washingtonia','Washingtonia filifera','Wigandia','Wigandia caracasana','Wisteria','Wisteria sinensis','Withania','Withania somnifera','Wolffia','Wolffia arrhiza','Woodsia','Woodsia alpina','Woodsia pulchella','Woodwardia','Woodwardia radicans','Xanthium','Xanthium spinosum','Xanthium strumarium','Xanthium strumarium italicum','Xanthium strumarium strumarium','Xatardia','Xatardia scabra','Xeranthemum','Xeranthemum annuum','Xeranthemum cylindraceum','Xeranthemum inapertum','Yucca','Yucca aloifolia','Yucca gloriosa','Zannichellia','Zannichellia palustris','Zantedeschia','Zantedeschia aethiopica','Zea','Zea mays','Zebrina','Zebrina pendula','Zinnia','Zinnia elegans','Ziziphora','Ziziphora acinoides','Ziziphora capitata','Ziziphora hispanica','Ziziphus','Ziziphus jujuba','Zostera','Zostera marina','Zostera noltii','Zygophyllum','Zygophyllum album','Zygophyllum fabago','Pinus jeffreyi mugo aggregatum','Pinus uncinata nigra aggregatum','barrillar','bosque mixto caducifolio','Brezal de gándara','Brezal-carpazal','Brezal-helechar','Brezal-jaral','Brezal-tojar','Brezal-tojar-helechar','Cambronal de Echinospartum','Coridothymus capitatus','Desierto de yesos, cantiles yesosos','Echinospartium sp.','Echinospartum sempervirens/granatensis','en alternancia con bandas rocosas','Genistella sagittalis','Genistella tridentata','Helianthemum, especies rastreras, excluida gr. Croceum','Herbazal higrófilo','Herbazal suprasílvico','Herbazal vivaz infraalísico','Jaral con predominio de Cistus monspeliensis','Jaramagal Canarias','Jaramagal claro','Koeleria castellana','Matas leñosas y herbáceas en fisuras de roquedo compacto','Matorral mixto con predominio de Anthyllis ternifolia','Matorral mixto con predominio de cistaceas','Matorral mixto con predominio de leguminosas','Matorral mixto con predominio de Ulex (una o varias especies)','matorral mixto sobre pteridotitas','Matorral suprasílvico, claro','Pastizal o herbazal vivaz con encharcamiento temporal de aguas salinas','Platanus hispanica','Quercus gr. Faginea','Sarcocornia fruticosa','Sarcocornia perennis','Semidesierto de arenales y jables','Semidesierto de jables','Terreno improductivo','Tojar de Ulex eriocladus','Tojar mezclado','tojar mixto','Tojar mixto','Tojar-brezal','Tojo-brezo-helechar','Tojo-carpazal','vegetación de canutos','Tojo-helechar']
metadatos=pd.DataFrame({'MFE_1985_R':codigo,'Nombre':nombre})

# We join the dataframe with the codes with our intersected layer
unido=pd.merge(shp, metadatos, on='MFE_1985_R', how='inner')

# We created a function that allows matching each label from the 1985 Forest Map with general labels.
def asignar_etiqueta(x):
    if x in ['Sin información']:
        return 'Sin información'
    elif x in ['Desierto por incendios']:
        return 'Desierto por incendios'
    elif x in ['Bojar mixto', 'Tojar extramediterráneo. Mezcla de spp. de Ulex o bien tojar con matorral mixto', 'Estepa leñosa', 'Juniperus oxycedrus', 'Calluna vulgaris', 'Pastizal leñoso mixto: especies ± hidrófilas, en dominios de bosque caducifolio', 'Buxus sempervirens', 'Lasto-timo-aliagar', 'Pteridium aquilinum, o helechar de altura', 'Brachypodium retusum', 'Herbazal anual', 'Césped denso de altura, "tasca"', 'Prado de diente', 'Prado de siega', 'Cultivos agrícolas']:
        return 'Cult_Arb_Past'
    elif x in ['Arbolado mixto caducifolio, en España Mediterránea', 'Mezcla de frondosas autóctonas con frondosas y coníferas exóticas', 'Galería arbórea mixta']:
        return 'Mixto'
    elif x in ['Quercus robur','Quercus faginea','Mezcla de Quercus ilex ilex y Quercus ilex rotundifolia','Garriga alta y densa','Quercus ilex rotundifolia','Quercus coccifera','Garriga media degradada','Quercus petraea']:
        return 'Quercus'
    elif x in ['Pinus sylvestris','Pinus nigra nigra','Pinus halepensis','Pinus nigra','Pinus radiata']:
        return 'Pinus'
    elif x in ['Populus x canadensis']:
        return 'Populus'
    elif x in ['Crataegus monogyna','Fagus sylvatica','Castanea sativa']:
        return 'Otras Frondosas'
    elif x in ['Larix, una o varias especies']:
        return 'Otras Coniferas'
    else:
        return None

# We apply the function to the 'Name' column and storaged the information in the 'Label' column.
unido['Label'] = unido['Nombre'].apply(asignar_etiqueta)

# We created a function that allows matching each label from the post-fire Forest Map with general labels.
def asignar_etiqueta_MFEact(x):
    if x in ['sin datos']:
        return 'Sin información'
    elif x in ['Arbutus unedo','Juniperus oxycedrus']:
        return 'Cult_Arb_Past'
    elif x in ['Quercus robur','Quercus pyrenaica','Quercus rubra','Quercus faginea','Quercus humilis (Q. Pubescens)','Quercus ilex','Quercus petraea']:
        return 'Quercus'
    elif x in ['Pinus sylvestris','Pinus halepensis','Pinus nigra','Pinus strobus','Pinus radiata']:
        return 'Pinus'
    elif x in ['Populus x canadensis','Populus nigra']:
        return 'Populus'
    elif x in ['Platanus hispanica','Betula spp.','Fraxinus angustifolia','Robinia pseudoacacia','Fagus sylvatica','Salix elaeagnos','Betula alba','Alnus glutinosa','Betula pendula','Castanea sativa']:
        return 'Otras Frondosas'
    elif x in ['Larix spp.','Otra Coniferas','Picea abies','Larix decidua','Pseudotsuga menziesii']:
        return 'Otras Coniferas'
    else:
        return None

# We apply the function to the 'Especie1' column and storaged the information in the 'Label_MFEact' column.
unido['Label_MFEact'] = unido['Especie1'].apply(asignar_etiqueta_MFEact)

# We select the plots that have the same label
coinciden=unido.loc[(unido['Label_MFEact']==unido['Label'])]

#We export the result
coinciden.to_file("exported_data_Navarra.shp")

# We repeated the procedure for Valencia and Catalonia

###################################################################
                      ##  Valencia            
##################################################################

shp=gpd.read_file('Bosques_MFE11_MFE85_VAlencia.shp')

codigo=[0,1,2,3,4,5,6,7,8,9,10,11,12,13,14,15,16,17,18,19,20,21,22,23,24,25,26,27,28,29,30,31,32,33,34,35,36,37,38,39,40,41,42,43,44,45,46,47,49,50,51,52,53,54,55,56,57,58,59,60,61,62,63,64,65,66,67,68,69,70,71,72,73,74,75,76,77,78,79,80,81,83,84,85,87,88,89,90,91,92,93,94,95,96,97,98,99,100,101,102,103,104,105,106,107,108,108,109,110,111,112,113,114,115,116,117,118,119,120,121,122,123,124,125,126,127,128,129,130,131,132,133,134,135,136,137,138,139,140,141,142,143,144,145,146,147,148,149,150,151,152,153,154,155,156,157,158,159,160,161,162,163,164,165,166,167,168,169,170,171,172,173,174,175,176,177,178,179,180,181,182,183,184,185,186,187,188,189,190,191,192,193,194,195,196,197,198,199,200,201,202,203,204,205,206,207,208,209,210,211,212,213,214,215,216,217,218,219,220,221,222,223,224,225,226,227,228,229,230,231,232,233,234,235,236,237,238,239,240,241,242,243,244,245,246,247,248,249,250,251,252,253,254,255,256,257,258,259,260,261,262,263,264,265,266,267,268,269,270,271,272,273,274,275,276,277,278,279,280,281,282,283,284,285,286,287,287,288,289,290,291,292,293,294,295,296,297,298,299,300,301,302,303,304,305,306,307,308,309,310,311,312,313,314,315,316,317,318,319,320,321,322,323,324,325,326,327,328,329,330,331,332,333,334,335,336,337,338,339,340,341,342,343,344,345,346,347,348,349,350,351,352,353,354,355,356,357,358,359,360,361,362,363,364,365,366,367,368,368,369,370,371,372,373,374,375,376,377,378,379,380,381,382,383,384,385,386,387,388,389,390,391,392,393,394,395,396,397,398,399,400,401,402,403,404,405,406,407,408,409,410,411,412,413,414,415,416,417,418,419,420,421,422,423,424,425,426,427,428,429,431,432,433,434,435,436,437,438,439,440,441,442,443,444,445,446,447,448,449,450,451,452,453,454,455,456,457,458,459,460,461,462,463,464,465,466,467,468,469,470,471,472,473,474,475,476,477,478,479,480,481,482,483,484,485,486,487,488,489,490,491,492,493,494,495,496,497,498,499,500,501,502,503,504,505,506,507,508,509,510,511,512,513,514,515,516,517,518,519,520,521,522,523,524,525,526,527,528,529,530,531,532,533,534,535,536,537,538,538,539,540,541,542,543,544,545,546,547,548,549,550,551,552,553,554,555,556,557,558,559,561,563,564,565,566,567,568,569,570,571,572,573,575,578,579,580,581,582,584,586,588,589,590,592,593,594,595,597,599,600,601,603,604,605,606,607,608,609,610,611,612,613,615,617,618,619,620,621,622,623,626,627,630,632,634,635,637,638,639,640,640,641,642,643,646,647,648,649,650,651,652,653,655,656,657,658,659,660,661,662,663,664,665,666,667,668,669,670,671,672,673,674,675,682,683,684,685,686,687,688,689,690,691,692,700,701,702,703,704,705,706,707,708,709,710,711,712,713,714,715,716,717,718,719,720,721,722,723,724,725,726,727,728,729,730,731,732,733,734,735,736,737,738,739,740,741,742,743,744,745,746,747,748,749,750,751,752,753,754,755,756,757,758,759,760,761,762,763,764,765,766,767,768,769,770,771,772,773,774,775,776,777,778,779,780,781,782,783,784,785,787,788,789,790,791,792,793,794,795,796,797,798,799,800,801,802,803,804,805,806,807,808,809,810,811,812,813,814,815,816,817,818,819,820,821,822,823,824,825,826,827,828,829,830,831,832,833,834,835,836,837,838,839,840,841,842,843,844,845,846,847,848,849,850,851,852,853,854,855,856,857,858,859,860,861,862,863,864,865,866,867,868,869,870,900,901,902,903,999,1001,1004,1005,1006,1010,1011,1012,1013,1015,1016,1017,1018,1021,1023,1024,1025,1027,1028,1029,1030,1031,1032,1033,1034,1035,1036,1037,1038,1039,1040,1041,1042,1043,1044,1045,1046,1047,1048,1049,1050,1051,1052,1053,1054,1055,1056,1057,1058,1059,1060,1061,1062,1063,1064,1065,1066,1067,1068,1069,1071,1072,1073,1074,1077,1078,1079,1080,1081,1082,1083,1084,1085,1086,1087,1088,1089,1090,1091,1092,1093,1094,1095,1096,1097,1098,1099,1100,1101,1102,1103,1104,1105,1106,1107,1108,1109,1110,1111,1112,1113,1114,1115,1116,1117,1118,1119,1120,1121,1122,1123,1124,1125,1126,1130,1131,1132,1133,1134,1135,1136,1137,1138,1139,1140,1141,1142,1143,1144,1145,1146,1147,1148,1149,1150,1152,1153,1154,1155,1156,1157,1158,1159,1160,1161,1162,1163,1164,1165,1166,1167,1168,1169,1171,1172,1173,1174,1175,1176,1177,1178,1179,1180,1181,1182,1183,1184,1185,1186,1187,1188,1189,1190,1191,1192,1193,1194,1195,1196,1197,1198,1199,1200,1201,1202,1203,1204,1205,1206,1207,1208,1209,1210,1211,1212,1213,1214,1215,1216,1217,1218,1219,1220,1221,1222,1223,1224,1225,1226,1227,1228,1229,1230,1231,1232,1233,1234,1235,1236,1237,1238,1239,1240,1241,1242,1243,1244,1245,1246,1247,1248,1249,1250,1251,1252,1253,1254,1255,1256,1257,1258,1259,1260,1261,1262,1263,1264,1265,1266,1267,1268,1269,1270,1271,1272,1273,1274,1275,1276,1277,1278,1279,1280,1281,1282,1283,1284,1285,1286,1287,1288,1289,1290,1291,1292,1293,1294,1295,1296,1298,1299,1300,1301,1302,1303,1304,1305,1306,1307,1308,1309,1310,1311,1312,1313,1314,1315,1316,1317,1318,1319,1320,1321,1322,1323,1324,1325,1326,1327,1328,1329,1330,1331,1332,1333,1334,1335,1336,1337,1338,1339,1340,1341,1342,1343,1344,1345,1346,1347,1348,1349,1350,1351,1352,1353,1354,1355,1356,1357,1358,1359,1360,1361,1362,1363,1364,1365,1366,1367,1368,1369,1370,1371,1372,1373,1374,1376,1377,1378,1379,1380,1381,1382,1383,1384,1385,1386,1387,1388,1389,1391,1392,1393,1394,1395,1397,1398,1399,1400,1401,1402,1403,1404,1405,1406,1407,1408,1409,1410,1411,1412,1413,1414,1415,1416,1417,1418,1419,1420,1421,1422,1423,1424,1425,1426,1427,1428,1429,1430,1431,1432,1433,1434,1435,1436,1437,1438,1439,1440,1441,1442,1443,1444,1445,1446,1447,1448,1449,1450,1451,1452,1453,1454,1455,1456,1457,1458,1459,1460,1461,1462,1463,1464,1465,1466,1467,1468,1469,1470,1471,1472,1473,1474,1475,1476,1477,1478,1479,1480,1481,1482,1483,1484,1485,1486,1487,1488,1489,1490,1491,1492,1493,1494,1495,1496,1497,1498,1499,1500,1501,1502,1503,1504,1505,1506,1507,1508,1509,1510,1511,1512,1513,1514,1515,1516,1517,1518,1519,1520,1521,1522,1523,1524,1525,1526,1528,1529,1530,1531,1532,1533,1534,1535,1536,1537,1538,1539,1540,1541,1542,1543,1544,1545,1546,1547,1548,1549,1550,1551,1552,1553,1554,1555,1556,1557,1558,1559,1560,1561,1562,1563,1564,1565,1566,1567,1568,1569,1570,1571,1572,1573,1574,1575,1576,1577,1578,1579,1580,1581,1582,1583,1584,1585,1586,1587,1588,1589,1590,1591,1592,1593,1594,1595,1596,1597,1598,1599,1600,1601,1602,1603,1604,1605,1606,1607,1608,1609,1610,1611,1612,1613,1614,1615,1616,1617,1618,1619,1620,1621,1622,1623,1624,1625,1626,1627,1628,1629,1630,1631,1632,1633,1634,1635,1636,1637,1638,1639,1640,1641,1642,1643,1644,1645,1646,1647,1648,1649,1650,1651,1652,1653,1654,1655,1656,1657,1658,1659,1660,1662,1663,1664,1665,1666,1667,1668,1669,1670,1672,1673,1674,1675,1676,1677,1678,1679,1680,1681,1682,1683,1684,1685,1686,1687,1688,1689,1690,1691,1692,1693,1694,1695,1696,1697,1698,1699,1700,1701,1702,1703,1704,1705,1706,1707,1708,1709,1710,1711,1712,1713,1714,1715,1716,1717,1719,1720,1721,1722,1723,1725,1726,1727,1728,1729,1730,1731,1732,1733,1734,1735,1736,1737,1738,1739,1740,1741,1742,1743,1744,1745,1746,1747,1748,1749,1750,1751,1752,1753,1754,1755,1756,1757,1758,1759,1760,1761,1762,1763,1764,1765,1766,1767,1768,1769,1770,1771,1772,1773,1774,1775,1776,1777,1778,1779,1780,1781,1782,1783,1784,1785,1786,1787,1788,1789,1790,1791,1792,1793,1794,1795,1796,1797,1798,1799,1800,1801,1802,1803,1804,1805,1806,1807,1808,1809,1810,1812,1813,1814,1815,1816,1817,1818,1820,1821,1822,1823,1824,1826,1827,1828,1829,1830,1831,1832,1834,1835,1836,1837,1838,1839,1840,1841,1845,1846,1847,1848,1849,1850,1851,1852,1853,1854,1855,1856,1859,1860,1861,1862,1863,1864,1865,1866,1867,1868,1869,1870,1871,1872,1873,1874,1875,1876,1877,1878,1879,1880,1881,1882,1883,1884,1885,1886,1887,1888,1889,1890,1891,1892,1894,1895,1898,1899,1900,1901,1902,1903,1904,1905,1906,1907,1908,1909,1910,1911,1912,1913,1914,1915,1916,1917,1918,1919,1920,1921,1922,1923,1924,1925,1926,1927,1928,1929,1930,1931,1932,1933,1934,1935,1936,1937,1938,1939,1940,1941,1942,1943,1944,1945,1946,1947,1948,1949,1950,1951,1952,1953,1954,1955,1956,1957,1958,1959,1960,1961,1962,1963,1964,1965,1967,1968,1969,1970,1971,1972,1973,1974,1975,1976,1977,1978,1979,1980,1981,1982,1983,1984,1985,1986,1987,1988,1989,1990,1991,1992,1993,1994,1995,1996,1997,1998,1999,2000,2001,2002,2003,2004,2005,2006,2007,2008,2010,2011,2012,2013,2014,2015,2016,2017,2018,2019,2020,2021,2022,2023,2024,2025,2026,2027,2028,2029,2030,2031,2032,2033,2034,2035,2036,2037,2038,2041,2042,2043,2044,2045,2046,2047,2048,2049,2050,2051,2052,2053,2054,2055,2056,2057,2058,2059,2060,2061,2062,2063,2064,2065,2066,2067,2068,2069,2070,2071,2072,2073,2074,2075,2076,2077,2078,2079,2080,2081,2082,2083,2084,2085,2086,2087,2088,2089,2090,2091,2092,2093,2094,2095,2096,2097,2098,2099,2100,2101,2102,2103,2104,2105,2106,2107,2108,2109,2110,2111,2112,2113,2114,2115,2116,2117,2118,2119,2120,2121,2122,2123,2124,2125,2126,2127,2128,2129,2130,2131,2132,2133,2134,2135,2136,2137,2138,2139,2140,2141,2142,2143,2144,2145,2146,2147,2148,2149,2152,2153,2154,2155,2156,2157,2158,2159,2160,2161,2162,2163,2164,2165,2166,2168,2172,2173,2174,2175,2176,2177,2178,2179,2180,2181,2182,2183,2184,2185,2186,2187,2188,2189,2190,2191,2192,2193,2194,2195,2196,2197,2198,2199,2200,2201,2202,2203,2204,2205,2206,2207,2208,2209,2210,2211,2212,2213,2214,2215,2216,2217,2218,2219,2220,2221,2222,2223,2224,2225,2226,2227,2228,2229,2230,2231,2232,2233,2234,2235,2236,2237,2238,2239,2240,2241,2242,2243,2244,2245,2246,2247,2248,2249,2250,2251,2252,2253,2254,2255,2256,2257,2258,2259,2260,2261,2262,2263,2264,2265,2266,2267,2268,2269,2270,2271,2272,2273,2274,2275,2276,2277,2278,2280,2281,2282,2284,2285,2286,2287,2288,2289,2290,2291,2292,2293,2294,2295,2296,2297,2298,2299,2300,2301,2302,2303,2304,2305,2306,2307,2308,2309,2310,2311,2312,2313,2314,2315,2316,2317,2318,2319,2320,2321,2322,2323,2324,2325,2326,2327,2328,2329,2330,2331,2332,2333,2334,2335,2336,2337,2338,2339,2340,2341,2342,2343,2344,2345,2346,2347,2348,2349,2350,2351,2352,2353,2354,2355,2356,2357,2358,2359,2360,2361,2362,2363,2364,2365,2366,2367,2368,2369,2370,2371,2372,2373,2374,2375,2376,2377,2378,2379,2380,2381,2382,2383,2384,2385,2386,2387,2388,2389,2390,2391,2392,2393,2395,2396,2397,2399,2400,2401,2402,2403,2404,2405,2406,2407,2408,2409,2411,2412,2413,2414,2415,2418,2419,2420,2421,2422,2423,2424,2425,2426,2427,2428,2429,2430,2431,2432,2433,2434,2435,2436,2437,2438,2439,2440,2441,2442,2443,2444,2445,2446,2447,2448,2449,2450,2451,2452,2453,2456,2457,2458,2459,2460,2461,2462,2463,2464,2465,2466,2467,2468,2469,2470,2471,2473,2474,2475,2476,2477,2478,2479,2480,2481,2482,2483,2484,2485,2486,2487,2488,2489,2490,2491,2492,2493,2494,2495,2496,2497,2498,2499,2500,2501,2502,2503,2504,2505,2506,2507,2508,2509,2510,2511,2512,2513,2514,2515,2516,2517,2518,2519,2520,2521,2522,2523,2524,2525,2526,2527,2528,2529,2530,2531,2532,2533,2534,2535,2536,2537,2538,2539,2540,2541,2542,2543,2544,2545,2546,2547,2548,2549,2550,2551,2552,2553,2554,2555,2556,2557,2558,2559,2560,2561,2562,2563,2564,2565,2566,2567,2568,2569,2570,2571,2572,2573,2574,2575,2576,2577,2578,2579,2580,2581,2582,2583,2584,2585,2586,2587,2588,2589,2590,2591,2592,2593,2594,2595,2596,2597,2598,2599,2600,2601,2602,2603,2604,2605,2606,2607,2608,2609,2610,2611,2612,2613,2614,2615,2616,2617,2618,2619,2620,2621,2622,2623,2624,2625,2626,2627,2628,2629,2630,2631,2632,2633,2634,2635,2636,2637,2638,2639,2640,2641,2642,2643,2644,2645,2646,2647,2648,2649,2650,2651,2652,2653,2654,2655,2656,2657,2658,2659,2660,2661,2662,2663,2664,2665,2666,2667,2668,2669,2670,2671,2672,2673,2674,2675,2676,2677,2678,2679,2680,2681,2682,2683,2684,2685,2686,2687,2688,2689,2690,2691,2692,2693,2694,2695,2696,2697,2698,2699,2700,2701,2702,2703,2704,2705,2706,2707,2708,2709,2710,2711,2712,2713,2714,2715,2716,2717,2718,2719,2720,2721,2722,2723,2724,2725,2726,2727,2728,2729,2730,2731,2732,2733,2734,2735,2736,2737,2738,2739,2740,2741,2742,2743,2744,2745,2746,2747,2748,2749,2750,2751,2752,2753,2754,2755,2756,2757,2758,2759,2760,2761,2762,2763,2764,2765,2766,2767,2768,2769,2770,2771,2772,2773,2774,2775,2776,2777,2778,2779,2780,2781,2782,2783,2784,2785,2787,2788,2789,2790,2791,2793,2794,2795,2796,2797,2798,2799,2800,2801,2802,2803,2804,2805,2806,2808,2809,2810,2811,2812,2813,2814,2815,2816,2817,2818,2819,2820,2821,2822,2823,2824,2826,2827,2828,2830,2831,2832,2834,2835,2836,2837,2838,2839,2840,2841,2842,2843,2844,2845,2846,2847,2848,2849,2850,2851,2852,2853,2854,2855,2856,2857,2858,2859,2860,2861,2862,2863,2864,2865,2866,2867,2868,2869,2870,2871,2872,2873,2874,2875,2876,2877,2878,2879,2880,2881,2882,2883,2884,2885,2886,2887,2888,2889,2890,2891,2892,2893,2894,2895,2896,2897,2898,2899,2900,2901,2902,2903,2904,2905,2906,2907,2908,2909,2910,2911,2912,2913,2914,2915,2916,2917,2918,2919,2920,2921,2922,2923,2924,2925,2926,2927,2928,2929,2930,2931,2932,2933,2934,2935,2936,2937,2938,2939,2940,2941,2942,2943,2944,2945,2946,2947,2948,2949,2950,2951,2952,2953,2954,2955,2956,2957,2958,2959,2960,2961,2962,2963,2964,2965,2966,2967,2968,2969,2970,2971,2972,2973,2974,2975,2976,2977,2978,2979,2980,2981,2982,2983,2984,2985,2986,2987,2988,2989,2990,2991,2992,2993,2994,2995,2996,2997,2998,2999,3000,3001,3002,3003,3004,3005,3006,3007,3008,3009,3010,3011,3012,3013,3014,3015,3016,3017,3018,3019,3020,3021,3022,3023,3024,3025,3026,3027,3028,3029,3030,3031,3032,3033,3034,3035,3036,3037,3038,3039,3040,3041,3042,3043,3044,3045,3046,3047,3048,3049,3050,3051,3052,3053,3054,3055,3056,3057,3058,3059,3060,3061,3062,3063,3064,3065,3066,3067,3068,3069,3070,3071,3072,3073,3074,3075,3076,3077,3078,3079,3081,3082,3083,3084,3085,3086,3087,3088,3089,3090,3091,3092,3093,3094,3095,3096,3097,3098,3099,3100,3101,3102,3103,3104,3105,3106,3107,3108,3109,3110,3111,3112,3113,3114,3115,3116,3117,3118,3119,3120,3121,3122,3123,3124,3125,3126,3127,3128,3129,3131,3132,3133,3134,3135,3136,3137,3138,3139,3141,3144,3145,3146,3147,3148,3149,3150,3151,3152,3153,3154,3155,3156,3157,3158,3159,3160,3161,3162,3163,3164,3165,3166,3167,3168,3169,3170,3171,3172,3173,3174,3175,3176,3177,3178,3179,3180,3181,3182,3183,3184,3185,3186,3187,3188,3189,3190,3191,3192,3193,3194,3195,3196,3197,3198,3199,3200,3201,3202,3203,3204,3205,3206,3207,3208,3209,3210,3211,3212,3213,3214,3215,3216,3217,3218,3219,3220,3221,3222,3223,3224,3225,3226,3227,3228,3229,3230,3231,3232,3233,3234,3235,3236,3237,3238,3239,3240,3241,3242,3243,3244,3245,3246,3247,3248,3249,3250,3251,3252,3253,3254,3255,3256,3257,3258,3259,3260,3261,3262,3263,3264,3265,3266,3269,3270,3271,3272,3275,3278,3279,3282,3284,3285,3286,3287,3288,3289,3290,3291,3292,3293,3295,3296,3297,3298,3299,3300,3301,3302,3303,3304,3305,3306,3307,3308,3309,3310,3311,3312,3313,3314,3315,3316,3317,3318,3319,3320,3321,3322,3323,3324,3325,3326,3327,3328,3329,3330,3331,3332,3333,3334,3335,3336,3337,3338,3339,3340,3341,3342,3343,3344,3345,3346,3347,3348,3349,3350,3351,3352,3353,3354,3355,3356,3357,3358,3359,3360,3361,3362,3363,3364,3365,3366,3367,3368,3369,3370,3371,3372,3373,3374,3375,3376,3377,3378,3379,3380,3381,3382,3383,3384,3385,3386,3387,3388,3389,3390,3391,3392,3393,3394,3395,3396,3397,3398,3399,3400,3402,3403,3404,3405,3406,3407,3408,3409,3411,3412,3413,3414,3415,3416,3417,3419,3420,3421,3422,3423,3424,3425,3426,3427,3428,3429,3430,3431,3432,3433,3434,3435,3436,3437,3438,3439,3440,3441,3442,3443,3444,3445,3446,3448,3450,3451,3452,3453,3454,3455,3456,3457,3458,3459,3460,3461,3462,3463,3464,3465,3466,3467,3468,3469,3470,3472,3473,3474,3475,3477,3478,3479,3480,3481,3482,3483,3484,3485,3486,3487,3488,3489,3490,3491,3492,3493,3494,3495,3496,3497,3498,3499,3500,3501,3502,3503,3504,3505,3506,3507,3508,3509,3510,3511,3512,3513,3514,3515,3516,3517,3518,3519,3520,3521,3522,3523,3524,3525,3526,3527,3528,3529,3530,3531,3532,3533,3534,3535,3536,3537,3538,3539,3540,3541,3542,3543,3544,3545,3546,3547,3548,3549,3550,3551,3552,3553,3554,3555,3556,3557,3558,3559,3560,3561,3562,3563,3564,3565,3566,3567,3568,3569,3570,3571,3572,3573,3575,3579,3580,3581,3582,3583,3584,3585,3586,3587,3588,3589,3590,3591,3592,3593,3594,3595,3596,3597,3598,3599,3600,3601,3602,3603,3604,3605,3606,3607,3608,3609,3610,3611,3612,3613,3614,3615,3616,3617,3618,3619,3620,3621,3622,3623,3624,3625,3626,3627,3628,3629,3630,3631,3632,3633,3634,3635,3636,3637,3638,3639,3640,3641,3642,3643,3644,3645,3646,3647,3648,3649,3650,3651,3652,3653,3654,3655,3656,3657,3658,3659,3660,3661,3662,3663,3664,3665,3666,3667,3668,3669,3670,3671,3672,3673,3674,3675,3676,3677,3678,3679,3683,3684,3685,3686,3687,3691,3692,3695,3696,3698,3699,3700,3701,3702,3703,3704,3705,3706,3707,3708,3709,3710,3711,3712,3713,3714,3715,3716,3717,3718,3719,3720,3721,3722,3723,3724,3725,3726,3727,3728,3729,3730,3731,3732,3733,3734,3735,3736,3737,3738,3739,3740,3741,3742,3743,3744,3745,3746,3747,3748,3749,3750,3751,3752,3753,3754,3755,3756,3757,3758,3759,3760,3761,3762,3763,3764,3765,3766,3767,3768,3769,3770,3771,3772,3773,3774,3775,3776,3777,3778,3779,3780,3781,3782,3783,3784,3785,3786,3787,3788,3789,3790,3791,3792,3793,3794,3795,3796,3797,3798,3799,3800,3801,3802,3803,3804,3805,3806,3807,3808,3809,3810,3811,3812,3813,3814,3815,3816,3817,3818,3819,3820,3821,3822,3823,3824,3825,3826,3827,3828,3829,3830,3831,3832,3833,3834,3835,3836,3837,3838,3839,3840,3841,3842,3843,3844,3845,3846,3847,3848,3849,3850,3851,3852,3853,3854,3855,3856,3857,3858,3859,3860,3861,3862,3863,3864,3865,3866,3867,3868,3869,3870,3871,3872,3873,3874,3875,3876,3877,3878,3879,3880,3881,3882,3883,3884,3885,3886,3887,3888,3889,3890,3891,3892,3893,3894,3895,3896,3897,3898,3899,3900,3901,3902,3903,3904,3905,3906,3907,3908,3909,3910,3911,3912,3913,3914,3915,3916,3917,3918,3919,3920,3921,3922,3923,3925,3926,3927,3928,3929,3930,3931,3932,3933,3934,3935,3936,3937,3938,3939,3940,3941,3942,3943,3944,3945,3947,3948,3949,3950,3951,3952,3953,3954,3955,3956,3957,3958,3960,3961,3962,3963,3964,3965,3966,3967,3968,3969,3970,3971,3972,3973,3974,3975,3976,3977,3978,3979,3980,3981,3982,3983,3984,3985,3986,3987,3988,3989,3990,3991,3992,3993,3994,3995,3996,3997,3998,3999,4000,4001,4002,4003,4004,4005,4006,4007,4008,4009,4010,4011,4012,4013,4014,4015,4016,4017,4018,4019,4020,4021,4022,4023,4024,4025,4026,4027,4028,4029,4030,4031,4032,4033,4034,4035,4036,4037,4038,4039,4040,4041,4042,4043,4045,4046,4047,4048,4049,4050,4051,4052,4053,4054,4055,4056,4057,4058,4059,4060,4061,4062,4063,4064,4065,4066,4067,4068,4069,4070,4071,4072,4073,4074,4075,4076,4077,4079,4080,4081,4082,4083,4084,4085,4086,4087,4088,4089,4090,4091,4092,4093,4094,4095,4096,4097,4098,4099,4100,4101,4102,4103,4104,4105,4106,4107,4108,4109,4110,4111,4112,4113,4114,4115,4116,4117,4118,4119,4120,4121,4122,4123,4124,4125,4126,4127,4128,4129,4130,4131,4132,4133,4134,4135,4136,4137,4138,4139,4140,4141,4142,4143,4144,4145,4146,4147,4148,4150,4151,4152,4153,4154,4155,4156,4157,4158,4159,4160,4161,4162,4163,4164,4165,4166,4167,4168,4169,4170,4171,4172,4173,4174,4175,4176,4177,4178,4179,4180,4181,4182,4183,4184,4185,4186,4187,4188,4189,4190,4191,4192,4193,4194,4195,4196,4197,4198,4199,4200,4201,4204,4205,4207,4209,4210,4214,4215,4216,4216,4219,4220,4221,4222,4223,4224,4225,4226,4227,4228,4229,4230,4231,4232,4233,4235,4236,4237,4238,4239,4240,4241,4242,4243,4244,4245,4246,4247,4248,4249,4250,4251,4252,4253,4254,4255,4256,4257,4258,4259,4260,4261,4262,4263,4264,4265,4266,4267,4268,4269,4270,4272,4273,4274,4275,4276,4277,4278,4279,4280,4281,4282,4283,4284,4285,4286,4287,4288,4289,4290,4291,4292,4293,4294,4295,4296,4297,4298,4299,4300,4301,4302,4303,4304,4305,4306,4307,4308,4309,4310,4311,4312,4313,4314,4315,4316,4317,4318,4319,4320,4321,4322,4323,4324,4325,4326,4327,4328,4329,4330,4331,4332,4333,4334,4340,4341,4343,4344,4346,4347,4349,4350,4352,4353,4354,4355,4356,4357,4358,4359,4360,4361,4362,4363,4364,4365,4366,4367,4368,4369,4370,4371,4372,4373,4374,4375,4376,4377,4378,4379,4380,4381,4382,4383,4384,4385,4386,4387,4388,4389,4390,4391,4392,4393,4394,4395,4396,4397,4398,4399,4400,4401,4402,4403,4404,4405,4406,4407,4408,4409,4410,4411,4412,4413,4414,4415,4416,4417,4418,4419,4420,4421,4422,4423,4424,4425,4426,4427,4428,4429,4430,4431,4432,4433,4434,4435,4436,4437,4438,4439,4440,4441,4442,4443,4444,4445,4446,4447,4448,4449,4450,4451,4452,4453,4454,4455,4456,4457,4458,4459,4460,4461,4462,4463,4464,4465,4466,4467,4468,4469,4470,4471,4472,4473,4474,4475,4476,4477,4478,4479,4480,4481,4482,4483,4484,4485,4486,4487,4488,4489,4491,4492,4493,4494,4495,4496,4497,4498,4499,4500,4501,4502,4503,4504,4505,4506,4507,4508,4509,4510,4511,4512,4513,4514,4515,4517,4518,4519,4520,4521,4522,4523,4524,4525,4526,4527,4528,4529,4530,4531,4532,4533,4534,4535,4536,4537,4538,4539,4540,4541,4542,4543,4544,4545,4546,4547,4548,4549,4550,4551,4552,4553,4554,4555,4556,4557,4558,4559,4560,4561,4562,4563,4564,4565,4566,4567,4568,4569,4570,4571,4572,4573,4574,4576,4577,4578,4579,4580,4581,4582,4583,4584,4586,4587,4588,4589,4590,4591,4592,4593,4594,4595,4596,4597,4598,4599,4600,4601,4602,4603,4604,4605,4606,4607,4608,4609,4610,4611,4612,4613,4614,4615,4616,4617,4618,4619,4620,4621,4622,4623,4624,4625,4626,4627,4628,4629,4630,4632,4633,4634,4635,4636,4637,4638,4639,4641,4642,4644,4646,4647,4648,4649,4650,4651,4652,4653,4654,4655,4656,4657,4658,4659,4660,4661,4662,4663,4664,4665,4666,4667,4668,4669,4670,4671,4672,4673,4674,4675,4676,4677,4678,4679,4680,4681,4682,4683,4684,4685,4686,4687,4688,4689,4690,4691,4692,4693,4694,4695,4696,4697,4698,4699,4700,4701,4702,4703,4704,4705,4706,4707,4708,4709,4710,4711,4712,4713,4714,4715,4716,4717,4718,4719,4720,4721,4722,4723,4724,4725,4726,4727,4728,4729,4730,4731,4732,4733,4734,4735,4736,4737,4738,4739,4740,4741,4742,4743,4744,4745,4746,4747,4748,4749,4750,4751,4752,4753,4754,4755,4756,4757,4758,4759,4760,4761,4762,4763,4764,4765,4766,4767,4768,4769,4770,4771,4772,4773,4774,4775,4776,4777,4778,4779,4780,4781,4782,4783,4784,4785,4786,4787,4788,4789,4790,4791,4792,4793,4794,4795,4796,4797,4798,4799,4800,4801,4802,4803,4804,4805,4806,4807,4809,4810,4811,4812,4814,4815,4816,4817,4818,4819,4820,4821,4822,4825,4827,4828,4829,4830,4831,4832,4833,4834,4837,4839,4842,4844,4845,4848,4849,4850,4851,4852,4855,4856,4857,4858,4859,4860,4861,4862,4863,4864,4865,4866,4867,4868,4869,4870,4871,4872,4873,4874,4875,4876,4877,4878,4879,4880,4881,4882,4883,4884,4885,4886,4887,4888,4889,4890,4891,4892,4893,4894,4895,4896,4897,4898,4899,4900,4901,4902,4903,4904,4905,4906,4907,4908,4909,4910,4911,4912,4913,4914,4915,4916,4917,4918,4919,4920,4921,4922,4923,4924,4925,4926,4927,4928,4929,4930,4931,4932,4933,4934,4935,4936,4937,4938,4939,4940,4941,4942,4943,4944,4945,4946,4947,4948,4949,4950,4951,4952,4953,4954,4955,4956,4957,4958,4959,4960,4961,4962,4963,4964,4965,4966,4967,4968,4969,4970,4971,4972,4973,4974,4975,4976,4977,4978,4979,4980,4981,4982,4983,4984,4985,4986,4987,4988,4990,4991,4992,4993,4994,4995,4996,4997,4998,4999,5000,5001,5002,5004,5005,5006,5007,5008,5009,5010,5011,5012,5013,5014,5015,5016,5017,5018,5019,5020,5023,5024,5025,5027,5028,5029,5030,5031,5032,5033,5034,5035,5036,5037,5038,5039,5040,5041,5042,5043,5044,5045,5046,5047,5048,5049,5050,5051,5052,5053,5054,5055,5056,5057,5058,5059,5060,5061,5062,5063,5064,5065,5066,5068,5069,5070,5071,5072,5073,5075,5076,5077,5078,5079,5080,5081,5082,5083,5084,5085,5086,5087,5088,5089,5090,5091,5092,5093,5094,5095,5096,5097,5098,5099,5100,5101,5102,5103,5104,5105,5106,5107,5108,5109,5110,5111,5112,5113,5114,5115,5116,5117,5118,5119,5120,5121,5122,5123,5124,5125,5126,5127,5128,5129,5130,5132,5133,5134,5135,5136,5137,5138,5139,5140,5141,5142,5143,5144,5145,5146,5147,5148,5149,5150,5151,5153,5154,5155,5156,5157,5158,5159,5160,5161,5162,5163,5164,5165,5166,5167,5168,5169,5170,5171,5172,5173,5174,5175,5176,5177,5178,5179,5180,5181,5182,5183,5184,5185,5186,5187,5188,5189,5190,5191,5192,5193,5194,5195,5196,5197,5198,5199,5200,5201,5202,5203,5204,5205,5206,5207,5208,5209,5210,5211,5212,5213,5214,5215,5216,5217,5218,5219,5220,5221,5222,5223,5224,5225,5226,5227,5228,5229,5230,5231,5232,5233,5234,5235,5236,5237,5238,5239,5240,5241,5242,5243,5244,5245,5246,5247,5248,5249,5250,5251,5252,5253,5254,5255,5256,5257,5258,5259,5260,5261,5262,5263,5264,5265,5266,5267,5268,5269,5270,5271,5272,5273,5274,5275,5276,5277,5278,5279,5280,5281,5282,5283,5284,5285,5286,5287,5288,5289,5290,5291,5292,5293,5294,5295,5296,5297,5298,5299,5300,5301,5302,5303,5304,5305,5306,5307,5308,5309,5310,5311,5312,5313,5314,5315,5316,5317,5318,5319,5320,5321,5322,5323,5324,5325,5326,5327,5328,5329,5330,5331,5332,5333,5334,5335,5336,5337,5338,5339,5340,5341,5342,5343,5344,5345,5346,5347,5348,5349,5350,5351,5352,5353,5354,5355,5356,5357,5358,5359,5360,5361,5362,5363,5364,5365,5366,5367,5368,5369,5370,5371,5372,5373,5374,5375,5376,5377,5378,5379,5380,5381,5382,5383,5384,5385,5386,5387,5388,5389,5390,5391,5392,5393,5394,5395,5396,5397,5398,5399,5400,5401,5402,5403,5404,5405,5406,5407,5408,5409,5410,5411,5412,5413,5414,5415,5416,5417,5418,5419,5420,5421,5422,5423,5425,5426,5427,5428,5429,5430,5431,5432,5433,5434,5435,5436,5438,5439,5440,5441,5442,5443,5444,5445,5446,5447,5448,5449,5450,5451,5452,5453,5454,5455,5456,5457,5458,5459,5460,5461,5462,5463,5464,5465,5466,5467,5468,5469,5470,5471,5472,5473,5474,5475,5476,5477,5478,5479,5480,5481,5482,5483,5484,5485,5486,5487,5488,5490,5491,5492,5493,5494,5495,5496,5497,5498,5499,5500,5501,5502,5503,5504,5505,5506,5507,5508,5509,5510,5511,5512,5513,5514,5515,5516,5517,5518,5519,5520,5521,5522,5523,5524,5525,5526,5527,5528,5529,5530,5531,5532,5533,5534,5535,5536,5537,5538,5539,5540,5541,5542,5543,5544,5545,5546,5547,5548,5550,5551,5552,5553,5554,5555,5556,5557,5558,5559,5560,5561,5562,5563,5564,5565,5566,5567,5568,5569,5570,5571,5572,5573,5574,5575,5576,5577,5578,5579,5580,5581,5582,5583,5584,5585,5586,5587,5588,5589,5590,5591,5592,5593,5594,5595,5596,5597,5598,5599,5600,5601,5602,5603,5604,5605,5606,5607,5608,5609,5610,5611,5612,5613,5614,5615,5616,5617,5618,5619,5620,5621,5622,5623,5624,5625,5626,5627,5628,5629,5630,5631,5632,5633,5634,5635,5636,5637,5638,5639,5640,5641,5643,5644,5645,5646,5647,5648,5649,5650,5651,5652,5653,5654,5655,5656,5657,5658,5659,5660,5661,5662,5663,5664,5665,5666,5667,5668,5669,5670,5671,5672,5673,5674,5675,5676,5677,5678,5679,5680,5681,5682,5683,5684,5685,5686,5687,5688,5689,5690,5691,5692,5693,5694,5695,5696,5697,5698,5699,5700,5701,5702,5703,5704,5705,5706,5707,5708,5709,5710,5711,5712,5713,5714,5715,5716,5717,5718,5719,5720,5721,5722,5723,5724,5725,5726,5727,5728,5729,5730,5731,5732,5733,5734,5735,5736,5737,5738,5739,5740,5741,5742,5743,5744,5745,5746,5747,5748,5749,5750,5751,5752,5753,5756,5757,5758,5759,5760,5761,5762,5763,5764,5765,5766,5767,5768,5769,5770,5771,5772,5773,5774,5775,5776,5777,5778,5779,5780,5781,5782,5783,5784,5785,5786,5787,5788,5789,5790,5791,5792,5793,5794,5795,5796,5797,5798,5799,5800,5805,5806,5807,5809,5810,5813,5814,5815,5816,5817,5818,5819,5820,5821,5822,5823,5824,5825,5826,5827,5828,5829,5830,5831,5832,5833,5834,5835,5836,5837,5838,5839,5840,5841,5842,5843,5844,5845,5846,5847,5848,5849,5850,5851,5852,5853,5854,5855,5856,5857,5858,5859,5860,5862,5863,5864,5865,5866,5868,5869,5870,5871,5872,5873,5874,5875,5876,5877,5878,5879,5880,5881,5882,5883,5884,5885,5886,5887,5888,5889,5890,5891,5892,5893,5894,5895,5896,5897,5898,5899,5900,5901,5902,5903,5904,5905,5906,5907,5908,5909,5910,5911,5912,5913,5914,5915,5916,5917,5918,5919,5920,5921,5922,5923,5924,5925,5926,5927,5928,5929,5930,5931,5932,5933,5934,5935,5937,5938,5939,5940,5941,5942,5943,5944,5945,5946,5947,5948,5949,5950,5951,5952,5953,5954,5955,5956,5957,5958,5959,5960,5961,5962,5963,5964,5965,5966,5967,5968,5969,5970,5971,5972,5973,5974,5975,5976,5977,5978,5979,5980,5981,5982,5983,5984,5985,5986,5987,5988,5989,5990,5991,5992,5993,5994,5995,5996,5997,5998,5999,6000,6001,6004,6005,6006,6007,6008,6009,6010,6011,6012,6013,6014,6015,6016,6019,6021,6022,6026,6028,6029,6030,6031,6032,6033,6034,6035,6036,6037,6038,6039,6040,6041,6042,6043,6044,6045,6046,6047,6048,6049,6050,6051,6052,6053,6054,6055,6056,6057,6058,6059,6060,6061,6062,6063,6064,6065,6066,6067,6068,6069,6070,6071,6072,6073,6074,6075,6076,6077,6078,6079,6080,6081,6082,6083,6084,6085,6086,6087,6088,6089,6090,6091,6092,6093,6094,6095,6096,6097,6098,6099,6100,6101,6102,6103,6104,6105,6106,6107,6108,6109,6110,6111,6112,6113,6114,6115,6116,6117,6118,6119,6120,6121,6122,6123,6124,6125,6126,6127,6128,6129,6130,6131,6132,6133,6134,6135,6136,6137,6138,6139,6140,6141,6142,6143,6144,6145,6146,6147,6148,6149,6150,6151,6152,6153,6154,6155,6156,6157,6158,6159,6160,6161,6162,6163,6164,6165,6166,6167,6168,6169,6170,6171,6172,6173,6174,6175,6176,6177,6178,6180,6181,6182,6183,6184,6185,6186,6187,6190,6191,6192,6193,6194,6195,6196,6197,6198,6199,6200,6201,6202,6203,6204,6205,6206,6207,6208,6209,6210,6211,6212,6213,6214,6215,6216,6217,6218,6219,6220,6221,6222,6223,6224,6225,6226,6227,6228,6229,6230,6231,6232,6233,6234,6235,6236,6237,6238,6239,6240,6241,6242,6243,6245,6246,6247,6248,6249,6250,6251,6252,6253,6254,6255,6256,6257,6258,6259,6260,6261,6262,6263,6264,6265,6266,6267,6268,6269,6270,6271,6272,6273,6274,6275,6276,6277,6278,6279,6280,6281,6282,6283,6284,6285,6286,6287,6288,6289,6290,6291,6292,6293,6294,6295,6296,6297,6298,6299,6300,6301,6302,6303,6304,6305,6306,6307,6308,6309,6310,6311,6312,6313,6314,6315,6316,6317,6318,6319,6320,6321,6322,6323,6324,6325,6326,6327,6328,6329,6330,6331,6332,6333,6334,6335,6336,6337,6338,6339,6340,6341,6342,6343,6344,6345,6346,6347,6348,6349,6350,6351,6352,6353,6354,6355,6356,6357,6358,6359,6360,6361,6362,6363,6364,6365,6366,6367,6368,6369,6370,6371,6372,6373,6374,6375,6376,6377,6378,6379,6380,6381,6382,6383,6384,6385,6386,6387,6388,6389,6390,6391,6392,6393,6394,6395,6396,6397,6398,6399,6400,6401,6402,6403,6404,6405,6406,6407,6408,6409,6410,6411,6412,6413,6414,6415,6416,6417,6418,6419,6420,6421,6422,6423,6424,6425,6426,6427,6428,6429,6430,6431,6432,6433,6434,6435,6436,6437,6438,6439,6440,6441,6442,6443,6444,6445,6446,6447,6448,6449,6450,6451,6452,6453,6454,6455,6456,6457,6458,6459,6460,6461,6462,6463,6464,6465,6466,6467,6468,6469,6470,6471,6472,6473,6474,6475,6476,6477,6478,6479,6480,6481,6482,6483,6484,6485,6486,6487,6488,6489,6490,6491,6492,6493,6494,6495,6496,6497,6498,6499,6500,6501,6502,6503,6504,6505,6506,6507,6508,6509,6510,6511,6512,6513,6514,6515,6516,6517,6518,6519,6520,6521,6522,6523,6524,6525,6526,6527,6528,6529,6530,6531,6532,6533,6534,6535,6536,6537,6538,6539,6540,6541,6542,6543,6544,6545,6547,6548,6549,6551,6552,6553,6554,6555,6556,6557,6558,6559,6560,6561,6562,6563,6564,6565,6567,6568,6569,6570,6571,6572,6573,6574,6575,6576,6577,6578,6579,6580,6581,6582,6583,6584,6585,6586,6587,6588,6589,6590,6591,6592,6593,6594,6595,6596,6597,6598,6599,6600,6601,6602,6603,6604,6605,6606,6607,6608,6609,6610,6611,6612,6614,6615,6616,6617,6618,6619,6620,6621,6622,6623,6624,6625,6626,6627,6628,6629,6630,6631,6632,6633,6634,6635,6636,6637,6638,6639,6640,6641,6642,6643,6644,6645,6646,6647,6648,6649,6650,6651,6652,6653,6654,6655,6656,6657,6658,6659,6660,6661,6662,6663,6665,6666,6667,6668,6669,6670,6671,6672,6673,6674,6675,6676,6677,6678,6679,6680,6681,6682,6683,6684,6685,6686,6687,6688,6689,6690,6691,6692,6693,6694,6695,6696,6697,6698,6699,6700,6701,6702,6703,6704,6705,6706,6707,6708,6709,6710,6711,6712,6713,6714,6715,6716,6717,6718,6719,6720,6721,6722,6723,6724,6725,6726,6727,6728,6729,6730,6731,6732,6733,6734,6735,6736,6737,6738,6739,6740,6741,6742,6743,6744,6745,6746,6747,6748,6749,6750,6751,6752,6753,6754,6755,6756,6757,6758,6759,6760,6761,6762,6763,6764,6765,6766,6767,6768,6769,6770,6771,6772,6773,6774,6775,6776,6777,6778,6779,6780,6781,6782,6783,6784,6785,6786,6787,6788,6789,6790,6791,6792,6793,6794,6795,6796,6797,6798,6799,6800,6801,6802,6803,6804,6805,6806,6807,6808,6809,6810,6811,6812,6813,6814,6815,6816,6817,6818,6819,6820,6821,6822,6823,6824,6825,6826,6827,6828,6829,6830,6831,6832,6833,6834,6835,6836,6837,6838,6839,6840,6841,6842,6843,6844,6845,6846,6847,6848,6849,6850,6851,6852,6853,6854,6855,6856,6857,6858,6859,6860,6861,6862,6863,6864,6865,6866,6867,6868,6869,6870,6871,6872,6873,6874,6875,6876,6877,6878,6879,6880,6884,6885,6886,6887,6888,6889,6890,6891,6892,6893,6894,6895,6896,6897,6898,6899,6900,6901,6902,6903,6904,6905,6906,6907,6908,6909,6910,6911,6912,6913,6914,6915,6916,6917,6918,6919,6920,6921,6922,6923,6924,6925,6926,6927,6928,6929,6930,6931,6932,6933,6934,6935,6936,6937,6938,6939,6940,6941,6942,6943,6944,6945,6946,6947,6948,6949,6950,6951,6952,6953,6954,6955,6956,6957,6959,6960,6961,6962,6963,6964,6965,6966,6967,6968,6969,6970,6971,6972,6973,6974,6975,6976,6977,6978,6979,6980,6981,6982,6983,6984,6985,6986,6987,6988,6989,6990,6991,6992,6993,6994,6995,6996,6997,6998,6999,7000,7001,7002,7003,7004,7005,7006,7007,7008,7009,7010,7011,7012,7013,7014,7015,7016,7017,7018,7019,7020,7021,7022,7023,7024,7026,7027,7028,7029,7030,7031,7032,7033,7034,7035,7036,7037,7038,7039,7040,7041,7042,7043,7044,7045,7046,7047,7048,7049,7050,7051,7052,7053,7054,7055,7056,7057,7058,7059,7060,7061,7062,7063,7064,7065,7066,7067,7068,7070,7071,7072,7073,7074,7076,7077,7078,7079,7080,7081,7082,7083,7084,7085,7086,7087,7088,7089,7090,7091,7092,7093,7094,7095,7096,7097,7098,7099,7100,7101,7102,7103,7104,7105,7106,7107,7108,7109,7110,7111,7112,7113,7114,7115,7116,7117,7118,7119,7120,7121,7122,7123,7124,7125,7126,7127,7128,7129,7130,7131,7132,7133,7134,7135,7136,7137,7138,7139,7140,7141,7142,7143,7144,7145,7146,7147,7148,7149,7150,7151,7152,7153,7154,7156,7157,7158,7159,7160,7161,7162,7163,7164,7165,7166,7167,7168,7169,7170,7171,7172,7173,7174,7175,7176,7177,7178,7179,7180,7181,7182,7183,7184,7185,7186,7187,7188,7189,7190,7191,7192,7193,7194,7195,7196,7197,7199,7200,7201,7202,7203,7204,7205,7208,7209,7210,7211,7212,7213,7214,7215,7216,7217,7218,7219,7220,7222,7223,7224,7225,7226,7227,7229,7230,7231,7232,7233,7234,7235,7236,7237,7238,7239,7240,7241,7242,7243,7244,7245,7246,7247,7248,7249,7250,7251,7252,7253,7254,7255,7256,7257,7258,7259,7260,7261,7262,7263,7264,7265,7266,7267,7268,7269,7270,7271,7272,7273,7274,7275,7276,7277,7278,7279,7280,7281,7282,7283,7284,7285,7286,7287,7288,7289,7290,7291,7292,7293,7294,7295,7296,7297,7299,7300,7301,7302,7303,7304,7305,7306,7307,7308,7309,7310,7311,7312,7313,7314,7315,7316,7317,7318,7319,7320,7321,7322,7323,7324,7325,7326,7327,7328,7329,7330,7331,7332,7333,7334,7335,7336,7337,7338,7339,7340,7341,7342,7343,7344,7345,7346,7347,7348,7349,7350,7351,7352,7353,7354,7355,7356,7357,7358,7359,7360,7361,7362,7363,7364,7365,7366,7367,7368,7369,7370,7371,7372,7373,7374,7375,7376,7377,7378,7379,7380,7381,7382,7383,7384,7385,7386,7387,7388,7389,7390,7391,7392,7393,7394,7395,7396,7397,7398,7399,7400,7401,7402,7403,7404,7405,7406,7407,7408,7409,7410,7411,7412,7413,7414,7415,7416,7417,7418,7419,7420,7421,7422,7423,7424,7425,7426,7427,7428,7429,7430,7431,7432,7433,7434,7435,7436,7437,7438,7439,7440,7441,7442,7443,7444,7445,7446,7447,7448,7449,7450,7451,7452,7453,7454,7455,7456,7457,7458,7459,7460,7461,7462,7463,7464,7465,7466,7467,7468,7469,7470,7471,7472,7473,7474,7475,7476,7477,7478,7479,7480,7481,7482,7483,7484,7485,7486,7487,7488,7489,7490,7491,7492,7493,7494,7495,7496,7497,7498,7499,7500,7501,7502,7503,7504,7505,7506,7507,7508,7509,7510,7511,7512,7513,7514,7515,7516,7517,7518,7519,7520,7521,7522,7523,7524,7525,7526,7527,7528,7529,7530,7531,7532,7533,7534,7535,7536,7537,7538,7539,7540,7541,7542,7543,7544,7545,7546,7547,7548,7549,7550,7551,7552,7553,7554,7555,7556,7557,7558,7559,7560,7561,7562,7563,7564,7565,7566,7567,7568,7569,7570,7571,7572,7573,7574,7575,7576,7577,7578,7579,7580,7581,7582,7583,7584,7585,7586,7587,7588,7589,7590,7591,7592,7593,7594,7595,7598,7599,7600,7602,7603,7604,7605,7606,7607,7608,7609,7610,7611,7612,7613,7614,7615,7616,7617,7618,7619,7620,7621,7622,7623,7624,7625,7626,7627,7628,7629,7630,7631,7632,7633,7634,7635,7636,7637,7638,7639,7640,7641,7642,7643,7644,7645,7646,7647,7648,7649,7650,7651,7652,7653,7654,7655,7656,7657,7658,7659,7660,7661,7662,7663,7664,7665,7666,7667,7668,7669,7670,7671,7672,7673,7674,7675,7676,7677,7678,7679,7680,7681,7682,7683,7684,7688,7689,7690,7691,7692,7693,7694,7695,7696,7697,7698,7699,7700,7701,7702,7703,7704,7705,7706,7707,7708,7709,7710,7711,7713,7714,7715,7716,7719,7720,7721,7722,7723,7724,7725,7727,7728,7729,7730,7731,7732,7733,7734,7735,7736,7737,7738,7739,7740,7741,7742,7743,7744,7745,7746,7747,7748,7749,7750,7751,7752,7753,7754,7755,7756,7758,7759,7760,7761,7762,7763,7764,7765,7766,7767,7768,7769,7770,7771,7772,7773,7774,7775,7776,7777,7778,7779,7780,7781,7782,7783,7784,7785,7786,7787,7788,7789,7790,7791,7792,7793,7794,7795,7796,7797,7798,7799,7800,7801,7802,7803,7804,7805,7813,7814,7815,7817,7818,7823,7824,7825,7826,7828,7830,7831,7832,7833,7834,7835,7836,7837,7838,7839,7840,7841,7842,7843,7844,7845,7846,7847,7848,7849,7850,7851,7852,7853,7854,7855,7856,7857,7858,7859,7860,7861,7862,7863,7864,7865,7866,7867,7868,7869,7870,7871,7872,7873,7874,7875,7876,7877,7878,7879,7880,7881,7882,7883,7884,7885,7886,7887,7889,7890,7891,7892,7893,7894,7895,7896,7897,7898,7899,7900,7901,7902,7903,7904,7905,7906,7907,7908,7909,7910,7911,7912,7913,7914,7915,7916,7917,7918,7919,7920,7921,7922,7923,7924,7925,7926,7927,7928,7929,7930,7931,7932,7933,7934,7935,7936,7937,7938,7939,7940,7941,7942,7943,7944,7945,7946,7947,7948,7949,7950,7951,7952,7953,7954,7955,7956,7957,7958,7959,7960,7961,7962,7963,7964,7965,7966,7967,7968,7969,7970,7971,7972,7973,7974,7975,7976,7977,7978,7979,7980,7981,7982,7983,7984,7985,7986,7987,7988,7989,7990,7991,7992,7993,7994,7995,7996,7997,7998,7999,8000,8001,8002,8003,8004,8005,8006,8007,8008,8009,8010,8011,8012,8013,8014,8015,8016,8017,8018,8019,8023,8024,8027,8028,8029,8030,8031,8032,8033,8034,8035,8036,8037,8038,8039,8040,8041,8042,8043,8044,8045,8046,8047,8048,8049,8050,8051,8052,8053,8054,8055,8056,8057,8058,8059,8060,8061,8062,8063,8064,8065,8066,8067,8068,8069,8070,8071,8072,8073,8074,8075,8076,8077,8078,8079,8080,8081,8082,8083,8084,8085,8086,8087,8088,8089,8090,8091,8092,8093,8094,8095,8096,8097,8098,8099,8100,8101,8102,8103,8104,8105,8106,8107,8108,8109,8110,8111,8112,8113,8114,8115,8116,8117,8118,8119,8120,8121,8122,8123,8124,8125,8126,8127,8129,8130,8131,8132,8133,8134,8135,8136,8137,8138,8141,8142,8143,8144,8145,8146,8147,8148,8149,8150,8151,8153,8154,8155,8156,8157,8158,8159,8160,8161,8162,8164,8165,8166,8167,8168,8169,8170,8171,8172,8173,8174,8175,8176,8177,8178,8179,8180,8181,8182,8183,8184,8185,8186,8187,8188,8189,8190,8191,8192,8193,8194,8195,8196,8197,8198,8199,8200,8201,8202,8203,8204,8205,8206,8207,8208,8209,8210,8211,8212,8213,8214,8215,8216,8217,8218,8219,8220,8221,8222,8223,8224,8225,8226,8227,8228,8229,8230,8231,8232,8233,8234,8235,8236,8237,8238,8239,8240,8242,8243,8244,8245,8248,8250,8251,8253,8254,8255,8256,8257,8258,8259,8261,8262,8265,8266,8267,8268,8269,8270,8271,8273,8274,8275,8277,8278,8279,8280,8281,8282,8283,8285,8287,8288,8289,8290,8291,8293,8294,8295,8297,8298,8299,8300,8301,8302,8303,8304,8305,8306,8307,8308,8309,8310,8311,8312,8313,8314,8315,8316,8317,8318,8319,8320,8321,8322,8323,8324,8325,8326,8327,8328,8329,8330,8331,8332,8333,8334,8335,8336,8337,8338,8339,8340,8341,8342,8343,8344,8345,8346,8347,8348,8349,8350,8351,8352,8353,8354,8355,8356,8357,8358,8359,8360,8361,8362,8363,8364,8365,8366,8367,8368,8369,8370,8371,8372,8373,8374,8375,8376,8377,8378,8379,8380,8381,8382,8383,8384,8385,8386,8387,8388,8389,8390,8391,8392,8393,8394,8395,8396,8397,8398,8399,8400,8401,8402,8403,8404,8405,8406,8407,8408,8409,8410,8411,8412,8413,8414,8415,8416,8417,8418,8419,8420,8421,8422,8423,8424,8425,8426,8427,8428,8429,8430,8431,8432,8435,8436,8437,8438,8439,8440,8442,8443,8445,8447,8448,8449,8450,8451,8452,8453,8454,8455,8456,8457,8458,8459,8460,8462,8463,8464,8466,8467,8468,8469,8470,8471,8472,8473,8474,8475,8476,8477,8478,8479,8480,8481,8482,8483,8484,8485,8486,8487,8488,8489,8491,8492,8493,8495,8496,8497,8498,8499,8500,8501,8502,8503,8504,8505,8506,8507,8508,8509,8510,8511,8512,8513,8514,8516,8517,8518,8519,8520,8521,8522,8523,8524,8525,8526,8527,8528,8529,8530,8531,8532,8533,8534,8535,8536,8537,8538,8539,8540,8541,8542,8543,8544,8545,8546,8547,8548,8549,8550,8551,8552,8553,8554,8555,8556,8558,8559,8560,8561,8562,8563,8564,8566,8567,8568,8569,8570,8571,8572,8573,8574,8575,8576,8577,8578,8579,8580,8581,8582,8583,8584,8585,8586,8587,8588,8589,8590,8591,8592,8593,8594,8595,8596,8597,8598,8599,8600,8601,8602,8603,8604,8605,8606,8607,8608,8609,8610,8612,8613,8614,8615,8616,8617,8618,8619,8620,8621,8622,8623,8624,8625,8626,8627,8628,8629,8630,8631,8632,8633,8634,8635,8636,8637,8639,8640,8641,8642,8643,8644,8645,8646,8647,8648,8649,8650,8651,8652,8653,8654,8655,8656,8657,8658,8659,8660,8661,8662,8663,8664,8665,8666,8667,8668,8669,8670,8671,8672,8673,8674,8675,8676,8677,8678,8679,8680,8681,8682,8683,8684,8685,8686,8687,8688,8689,8690,8691,8692,8693,8694,8695,8697,8698,8699,8700,8701,8703,8704,8705,8706,8707,8708,8710,8711,8713,8714,8715,8717,8718,8719,8720,8721,8722,8723,8724,8725,8727,8728,8729,8731,8732,8733,8734,8735,8736,8737,8738,8739,8740,8741,8742,8743,8745,8746,8747,8748,8750,8752,8753,8754,8755,8756,8757,8758,8759,8762,8763,8764,8765,8766,8767,8768,8769,8770,8772,8773,8774,8775,8776,8777,8778,8779,8780,8781,8782,8783,8784,8785,8786,8787,8788,8789,8790,8792,8793,8794,8795,8796,8797,8798,8799,8800,8801,8802,8803,8804,8805,8806,8807,8808,8809,8810,8811,8812,8813,8814,8815,8816,8817,8818,8819,8820,8821,8823,8824,8825,8826,8827,8828,8829,8830,8831,8832,8833,8834,8835,8836,8837,8838,8839,8840,8841,8842,8843,8844,8845,8846,8847,8848,8849,8850,8851,8852,8853,8854,8855,8856,8857,8858,8859,8860,8861,8862,8863,8864,8865,8866,8867,8868,8869,8870,8871,8872,8873,8874,8875,8876,8877,8878,8879,8880,8881,8882,8883,8884,8885,8886,8887,8888,8889,8890,8891,8892,8893,8894,8895,8896,8897,8898,8899,8900,8901,8902,8903,8904,8905,8906,8907,8908,8909,8910,8911,8912,8913,8914,8915,8916,8917,8918,8919,8920,8921,8922,8923,8924,8925,8926,8927,8928,8929,8930,8931,8932,8933,8934,8935,8936,8937,8938,8939,8940,8941,8942,8943,8944,8945,8946,8947,8948,8949,8950,8951,8952,8953,8954,8955,8956,8957,8958,8959,8960,8961,8962,8963,8964,8965,8966,8967,8968,8969,8970,8971,8972,8973,8974,8975,8976,8977,8978,8979,8980,8981,8982,8983,8984,8985,8986,8987,8988,8989,8990,8991,8992,8993,8994,8995,8996,8997,8998,8999,9000,9001,9002,9003,9004,9005,9006,9007,9008,9009,9010,9011,9012,9013,9014,9015,9016,9017,9018,9019,9020,9021,9022,9023,9024,9025,9026,9027,9028,9029,9030,9031,9032,9033,9034,9035,9036,9037,9038,9039,9040,9041,9042,9043,9044,9045,9046,9047,9048,9049,9050,9051,9052,9053,9054,9055,9056,9057,9058,9059,9060,9061,9062,9063,9064,9065,9066,9067,9068,9069,9070,9071,9072,9073,9074,9075,9076,9077,9078,9079,9080,9081,9082,9083,9084,9085,9086,9087,9088,9089,9090,9091,9092,9094,9095,9096,9097,9098,9099,9100,9101,9102,9103,9104,9105,9106,9107,9108,9109,9110,9111,9112,9113,9114,9115,9116,9117,9118,9119,9120,9121,9122,9123,9124,9125,9126,9127,9128,9129,9130,9131,9132,9133,9134,9135,9136,9137,9138,9139,9140,9141,9142,9143,9144,9145,9146,9147,9148,9149,9150,9151,9152,9153,9154,9155,9156,9157,9158,9159,9160,9161,9162,9163,9164,9165,9166,9167,9168,9169,9170,9171,9172,9173,9174,9175,9176,9177,9178,9179,9180,9181,9182,9183,9184,9185,9186,9187,9188,9189,9190,9191,9192,9193,9194,9195,9196,9197,9198,9199,9200,9201,9202,9203,9204,9205,9206,9207,9208,9209,9210,9211,9212,9213,9214,9215,9216,9217,9218,9219,9220,9221,9222,9223,9224,9225,9226,9227,9228,9229,9230,9231,9232,9233,9234,9235,9236,9237,9238,9239,9240,9241,9242,9243,9244,9245,9246,9247,9248,9249,9250,9251,9252,9253,9254,9255,9256,9257,9258,9259,9260,9261,9262,9263,9264,9265,9266,9267,9268,9269,9270,9271,9272,9273,9274,9275,9276,9277,9278,9279,9280,9281,9282,9283,9284,9285,9286,9287,9288,9289,9290,9291,9292,9293,9294,9295,9296,9297,9298,9299,9300,9301,9302,9303,9304,9305,9306,9307,9308,9309,9311,9312,9313,9314,9315,9316,9317,9318,9319,9320,9321,9322,9323,9324,9325,9326,9327,9328,9329,9330,9331,9332,9333,9334,9335,9336,9337,9338,9339,9340,9341,9342,9343,9344,9345,9346,9347,9348,9349,9350,9351,9352,9353,9354,9355,9356,9357,9358,9359,9360,9361,9362,9363,9364,9365,9366,9367,9368,9369,9370,9371,9372,9373,9374,9375,9376,9377,9378,9379,9380,9381,9382,9383,9384,9385,9386,9387,9388,9389,9390,9391,9392,9393,9394,9395,9396,9397,9398,9399,9400,9401,9402,9403,9404,9405,9406,9407,9408,9409,9410,9411,9412,9413,9414,9415,9416,9417,9418,9419,9420,9421,9422,9423,9424,9425,9426,9427,9428,9429,9430,9431,9432,9433,9434,9435,9436,9437,9438,9439,9440,9441,9442,9443,9444,9445,9446,9447,9448,9449,9450,9451,9452,9453,9454,9455,9456,9457,9458,9459,9460,9461,9462,9463,9464,9465,9466,9467,9468,9469,9470,9471,9472,9473,9474,9475,9476,9477,9478,9479,9480,9481,9482,9483,9484,9485,9486,9487,9488,9489,9490,9491,9492,9493,9494,9495,9496,9497,9498,9499,9500,9501,9502,9503,9504,9505,9506,9507,9508,9509,9510,9511,9512,9513,9514,9515,9516,9517,9518,9519,9520,9521,9522,9523,9524,9525,9526,9527,9528,9529,9530,9531,9532,9533,9534,9535,9536,9537,9538,9539,9540,9541,9542,9543,9544,9545,9546,9547,9548,9549,9550,9551,9552,9553,9554,9555,9556,9557,9558,9559,9560,9561,9563,9565,9566,9571,9573,9574,9575,9576,9577,9578,9579,9580,9581,9582,9583,9584,9585,9586,9587,9588,9589,9590,9592,9593,9594,9595,9596,9597,9598,9599,9600,9601,9602,9603,9604,9605,9606,9607,9608,9609,9610,9611,9612,9613,9614,9615,9616,9617,9618,9619,9620,9621,9622,9623,9624,9625,9626,9627,9628,9629,9630,9631,9632,9633,9634,9635,9636,9637,9638,9639,9640,9641,9642,9643,9644,9645,9646,9647,9648,9649,9650,9651,9652,9653,9654,9655,9656,9657,9658,9659,9660,9661,9662,9663,9664,9666,9667,9668,9669,9670,9671,9672,9673,9674,9675,9676,9677,9678,9679,9680,9681,9682,9683,9684,9685,9686,9687,9688,9689,9690,9691,9692,9693,9694,9695,9697,9699,9700,9702,9704,9705,9707,9709,9710,9711,9712,9713,9714,9715,9716,9717,9718,9720,9721,9722,9723,9724,9726,9728,9729,9730,9731,9732,9733,9734,9735,9736,9737,9738,9739,9740,9741,9742,9743,9744,9745,9746,9747,9748,9749,9750,9751,9752,9753,9754,9755,9757,9761,9762,9763,9764,9765,9766,9767,9768,9769,9770,9771,9772,9773,9774,9775,9776,9777,9778,9779,9780,9781,9782,9783,9784,9785,9786,9787,9788,9789,9790,9791,9792,9793,9794,9795,9796,9797,9798,9799,9800,9801,9802,9803,9804,9805,9806,9807,9808,9809,9810,9811,9812,9813,9814,9815,9816,9817,9818,9819,9820,9821,9822,9823,9825,9826,9827,9828,9829,9830,9831,9832,9833,9834,9835,9836,9837,9840,9842,9843,9844,9845,9846,9847,9848,9849,9850,9851,9852,9853,9854,9855,9856,9857,9858,9859,9860,9861,9862,9863,9864,9865,9866,9867,9868,9869,9870,9871,9872,9873,9874,9875,9876,9877,9878,9879,9880,9881,9882,9883,9884,9885,9886,9887,9888,9889,9890,9891,9892,9893,9894,9895,9896,9897,9898,9899,9900,9901,9902,9903,9904,9905,9906,9907,9908,9909,9910,9911,9912,9913,9914,9915,9916,9917,9918,9919,9920,9921,9922,9923,9924,9925,9926,9927,9928,9929,9930,9931,9932,9933,9934,9935,9936,9937,9938,9939,9940,9941,9942,9943,9944,9945,9946,9947,9948,9949,9950,9951,9952,9953,9954,9955,9956,9957,9958,9959,9960,9961,9962,9963,9964,9965,9966,9967,9968,9969,9970,9971,9972,9973,9974,9975,9976,9977,9978,9979,9980,9981,9982,9983,9984,9985,9986,9987,9988,9989,9990,9991,9992,9993,9994,9995,9997,9998,9999,10000,10001,10002,10003,10005,10006,10007,10008,10009,10010,10011,10012,10013,10014,10015,10016,10017,10018,10020,10021,10022,10024,10025,10026,10027,10028,10029,10030,10032,10033,10034,10035,10036,10038,10039,10040,10041,10042,10044,10045,10046,10048,10049,10050,10051,10052,10053,10054,10055,10056,10057,10058,10059,10061,10062,10063,10064,10065,10067,10069,10072,10073,10074,10075,10076,10077,10078,10079,10080,10081,10082,10083,10084,10085,10086,10087,10088,10089,10090,10091,10092,10093,10094,10095,10096,10097,10098,10099,10100,10101,10102,10103,10104,10105,10106,10107,10108,10109,10110,10111,10112,10113,10114,10115,10116,10117,10118,10119,10120,10121,10122,10123,10124,10125,10126,10127,10128,10129,10130,10131,10132,10133,10134,10135,10136,10137,10138,10139,10140,10141,10142,10143,10144,10145,10146,10147,10148,10149,10150,10151,10152,10153,10154,10155,10156,10157,10158,10159,10160,10161,10162,10163,10164,10165,10166,10167,10168,10169,10170,10171,10172,10173,10174,10175,10176,10177,10178,10179,10180,10181,10182,10183,10184,10185,10186,10187,10188,10189,10190,10191,10192,10193,10194,10195,10196,10197,10198,10199,10200,10201,10202,10203,10204,10205,10206,10207,10208,10209,10210,10211,10212,10213,10214,10215,10216,10217,10218,10219,10220,10221,10222,10223,10224,10225,10226,10227,10228,10229,10230,10231,10232,10233,10234,10235,10236,10237,10238,10239,10240,10241,10242,10243,10244,10245,10246,10247,10248,10249,10250,10251,10252,10253,10254,10255,10256,10257,10258,10259,10260,10261,10262,10263,10264,10265,10266,10267,10268,10269,10270,10272,10274,10275,10276,10277,10278,10279,10280,10281,10282,10283,10285,10286,10288,10291,10292,10293,10294,10295,10297,10299,10301,10302,10303,10304,10305,10306,10307,10308,10309,10310,10311,10312,10313,10314,10315,10316,10317,10318,10319,10320,10321,10322,10323,10324,10325,10326,10327,10328,10329,10330,10332,10333,10334,10335,10336,10337,10338,10339,10340,10341,10342,10343,10344,10345,10346,10347,10348,10349,10350,10351,10352,10353,10354,10355,10356,10357,10358,10359,10360,10361,10362,10363,10364,10365,10366,10367,10368,10369,10370,10371,10372,10373,10374,10375,10376,10377,10378,10379,10380,10381,10383,10384,10385,10386,10387,10388,10389,10390,10391,10392,10393,10394,10395,10396,10397,10398,10399,10400,10401,10402,10403,10404,10405,10406,10407,10408,10409,10410,10411,10412,10413,10414,10415,10416,10417,10418,10419,10420,10421,10422,10423,10424,10425,10426,10427,10428,10429,10430,10431,10432,10433,10434,10435,10436,10437,10438,10439,10440,10441,10442,10443,10444,10445,10446,10447,10448,10449,10450,10451,10452,10453,10454,10455,10456,10457,10458,10459,10460,10461,10462,10463,10464,10465,10466,10467,10468,10469,10470,10471,10472,10473,10474,10475,10476,10477,10478,10479,10480,10481,10482,10484,10485,10486,10487,10488,10489,10490,10491,10492,10493,10494,10495,10496,10497,10498,10499,10500,10501,10502,10503,10504,10505,10506,10507,10508,10509,10510,10511,10512,10513,10514,10515,10516,10517,10518,10519,10520,10521,10522,10523,10524,10525,10526,10527,10528,10529,10530,10531,10532,10533,10534,10535,10536,10537,10538,10539,10540,10541,10542,10543,10544,10545,10546,10547,10548,10549,10550,10551,10552,10553,10554,10555,10556,10557,10558,10559,10560,10561,10562,10563,10564,10565,10566,10567,10568,10569,10570,10571,10572,10573,10574,10575,10576,10577,10578,10579,10580,10581,10582,10583,10584,10585,10586,10587,10588,10589,10590,10591,10592,10593,10594,10595,10596,10597,10598,10599,10600,10601,10602,10603,10604,10605,10606,10607,10608,10609,10610,10611,10612,10613,10614,10615,10616,10617,10618,10619,10620,10621,10622,10623,10624,10625,10626,10627,10628,10629,10630,10631,10632,10633,10634,10635,10636,10638,10639,10640,10641,10642,10643,10644,10645,10646,10647,10648,10649,10650,10651,10652,10653,10654,10655,10656,10657,10658,10659,10660,10661,10662,10663,10664,10665,10666,10667,10668,10669,10670,10671,10672,10673,10674,10675,10677,10678,10679,10680,10681,10682,10683,10684,11000,11001,11002,11003,11004,11005,11006,11007,11008,11009,11010,11011,11012,11013,11014,11015,11016,11017,11018,11019,11020,11021,11022,11023,11024,11025,11026,11027,11028,11029,11030,11038,11039,11040,11041,11042,11043,11044,11045,11046,11047,11048,11049,11050,11051,11052,11053,11054]
nombre=['Sin información','Mezcla de frondosas con predominio de exóticas','Dracaena draco','Frangula alnus','Rhamnus alaternus','Mezcla de frondosas autóctonas y exóticas','Xesteira mezclada. Varias especies del Género Cytisus en mezcla','Xesteira mixta. Varios Géneros, con predominio de Cytisus/Sarothamnus','Phillyrea latifolia','Mezcla de frondosas autóctonas con frondosas y coníferas exóticas','Mezcla de coníferas autóctonas y exóticas','Ailanthus altissima','Malus sylvestris','Celtis australis','Taxus baccata','Mezcla de coníferas con predominio de exóticas','Mezcla de coníferas y frondosas con predominio de exóticas','Arbolado mixto caducifolio, en España Mediterránea','Chamaecyparis lawsoniana','Acer campestre','Amygdalus dulcis','Pinus sylvestris','Pinus uncinata','Pinus pinea','Pinus halepensis','Pinus nigra','Pinus pinaster','Pinus canariensis','Pinus radiata','Acer monspessulanum','Acer pseudoplatanus','Abies alba','Abies pinsapo','Picea abies','Pseudotsuga menziesii','Acer granatense','Arbutus unedo','Betula celtiberica','Juniperus thurifera','Betula pubescens fontqueri','Betula pendula','Quercus robur','Quercus petraea','Betula pubescens carpatica','Bosque o parque de coníferas xerófilas','Quercus ilex rotundifolia','Quercus suber','Quercus canariensis','Bosque o parque de coníferas xerófilas y frondosas esclerófilas','Crataegus monogyna','Populus alba','Populus tremula','Bosque mixto de caducifolios y subsclerófilos','Alnus glutinosa','Bosque mixto de caducifolios y esclerófilos','Bosque esclerófilo mixto','Bosque esclerófilo mixto de pie de cantil','Bosque mixto de subsclerófilos y esclerófilos','Bosque mixto de subsclerófilos y coníferas','Galería continental salina','Eucalyptus globulus','Eucalyptus camaldulensis','Fraxinus angustifolia','Ficus carica','Ilex aquifolium','Fraxinus excelsior','Ceratonia siliqua','Bosque mixto caducifolio (fraga) en enclaves en España Mediterránea','Bosque mixto de caducifolios y coníferas','Fraxinus ornus','Fagus sylvatica','Castanea sativa','Elaeagnus angustifolia','Corylus avellana','Juglans regia','Galería alta','Soto mixto arbóreo','Soto mixto arbustivo','Juniperus communis alpina','Juniperus communis communis','Myrica faya','Erica arborea','Persea indica','Juniperus communis hemisphaerica','Ocotea foetens','Apollonias barbujana','Juniperus oxycedrus','Sabinar mixto','Juniperus phoenicea','Juniperus sabina','Sabino-enebral','Bosque mixto de laurifolios y esclerófilos','Populus canescens','Rhus coriaria','Populus nigra','Carpinus betulus','Laurus nobilis','Bosque de elevada heterogeneidad','Bosque subsclerófilo mixto','Olea europaea sylvestris','Olea europaea europaea','Prunus avium','Quercus coccifera','Calluna vulgaris','Arctostaphylos uva-ursi','Mezcla de varias especies de pinos','mezcla de varias especies del género Pinus','Quercus cerrioides','Myrtus communis','Pistacia lentiscus','Ligustrum vulgare','Quercus fruticosa','Rosmarinus officinalis','Quercus ilex ilex','Berberis vulgaris','Quercus pubescens','Quercus pyrenaica','Quercus, varias especies en mezcla','Cornus sanguinea','Euonymus europaeus','Quercus faginea','Ziziphus lotus','Quercus gr. faginea. Varias estirpes infraspecíficas o de difícil adscripción','Anthyllis cytisoides','Sorbus aria','Santolina rosmarinifolia','Salix alba','Salix atrocinerea','Salix pedicellata','Sorbus domestica','Salix fragilis','Sorbus hybrida','Sorbus latifolia','Sorbus mougeotii','Sambucus nigra','Salix caprea','Salix canariensis','Saladar seco','Sorbus torminalis','Sorbus aucuparia','Sauzal alto mixto','Sauzal mixto en gándara o turbera','Tetraclinis articulata','Tilia cordata','Tamarix africana','Tamarix gallica','Tilia intermedia','Tilia platyphyllos','Tamarix canariensis','Tamarix boveana','Tarajal mezclado (mezcla de especies de Tamarix)','Ulmus glabra','Ulmus minor','Phoenix dactylifera','Asphodelus albus','Adenocarpus complicatus','Adenocarpus decorticans','Arthrocnemum fruticosum','Arthrocnemum macrostachyum','Adenocarpus hispanicus','Amelanchier ovalis','Arthrocnemum perenne','Asphodelus ramosus','Atriplex halimus','Bupleurum fruticosum','Bupleurum gibraltaricum','Brachypodium phoenicoides','Brachypodium retusum','Cytisus arboreus','Cytisus cantabricus','Cytisus commutatus','Cytisus grandiflorus','Carrichtera annua','Cladium mariscus','Cytisus multiflorus','Corema album','Cytisus patens','Cytisus scoparius','Cytisus striatus','Cytisus reverchonii','Cedrus atlantica','Cedrus libanotica, aggr.,s.l.','Dorycnium pentaphyllum','Dittrichia viscosa','Escobillar mixto','Eucalyptus dalrympleana','Ephedra fragilis','Eucalyptus macarthuri','Eucalyptus obliqua','Eucalyptus gomphocephala','Eucalyptus rudis','Eucalyptus sp.','Eucalyptus citriodora','Eucalyptus spp., en mezcla','Festuca arundinacea','Festuca spp. de alta montaña','Guiraoa arvensis','Gypsophila hispanica','Chamaespartium sagittale','Chamaespartium tridentatum','Hippocrepis comosa','Hyparrhenia hirta','Hippophaë rhamnoides','Cupressus glabra','Cupressus lusitanica','Cupressus macrocarpa','Cupressus sempervirens','Cupressus, otras especies','Cupressus, varias especies, en mezcla','Koeleria crassipes','Koeleria vallesiana castellana','Lavandula angustifolia','Populus x canadensis','Lavandula dentata','Limonium insigne','Lavandula latifolia','Limoniastrum monopetalum','Lavandula lanata','Larix, una o varias especies','Lavandula stoechas','Lavandula angustifolia x vera (lavandín)','Limonium, especies vivaces, una o varias ("orejonal")','Nicotiana glauca','Nerium oleander','Ononis fruticosa','Ononis natrix','Opuntia sp.','Ononis ramosissima','Ononis speciosa','Ononis tridentata','Periploca laevigata angustifolia','Pinus brutia','Pinus ponderosa','Phillyrea angustifolia','Platanus hybrida','Phillyrea media','Pinus jeffreyi','Pinus nigra nigra','Phlomis purpurea','Pinus strobus','Pistacia terebinthus','Mezcla de varias especies de pinos, todos o la mayoría exóticos','Quercus cerris','Quercus rubra','Ricinus communis','Rhododendron ferrugineum','Coronilla minima minima','Robinia pseudacacia','Coronilla minima minor','Almarjal, Barrillar','Securinega tinctoria','Marisma salina clara','Marisma salina densa','Salix elaeagnos','Stipa gigantea','Saladar húmedo','Stipa iberica','Salsola kali','Salix americana','Salix viminalis','Stipa offneri','Stipa pennata','Salix purpurea','Stipa lagascae','Sosar terofítico (Halogeton, Salsola papillosa, etc.)','Suaeda maritima','Salvia lavandulifolia','Suaeda vera','Quenopodiáceas y spp. varias de otras familias, mezcla en agrupación halófila','Thymus baeticus','Thymbra capitata','Thymus hyemalis','Thymus longiflorus','Thymus mastichina','Thymelaea tinctoria','Thymus serpyllioides','Thymelaea hirsuta','Thymus membranaceus','Thymus vulgaris','Thymus zygis','Ulmus pumila','Vaccinium myrtillus','Viburnum tinus','Withania frutescens','Bojar mixto','brezal hidrófilo mixto','Brezal mezclado','Erica cinerea','Erica andevalensis','Erica mackaiana','Cistus laurifolius','Festuca scariosa','Helictotrichon filifolium','Genista florida','Genista cinerea','Genista valentina','Genista obtusiramea','Genista ramosissima','Genista spartioides','Genista pilosa','Genista pseudopilosa','Helichrysum sp.','Cistus ladanifer','Cistus monspeliensis','Cistus populifolius','Jaral mezclado.- Cistus, varias especies, en mezcla','Rosmarinus sp.','Cytisus purgans','Retama sphaerocarpa','Retama monosperma','Artemisia herba-alba','Artemisia glutinosa','Artemisia barrelieri','Ulex europaeus','Ulex minor','Ulex gallii','Tojar extramediterráneo. Mezcla de spp. de Ulex o bien tojar con matorral mixto','Ulex parviflorus','Stauracanthus boivinii','Aulagar mezclado o mixto mediterráneo','Desierto, en general. Cubierta vegetal inferior al 5% de la superficie','Semidesierto, en general. Cubierta entre el 5% y el 15%','Desierto de altura','Semidesierto de altura','Desierto de barro','Semidesierto de barro','Desierto de erosión','Semidesierto de erosión','Desierto rocoso, no kárstico, roquedo compacto','Semidesierto rocoso, no kárstico','Desierto por sobrecarga de macrofauna espontánea','Semidesierto por sobrecarga de macrofauna espontánea','Desierto de hielo','Semidesierto de hielo','Desierto por incendios','Semidesierto por incendio reiterado','Desierto de canchales, gleras, cascajares y pedregales','Semidesierto de canchales, gleras, cascajares y pedregales','Desierto kárstico','Semidesierto kárstico','Desierto inundado por mareas, en sustrato no barroso','Desierto por excavaciones o escombreras de minas y canteras','Semidesierto por excavaciones o escombreras de minas y canteras','Desierto por pastoreo o sobrecarga ganadera','Semidesierto por pastoreo o sobrecarga ganadera','Desierto de arena','Semidesierto de arena','Desierto por concentración de sustancias tóxicas','Semidesierto por concentración de sustancias tóxicas','Desierto salino seco','Semidesierto salino seco','césped','Nardus stricta','Césped denso de altura, "tasca"','Césped denso de altura, "borreguil"','Césped denso de altura, "braña de cumbres"','Estepa leñosa','Estepa leñosa de altura','Estepa leñosa de algezar','Matas bajas y herbáceas vivaces en karst','Estepa leñosa de duna','Palmitar, en zona hiperárida','Erizal. Matorral espinoso almohadillado','Genista baetica','Genista haenseleri','Genista hispanica','Calicotome spinosa, C. villosa','Astragalus boissieri','Astragalus nevadensis','Astragalus clusii','Brezal xerófilo mixto','Erica scoparia','Erica multiflora','Erica umbellata','Erica vagans','Erica australis','brezal mixto','Garriga alta y densa','Garriga media degradada','Garriga clara, muy degradada o incipiente','Romeral mixto','Salvio-Esplegar','Prado de diente','Espinar, s.l.','Espinar caducifolio','Crataegus sp.','Rhamnus catharticus','Rosa, una o varias especies, arbustivas o subarbustivas','Prunus ramburii','Prunus spinosa','Berberis hispanica','Maytenus senegalensis','Rahmnus lycioides, Rh. oleoides, Rh. saxatilis','Lycium, una o varias especies','Calicotome intermedia','Pteridium aquilinum, o helechar de altura','Helechar mixto','Herbazal anual','Jaramagal (Diplotaxis, Brassica, etc.)','Cenizar (Chenopodium, Amaranthus, etc.)','Herbazal rudero-nitrófilo','Herbazal anual gipsófilo','Launaea, una o varias especies anuales','Spartina stricta o Lastonar marismeño','Diplotaxis harra','Herbazal terofítico de gándara','Moricandia arvensis ("collejonar")','Reseda, una o varias especies anuales','Herbazal rudero-arvense','Margarital (Anthemis, Tanacetum, Ormenis, etc.)','Asphodelus fistulosus','Trebolar terofítico mixto','Jaramagal ammo-nitrófilo','Herbazal de leguminosas xerófilas','Moricandia foetida','Espiguillar terofítico (Bromus, Vulpia, Hordeum, etc.)','Espiguillar terofítico sobre barbecho antiguo (Trachynia, Cynosurus, etc.)','Moricandia moricandioides','Césped xerófilo mixto (Festuca hystrix, F. duriuscula, etc.)','Cardal (Onopordon, Sylibum, Cirsium, Eryngium, Ptilostemon, etc.)','Lastonar mixto','Agrostis curtisii','Gramal mixto (Dactylis, Cynodon, Koeleria, Avenula, etc.)','Lastonar de altura','Lastonar pinchudo de altura (Festuca indigesta)','Corynephorus canescens','Ammophila arenaria','Arrhenatherum bulbosum','Matorral mixto, s.l.','Sideritis glacialis','Matorral en karst','Tamojar','Matorral de pie de cantil','Arenaria tetraqueta','Matorral mixto de ericáceas','Matorral mixto de gándara','Erodium petraeum','Saladar negro: Salsola verticillata','Matorral mixto gipsófilo','Matorral claro gipsófilo','Matorral halófilo con presencia importante de Salsola verticillata','Matorral mixto halo-higrófilo','Matorral mixto nitro-termófilo','Matorral mixto halo-xerófilo','Matorral mixto con predominio de Genista spartioides','Matorral mixto con predominio de Genista spartioides y Ulex parviflorus','Matorral mixto con predominio de romero','Matorral mixto con predominio de Ulex parviflorus','Matorral mixto con predominio de Anthyllis cytisoides','Lasto-Erizal','Lasto-Mato-Erizal','Mato-Erizal','Mancha alta y densa','Mancha degradada','Matorral alto en karst','Buxus sempervirens','Buxus balearica','Pastizal estacional denso','Pastizal estacional claro','Pastizal estacional de leguminosas xerófilas vivaces','Pastizal o herbazal vivaz con encharcamiento temporal','Herbazal vivaz en duna o arena móvil','herbazal vivaz sometido a inundación intermitente por mareas','Pastizal mesófilo denso','Matorral retamoideo mixto. Varios Géneros, predominio Genista-Retama-Spartium','Teline linifolia','Spartium junceum','Teline monspessulana','Salsola genistoides','Prado de siega','Tomillar mixto','Tomillar mixto con Compuestas leñosas (Artemisia, Helichrysum, Santolina)','Agave sisalana','Agave fourcroydes','Jaguarzal, Carpazal','Cistus albidus','Cistus salvifolius','Cistus psilosepalus','Cistus clusii','Jaguarzal, carpazal gipsófilo','Halimium alyssoides','Halimium halimifolium','Halimium atriplicifolium','Helianthemum gr. croceum','Helianthemum, especies rastreras, excluída gr. Croceum','Helianthemum apenninum','Chamaerops humilis','Junquera mixta y/o herbazal vivaz alto de "tabla"','Herbazal mixto de tabla (vivaces y terófitos, con predominio de éstos)','Typha latifolia','Typha angustifolia','Junquera mezclada.- Juncus, especies varias en mezcla','Junciar alto','Herbazal vivaz de gándara','Herbazal mixto de gándara (spp. anuales)','Holoschoenus vulgaris','Pastizal leñoso mixto: Especies ± xerófilas','Pastizal leñoso mixto: especies ± hidrófilas, en dominios de bosque caducifolio','Acacia dealbata','Acacia melanoxylon','Stipa tenacissima','Lygeum spartum','Arbustedo mixto caducifolio','Matorral acusadamente termófilo','Fraga poliedícica.- Bosque caducifolio poliedícico extramediterráneo','Bosque mixto de pie de cantil','Galería arbórea mixta','Fraga diedícica de Quercus robur y Betula celtiberica','Fraga diedícica de Quercus robur y Castanea sativa','Fraga diedícica de Betula celtiberica y Castanea sativa','Fraga diedícica de Quercus pyrenaica y Castanea sativa','Fraga diedícica de Quercus robur e ilex aquifolium','Fraga diedícica de Quercus pyrenaica y Betula celtiberica','Mosaico en gándara con árboles y arbustos','Fraga triedícica, con Quercus pyrenaica, Betula celtiberica y Castanea sativa','Fraga triedícica con Quercus robur, Quercus pyrenaica y Betula celtiberica','Fraga triedícica con Quercus robur, Quercus pyrenaica y Castanea sativa','Fraga diedícica con Quercus robur y Quercus pyrenaica','Fraga triedícica con Quercus robur, Betula celtiberica y Castanea sativa','Fraga mixta con Tilia sp.','Galería arbustiva mixta','Rubus ulmifolius','Rubus, especies de tallas bajas o medias','Genista scorpius','Erizal mixto','Arenaria pungens','Hormatophylla spinosa','Vella spinosa','Echinospartum sp.','Bupleurum spinosum','Genista tejedensis','Erinacea anthyllis','Genista pumila','Cultivos agrícolas','Arbolado','Arbustedo','Lasto-timo-aliagar','Genista equisetiformis, G. umbellata','Genista umbellata','Launaea arborescens','Launaea lanifera','Phragmites australis (carrizal)','Arundo plinii','Arundo donax','Cañar o carrizal mixto','Musgar','Liquenar','Matorral mixto silicícola (composición dependiente de la comarca y la altitud)','Matorral mixto silicícola con participación apreciable de elementos espinosos','Matorral mixto calcícola','Matorral mixto calcícola con participación apreciable de espinosas','Sabino-enebral rastrero mixto','áreas en proceso de urbanización o urbanizadas','Arbutus canariensis','Prado con pebes','Arbustedo mixto termófilo','Brezal con matorral mixto','Bosque termófilo mixto','Chamaecytisus palmensis','Erica scoparia platycodon','Juniperus cedrus','Laurus azorica','Laurocerasus lusitanica hixa','Laurisilva multiespecífica','Laurisilva oligoespecífica','Monteverde','Olea europaea','Pistacia atlantica','Prelaurisilva','Premonteverde','Phoenix canariensis','Retamar mixto del Teide','Sabinar fresco mixto','Visnea mocanera','Agave americana','Artemisia canariensis','Adenocarpus foliolosus','Atriplex glauca','Adenocarpus viscosus','Citrullus colocynthis','Cheiranthus scoparius','Cistus symphytifolius','Chenolea tomentosa','Echium decaisnel','Echium onosmifolium','Eupatorium','Hypericum canariense','Lycium intricatum','Neochamaelea pulverulenta','Ononis angustissima','Odontospermum intermedium','Odontospermum sericeum','Pterocephalus dumetorum','Pterocephalus lasiospermus','Plocama pendula','Periploca laevigata','Plantago webbil','Rumex lunaria','Sideritis bolleana','Salvia canariensis','Suaeda vermiculata','Schizogyne sericea','Salsola vermiculata','Salsola verticillata','Suaeda vera vera','Traganum moquinii','Viola cheiranthifolia','Zigophyllum fontanesii','Codesar (Adenocarpus) extraalísico','Codesar suprasílvico, ocasionalmente sílvico','Desierto de bloques rocosos','Desierto de roca compacta','Desierto de lavas','Desierto de picones','Arenales y Jables','Desierto de altura','Tabaibar amargo','Dragonal (vestigios)','Almacigar (vestigios)','Aulagar','Aulagar de Launaea arborescens','Aulagar claro (Launaea arborescens)','Jaramagal','Semidesierto','Herbazal anual alísico','Herbazal anual extraalísico (sílvico)','Herbazal anual higrófilo','Herbazal anual intraalísico','Herbazal anual suprasílvico (claro)','Herbazal vivaz, s.l.','Cardal','Lastonar (Pennisetum, Aristida, etc.)','Matorral mixto alísico, s.l.','Matorral mixto blanco, alísico','Matorral mixto blanco, extraalísico','Matorral mixto infrasílvico','Matorral mixto seco infrasílvico','Matorral mixto suprasílvico, claro','Matorral mixto tajial, infrasílvico','Tagasastar','Retamar extraalísico (Teline, Retama)','Retamar suprasílvico','Escobonal','Matorral halófilo mixto','Tomillar','Jaral, Jaguarzal, s.l.','Junquera','Acacia cyclops','Acacia cyanophylla','Tajinastar','Laurisilva oligospecífica','Laurisilva multispecífica','Rubus spp. Zarzal','Cedral rastrero de altura','Cardonal de Euphorbia canariensis','Cardonal de Euphorbia handiensis','Toldar (Euphorbia aphylla)','Tabaibar dulce (Euphorbia balsamifera)','Matorral termófilo mixto','Matorral termófilo con predominio de Euphorbiaceae','Matorral termófilo con elementos crasos (Euphorbia aphylla, Ceropegia spp.)','Palmar','Nopalar (Opuntia spp.)','Cornicalar (Periploca laevigata)','Mezcla de Quercus ilex ilex y Quercus ilex rotundifolia','Asphodelus aestivus','Asplenium onopteris','Brachypodium sylvaticum','Hedera canariensis','Myosotis latifolia','Origanum vulgare','Phagnalon saxatilis','Psoralea bituminosa','Smilax aspera','Viola riviniana','Woodwardia radicans','Aeonium palmensis','Aeonium viscatum','Ageratina adenophora','Ageratina riparia','Aichryson laxum','Aichryson punctatum','Argyranthemum frutescens','Argyranthemum gracile','Brachypodium arbuscula','Bupleurum salicifolium','Bystropogon canariensis','Bystropogon origanifolius','Carlina xeranthemoides','Chamaecytisus proliferus','Davalia canariensis','Descurainia bourgeana','Dryopteris oligodonta','Echium aculeatum','Echium brevirame','Echium hierrense','Erysimum scoparium','Euphorbia aphylla','Euphorbia balsamifera','Euphorbia berthelotii','Euphorbia obtusifolia','Euphorbia canariensis','Euphorbia mellifera','Fayal brezal','Fayal-brezal de tejo','Ferula linkii','Geranium canariensis','Gesnouinia arborea','Gonospermum canariensis','Gonospermun fruticosum','Heberdenia bahamensis','Herbazal alísico','Herbazal extraalísico','Herbazal infrasílvico','Hypericum grandifolium','Hypericum reflexum','Ilex canariensis','Ilex platyphilla','Jaral mixto','Jasminum adoratisimun','Laurisilva termófila','Lavandula canariensis','Lavandula pinnatifida','Lotus campylocladus','Lotus hillebrandii','Matorral de artemisia ramosa','Matorral mixto extraalísico','Matorral mixto halo-higrófilo','Matorral mixto hiperxerófilo','Matorral termófilo mixto (crasas y secas) claro','Maytenus canariensis','Messerschmidia fruticosa','Micromeria hyssopifolia','Micromeria varia','Myrica rivas-martinezii','Pastizal estacional claro','Phyllis nobla','Picconia excelsa','Pleiomeris canariensis','Pseudoarrhenaterum bulbosum','Reducto o vestigio de almacigar','Retama monosperma rhodorrhizoides','Rhamnus crenulata','Rhamnus glandulosa','Rubia fruticosa','Rumex maderensis','Scrophularia glabrata','Semidesierto de lavas','Semidesierto de picón','Senecio klenia','Sideroxylon marmulano','Smilax canariensis','Sonchus leptocephalus','Spartocytisus filipes','Teline canariensis','Teline microphylla','Teline stenopetala','Tolpis laciniata','Viburnum rigidum','Viola palmensis','Terrenos improductivos','Echium webbii','Aeonium nobile','Cedronella canariensis','Convolvulus canariensis','Convolvulus floridus','Plantago arborescens','Globularia salicina','Aeonium subplanum','Aeonium hierrense','Aeonium punctatum','Aeonium lindleyi','Aeonium canariense','Aeonium ciliatum','Aeonium spathulatum','Spartocytisus supranubius','Phagnalon purpurascens','Echium acanthocarpum','Echium leucophaeum','Echium auberianum','Echium wildpretii','Echium virescens','Aeonium decorum','Paronychia canariensis','Mesembryanthemun aistalinea','Carlina salicifolia','Polycarpea nivea','Tolpis proustii','Tolpis webbii','Sambucus palmensis','Canarina canariensis','Tamus edulis','Urtica morifolia','Limonium pectinatum','Descurainia millefolia','Lotus emeroides','Lotus glaucus','Lotus sessilifolius','Sonchus hierriensis','Sonchus arboreus','Greenovia diplocycla','Ixanthus viscosus','Silene nocteolens','Rubus bollei','Ceropegia fusca','Sideritis dendro-chahorra','Semele androgyna','Astydamia latifolia','Withania aristata','Isoplexis canariensis','Allagopappus dichotomus','Salsola longifolia','Euphorbia atropurpurea','Cheirolophus teydis','Arrhenatherum calderae','Senecio palmensis','Asparagus plocamoides','Bystropogon plumosus','Pennisetum setaceum','Bencomia caudata','Pimpinella cumbrae','Rhamnus integrifolia','Cistus osbeckifolius','Lavatera acerifolia','Nepeta teydea','Phyllis viscosa','Vieraea laevigata','Descurainia gilva','Sideritis canariensis','Echium pininana','Andryalia pinnatifida','Pterocephalus porphyranthus','Ceropegia hians','Viola palmensis','Olea lentiscetum balear','Matorral mixto sobre arenal +/- movil','Semidesierto de roca salinizada','Desierto de roca salinizada','Agua','Abies','Abutilon','Abutilon teophrasti','Acacia','Acacia farnesiana','Acacia karoo','Acacia longifolia','Acacia mearnsii','Acacia retinoides','Acanthus','Acanthus mollis','Acer','Acer martinii','Acer negundo','Acer opalus','Acer platanoides','Aceras','Aceras anthropophorum','Achillea','Achillea ageratum','Achillea chamaemelifolia','Achillea filipendulina','Achillea ligustica','Achillea millefolium','Achillea millefolium millefolium','Achillea nobilis','Achillea nobilis nobilis','Achillea odorata','Achillea ptarmica','Achillea pyrenaica','Achillea santolinoides','Achillea setacea','Achillea tomentosa','Achnatherum','Achnatherum calamagrostis','Achyranthes','Achyranthes aspera','Achyranthes sicula','Acinos','Acinos alpinus','Acinos alpinus alpinus','Acinos alpinus meridionalis','Acinos arvensis','Acinos rotundifolius','Aconitum','Aconitum anthora','Aconitum compactum','Aconitum napellus','Aconitum napellus napellus','Aconitum napellus vulgare','Aconitum nevadense','Aconitum paniculatum','Aconitum pyrenaicum','Aconitum pyrenaicum lamarckii','Aconitum vulparia','Actaea','Actaea spicata','Adenocarpus','Adenocarpus commutatus','Adenocarpus complicatus anisochilus','Adenocarpus complicatus aureus','Adenocarpus complicatus complicatus','Adenocarpus complicatus lainzii','Adenocarpus hispanicus argyrophyllus','Adenocarpus hispanicus hispanicus','Adenocarpus telonensis','Adenostyles','Adenostyles alliariae','Adenostyles alliariae alliariae','Adenostyles alliariae hybrida','Adiantum','Adiantum capillus-veneris','Adiantum cuneatum','Adiantum decorum','Adiantum hispidulun','Adiantum venustum','Adonis','Adonis aestivalis','Adonis annua','Adonis annua annua','Adonis annua carinata','Adonis baetica','Adonis flammea','Adonis microcarpa','Adonis pyrenaica','Adonis vernalis','Adoxa','Adoxa moschatellina','Aegilops','Aegilops geniculata','Aegilops lorentii','Aegilops neglecta','Aegilops triuncialis','Aegilops ventricosa','Aeluropus','Aeluropus littoralis','Aeonium','Aeonium arboreum','Aesculus','Aesculus hippocastanum','Aetheorhiza','Aetheorhiza bulbosa','Aetheorhiza bulbosa bulbosa','Aetheorhiza bulbosa willkommii','Aethionema','Aethionema saxatile','Aethionema saxatile ovalifolium','Aethionema saxatile saxatile','Aethusa','Aethusa cynapium','Aethusa cynapium agrestis','Aethusa cynapium cynapium','Agave','Ageratum','Ageratum houstonianum','Agrimonia','Agrimonia eupatoria','Agrimonia eupatoria eupatoria','Agrimonia eupatoria grandis','Agrimonia procera','Agrimonia repens','x Agropogon','x Agropogon x littoralis','Agropyron','Agropyron cristatum','Agropyron cristatum pectinatum','Agrostemma','Agrostemma githago','Agrostis','Agrostis agrostiflora','Agrostis alpina','Agrostis canina','Agrostis capillaris','Agrostis castellana','Agrostis durieui','Agrostis gigantea','Agrostis gigantea gigantea','Agrostis juressi','Agrostis nebulosa','Agrostis nevadensis','Agrostis nevadensis minor','Agrostis nevadensis nevadensis','Agrostis olivetorum','Agrostis pourretii','Agrostis reuteri','Agrostis rupestris','Agrostis schleicheri','Agrostis stolonifera','Agrostis tenerrima','Agrostis tileni','Agrostis truncatula','Ailanthus','Aira','Aira caryophyllea','Aira caryophyllea caryophyllea','Aira caryophyllea multiculmis','Aira cupaniana','Aira elegantissima','Aira praecox','Aira tenorii','Aira uniaristata','Airopsis','Airopsis tenella','Aizoon','Aizoon hispanicum','Ajuga','Ajuga chamaepitys','Ajuga chamaepitys chamaepitys','Ajuga iva','Ajuga pyramidalis','Ajuga reptans','Ajuga rotundifolia','Albizia','Albizia distachya','Albizia julibrissin','Alcea','Alcea rosea','Alchemilla','Alchemilla alpina','Alchemilla arvensis','Alchemilla balsatica','Alchemilla catalaunica','Alchemilla colorata','Alchemilla connivens','Alchemilla coriacea','Alchemilla cornucopioides','Alchemilla demissa','Alchemilla fallax','Alchemilla filicaulis','Alchemilla fissa','Alchemilla flabellata','Alchemilla flaccida','Alchemilla fontqueri','Alchemilla fulgens','Alchemilla glabra','Alchemilla glomerulans','Alchemilla lapeyrousii','Alchemilla lineata','Alchemilla longana','Alchemilla microcarpa','Alchemilla plicatula','Alchemilla pyrenaica','Alchemilla saxatilis','Alchemilla splendens','Alchemilla straminea','Alchemilla subsericea','Alchemilla tenuis','Alchemilla transiens','Alchemilla vetteri','Alchemilla viridicans','Alchemilla xanthochlora','Alisma','Alisma lanceolatum','Alisma plantago-aquatica','Alkana','Alkana lutea','Alkana tinctoria','Alliaria','Alliaria petiolata','Allium','Allium ampeloprasum','Allium baeticum','Allium carinatum','Allium carinatum carinatum','Allium cepa','Allium chamaemoly','Allium chrysonemum','Allium cupani','Allium cupani hirtovaginatum','Allium ebusitanum','Allium ericetorum','Allium grosii','Allium guttatum','Allium guttatum sardoum','Allium massaessylum','Allium melananthum','Allium moly','Allium moschatum','Allium neapolitanum','Allium nigrum','Allium oleraceum','Allium palentinum','Allium pallens','Allium pallens pallens','Allium paniculatum','Allium paniculatum paniculatum','Allium paniculatum villosulum','Allium pardoi','Allium polyanthum','Allium porrum','Allium pyrenaicum','Allium reconditum','Allium roseum','Allium rouyi','Allium sativum','Allium schmitzii','Allium schoenoprasum','Allium schoenoprasum orosiae','Allium schoenoprasum schoenoprasum','Allium scopulicola','Allium scorodoprasum','Allium scorodoprasum rotundum','Allium scorzonerifolium','Allium senescens','Allium senescens montanum','Allium sphaerocephalon','Allium sphaerocephalon sphaerocephalon','Allium stearnii','Allium subhirsutum','Allium subvillosum','Allium triquetrum','Allium ursinum','Allium ursinum ursinum','Allium victorialis','Allium vineale','Alnus','Alnus cordata','Alnus cordata cordata','Alnus incana','Alnus incana incana','Alnus viridis','Aloë','Aloë arborescens','Aloë saponaria','Aloë succotrina','Aloë vera','Alopecurus','Alopecurus aequalis','Alopecurus arundinaceus','Alopecurus bulbosus','Alopecurus geniculatus','Alopecurus gerardii','Alopecurus myosuroides','Alopecurus pratensis','Alopecurus pratensis pratensis','Alopecurus rendlei','Alternanthera','Alternanthera caracasana','Alternanthera nodiflora','Alternanthera peploides','Alternanthera pungens','Alternanthera pungens monocephala','Althaea','Althaea cannabina','Althaea hirsuta','Althaea longiflora','Althaea officinalis','Althenia','Althenia filiformis','Alyssum','Alyssum alyssoides','Alyssum arenarium','Alyssum atlanticum','Alyssum cuneifolium','Alyssum diffusum','Alyssum fastigiatum','Alyssum granatense','Alyssum linifolium','Alyssum minus','Alyssum minutum','Alyssum montanum','Alyssum montanum gadorense','Alyssum montanum montanum','Alyssum serpyllifolium','Amaranthus','Amaranthus acutilobus','Amaranthus albus','Amaranthus blitodes','Amaranthus bouchonii','Amaranthus caudatus','Amaranthus crispus','Amaranthus cruentus','Amaranthus deflexus','Amaranthus gracilis','Amaranthus graecizans','Amaranthus hybridus','Amaranthus lividus','Amaranthus muricatus','Amaranthus paniculatus','Amaranthus patulus','Amaranthus powellii','Amaranthus quitensis','Amaranthus retroflexus','Amaranthus spinosus','Amaranthus standleyanus','Amaranthus viridis','Amberboa','Amberboa moschata','Ambrosia','Ambrosia artemisiifolia','Ambrosia coronopifolia','Ambrosia maritima','Ambrosia tenuifolia','Ambrosia trifida','Amelanchier','Amelanchier ovalis comafredensis','Amelanchier ovalis ovalis','Ammannia','Ammannia coccinea','Ammi','Ammi majus','Ammi visnaga','Ammochloa','Ammochloa palaestina','Ammochloa palaestina palaestina','Ammochloa palaestina subacaulis','Ammoides','Ammoides pusilla','Ammophila','Ammophila arenaria arenaria','Ammophila arenaria arundinacea','Ampelodesmos','Ampelodesma mauritanica','Amygdalus','Anabasis','Anabasis aphylla','Anabasis articulata','Anacamptis','Anacamptis pyramidalis','Anacyclus','Anacyclus alboranensis','Anacyclus clavatus','Anacyclus pyrethrum','Anacyclus radiatus','Anacyclus valentinus','Anagallis','Anagallis arvensis','Anagallis crassifolia','Anagallis foemina','Anagallis minima','Anagallis monelli','Anagallis monelli collina','Anagallis monelli monelli','Anagallis tenella','Anagyris','Anagyris foetida','Anarrhinum','Anarrhinum bellidifolium','Anarrhinum duriminium','Anarrhinum laxiflorum','Anchusa','Anchusa arvensis','Anchusa arvensis arvensis','Anchusa arvensis orientalis','Anchusa azurea','Anchusa calcarea','Anchusa granatensis','Anchusa officinalis','Anchusa puechii','Anchusa subglabra','Anchusa undulata','Anchusa undulata undulata','Andrachne','Andrachne telephioides','Androcymbium','Androcymbium europaeum','Andropogon','Andropogon distachyos','Androsace','Androsace carnea','Androsace carnea carnea','Androsace carnea laggeri','Androsace carnea rosea','Androsace ciliata','Androsace cylindrica','Androsace cylindrica cylindrica','Androsace cylindrica willkommii','Androsace elongata','Androsace elongata breistrofferii','Androsace elongata elongata','Androsace helvetica','Androsace lactea','Androsace maxima','Androsace pubescens','Androsace pyrenaica','Androsace rioxana','Androsace vandellii','Androsace villosa','Andryala','Andryala agardhii','Andryala integrifolia','Andryala laxiflora','Andryala ragusina','Anemone','Anemone coronaria','Anemone narcissiflora','Anemone nemorosa','Anemone palmata','Anemone pavoniana','Anemone ranunculoides','Anemone ranunculoides ranunculoides','Anemone trifolia','Anemone trifolia albida','Anethum','Anethum graveolens','Angelica','Angelica laevis','Angelica pachycarpa','Angelica sylvestris','Angelica razulii','Annona','Annona cherimolia','Anogramma','Anogramma leptophylla','Antennaria','Antennaria carpatica','Antennaria dioica','Anthemis','Anthemis alpestris','Anthemis altissima','Anthemis arvensis','Anthemis arvensis arvensis','Anthemis arvensis incrassata','Anthemis bourgaei','Anthemis carpatica','Anthemis carpatica carpatica','Anthemis carpatica petraea','Anthemis chrysantha','Anthemis cossoniana','Anthemis cotula','Anthemis cretica','Anthemis maritima','Anthemis triumfetti','Anthemis tuberculata','Anthemis tuberculata tuberculata','Anthemis tuberculata turolensis','Anthericum','Anthericum baeticum','Anthericum liliago','Anthericum ramosum','Anthoxantum','Anthoxantum amarum','Anthoxantum aristatum','Anthoxantum aristatum aristatum','Anthoxantum aristatum machrantum','Anthoxantum odoratum','Anthoxantum ovatum','Anthriscus','Anthriscus caucalis','Anthriscus cerefolium','Anthriscus sylvestris','Anthyllis','Anthyllis barba-jovis','Anthyllis cornicina','Anthyllis fontqueri','Anthyllis gandogeri','Anthyllis gerardi','Anthyllis hamosa','Anthyllis henoniana','Anthyllis hermanniae','Anthyllis hystrix','Anthyllis lotoides','Anthyllis montana','Anthyllis montana hispanica','Anthyllis onobrychoides','Anthyllis pachyphylla','Anthyllis plumosa','Anthyllis polycephala','Anthyllis ramburii','Anthyllis rupestris','Anthyllis tejedensis','Anthyllis terniflora','Anthyllis tetraphylla','Anthyllis vulneraria','Anthyllis vulneraria alpestris','Anthyllis vulneraria argyrophylla','Anthyllis vulneraria arundana','Anthyllis vulneraria atlantis','Anthyllis vulneraria balearica','Anthyllis vulneraria dertosensis','Anthyllis vulneraria forondae','Anthyllis vulneraria iberica','Anthyllis vulneraria maura','Anthyllis vulneraria praepropera','Anthyllis vulneraria pyrenaica','Anthyllis vulneraria reuteri','Anthyllis vulneraria vulnerarioides','Antinoria','Antinoria agrostidea','Antinoria agrostidea agrostidea','Antinoria agrostidea natans','Antirrhinum','Antirrhinum ambiguum','Antirrhinum australe','Antirrhinum barrelieri','Antirrhinum boissieri','Antirrhinum bolosii','Antirrhinum braun-blanquetii','Antirrhinum charidemi','Antirrhinum graniticum','Antirrhinum grosii','Antirrhinum hispanicum','Antirrhinum hispanicum hispanicum','Antirrhinum hispanicum mollissimum','Antirrhinum latifolium','Antirrhinum majus','Antirrhinum majus cirrhigerum','Antirrhinum majus linkianum','Antirrhinum majus litigiosum','Antirrhinum majus tortuosum','Antirrhinum meonanthum','Antirrhinum meonanthum meonanthum','Antirrhinum meonanthum salcedoi','Antirrhinum microphyllum','Antirrhinum molle','Antirrhinum pertegasii','Antirrhinum pulverulentum','Antirrhinum rupestre','Antirrhinum saccharatum','Antirrhinum sempervirens','Antirrhinum siculum','Antirrhinum valentinum','Apera','Apera interrupta','Apera spica-venti','Apera spica-venti spica-venti','Aphanes','Aphanes arvensis','Aphanes cornucopioides','Aphanes floribunda','Aphanes microcarpa','Aphyllanthes','Aphyllanthes monspeliensis','Apium','Apium bermejoi','Apium graveolens','Apium inundatum','Apium leptophyllum','Apium nodiflorum','Apium repens','Aposeris','Aposeris foetida','Aptenia','Aptenia cordifolia','Aquilegia','Aquilegia aragonensis','Aquilegia cazorlensis','Aquilegia dichroa','Aquilegia discolor','Aquilegia guarensis','Aquilegia hirsutissima','Aquilegia nevadensis','Aquilegia paui','Aquilegia pyrenaica','Aquilegia vulgaris','Arabidopsis','Arabidopsis thaliana','Arabis','Arabis allionii','Arabis alpina','Arabis collina','Arabis corymbiflora','Arabis glabra','Arabis hirsuta','Arabis lusitanica','Arabis muralis','Arabis nova','Arabis parvula','Arabis pauciflora','Arabis planisiliqua','Arabis recta','Arabis sagittata','Arabis serpillifolia','Arabis serpillifolia serpillifolia','Arabis soyeri','Arabis soyeri soyeri','Arabis stenocarpa','Arabis stricta','Arabis turrita','Arabis verna','Arachis','Arachis hypogaea','Araucaria','Araucaria heterophylla','Araujia','Araujia sericifera','Arbutus','Arceuthobium','Arceuthobium oxycedri','Arctium','Arctium lappa','Arctium minus','Arctium pubens','Arctium tomentosum','Arctostaphylos','Arctostaphylos alpinus','Arctostaphylos crassifolia','Arctotheca','Arctotheca calendula','Arctotis','Arctotis stoechadifolia','Aremonia','Aremonia agrimonioides','Aremonia agrimonioides agrimonioides','Arenaria','Arenaria aggregata','Arenaria aggregata aggretata','Arenaria aggregata erinacea','Arenaria algarbiensis','Arenaria armerina','Arenaria arundana','Arenaria balearica','Arenaria capillipes','Arenaria cerastioides','Arenaria ciliata','Arenaria ciliata ciliata','Arenaria ciliata moehringioides','Arenaria conica','Arenaria conimbricensis','Arenaria controversa','Arenaria emarginata','Arenaria fontqueri','Arenaria grandiflora','Arenaria grandiflora bolosii','Arenaria grandiflora grandiflora','Arenaria grandiflora incrassata','Arenaria hispanica','Arenaria hispida','Arenaria leptoclados','Arenaria ligericina','Arenaria lithops','Arenaria maritima','Arenaria modesta','Arenaria modesta modesta','Arenaria montana','Arenaria montana intricata','Arenaria montana montana','Arenaria nevadensis','Arenaria obtusiflora','Arenaria obtusiflora ciliaris','Arenaria obtusiflora obtusiflora','Arenaria pomeli','Arenaria purpurascens','Arenaria racemosa','Arenaria retusa','Arenaria serpyllifolia','Arenaria tenuis','Arenaria tomentosa','Arenaria valentina','Arenaria vitoriana','Argemone','Argemone mexicana','Argyrolobium','Argyrolobium zanonii','Arisarum','Arisarum proboscideum','Arisarum vulgare','Arisarum simorrhinum','Arisarum vulgare','Aristida','Aristida adscensionis','Aristida coerulescens','Aristolochia','Aristolochia baetica','Aristolochia bianorii','Aristolochia clematitis','Aristolochia longa','Aristolochia pistolochia','Aristolochia rotunda','Armeniaca','Armeniaca vulgaris','Armeria','Armeria alliacea','Armeria alliacea burgalensis','Armeria alliacea lacaitae','Armeria alliacea matritensis','Armeria alliacea rigida','Armeria alliacea segoviensis','Armeria alliacea sicorisiensis','Armeria baetica','Armeria beslengensis','Armeria colorata','Armeria duriaei','Armeria eriophylla','Armeria euscadiensis','Armeria filicaulis','Armeria gaditana','Armeria hirta','Armeria hispalensis','Armeria juniperifolia','Armeria langei','Armeria langei daveaui','Armeria langei langei','Armeria littoralis','Armeria macrophylla','Armeria maritima','Armeria maritima alpina','Armeria maritima fontqueri','Armeria maritima halleri','Armeria maritima maritima','Armeria maritima miscella','Armeria maritima salvadorii','Armeria pinifolia','Armeria pseudarmeria','Armeria pubigera','Armeria pungens','Armeria pungens pungens','Armeria pungens welwitschii','Armeria quichiotis','Armeria rouyana','Armeria ruscinonensis','Armeria ruscinonensis littorifuga','Armeria ruscinonensis ruscinonensis','Armeria splendens','Armeria splendens bigerrensis','Armeria splendens splendens','Armeria trachyphylla','Armeria transmontana','Armeria velutina','Armeria vestita','Armeria villosa','Armoracia','Armoracia rusticana','Arnica','Arnica montana','Arnica montana atlantica','Arnica montana montana','Arnoseris','Arnoseris minima','Arrhenatherum','Arrhenatherum album','Arrhenatherum almijarense','Arrhenatherum elatius','Arrhenatherum elatius elatius','Arrhenatherum elatius sardoum','Artemisia','Artemisia abrotanum','Artemisia absinthium','Artemisia alba','Artemisia arborescens','Artemisia caerulescens','Artemisia caerulescens caerulescens','Artemisia caerulescens gallica','Artemisia campestris','Artemisia campestris campestris','Artemisia campestris maritima','Artemisia chamaemelifolia','Artemisia chamaemelifolia cantabrica','Artemisia chamaemelifolia chamaemelifolia','Artemisia eriantha','Artemisia gabriellae','Artemisia granatensis','Artemisia legionensis','Artemisia pedemontana','Artemisia reptans','Artemisia umbelliformis','Artemisia valentina','Artemisia verlotiorum','Artemisia vulgaris','Arthrocnemum','Arum','Arum italicum','Arum italicum italicum','Arum italicum neglectum','Arum maculatum','Arum orientale','Arum orientale lucanum','Arum orientale orientale','Arum pictum','Aruncus','Aruncus dioicus','Arundo','Asarina','Asarina procumbens','Asarum','Asarum europaeum','Asclepias','Asclepias curasavica','Asparagus','Asparagus acutifolius','Asparagus albus','Asparagus aphyllus','Asparagus asparagoides','Asparagus maritimus','Asparagus officinalis','Asparagus officinalis officinalis','Asparagus officinalis prostratus','Asparagus stipularis','Asperugo','Asperugo procumbens','Asperula','Asperula aristata','Asperula aristata oreophilla','Asperula aristata scabra','Asperula arvensis','Asperula cynanchica','Asperula hirsuta','Asperula hirta','Asperula laevigata','Asperula occidentalis','Asperula paui','Asperula pyrenaica','Asperula taurina','Asperula taurina taurina','Asphodelus','Asphodelus aestivus','Asphodelus albus albus','Asphodelus albus villarsii','Asplenium','Asplenium adiantum-nigrum','Asplenium balearicum','Asplenium billotii','Asplenium bulbiferum','Asplenium celtibericum','Asplenium cuneifolium','Asplenium fontanum','Asplenium foreziense','Asplenium hemionitis','Asplenium lucidum','Asplenium majoricum','Asplenium marinum','Asplenium nidus','Asplenium obovatum','Asplenium onopteris','Asplenium petrarchae','Asplenium petrarchae bivalens','Asplenium petrarchae petrarchae','Asplenium rutamuraria','Asplenium seelosii','Asplenium seelosii glabrum','Asplenium seelosii seelosii','Asplenium septentrionale','Asplenium subglandulosum','Asplenium subglandulosum hispanicum','Asplenium trichomanes','Asplenium trichomanes inexpectans','Asplenium trichomanes pachyrachis','Asplenium trichomanes quadrivalens','Asplenium trichomanes trichomanes','Asplenium viride','Aster','Aster alpinus','Aster aragonensis','Aster catalaunicus','Aster ericoides','Aster lanceolatus','Aster linosyris','Aster pilosus','Aster pyrenaeus','Aster sedifolius','Aster sedifolius sedifolius','Aster sedifolius trinervis','Aster squamatus','Aster tripolium','Aster tripolium pannonicus','Aster tripolium tripolium','Aster willkommii','Asteriscus','Asteriscus aquaticus','Asteriscus aquaticus aquaticus','Asteriscus aquaticus nanus','Asteriscus maritimus','Asterolinon','Asterolinon linum-stellatum','Astragalus','Astragalus algarbiensis','Astragalus alopecuroides','Astragalus alpinus','Astragalus alpinus alpinus','Astragalus australis','Astragalus austriacus','Astragalus baeticus','Astragalus baionensis','Astragalus balearicus','Astragalus bourgaeanus','Astragalus cicer','Astragalus cymbicarpos','Astragalus danicus','Astragalus depressus','Astragalus depressus depressus','Astragalus depressus helminthocarpus','Astragalus echinatus','Astragalus edulis','Astragalus epiglottis','Astragalus epiglottis asperulus','Astragalus epiglottis epiglottis','Astragalus exscapus','Astragalus giennensis','Astragalus glaux','Astragalus glycyphyllos','Astragalus granatensis','Astragalus granatensis granatensis','Astragalus grossii','Astragalus hamosus','Astragalus hegelmaieri','Astragalus hispanicus','Astragalus incanus','Astragalus incanus incanus','Astragalus incanus incurvus','Astragalus incanus macrorhizus','Astragalus incanus nummularioides','Astragalus longidentatus','Astragalus lusitanicus','Astragalus lusitanicus lusitanicus','Astragalus massiliensis','Astragalus monspessulanus','Astragalus monspessulanus chlorocyanux','Astragalus monspessulanus monspessulanus','Astragalus monspessulanus teresianus','Astragalus onobrychis','Astragalus oxyglottis','Astragalus pauciflorus','Astragalus penduliflorus','Astragalus polyactinus','Astragalus purpureus','Astragalus scorpioides','Astragalus sempervirens','Astragalus sempervirens muticus','Astragalus sempervirens sempervirens','Astragalus sesameus','Astragalus stella','Astragalus tenuifoliosus','Astragalus tremolsianus','Astragalus turolensis','Astragalus vesicarius','Astragalus vesicarius vesicarius','Astrantia','Astrantia major','Astrantia major carinthiaca','Astrantia major major','Astrantia minor','Athamanta','Athamanta cretensis','Athamanta hispanica','Athamanta vayredana','Athyrium','Athyrium distentifolium','Athyrium filix-femina','Atractylis','Atractylis cancellata','Atractylis cancellata cancellata','Atractylis cancellata gaditana','Atractylis gummifera','Atractylis humilis','Atractylis tutinii','Atriplex','Atriplex glabriuscula','Atriplex hastata','Atriplex heterosperma','Atriplex hortensis','Atriplex laciniata','Atriplex littoralis','Atriplex patula','Atriplex prostrata','Atriplex rosea','Atriplex semibaccata','Atriplex tatarica','Atropa','Atropa baetica','Atropa bella-donna','Aubrieta','Aubrieta deltoidea','Avellinia','Avellinia michelii','Avellinia tenuicola','Avena','Avena barbata','Avena barbata atherantha','Avena barbata barbata','Avena byzantina','Avena chinensis','Avena fatua','Avena longiglumis','Avena murphyi','Avena prostrata','Avena sativa','Avena sativa macrantha','Avena sativa sativa','Avena sterilis','Avena sterilis ludoviciana','Avena sterilis sterilis','Avena strigosa','Avena strigosa agraria','Avena strigosa strigosa','Avenula','Avenula albinervis','Avenula bromoides','Avenula cincinnata','Avenula crassifolia','Avenula delicatula','Avenula gervaisii','Avenula gonzaloi','Avenula hookeri','Avenula iberica','Avenula levis','Avenula marginata','Avenula marginata pyrenaica','Avenula marginata sulcata','Avenula mirandana','Avenula murcica','Avenula pratensis','Avenula pratensis pratensis','Avenula pruinosa','Avenula pubescens','Avenula pubescens pubescens','Avenula pungens','Avenula requienii','Avenula versicolor','Avenula versicolor versicolor','Azolla','Azolla caroliniana','Azolla filiculoides','Azolla pinnata','Baccharis','Baccharis halimifolia','Bacopa','Bacopa monnieri','Baldellia','Baldellia alpestris','Baldellia ranunculoides','Ballota','Ballota hirsuta','Ballota nigra','Ballota nigra foetida','Ballota nigra nigra','Ballota uncinata','Balsamita','Balsamita majus','Barbarea','Barbarea intermedia','Barbarea verna','Barbarea vulgaris','Barlia','Barlia robertiana','Bartsia','Bartsia alpina','Bartsia aspera','Bartsia spicata','Bassia','Bassia hirsuta','Bassia hyssopifolia','Bellardia','Bellardia trixago','Bellardiochloa','Bellardiochloa violacea','Bellis','Bellis annua','Bellis annua annua','Bellis annua microcephala','Bellis perennis','Bellis rotundifolia','Bellis sylvestris','Bellium','Bellium bellidioides','Berberis','Berberis garciae','Berberis vulgaris seroi','Berberis vulgaris vulgaris','Bergia','Bergia capensis','Berula','Berula erecta','Beta','Beta macrocarpa','Beta patellaria','Beta vulgaris','Beta vulgaris maritima','Beta vulgaris vulgaris','Betula','Betula papyriphera','Betula parvibracteata','Betula pubescens','Betula pubescens latisquama','Betula pubescens pubescens','Betula pubescens tortuosa','Biarum','Biarum arundanum','Biarum carratracense','Biarum dispar','Biarum galiani','Biarum tenuifolium','Bidens','Bidens aurea','Bidens cernua','Bidens frondosa','Bidens pilosa','Bidens subalternans','Bidens tripartita','Bifora','Bifora radians','Bifora testiculata','Biota','Biota orientalis','Biscutella','Biscutella auriculata','Biscutella baetica','Biscutella brevifolia','Biscutella cichoriifolia','Biscutella coronopifolia','Biscutella coronopifolia coronopifolia','Biscutella coronopifolia stenophylla','Biscutella cuneata','Biscutella didyma','Biscutella flexuosa','Biscutella foliosa','Biscutella frutescens','Biscutella gibraltarica','Biscutella glacialis','Biscutella granitica','Biscutella gredensis','Biscutella intermedia','Biscutella intermedia fontqueri','Biscutella intermedia intermedia','Biscutella intermedia macroclada','Biscutella laevigata','Biscutella laevigata laevigata','Biscutella laevigata longifolia','Biscutella lusitanica','Biscutella mediterranea','Biscutella megacarpaea','Biscutella microcarpa','Biscutella montana','Biscutella montana montana','Biscutella montana rosularis','Biscutella scaposa','Biscutella sempervirens','Biscutella valentina','Biscutella variegata','Biscutella variegata latiorifolia','Biscutella variegata variegata','Biserrula','Biserrula pelecinus','Blackstonia','Blackstonia perfoliata','Blackstonia perfoliata grandiflora','Blackstonia perfoliata imperfoliata','Blackstonia perfoliata perfoliata','Blackstonia perfoliata serotina','Blechnum','Blechnum moorei','Blechnum occidentale','Blechnum spicant','Blysmus','Blysmus compressus','Blyxa','Blyxa japonica','Boehmeria','Boehmeria nivea','Boleum','Boleum asperum','Bombycilaena','Bombycilaena discolor','Bombycilaena erecta','Borago','Borago officinalis','Bordera','Bordera chouardii','Bordera pyrenaica','Botrychium','Botrychium lanceolatum','Botrychium lunaria','Botrychium matricariifolium','Bougainvillaea','Bougainvillaea glabra','Bougainvillaea spectabilis','Boussingaultia','Boussingaultia cordifolia','Bouvardia','Bouvardia leiantha','Bouvardia longiflora','Bouvardia ternifolia','Brachiaria','Brachiaria eruciformis','Brachyapium','Brachyapium dichotomum','Brachychiton','Brachychiton populneus','Brachypodium','Brachypodium distachyon','Brachypodium pinnatum','Brachypodium pinnatum pinnatum','Brachypodium pinnatum rupestre','Brachypodium sylvaticum','Brachypodium sylvaticum glaucovirens','Brachypodium sylvaticum sylvaticum','Brassica','Brassica balearica','Brassica barrelieri','Brassica barrelieri barrelieri','Brassica barrelieri oxyrrhina','Brassica fruticulosa','Brassica fruticulosa cossoniana','Brassica fruticulosa fruticulosa','Brassica juncea','Brassica napus','Brassica nigra','Brassica oleracea','Brassica oleracea oleracea','Brassica oleracea robertiana','Brassica rapa','Brassica rapa rapa','Brassica rapa sylvestris','Brassica repanda','Brassica repanda blancoana','Brassica repanda cadevallii','Brassica repanda cantabrica','Brassica repanda confusa','Brassica repanda galissieri','Brassica repanda latisiliqua','Brassica repanda maritima','Brassica repanda nudicaulis','Brassica repanda turbonis','Brassica tournefortii','Brimeura','Brimeura amethyistina','Brimeura fastigiata','Briza','Briza maxima','Briza media','Briza media media','Briza minor','Bromus','Bromus arvensis','Bromus benekenii','Bromus commutatus','Bromus commutatus commutatus','Bromus diandrus','Bromus erectus','Bromus erectus erectus','Bromus fasciculatus','Bromus hispanicus','Bromus hordeaceus','Bromus hordeaceus hordeaceus','Bromus hordeaceus molliformis','Bromus hordeaceus thominii','Bromus inermis','Bromus intermedius','Bromus lanceolatus','Bromus madritensis','Bromus racemosus','Bromus ramosus','Bromus rigidus','Bromus rubens','Bromus scoparius','Bromus secalinus','Bromus squarrosus','Bromus sterilis','Bromus tectorum','Bromus willdenowii','Broussonetia','Broussonetia papyrifera','Bryonia','Bryonia cretica','Bryonia cretica dioica','Buddleja','Buddleja davidii','Bufonia','Bufonia macropetala','Bufonia paniculata','Bufonia perennis','Bufonia tenuifolia','Bufonia tuberculata','Bufonia willkommiana','Buglossoides','Buglossoides arvensis','Buglossoides arvensis arvensis','Buglossoides arvensis gasparrinii','Buglossoides arvensis permixta','Buglossoides gastonii','Buglossoides purpurocaerulea','Bulbocodium','Bulbocodium vernum','Bunias','Bunias erucago','Bunium','Bunium alpinum','Bunium alpinum corydalinum','Bunium alpinum macuca','Bunium bulbocastanum','Bunium pachypodum','Bupleurum','Bupleurum acutifolium','Bupleurum angulosum','Bupleurum baldense','Bupleurum baldense baldense','Bupleurum barceloi','Bupleurum bourgaei','Bupleurum falcatum','Bupleurum falcatum cernuum','Bupleurum falcatum falcatum','Bupleurum foliosum','Bupleurum fruticescens','Bupleurum gerardi','Bupleurum gerardi filicaule','Bupleurum gerardi gerardi','Bupleurum lancifolium','Bupleurum longifolium','Bupleurum praealtum','Bupleurum ranunculoides','Bupleurum ranunculoides gramineum','Bupleurum ranunculoides ranunculoides','Bupleurum rigidum','Bupleurum rigidum paniculatum','Bupleurum rigidum rigidum','Bupleurum rotundifolium','Bupleurum semicompositum','Bupleurum tenuissimum','Bupleurum tenuissimum tenuissimum','Butomus','Butomus umbellatus','Buxus','Cachrys','Cachrys libanotis','Cachrys sicula','Cachrys trifida','Cakile','Cakile maritima','Cakile maritima aegyptiaca','Cakile maritima maritima','Calamagrostis','Calamagrostis arundinacea','Calamagrostis canescens','Calamagrostis canescens canescens','Calamagrostis epigejos','Calamagrostis x hartmaniana','Calamagrostis pseudophragmites','Calaminta','Calaminta grandiflora','Calaminta nepeta','Calaminta nepeta glandulosa','Calaminta nepeta nepeta','Calaminta sylvatica','Calaminta sylvatica ascendens','Calaminta sylvatica sylvatica','Calendula','Calendula arvensis','Calendula exilis','Calendula officinalis','Calendula suffruticosa','Calendula suffruticosa algarbiensis','Calendula suffruticosa lusitanica','Calendula suffruticosa suffruticosa','Calendula suffruticosa tomentosa','Calendula tripterocarpa','Calepina','Calepina irregularis','Calicotome','Calicotome villosa','Callianthemum','Callianthemum coriandrifolium','Callipeltis','Callipeltis cucullaris','Callitriche','Callitriche brutia','Callitriche lenisulca','Callitriche lusitanica','Callitriche obtusangula','Callitriche palustris','Callitriche platycarpa','Callitriche stagnalis','Callitriche truncata','Callitriche truncata truncata','Calluna','Calocedrus','Calocedrus decurrens','Caltha','Caltha palustris','Calystegia','Calystegia sepium','Calystegia sepium roseata','Calystegia sepium sepium','Calystegia silvatica','Calystegia soldanella','Camellia','Camellia japonica','Camelina','Camelina alyssum','Camelina microcarpa','Camelina rumelica','Camelina sativa','Campanula','Campanula affinis','Campanula affinis affinis','Campanula affinis bolosii','Campanula arvatica','Campanula arvatica adsurgens','Campanula arvatica arvatica','Campanula asturica','Campanula cantabrica','Campanula cervicaria','Campanula cochlearifolia','Campanula decumbens','Campanula dichotoma','Campanula dieckii','Campanula erinus','Campanula fastigiata','Campanula ficarioides','Campanula glomerata','Campanula glomerata glomerata','Campanula herminii','Campanula hispanica','Campanula hispanica catalanica','Campanula hispanica hispanica','Campanula jaubertiana','Campanula jaubertiana andorrana','Campanula jaubertiana jaubertiana','Campanula latifolia','Campanula legionensis','Campanula lusitanica','Campanula lusitanica lusitanica','Campanula lusitanica transtagana','Campanula mariani','Campanula medium','Campanula mollis','Campanula patula','Campanula patula costae','Campanula patula patula','Campanula paui','Campanula persicifolia','Campanula persicifolia persicifolia','Campanula persicifolia subpyrenaica','Campanula precatoria','Campanula primulifolia','Campanula pyrenaica','Campanula rapunculoides','Campanula rapunculus','Campanula recta','Campanula rotundifolia','Campanula ruscinonensis','Campanula scheuchzeri','Campanula speciosa','Campanula specularioides','Campanula tracheliifolia','Campanula trachelium','Campanula trachelium trachelium','Campanula viciosoi','Campanula wiedmannii','Campanula willkommii','Camphorosma','Camphorosma monspeliaca','Camphorosma monspeliaca monspeliaca','Campsis','Campsis radicans','Campyloneurum','Campyloneurum phyllitidis','Canna','Canna flaccida','Canna indica','Cannabis','Cannabis sativa','Capnophyllum','Capnophyllum peregrinum','Capparis','Capparis ovata','Capparis spinosa','Capsella','Capsella bursa-pastoris','Capsella rubella','Capsicum','Capsicum annuum','Capsicum baccatum','Capsicum frutescens','Caralluna','Caralluna europaea','Caralluna munbyana','Cardamine','Cardamine amara','Cardamine amara amara','Cardamine amara olotensis','Cardamine asarifolia','Cardamine bellidifolia','Cardamine bellidifolia alpina','Cardamine crassifolia','Cardamine x digenea','Cardamine flexuosa','Cardamine heptaphylla','Cardamine hirsuta','Cardamine impatiens','Cardamine parviflora','Cardamine pentaphyllos','Cardamine pratensis','Cardamine raphanifolia','Cardamine raphanifolia raphanifolia','Cardamine resedifolia','Cardamine rivularis','Cardaria','Cardaria draba','Carduncellus','Carduncellus araneosus','Carduncellus araneosus araneosus','Carduncellus araneosus pseudomitissimus','Carduncellus caeruleus','Carduncellus dianius','Carduncellus mitissimus','Carduncellus monspelliensium','Carduncellus pinnatus','Carduncellus pinnatus matritensis','Carduus','Carduus acanthoides','Carduus argemone','Carduus argemone argemone','Carduus assoi','Carduus asturicus','Carduus bourgeanus','Carduus bourgeanus bourgeanus','Carduus bourgeanus ibicensis','Carduus bourgeanus valentinus','Carduus broteroi','Carduus carlinifolius','Carduus carlinoides','Carduus carlinoides carlinoides','Carduus carlinoides hispanicus','Carduus carpetanus','Carduus cephalantus','Carduus chrysacanthus','Carduus chrysacanthus hispanicus','Carduus crispus','Carduus crispus crispus','Carduus crispus multiflorus','Carduus granatensis','Carduus x medius','Carduus meonanthus','Carduus myriacanthus','Carduus nigrescens','Carduus nutans','Carduus nutans alpicola','Carduus nutans nutans','Carduus paui','Carduus platypus','Carduus pycnocephalus','Carduus pycnocephalus pycnocephalus','Carduus rivasgodayanus','Carduus sandwithii','Carduus tenuiflorus','Carduus vivariensis','Carduus vivariensis assoi','Carduus vivariensis australis','Carduus vivariensis vivariensis','Carex','Carex acuta','Carex acutiformis','Carex alba','Carex arenaria','Carex asturica','Carex atrata','Carex atrata aterrima','Carex atrata atrara','Carex bicolor','Carex binervis','Carex brachystachys','Carex brevicollis','Carex brizoides','Carex camposii','Carex capillaris','Carex capillaris capillaris','Carex caryophyllea','Carex chordorrhiza','Carex curta','Carex curvula','Carex curvula curvula','Carex curvula rosae','Carex davalliana','Carex demissa','Carex depauperata','Carex depressa','Carex depressa depressa','Carex digitata','Carex dioica','Carex distachya','Carex distans','Carex disticha','Carex divisa','Carex divulsa','Carex divulsa divulsa','Carex divulsa leersii','Carex durieui','Carex echinata','Carex elata','Carex elata elata','Carex ericetorum','Carex extensa','Carex ferruginea','Carex ferruginea caudata','Carex flacca','Carex flacca flacca','Carex flacca serrulata','Carex flava','Carex foetida','Carex frigida','Carex grioletii','Carex hallerana','Carex hirta','Carex hispida','Carex hordeistichos','Carex hostiana','Carex humilis','Carex intricata','Carex lachenalii','Carex laevigata','Carex lasiocarpa','Carex lepidocarpa','Carex limosa','Carex liparocarpos','Carex liparocarpos liparocarpos','Carex macrostylon','Carex mairii','Carex maritima','Carex montana','Carex muricata','Carex muricata lamprocarpa','Carex muricata muricata','Carex nevadensis','Carex nigra','Carex nigra alpina','Carex nigra nigra','Carex oedipostyla','Carex olbiensis','Carex ornithopoda','Carex ornithopoda ornithopoda','Carex ornithopoda ornithopodioides','Carex otrubae','Carex ovalis','Carex pallescens','Carex panicea','Carex paniculata','Carex paniculata lusitanica','Carex paniculata paniculata','Carex parviflora','Carex pedula','Carex pilulifera','Carex pilulifera pilulifera','Carex praecox','Carex pseudocyperus','Carex pulicaris','Carex punctata','Carex pyrenaica','Carex remota','Carex reuterana','Carex riparia','Carex rorulenta','Carex rostrata','Carex rupestris','Carex sempervirens','Carex serotina','Carex serotina serotina','Carex spicata','Carex stenophylla','Carex strigosa','Carex sylvatica','Carex sylvatica paui','Carex sylvatica sylvatica','Carex tomentosa','Carex trinervis','Carex umbrosa','Carex umbrosa huetiana','Carex umbrosa umbrosa','Carex vaginata','Carex vesicaria','Carex vulpina','Carlina','Carlina acanthifolia','Carlina acanthifolia acanthifolia','Carlina acanthifolia cynara','Carlina acaulis','Carlina acaulis acaulis','Carlina acaulis simplex','Carlina corymbosa','Carlina corymbosa corymbosa','Carlina lanata','Carlina racemosa','Carlina vulgaris','Carlina vulgaris longiflora','Carlina vulgaris vulgaris','Carpesium','Carpesium cernuum','Carpinus','Carpobrotus','Carpobrotus acinaciformis','Carpobrotus chinensis','Carpobrotus edulis','Carrichtera','Carthamus','Carthamus arborescens','Carthamus lanatus','Carthamus lanatus baeticus','Carthamus lanatus lanatus','Carthamus tinctorius','Carum','Carum carvi','Carum foetidum','Carum verticillatum','Carya','Carya illinoinensis','Castanea','Castanea crenata','Castellia','Castellia tuberculosa','Casuarina','Casuarina cunnighamiana','Catabrosa','Catabrosa aquatica','Catalpa','Catalpa bignonioides','Catananche','Catananche caerulea','Catananche lutea','Catananche lutea carpholepis','Catharanthus','Catharanthus roseus','Caucalis','Caucalis platycarpos','Cedrus','Cedrus brevifolia','Cedrus deodara','Cedrus libani','Celosia','Celosia argentea','Celtis','Celtis occidentalis','Cenchrus','Cenchrus ciliaris','Cenchrus incertus','Centaurea','Centaurea acaulis','Centaurea africana','Centaurea alba','Centaurea alba alba','Centaurea alba costae','Centaurea alba latronum','Centaurea alpestris','Centaurea alpina','Centaurea amblensis','Centaurea x andresiana','Centaurea antennata','Centaurea argecillensis','Centaurea aristata','Centaurea aristata aristata','Centaurea aristata langeana','Centaurea aspera','Centaurea aspera aspera','Centaurea aspera scorpiurifolia','Centaurea aspera stenophylla','Centaurea balearica','Centaurea boissieri','Centaurea boissieri boissieri','Centaurea boissieri dufourii','Centaurea boissieri jaennensis','Centaurea boissieri mariolensis','Centaurea boissieri paui','Centaurea boissieri pinae','Centaurea boissieri pomeliana','Centaurea boissieri prostrata','Centaurea boissieri resupinata','Centaurea boissieri spachii','Centaurea boissieri willkommii','Centaurea bombycina','Centaurea bombycina bombycina','Centaurea bombycina funkii','Centaurea borjae','Centaurea calcitrapa','Centaurea carratracensis','Centaurea castellanoides','Centaurea x ceballosii','Centaurea centaurim','Centaurea cephalariifolia','Centaurea citricolor','Centaurea clementei','Centaurea collina','Centaurea collina serratulifolia','Centaurea corcubionensis','Centaurea cordubensis','Centaurea cyanus','Centaurea debeauxii','Centaurea debeauxii debeauxii','Centaurea debeauxii endressii','Centaurea debeauxii nemoralis','Centaurea debeauxii nevadensis','Centaurea debeauxii thuillieri','Centaurea depressa','Centaurea diluta','Centaurea dracunculifolia','Centaurea emigrantis','Centaurea eriophora','Centaurea exarata','Centaurea fraylensis','Centaurea gadorensis','Centaurea granatensis','Centaurea haenseleri','Centaurea haenseleri epapposa','Centaurea haenseleri haenseleri','Centaurea hyssopifolia','Centaurea jacea','Centaurea janeri','Centaurea babiana','Centaurea babiana janeri','Centaurea lagascae','Centaurea lagascana','Centaurea lagascana lagascana','Centaurea lagascana podospermifolia','Centaurea lainzii','Centaurea leucophaea','Centaurea leucophaea biformis','Centaurea leucophaea leucophaea','Centaurea leucophaea ochrolopha','Centaurea limbata','Centaurea linaresii','Centaurea linifolia','Centaurea x losana','Centaurea loscosii','Centaurea machrorriza','Centaurea mariana','Centaurea melitensis','Centaurea micracantha','Centaurea micrantha','Centaurea micrantha herminii','Centaurea micrantha melanosticta','Centaurea micrantha micrantha','Centaurea microptilon','Centaurea microptilon emporitana','Centaurea microptilon micoptilon','Centaurea montana','Centaurea monticola','Centaurea napifolia','Centaurea nicaeensis','Centaurea nigra','Centaurea nigra carpetana','Centaurea nigra nigra','Centaurea nigra rivularis','Centaurea ornata','Centaurea ornata macrocephala','Centaurea ornata ornata','Centaurea ornata saxicola','Centaurea paniculata','Centaurea paniculata castellana','Centaurea paniculata cossoniana','Centaurea paniculata paniculata','Centaurea pectinata','Centaurea pectinata pectinata','Centaurea polymorpha','Centaurea procumbens','Centaurea prolongi','Centaurea pullata','Centaurea pulvinata','Centaurea sagredoi','Centaurea scabiosa','Centaurea schousboei','Centaurea schousboei schousboei','Centaurea schousboei septentrionalis','Centaurea seridis','Centaurea seridis cruenta','Centaurea seridis maritima','Centaurea seridis seridis','Centaurea solstitialis','Centaurea solstitialis solstitialis','Centaurea sonchifolia l.','Centaurea sphaerocephala','Centaurea sphaerocephala malacitana','Centaurea sphaerocephala polyacantha','Centaurea sphaerocephala sphaerocephala','Centaurea spinabadia','Centaurea spinabadia hanryi','Centaurea spinabadia isernii','Centaurea spinabadia spinabadia','Centaurea sulphurea','Centaurea x tatayana','Centaurea toletana','Centaurea toletana tentudaica','Centaurea toletana toletana','Centaurea triumfetti','Centaurea triumfetti lingulata','Centaurea triumfetti lugdunensis','Centaurea triumfetti semidecurrens','Centaurea triumfetti triumfetti','Centaurea urgellensis','Centaurea urgellensis rothmalerana','Centaurea urgellensis urgellensis','Centaurea vinyalsii','Centaurea vinyalsii approximata','Centaurea vinyalsii vinyalsii','Centaurea x zubiae','Centaurium','Centaurium bianoris','Centaurium chloodes','Centaurium enclusense','Centaurium erythraea','Centaurium erythraea erythraea','Centaurium erythraea grandiflorum','Centaurium erythraea majus','Centaurium favargeri','Centaurium linariifolium','Centaurium littorale','Centaurium maritimum','Centaurium microcalyx','Centaurium pulchellum','Centaurium quadrifolium','Centaurium rigualii','Centaurium scilloides','Centaurium somedanum','Centaurium spicatum','Centaurium suffruticosum','Centaurium tenuiflorum','Centaurium tenuiflorum acutiflorum','Centaurium tenuiflorum tenuiflorum','Centaurium triphyllum','Centranthus','Centranthus angustifolius','Centranthus calcitrapae','Centranthus calcitrapae calcitrapae','Centranthus calcitrapae trichocarpus','Centranthus lecoqii','Centranthus macrosiphon','Centranthus nevadensis','Centranthus nevadensis nevadensis','Centranthus ruber','Centranthus ruber ruber','Cephalanthera','Cephalanthera damasonium','Cephalanthera longifolia','Cephalanthera rubra','Cephalaria','Cephalaria leucantha','Cephalaria linearifolia','Cephalaria squamiflora','Cephalaria squamiflora balearica','Cephalaria syriaca','Cerastium','Cerastium alpinum','Cerastium alpinum alpinum','Cerastium alpinum lanatum','Cerastium alpinum squalidum','Cerastium arvense','Cerastium arvense arvense','Cerastium arvense strictum','Cerastium boissieri','Cerastium brachypetalum','Cerastium brachypetalum brachypetalum','Cerastium brachypetalum roeseri','Cerastium brachypetalum tauricum','Cerastium cerastoides','Cerastium dichotomum','Cerastium diffusum','Cerastium diffusum diffusum','Cerastium fontanum','Cerastium fontanum hispanicum','Cerastium fontanum triviale','Cerastium gibraltaricum','Cerastium glomeratum','Cerastium gracile','Cerastium pedunculatum','Cerastium perfoliatum','Cerastium pumilum','Cerastium pumilum pallens','Cerastium pumilum pumilum','Cerastium pyrenaicum','Cerastium semidecandrum','Cerastium semidecandrum semidecandrum','Cerastium siculum','Ceratocapnos','Ceratocapnos heterocarpa','Ceratocephalus','Ceratocephalus falcatus','Ceratoides','Ceratoides latens','Ceratonia','Ceratophyllum','Ceratophyllum demersum','Ceratophyllum demersum demersum','Ceratophyllum submersum','Cercis','Cercis siliquastrum','Cerinthe','Cerinthe glabra','Cerinthe glabra glabra','Cerinthe gymnandra','Cerinthe major','Cestrum','Cestrum nocturnum','Cestrum parqui','Ceterach','Ceterach officinarum','Chaenorhinum','Chaenorhinum glareosum','Chaenorhinum grandiflorum','Chaenorhinum macropodum','Chaenorhinum macropodum degenii','Chaenorhinum macropodum macropodum','Chaenorhinum minus','Chaenorhinum minus minus','Chaenorhinum origanifolium','Chaenorhinum origanifolium cadevallii','Chaenorhinum origanifolium crassifolium','Chaenorhinum origanifolium origanifolium','Chaenorhinum origanifolium segoviense','Chaenorhinum robustum','Chaenorhinum rubrifolium','Chaenorhinum rubrifolium bianorii','Chaenorhinum rubrifolium formenterae','Chaenorhinum rubrifolium raveyi','Chaenorhinum rubrifolium rubrifolium','Chaenorhinum serpyllifolium','Chaenorhinum serpyllifolium lusitanicum','Chaenorhinum serpyllifolium serpyllifolium','Chaenorhinum tenellum','Chaenorhinum villosum','Chaerophyllum','Chaerophyllum aureum','Chaerophyllum hirsutum','Chaerophyllum temulentum','Chaetopogon','Chaetopogon fasciculatus','Chaetopogon fasciculatus fasciculatus','Chaetopogon fasciculatus prostratus','Chamaecyparis','Chamaecytisus','Chamaecytisus supinus','Chamaemelum','Chamaemelum fuscatum','Chamaemelum mixtum','Chamaemelum nobile','Chamaemelum nobile aurea','Chamaemelum nobile nobile','Chamaerops','Chamaespartium','Chamomilla','Chamomilla aurea','Chamomilla recutita','Chamomilla suaveolens','Cheilanthes','Cheilanthes catanensis','Cheilanthes guanchica','Cheilanthes hispanica','Cheilanthes maderensis','Cheilanthes marantae','Cheilanthes pteridioides','Cheilanthes tinaei','Cheiranthus','Cheiranthus cheiri','Cheirolophus','Cheirolophus intybaceus','Cheirolophus sempervirens','Cheirolophus uliginosus','Chelidonium','Chelidonium majus','Chenopodium','Chenopodium album','Chenopodium album album','Chenopodium album striatum','Chenopodium ambrosioides','Chenopodium bonus-henricus','Chenopodium botrys','Chenopodium botryodes','Chenopodium capitatum','Chenopodium exsuccum','Chenopodium ficifolium','Chenopodium foliosum','Chenopodium giganteum','Chenopodium glaucum','Chenopodium hybridum','Chenopodium multifidum','Chenopodium murale','Chenopodium opulifolium','Chenopodium polyspermum','Chenopodium pumilio','Chenopodium rubrum','Chenopodium urbicum','Chenopodium vulvaria','Chenopodium vulvaria microphyllum','Chloris','Chloris gayana','Chondrilla','Chondrilla juncea','Christella','Christella dentata','Chronanthus','Chronanthus biflorus','Chrozophora','Chrozophora obliqua','Chrozophora tinctoria','Chrysanthemum','Chrysanthemum balsamita','Chrysanthemum carinatum','Chrysanthemum coronarium','Chrysanthemum segetum','Chrysosplenium','Chrysosplenium alternifolium','Chrysosplenium oppositifolium','Cicendia','Cicendia filiformis','Cicer','Cicer arietinum','Cicerbita','Cicerbita alpina','Cicerbita plumieri','Cichorium','Cichorium endivia','Cichorium endivia divaricatum','Cichorium endivia endivia','Cichorium intybus','Cichorium spinosum','Cicuta','Cicuta virosa','Circaea','Circaea alpina','Circaea x intermedia','Circaea lutetiana','Cirsium','Cirsium acaule','Cirsium acaule acaule','Cirsium acaule gregarium','Cirsium albicans','Cirsium arvense','Cirsium bourgaeanum','Cirsium carniolicum','Cirsium carniolicum rufescens','Cirsium costae','Cirsium dissectum','Cirsium echinatum','Cirsium eriophorum','Cirsium eriophorum chodati','Cirsium eriophorum eriophorum','Cirsium ferox','Cirsium filipendulum','Cirsium flavispina','Cirsium flavispina matritense','Cirsium flavispina nevadense','Cirsium gaditanum','Cirsium giraudiasii','Cirsium glabrum','Cirsium helenioides','Cirsium monspesulanum','Cirsium odontolepis','Cirsium oleraceum','Cirsium palustre','Cirsium pannonicum','Cirsium richteranum','Cirsium rivulare','Cirsium rosulatum','Cirsium scabrum','Cirsium tuberosum','Cirsium valentinum','Cirsium vulgare','Cirsium welwitschii','Cistanche','Cistanche phelypaea','Cistanche violacea','Cistus','Cistus crispus','Cistus heterophyllus','Cistus incanus','Cistus incanus corsicus','Cistus libanotis','Cistus populifolius major','Cistus populifolius populifolius','Citrullus','Citrullus lanatus','Citrus','Citrus aurantium','Citrus limon','Citrus medica','Citrus reticulata','Citrus sinensis','Cladanthus','Cladanthus arabicus','Cladium','Claytonia','Claytonia perfoliata','Cleistogenes','Cleistogenes serotina','Cleistogenes serotina serotina','Clematis','Clematis campaniflora','Clematis cirrhosa','Clematis flammula','Clematis recta','Clematis vitalba','Clematis viticella','Cleome','Cleome violacea','Cleonia','Cleonia lusitanica','Clinopodium','Clinopodium vulgare','Clinopodium vulgare arundanum','Clinopodium vulgare vulgare','Clypeola','Clypeola eriocarpa','Clypeola jonthlaspi','Cneorum','Cneorum tricoccon','Cnicus','Cnicus benedictus','Cobaea','Cobaea scandens','Cochlearia','Cochlearia aestuaria','Cochlearia aragonensis','Cochlearia danica','Cochlearia glastifolia','Cochlearia officinalis','Coeloglossum','Coeloglossum viride','Coix','Coix lacryma-jobi','Colchicum','Colchicum autumnale','Colchicum lusitanicum','Colchicum neapolitanum','Colchicum triphyllum','Coleostephus','Coleostephus clausonis','Coleostephus myconis','Colocasia','Colocasia esculenta','Colutea','Colutea arborescens','Colutea arborescens arborescens','Colutea arborescens gallica','Colutea atlantica','Commicarpus','Commicarpus plumbagineus','Conium','Conium maculatum','Conopodium','Conopodium bourgaei','Conopodium brachycarpum','Conopodium bunioides','Conopodium capillifolium','Conopodium majus','Conopodium pyrenaeum','Conopodium pyrenaeum pusillum','Conopodium pyrenaeum pyrenaeum','Conopodium ramosum','Conopodium thalictrifolium','Conringia','Conringia orientalis','Consolida','Consolida ambigua','Consolida orientalis','Consolida orientalis orientalis','Consolida pubescens','Consolida regalis','Consolida regalis regalis','Convallaria','Convallaria majalis','Convolvulus','Convolvulus althaeoides','Convolvulus althaeoides althaeoides','Convolvulus arvensis','Convolvulus boissieri','Convolvulus boissieri boissieri','Convolvulus cantabrica','Convolvulus cneorum','Convolvulus humilis','Convolvulus lanuginosus','Convolvulus lineatus','Convolvulus meonanthus','Convolvulus pentapetaloides','Convolvulus siculus','Convolvulus siculus agrestis','Convolvulus siculus siculus','Convolvulus tricolor','Convolvulus tricolor tricolor','Convolvulus valentinus','Conyza','Conyza bonariensis','Conyza canadiensis','Conyza x flahaultiana','Corallorhiza','Corallorhiza trifida','Corema','Coriandrum','Coriandrum sativum','Coriaria','Coriaria myrtifolia','Coris','Coris hispanica','Coris monspeliensis','Cornus','Cornus sanguinea sanguinea','Coronilla','Coronilla emerus','Coronilla emerus emerus','Coronilla juncea','Coronilla minima','Coronilla minima clusii','Coronilla repanda','Coronilla repanda dura','Coronilla repanda repanda','Coronilla scorpioides','Coronilla valentina','Coronilla valentina glauca','Coronilla valentina pentaphylla','Coronilla varia','Coronopus','Coronopus didymus','Coronopus navasii','Coronopus squamatus','Corrigiola','Corrigiola littoralis','Corrigiola littoralis imbricata','Corrigiola littoralis littoralis','Corrigiola telephiifolia','Cortaderia','Cortaderia selloana','Corydalis','Corydalis bulbosa','Corydalis bulbosa bulbosa','Corydalis claviculata','Corydalis claviculata claviculata','Corydalis lutea','Corydalis solida','Corydalis solida solida','Corylus','Corynephorus','Corynephorus divaricatus','Corynephorus fasciculatus','Corynephorus macrantherus','Cosmos','Cosmos bipinnatus','Cotinus','Cotinus coggygria','Cotoneaster','Cotoneaster granatensis','Cotoneaster integerrimus','Cotoneaster nebrodensis','Cotula','Cotula coronopifolia','Crambe','Crambe filiformis','Crambe hispanica','Crambe maritima','Crassula','Crassula campestris','Crassula tillaea','Crassula vaillantii','Crataegus azarolus','Crataegus lacinata','Crataegus laevigata','Crataegus laevigata laevigata','Crataegus monogyna azarella','Crataegus monogyna brevispina','Crepis','Crepis albida','Crepis albida albida','Crepis albida asturica','Crepis albida grosii','Crepis albida longicaulis','Crepis albida macrocephala','Crepis albida scorzoneroides','Crepis bellidifolia','Crepis biennis','Crepis bourgeaui','Crepis bursifolia','Crepis capillaris','Crepis conyzifolia','Crepis foetida','Crepis foetida foetida','Crepis granatensis','Crepis lampsanoides','Crepis mollis','Crepis nicaeensis','Crepis oporinoides','Crepis paludosa','Crepis pulchra','Crepis pusilla','Crepis pygmaea','Crepis pygmaea anachoretica','Crepis pygmaea pygmaea','Crepis pyrenaica','Crepis sancta','Crepis setosa','Crepis tectorum','Crepis tectorum tectorum','Crepis tingitana','Crepis triasii','Crepis vesicaria','Crepis vesicaria congenita','Crepis vesicaria haenseleri','Crepis vesicaria vesicaria','Crepis zacintha','Cressa','Cressa cretica','Crithmum','Crithmum maritimum','Crocus','Crocus cambessedesii','Crocus carpetanus','Crocus nevadensis','Crocus nudiflorus','Crocus sativus','Crocus serotinus','Crocus serotinus clusii','Crocus serotinus salzmannii','Crocus vernus','Crocus vernus albiflorus','Crucianella','Crucianella angustifolia','Crucianella latifolia','Crucianella maritima','Crucianella patula','Cruciata','Cruciata glabra','Cruciata laevipes','Cruciata pedemontana','Crupina','Crupina crupinastrum','Crupina vulgaris','Crypis','Crypis aculeata','Crypis schoenoides','Cryptogramma','Cryptogramma crispa','Cryptomeria','Cryptomeria japonica','Ctenopsis','Ctenopsis delicatula','Ctenopsis gypsophila','Ctenopsis pectinella','Cucubalus','Cucubalus baccifer','Cucumis','Cucumis melo','Cucumis myriocarpus','Cucumis sativus','Cucurbita','Cucurbita maxima','Cucurbita moschata','Cucurbita pepo','Culcita','Culcita macrocarpa','Cumimum','Cumimum cyminum','Cunninghamia','Cunninghamia lanceolata','Cupressus','Cupressus arizonica','Cupressus goveniana','Cuscuta','Cuscuta approximata','Cuscuta approximata approximata','Cuscuta approximata episonchum','Cuscuta australis','Cuscuta australis tinei','Cuscuta brevistyla','Cuscuta campestris','Cuscuta epilinum','Cuscuta epithymum','Cuscuta epithymum epithymum','Cuscuta epithymum kotschyi','Cuscuta europaea','Cuscuta planiflora','Cuscuta suaveolens','Cuscuta triumvirati','Cutandia','Cutandia divaricata','Cutandia maritima','Cutandia memphitica','Cyanopsis','Cyanopsis muricata','Cyclamen','Cyclamen balearicum','Cyclosorus','Cyclosorus dentatus','Cydonia','Cydonia oblonga','Cylindropuntia','Cylindropuntia cylindrica','Cylindropuntia exaltata','Cymbalaria','Cymbalaria aequitriloba','Cymbalaria aequitriloba aequitriloba','Cymbalaria aequitriloba fragilis','Cymbalaria muralis','Cymbalaria muralis muralis','Cymodocea','Cymodocea nodosa','Cynanchum','Cynanchum acutum','Cynara','Cynara alba','Cynara algarbiensis','Cynara cardunculus','Cynara humilis','Cynara scolymus','Cynara tournefortii','Cynodon','Cynodon dactylon','Cynoglossum','Cynoglossum cheirifolium','Cynoglossum clandestinum','Cynoglossum creticum','Cynoglossum dioscoridis','Cynoglossum germanicum','Cynoglossum nebrodense','Cynoglossum officinale','Cynomorium','Cynomorium coccineum','Cynosurus','Cynosurus cristatus','Cynosurus echinatus','Cynosurus elegans','Cyperus','Cyperus auricomus','Cyperus capitatus','Cyperus difformis','Cyperus eragrostis','Cyperus esculentus','Cyperus flavescens','Cyperus flavidus','Cyperus fuscus','Cyperus laevigatus','Cyperus laevigatus distachyos','Cyperus longus','Cyperus longus badius','Cyperus longus longus','Cyperus mundtii','Cyperus rotundus','Cyperus serotinus','Cypripedium','Cypripedium calceolus','Cystopteris','Cystopteris dickieana','Cystopteris fragilis','Cystopteris fragilis diaphana','Cystopteris fragilis fragilis','Cystopteris fragilis pseudorregia','Cystopteris fragilis regia','Cystopteris montana','Cystopteris viridula','Cytinus','Cytinus hypocistis','Cytinus hypocistis hypocistis','Cytinus hypocistis macranthus','Cytinus hypocistis orientalis','Cytinus hypocistis pityusensis','Cytinus ruber','Cytisus','Cytisus baeticus','Cytisus ingramii','Cytisus malacitanus','Cytisus malacitanus catalaunicus','Cytisus malacitanus malacitanus','Cytisus moleroi','Cytisus purgans balansae','Cytisus purgans purgans','Cytisus scoparius scoparius','Cytisus sessilifolius','Cytisus tribracteolatus','Cytisus villosus','Daboecia','Daboecia cantabrica','Dactylis','Dactylis glomerata','Dactylis glomerata aschersoniana','Dactylis glomerata glomerata','Dactylis glomerata hispanica','Dactylis glomerata ibicensis','Dactylis glomerata juncinella','Dactylis marina','Dactylorhiza','Dactylorhiza elata','Dactylorhiza elata elata','Dactylorhiza elata sesquipedalis','Dactylorhiza fuchsii','Dactylorhiza incarnata','Dactylorhiza incarnata incarnata','Dactylorhiza maculata','Dactylorhiza maculata elodes','Dactylorhiza maculata maculata','Dactylorhiza majalis','Dactylorhiza majalis alpestris','Dactylorhiza majalis majalis','Dactylorhiza saccifera','Dactylorhiza sambucina','Dactylorhiza sambucina insularis','Dactylorhiza sambucina sambucina','Dactylorhiza sulphurea','Dactylorhiza sulphurea pseudosambucima','Dactylorhiza sulphurea sulphurea','Dactylorhiza traunsteineri','Damasonium','Damasonium alisma','Danthonia','Danthonia alpina','Danthonia decumbens','Daphne','Daphne alpina','Daphne cneorum','Daphne gnidium','Daphne laureola','Daphne laureola laureola','Daphne laureola philippi','Daphne mezereum','Daphne oleoides','Daphne rodriguezii','Dasypyrum','Dasypyrum villosum','Datura','Datura ferox','Datura innoxia','Datura metel','Datura stramonium','Daucus','Daucus aureus','Daucus carota','Daucus carota carota','Daucus carota drepanensis','Daucus carota gummifer','Daucus carota maritimus','Daucus carota maximus','Daucus crinitus','Daucus durieua','Daucus muricatus','Daucus setifolis','Davallia','Davallia canariensis','Delphinium','Delphinium gautieri','Delphinium gracile','Delphinium halteranum','Delphinium montanum','Delphinium nevadense','Delphinium obcordatum','Delphinium pentagynum','Delphinium peregrinum','Delphinium pictum','Delphinium sordidum','Delphinium staphisagria','Delphinium verdunense','Deschampsia','Deschampsia cespitosa','Deschampsia cespitosa cespitosa','Deschampsia flexuosa','Deschampsia hispanica','Deschampsia hispanica hispanica','Deschampsia media','Deschampsia media masclansii','Deschampsia media media','Deschampsia refracta','Deschampsia setacea','Descurainia','Descurainia sophia','Desmazeria','Desmazeria marina','Desmazeria rigida','Desmazeria rigida hemipoa','Desmazeria rigida rigida','Desmazeria sicula','Dethawia','Dethawia tenuifolia','Dianthus','Dianthus absconditus','Dianthus algetanus','Dianthus anticarius','Dianthus armeria','Dianthus armeria armeria','Dianthus armeria camboi','Dianthus barbatus','Dianthus barbatus barbatus','Dianthus carthusianorum','Dianthus carthusianorum carthusianorum','Dianthus carthusianorum vaginatus','Dianthus caryophyllus','Dianthus caryophyllus caryophyllus','Dianthus charidemii','Dianthus cintranus','Dianthus cintranus cintranus','Dianthus cintranus multiceps','Dianthus costae','Dianthus crassipes','Dianthus deltoides','Dianthus deltoides deltoides','Dianthus deltoides nuriae','Dianthus furcatus','Dianthus furcatus geminiflorus','Dianthus gallicus','Dianthus hispanicus','Dianthus hispanicus hispanicus','Dianthus hispanicus tarraconensis','Dianthus langeanus','Dianthus laricifolius','Dianthus lusitanus','Dianthus lusitanus bolivaris','Dianthus lusitanus lucronensis','Dianthus lusitanus lusitanus','Dianthus lusitanus serenaeus','Dianthus malacitanus','Dianthus malacitanus malacitanus','Dianthus malacitanus valentinus','Dianthus mariani','Dianthus merinoi','Dianthus monspessulanus','Dianthus monspessulanus eynensis','Dianthus monspessulanus monspessulanus','Dianthus monspessulanus sternbergii','Dianthus planellae','Dianthus pungens','Dianthus pungens cognobilis','Dianthus pungens fontqueri','Dianthus pungens multiceps','Dianthus pungens pungens','Dianthus pungens tarraconensis','Dianthus pyrenaicus','Dianthus pyrenaicus catalaunicus','Dianthus pyrenaicus floribundus','Dianthus pyrenaicus pyrenaicus','Dianthus rupicola','Dianthus rupicola hermaeensis','Dianthus scaber','Dianthus scaber cutandae','Dianthus scaber scaber','Dianthus scaber toledanus','Dianthus seguieri','Dianthus seguieri cadevallii','Dianthus seguieri costei','Dianthus seguieri gautieri','Dianthus subacaulis','Dianthus subacaulis brachyanthus','Dianthus subacaulis duatorum','Dianthus subacaulis hieronymi','Dianthus subacaulis nivalis','Dianthus subacaulis ruscinonensis','Dianthus subbaeticus','Dianthus sylvestris','Dianthus sylvestris siculus','Dichanthium','Dichanthium ischaemum','Dictamnus','Dictamnus albus','Dictamnus hispanicus','Digitalis','Digitalis dubia','Digitalis dubia palani','Digitalis heywoodii','Digitalis lutea','Digitalis lutea lutea','Digitalis obscura','Digitalis obscura laciniata','Digitalis obscura obscura','Digitalis parviflora','Digitalis purpurea','Digitalis purpurea mariana','Digitalis purpurea purpurea','Digitalis thapsi','Digitaria','Digitaria debilis','Digitaria ischaemum','Digitaria sanguinalis','Dinebra','Dinebra retroflexa','Dioscorea','Dioscorea opposita','Diospyros','Diospyros kaki','Diospyros lotus','Dipcadi','Dipcadi fulvum','Dipcadi serotinun','Diphasium','Diphasium alpinum','Diphasium complanatum','Diphasium complanatum complanatum','Diplazium','Diplazium caudatum','Diplotaxis','Diplotaxis catholica','Diplotaxis crassifolia','Diplotaxis crassifolia crassifolia','Diplotaxis crassifolia intricata','Diplotaxis crassifolia lagascana','Diplotaxis erucoides','Diplotaxis erucoides erucoides','Diplotaxis gomez-campoi','Diplotaxis harra lagascana','Diplotaxis ibicensis','Diplotaxis muralis','Diplotaxis muralis muralis','Diplotaxis siettiana','Diplotaxis siifolia','Diplotaxis siifolia siifolia','Diplotaxis tenuifolia','Diplotaxis virgata','Diplotaxis virgata virgata','Diplotaxis viminea','Dipsacus','Dipsacus comosus','Dipsacus fullonum','Dipsacus laciniatus','Dipsacus pilosus','Dipsacus sativus','Disphyma','Disphyma crassifolium','Dittrichia','Dittrichia graveolens','Dittrichia viscosa revoluta','Dittrichia viscosa viscosa','Doronicum','Doronicum austriacum','Doronicum carpetanum','Doronicum clusii','Doronicum grandiflorum','Doronicum grandiflorum braunblanqueti','Doronicum pardalianches','Doronicum plantagineum','Dorycnium','Dorycnium hirsutum','Dorycnium pentaphyllum fulgurans','Dorycnium pentaphyllum gracile','Dorycnium pentaphyllum pentaphyllum','Dorycnium rectum','Draba','Draba aizoides','Draba cantabriae','Draba cantabrica','Draba carinthiaca','Draba dedeana','Draba dedeana dedeana','Draba dedeana mawii','Draba dubia','Draba hispanica','Draba hispanica hispanica','Draba hispanica lebrunii','Draba incana','Draba incana pyrenaea','Draba lutescens','Draba muralis','Draba nemoralis','Draba tomentosa','Draba tomentosa ciliigera','Draba tomentosa subnivalis','Draba zapateri','Dracunculus','Dracunculus muscivorus','Dracunculus vulgaris','Drosanthemum','Drosanthemum floribundum','Drosera','Drosera anglica','Drosera intermedia','Drosera rotundifolia','Drosophyllum','Drosophyllum lusitanicum','Dryas','Dryas octopetala','Dryopteris','Dryopteris abbreviata','Dryopteris aemula','Dryopteris affinis','Dryopteris affinis affinis','Dryopteris affinis robusta','Dryopteris affinis stilluppensis','Dryopteris aitoniana','Dryopteris borreri','Dryopteris carthusiana','Dryopteris corleyi','Dryopteris cristata','Dryopteris dilatata','Dryopteris expansa','Dryopteris filix-mas','Dryopteris guanchica','Dryopteris oreades','Dryopteris pseudomas','Dryopteris remota','Dryopteris submontana','Dryopteris tyrrhena','Dryopteris villarii','Dryopteris villarii balearica','Dryopteris villarii pallida','Dryopteris villarii villarii','Duchesnea','Duchesnea indica','Duranta','Duranta  repens','Ecballium','Ecballium elaterium','Echinaria','Echinaria capitata','Echinochloa','Echinochloa colonum','Echinochloa crus-galli','Echinochloa oryzoides','Echinophora','Echinophora spinosa','Echinops','Echinops fontqueri','Echinops ritro','Echinops ritro ritro','Echinops sphaerocephalus','Echinops sphaerocephalus sphaerocephalus','Echinops strigosus','Echinospartum boissieri','Echinospartum horridum','Echinospartum lusitanicum','Echinospartum lusitanicum barnadesii','Echinospartum lusitanicum lusitanicum','Echium','Echium albicans','Echium arenarium','Echium asperrimum','Echium boissieri','Echium cantabricum','Echium creticum','Echium creticum coincyanum','Echium creticum creticum','Echium flavum','Echium gaditanum','Echium humile','Echium italicum.','Echium lusitanicum','Echium lusitanicum lusitanicum','Echium lusitanicum polycaulon','Echium parviflorum','Echium plantagineum','Echium pustulatum','Echium rosulatum','Echium sabulicola','Echium tuberculatum','Echium vulgare','Eclipta','Eclipta prostata','Eichhornia','Eichhornia crassipes','Elaeagnus','Elaeoselinum','Elaeoselinum asclepium','Elaeoselinum asclepium meoides','Elaeoselinum foetidum','Elaeoselinum gummiferum','Elaeoselinum tenuifolium','Elatine','Elatine alsinastrum','Elatine hexandra','Elatine hydropiper','Elatine macropoda','Eleocharis','Eleocharis acicularis','Eleocharis austriaca','Eleocharis multicaulis','Eleocharis palustris','Eleocharis palustris palustris','Eleocharis palustris vulgaris','Eleocharis parvula','Eleocharis quinqueflora','Eleocharis uniglumis','Eleusine','Eleusine indica','Eleusine tristachya','Elizaldia','Elizaldia calycyna','Elodea','Elodea canadensis','Elymus','Elymus caninus','Elymus curvifolius','Elymus elongatus','Elymus elongatus elongatus','Elymus farctus','Elymus farctus boreali-atlanticus','Elymus farctus farctus','Elymus x farctus farctus x pycnanthus','Elymus x farctus farctus x repens','Elymus hispidus','Elymus hispidus barbulatus','Elymus hispidus hispidus','Elymus panormitanus','Elymus pungens','Elymus pungens campestris','Elymus pungens fontqueri','Elymus pungens pungens','Elymus pycnanthus','Elymus x pycnanthus x repens','Elymus repens','Elymus repens repens','Emex','Emex spinosa','Empetrum','Empetrum nigrum','Empetrum nigrum hermaphroditum','Empetrum nigrum nigrum','Endressia','Endressia castellana','Endressia pyrenaica','Enneapogon','Enneapogon persicus','Ensete','Ensete edule','Ensete gilleti','Ensete glaucum','Ensete superbum','Ensete ventricosum','Ephedra','Ephedra distachya','Ephedra distachya distachya','Ephedra fragilis campylopoda','Ephedra fragilis fragilis','Ephedra major','Ephedra major major','Ephedra nebrodensis','Epilobium','Epilobium alpestre','Epilobium alsinifolium','Epilobium anagallidifolium','Epilobium angustifolium','Epilobium atlanticum','Epilobium collinum','Epilobium duriaei','Epilobium hirsutum','Epilobium lanceolatum','Epilobium montanum','Epilobium nutans','Epilobium obscurum','Epilobium palustre','Epilobium parviflorum','Epilobium roseum','Epilobium roseum roseum','Epilobium tetragonum','Epilobium tetragonum lamyi','Epilobium tetragonum tetragonum','Epilobium tetragonum tournefortii','Epipactis','Epipactis atrorubens','Epipactis helleborine','Epipactis microphylla','Epipactis palustris','Epipactis parviflora','Equisetum','Equisetum arvense','Equisetum fluviatile','Equisetum hyemale','Equisetum palustre','Equisetum ramosissimum','Equisetum sylvaticum','Equisetum telmateia','Equisetum tenue','Equisetum x trachyodon','Equisetum variegatum','Eragrostis','Eragrostis barrelieri','Eragrostis cilianensis','Eragrostis curvula','Eragrostis minor','Eragrostis papposa','Eragrostis pectinacea','Eragrostis pilosa','Erica','Erica arborea arborea','Erica arborea riojana','Erica ciliaris','Erica erigena','Erica lusitanica','Erica scoparia scoparia','Erica terminalis','Erica tetralix','Brezal de Erica tetralix','Erigeron','Erigeron acer','Erigeron acer acer','Erigeron alpinus','Erigeron annuus','Erigeron annuus annuus','Erigeron annuus septentrionalis','Erigeron annuus strigosus','Erigeron aragonensis','Erigeron frigidus','Erigeron glabratus','Erigeron karvinskianus','Erigeron major','Erigeron uniflorus','Erinacea','Erinus','Erinus alpinus','Eriobotrya','Eriobotrya japonica','Eriophorum','Eriophorum angustifolium','Eriophorum latifolium','Eriophorum scheuchzeri','Eriophorum vaginatum','Erodium','Erodium acaule','Erodium astragaloides','Erodium boissieri','Erodium botrys','Erodium castellanum','Erodium carvifolium','Erodium cazorlanum','Erodium chium','Erodium chium chium','Erodium chium littoreum','Erodium ciconium','Erodium cicutarium','Erodium cicutarium bipinnatum','Erodium cicutarium cicutarium','Erodium cicutarium jacquinianum','Erodium daucoides','Erodium gaussenianum','Erodium gruinum','Erodium guttatum','Erodium laciniatum','Erodium malacoides','Erodium manescavi','Erodium maritimum','Erodium moschatum','Erodium mouretii','Erodium paui','Erodium petraeum crispum','Erodium petraeum glandulosum','Erodium petraeum lucidum','Erodium petraeum valentinum','Erodium recoderii','Erodium reichardii','Erodium rupestre','Erodium rupicola','Erodium sanguis-christi','Erodium tordylioides','Erophila','Erophila verna','Erophila verna praecox','Erophila verna spathulata','Erophila verna verna','Eruca','Eruca vesicaria','Eruca vesicaria sativa','Eruca vesicaria vesicaria','Erucaria','Erucaria hispanica','Erucastrum','Erucastrum gallicum','Erucastrum laevigatum','Erucastrum nasturtiifolium','Eryngium','Eryngium aquifolium','Eryngium bourgatii','Eryngium bourgatii bourgatii','Eryngium bourgatii hispanicum','Eryngium bourgatii pyrenaicum','Eryngium campestre','Eryngium x chevalieri','Eryngium corniculatum','Eryngium dichotomum','Eryngium dilatatum','Eryngium duriaei','Eryngium galioides','Eryngium glaciale','Eryngium grosii','Eryngium ilicifolium','Eryngium juresianum','Eryngium lazae','Eryngium maritimum','Eryngium tenue','Eryngium tricuspidatum','Eryngium viviparum','Erysimum','Erysimum cheiranthoides','Erysimum cheiranthoides cheiranthoides','Erysimum decumbens','Erysimum grandiflorum','Erysimum incanum','Erysimum linifolium','Erysimum linifolium baeticum','Erysimum linifolium cazorlense','Erysimum linifolium linifolium','Erysimum myriophyllum','Erysimum repandum','Erythronium','Erythronium dens-canis','Eschscholzia','Eschscholzia californica','Eucalyptus gunnii','Eucalyptus maidenii','Eucalyptus resinifer','Eucalyptus robustus','Eucalyptus viminalis','Euonymus','Euonymus japonicus','Euonymus latifolius','Eupatorium adenophorum','Eupatorium cannabinum','Eupatorium cannabinum cannabinum','Euphorbia','Euphorbia akenocarpa','Euphorbia amygdaloides','Euphorbia amygdaloides amygdaloides','Euphorbia angulata','Euphorbia biumbellata','Euphorbia boetica','Euphorbia briquetii','Euphorbia brittingeri','Euphorbia broteri','Euphorbia bupleroides','Euphorbia chamaebuxus','Euphorbia chamaesyce','Euphorbia chamaesyce chamaesyce','Euphorbia characias','Euphorbia characias characias','Euphorbia clavigera','Euphorbia clementei','Euphorbia cyparissias','Euphorbia dendroides','Euphorbia dracunculoides','Euphorbia dulcis','Euphorbia duvalii','Euphorbia esula','Euphorbia esula aragonensis','Euphorbia esula esula','Euphorbia esula tommasiniana','Euphorbia exigua','Euphorbia falcata','Euphorbia flavicoma','Euphorbia fontqueriana','Euphorbia gaditana','Euphorbia gayi','Euphorbia helioscopia','Euphorbia heliscopioides','Euphorbia humifusa','Euphorbia hyberna','Euphorbia hyberna hyberna','Euphorbia isatidifolia','Euphorbia lagascae','Euphorbia lathyris','Euphorbia maculata','Euphorbia maresii','Euphorbia mariolensis','Euphorbia margalidiana','Euphorbia matritensis','Euphorbia medicaginea','Euphorbia minuta','Euphorbia monchiquensis','Euphorbia myrsinites','Euphorbia myrsinites litardierei','Euphorbia myrsinites myrsinites','Euphorbia nevadensis','Euphorbia nicaeensis','Euphorbia nicaeensis nicaeensis','Euphorbia nutans','Euphorbia palustris','Euphorbia paralias','Euphorbia peplis','Euphorbia peploides','Euphorbia peplus','Euphorbia pinea','Euphorbia pithyusa','Euphorbia pithyusa cupanii','Euphorbia pithyusa pithyusa','Euphorbia platyphyllos','Euphorbia polygalifolia','Euphorbia polygalifolia polygalifolia','Euphorbia polygalifolia vasconensis','Euphorbia polygonifolia','Euphorbia portlandica','Euphorbia prostrata','Euphorbia pterococca','Euphorbia pubescens','Euphorbia segetalis','Euphorbia seguierana','Euphorbia seguierana seguierana','Euphorbia sennenii','Euphorbia serpens','Euphorbia serrata','Euphorbia serrulata','Euphorbia squamigera','Euphorbia squamigera carthaginensis','Euphorbia squamigera squamigera','Euphorbia sulcata','Euphorbia taurinensis','Euphorbia terracina','Euphorbia turolensis','Euphorbia uliginosa','Euphorbia villosa','Euphorbia welwitschii','Euphrasia','Euphrasia alpina','Euphrasia alpina alpina','Euphrasia alpina sennenii','Euphrasia cantabrica','Euphrasia frigida','Euphrasia fontqueri','Euphrasia hirtella','Euphrasia italica','Euphrasia micrantha','Euphrasia minima','Euphrasia minima minima','Euphrasia nemorosa','Euphrasia pectinata','Euphrasia pulchra','Euphrasia rostkoviana','Euphrasia rostkoviana montana','Euphrasia rostkoviana rostkoviana','Euphrasia salisburgensis','Euphrasia stricta','Euphrasia stricta edonardi','Euphrasia stricta stricta','Euphrasia tatarica','Euphrasia vigursii','Euphrasia willkommii','Euzomodendron','Euzomodendron bourgaeanum','Evax','Evax asterisciflora','Evax carpetana','Evax lusitanica','Evax nevadensis','Evax pygmaea','Evax pygmaea pygmaea','Evax pygmaea ramosissima','Exaculum','Exaculum pusillum','Fagonia','Fagonia cretica','Fagopyrum','Fagopyrum esculentum','Fagopyrum tataricum','Fagus','Fagus grandifolia','Falcaria','Falcaria vulgaris','Fallopia','Fallopia aubertii','Fallopia baldschuanica','Fallopia convolvulus','Fallopia dumetorum','Fedia','Fedia caput-bovis','Fedia cornucopiae','Ferula','Ferula communis','Ferula communis communis','Ferula communis glauca','Ferula tingitana','Ferulago','Ferulago brachyloba','Ferulago campestris','Ferulago granatensis','Ferulago lutea','Festuca','Festuca airoides','Festuca alpina','Festuca altissima','Festuca ampla','Festuca arundinacea arundinacea','Festuca arundinacea atlantigena','Festuca arundinacea fenas','Festuca borderi','Festuca burnatii','Festuca caerulescens','Festuca capillifolia','Festuca clementei','Festuca costei','Festuca durandii','Festuca durissima','Festuca elegans','Festuca eskia','Festuca frigida','Festuca gautieri','Festuca gigantea','Festuca glacialis','Festuca hervieri','Festuca heterophylla','Festuca hystrix','Festuca iberica','Festuca indigesta','Festuca indigesta alleizettei','Festuca indigesta aragonensis','Festuca indigesta hackeliana','Festuca indigesta indigesta','Festuca indigesta molinieri','Festuca juncifolia','Festuca lemanii','Festuca liviensis','Festuca nevadensis','Festuca nigrescens','Festuca nigrescens microphylla','Festuca nigrescens nigrescens','Festuca ochroleuca','Festuca ovina','Festuca paniculata','Festuca paniculata baetica','Festuca paniculata paniculata','Festuca paniculata spadicea','Festuca plicata','Festuca pratensis','Festuca pratensis pratensis','Festuca pseudeskia','Festuca pseudotrichophylla','Festuca pyrenaica','Festuca quadriflora','Festuca querana','Festuca reverchonii','Festuca rivularis','Festuca rothmaleri','Festuca rubra','Festuca rubra arenaria','Festuca rubra asperifolia','Festuca rubra juncea','Festuca rubra littoralis','Festuca rubra pruinosa','Festuca rubra rubra','Festuca tenuifolia','Festuca trichophylla','Festuca triflora','Festuca valentina','Festuca vasconcensis','Festuca vivipara','x Festulolium','x Festulolium loliaceum','Ficus','Ficus elastica','Ficus lyrata','Ficus pumila','Ficus retusa','Filaginella','Filaginella uliginosa','Filaginella uliginosa uliginosa','Filago','Filago congesta','Filago desertorum','Filago duraei','Filago fuscencens','Filago hispanica','Filago lutescens','Filago lutescens lutescens','Filago mareotica','Filago micropodioides','Filago pyramidata','Filago ramosissima','Filago vulgaris','Filipendula','Filipendula ulmaria','Filipendula ulmaria ulmaria','Filipendula vulgaris','Fimbristylis','Fimbristylis bisumbellata','Fimbristylis ferruginea','Foeniculum','Foeniculum vulgare','Foeniculum vulgare piperitum','Foeniculum vulgare vulgare','Forsskalea','Forsskalea tenacissima','Forsythia','Forsythia suspensa','Forsythia viridissima','Fragaria','Fragaria x ananassa','Fragaria moschata','Fragaria vesca','Fragaria virginiana','Fragaria viridis','Fragaria viridis campestris','Fragaria viridis','Frangula','Frankenia','Frankenia boissieri','Frankenia corymbosa','Frankenia hirsuta','Frankenia laevis','Frankenia pulverulenta','Frankenia thymifolia','Fraxinus','Fraxinus angustifolia angustifolia','Fraxinus angustifolia oxycarpa','Fraxinus excelsior excelsior','Freesia','Freesia refracta','Fritillaria','Fritillaria lusitanica','Fritillaria pyrenaica','Fuchsia','Fuchsia coccinea','Fuchsia colensoi','Fuchsia x hybrida hort. ex','Fuchsia magellanica','Fuchsia triphylla','Fuirena','Fuirena pubescens','Fumana','Fumana ericoides','Fumana laevipes','Fumana laevis','Fumana paradoxa','Fumana procumbens','Fumana scoparia','Fumana thymifolia','Fumaria','Fumaria agraria','Fumaria bastardii','Fumaria bella','Fumaria bicolor','Fumaria capreolata','Fumaria capreolata capreolata','Fumaria densiflora','Fumaria flabellata','Fumaria macrosepala','Fumaria martinii','Fumaria mirabilis','Fumaria muralis','Fumaria muralis boraei','Fumaria muralis muralis','Fumaria officinalis','Fumaria officinalis officinalis','Fumaria officinalis wirtgenii','Fumaria parviflora','Fumaria reuteri','Fumaria rupestris','Fumaria schleicheri','Fumaria schrammii','Fumaria sepium','Fumaria transiens','Fumaria vaillantii','Furcraea','Furcraea bedinghausii','Gagea','Gagea arvensis','Gagea fistulosa','Gagea foliosa','Gagea granatellii','Gagea lutea','Gagea minima','Gagea nevadensis','Gagea polymorpha','Gagea pratensis','Gagea saxatilis','Gaillardia','Gaillardia aristata','Galactites','Galactites duriaei','Galactites tomentosa','Galanthus','Galanthus nivalis','Galanthus nivalis nivalis','Galega','Galega officinalis','Galenia','Galenia secunda','Galeopsis','Galeopsis angustifolia','Galeopsis ladanum','Galeopsis pyrenaica','Galeopsis segetum','Galeopsis tetrahit','Galinsoga','Galinsoga ciliata','Galinsoga parviflora','Galium','Galium album','Galium album album','Galium aparine','Galium arenarium','Galium asturiocantabricum','Galium baeticum','Galium balearicum','Galium boissieranum','Galium boreale','Galium brockmannii','Galium broterianum','Galium cespitosum','Galium cinereum','Galium cometerhizon','Galium concatenatum','Galium corrudifolium','Galium crespianum','Galium debile','Galium divaricatum','Galium elongatum','Galium ephedroides','Galium erythrorrhizon','Galium fruticescens','Galium glaucum','Galium helodes','Galium idubedae','Galium laevigatum','Galium lucidum','Galium marchandii','Galium maritimum','Galium minutulum','Galium mollugo','Galium murale','Galium murcicum','Galium nevadense','Galium odoratum','Galium palustre','Galium papillosum','Galium parisiense','Galium pinetorum','Galium x pomeranicum','Galium pruinosum','Galium pulvinatum','Galium pyrenaicum','Galium rivulare','Galium rosellum','Galium rotundifolium','Galium saxatile','Galium scabrum','Galium setaceum','Galium setaceum decaisnei','Galium setaceum setaceum','Galium spurium','Galium tricornutum','Galium tunetanum','Galium uliginosum','Galium valentinum','Galium verrucosum','Galium verticillatum','Galium verum','Galium verum verum','Galium viridiflorum','Galium viscosum','Gamochaeta','Gamochaeta spicata','Gamochaeta subfalcata','Garidella','Garidella nigellastrum','Gastridium','Gastridium laxum','Gastridium ventricosum','Gaudinia','Gaudinia fragilis','Gaudinia hispanica','Genista','Genista acanthoclada','Genista acanthoclada acanthoclada','Genista acanthoclada balearica','Genista acanthoclada fasciculata','Genista anglica','Genista berberidea','Genista carpetana','Genista carpetana carpetana','Genista carpetana nociva','Genista cinerea ausetana','Genista cinerea cinerea','Genista cinerea leptoclada','Genista cinerea rosmarinetosum','Genista cinerea speciosa','Genista dorycnifolia','Genista dorycnifolia dorycnifolia','Genista dorycnifolia grossii','Genista falcata','Genista hirsuta','Genista hispanica hispanica','Genista occidentalis','Genista hystris','Genista hystris hystris','Genista hystris legionensis','Genista lanuginosa','Genista lucida','Genista micrantha','Genista polyanthos','Genista pulchella','Genista sanabrensis','Genista scorpius campylocarpa','Genista scorpius scorpius','Genista teretifolia','Genista tinctoria','Genista tournefortii','Genista triacanthos','Genista tridens','Gennaria','Gennaria diphylla','Gentiana','Gentiana acaulis','Gentiana alpina','Gentiana boryi','Gentiana brachyphylla','Gentiana brachyphylla brachyphylla','Gentiana burseri','Gentiana burseri burseri','Gentiana cruciata','Gentiana cruciata cruciata','Gentiana lutea','Gentiana lutea aurantiaca','Gentiana lutea lutea','Gentiana montserratii','Gentiana nivalis','Gentiana occidentalis','Gentiana pneumonanthe','Gentiana pneumonanthe depressa','Gentiana pneumonanthe pneumonanthe','Gentiana pumila','Gentiana pumila delphinensis','Gentiana pyrenaica','Gentiana verna','Gentiana verna verna','Gentianella','Gentianella campestris','Gentianella campestris campestris','Gentianella ciliata','Gentianella ciliata ciliata','Gentianella hyperifolia','Gentianella tenella','Geranium','Geranium bohemicum','Geranium cataractarum','Geranium cazorlense','Geranium cinereum','Geranium cinereum cinereum','Geranium columbinum','Geranium dissectum','Geranium divaricatum','Geranium dolomiticum','Geranium endressii','Geranium lanuginosum','Geranium lucidum','Geranium malviflorum','Geranium molle','Geranium nodosum','Geranium palustre','Geranium phaeum','Geranium pratense','Geranium purpureum','Geranium pusillum','Geranium pyrenaicum','Geranium robertianum','Geranium rotundifolium','Geranium sanguineum','Geranium subargenteum','Geranium sylvaticum','Geranium sylvaticum sylvaticum','Geum','Geum heterocarpum','Geum hispidum','Geum montanum','Geum pyrenaicum','Geum rivale','Geum sylvaticum','Geum urbanum','Ginkgo','Ginkgo biloba','Gladiolus','Gladiolus communis','Gladiolus communis byzantinus','Gladiolus communis communis','Gladiolus dubius','Gladiolus illyricus','Gladiolus italicus','Gladiolus reuteri','Glaucium','Glaucium corniculatum','Glaucium flavum','Glaux','Glaux maritima','Glechoma','Glechoma hederacea','Gleditsia','Gleditsia triacanthos','Glinus','Glinus lotoides','Globularia','Globularia alypum','Globularia cambessedesii','Globularia cordifolia','Globularia gracilis','Globularia nudicaulis','Globularia punctata','Globularia repens','Globularia spinosa','Globularia valentina','Globularia vulgaris','Glossopappus','Glossopappus macrotus','Glyceria','Glyceria declinata','Glyceria fluitans','Glyceria plicata','Glycine','Glycine max','Glycyrrhiza','Glycyrrhiza foetida','Glycyrrhiza glabra','Gnaphalium','Gnaphalium luteo-album','Gomphocarpus','Gomphocarpus fruticosus','Goniophlebium','Goniophlebium subauriculatum','Goodyera','Goodyera repens','Gossypium','Gossypium herbaceum','Gratiola','Gratiola linifolia','Gratiola officinalis','Gratiola officinalis broterii','Gratiola officinalis officinalis','Grevillea','Grevillea robusta','Groenlandia','Groenlandia densa','Guillonea','Guillonea scabra','Guiraoa','Guizotia','Guizotia abyssinica','Gymnadenia','Gymnadenia conopsea','Gymnadenia odoratissima','Gymnocarpium','Gymnocarpium dryopteris','Gymnocarpium robertianum','Gymnostyles','Gymnostyles stolonifera','Gynandriris','Gynandriris sisyrinchium','Gypsophila','Gypsophila montserratii','Gypsophila muralis','Gypsophila pilosa','Gypsophila repens','Gypsophila struthium','Gypsophila tomentosa','Gyrocaryum','Gyrocaryum oppositifolium','Hainardia','Hainardia cylindrica','Hakea','Hakea acicularis','Hakea salicifolia','Hakea saligna','Halimione','Halimione portulacoides','Halimium','Halimium atriplicifolium atriplicifolium','Halimium atriplicifolium serpentinicola','Halimium commutatum','Halimium halimifolium halimifolium','Halimium halimifolium multiflorum','Halimium lasianthum','Halimium lasianthum lasianthum','Halimium ocymoides','Halimium umbellatum','Halimium viscosum','Halocnemum','Halocnemum strobilaceum','Halogeton','Halogeton sativus','Halopeplis','Halopeplis amplexicaulis','Hammada','Hammada scoparia','Haplophyllum','Haplophyllum linifolium','Haplophyllum linifolium linifolium','Haplophyllum linifolium rosmarinifolium','Hedera','Hedera helix','Hedera helix canariensis','Hedera helix helix','Hedypnois','Hedypnois arenaria','Hedypnois cretica','Hedysarum','Hedysarum coronarium','Hedysarum flexuosum','Hedysarum glomeratum','Hedysarum hedysaroides','Hedysarum hedysaroides hedysaroides','Hedysarum humile','Hedysarum spinosissimum','Helianthemum','Helianthemum aegyptiacum','Helianthemum almeriense','Helianthemum almeriense almerinse','Helianthemum almeriense scopolosum','Helianthemum alypoides','Helianthemum asperum','Helianthemum canum','Helianthemum canum canum','Helianthemum canum piloselloides','Helianthemum caput-felis','Helianthemum cinereum','Helianthemum glaucum','Helianthemum hirtum','Helianthemum lavandulifolium','Helianthemum ledifolium','Helianthemum leptophyllum','Helianthemum marifolium','Helianthemum marifolium cinerascens','Helianthemum marifolium dichroum','Helianthemum marifolium filabrense','Helianthemum marifolium marifolium','Helianthemum marifolium niveum','Helianthemum marifolium rubellum','Helianthemum marifolium tomentosum','Helianthemum nummularium','Helianthemum nummularium glabrum','Helianthemum nummularium grandiflorum','Helianthemum nummularium nummularium','Helianthemum nummularium obscurum','Helianthemum nummularium pyrenaicum','Helianthemum nummularium tommentosum','Helianthemum oelandicum','Helianthemum oelandicum alpestre','Helianthemum oelandicum italicum','Helianthemum origanifolium','Helianthemum origanifolium glabratum','Helianthemum origanifolium molle','Helianthemum origanifolium origanifolium','Helianthemum origanifolium serrae','Helianthemum pannosum','Helianthemum pannosum boissieri','Helianthemum pannosum frigidulum','Helianthemum pannosum pannosum','Helianthemum papillare','Helianthemum piliferum','Helianthemum pilosum','Helianthemum pilosum pilosum','Helianthemum rossmaessleri','Helianthemum rossmaessleri paui','Helianthemum rossmaessleri rossmaessleri','Helianthemum salicifolium','Helianthemum salicifolium intermedium','Helianthemum salicifolium salicifolium','Helianthemum sanguineum','Helianthemum sessiliflorum','Helianthemum squamatum','Helianthemum villosum','Helianthemum violaceum','Helianthemum virgatum','Helianthemum viscarium','Helianthemum viscidulum','Helianthemum viscidulum guadiccianum','Helianthemum viscidulum viscarioides','Helianthemum viscidulum viscidulum','Helianthus','Helianthus annuus','Helianthus tuberosus','Helichrysum ambiguum','Helichrysum boissieri','Helichrysum bracteatum','Helichrysum cespitosum','Helichrysum decumbens','Helichrysum foetidum','Helichrysum fontanesii','Helichrysum italicum','Helichrysum italicum italicum','Helichrysum italicum microphyllum','Helichrysum italicum serotinum','Helichrysum orbiculare','Helichrysum petiolare','Helichrysum rupestre','Helichrysum rupestre cambessedesii','Helichrysum rupestre rupestre','Helichrysum stoechas','Helichrysum stoechas stoechas','Helictotrichon','Helictotrichon cantabricum','Helictotrichon murcicum','Helictotrichon planifolium','Helictotrichon sarracenorum','Helictotrichon sedenense','Heliotropium','Heliotropium curassavicum','Heliotropium europaeum','Heliotropium supinum','Helleborus','Helleborus foetidus','Helleborus foetidus balearicus','Helleborus lividus','Helleborus lividus lividus','Helleborus viridis','Helleborus viridis occidentalis','Hemarthria','Hemarthria altissima','Hemerocallis','Hemerocallis fulva','Hepatica','Hepatica nobilis','Heracleum','Heracleum sphondylium','Heracleum sphondylium montanum','Heracleum sphondylium pyrenaicum','Heracleum sphondylium sphondylium','Herniaria','Herniaria baetica','Herniaria boissieri','Herniaria ciliolata','Herniaria fontanessi','Herniaria fontanessi almeriana','Herniaria fruticosa','Herniaria fruticosa erecta','Herniaria fruticosa fruticosa','Herniaria glabra','Herniaria hirsuta','Herniaria hirsuta cinerea','Herniaria hirsuta hirsuta','Herniaria incana','Herniaria latifolia','Herniaria murorum','Herniaria scabrida','Hertia','Hertia cherifolia','Hesperis','Hesperis laciniata','Hesperis laciniata laciniata','Hesperis matronalis','Hesperis matronalis candida','Hesperis matronalis matronalis','Heteranthemis','Heteranthemis viscidehirta','Heteropogon','Heteropogon contortus','Hibiscus','Hibiscus mutabilis','Hibiscus rosa-sinensis','Hibiscus trionum','Hieracium','Hieracium acuminatum','Hieracium gr. alatum','Hieracium gr. amplexicaule','Hieracium amplexicaule','Hieracium x anchusoides','Hieracium gr. aragonense','Hieracium aragonense','Hieracium aragonense alpinum','Hieracium aragonense aragonense','Hieracium gr. argillaceum','Hieracium argyrocomum','Hieracium atropictum','Hieracium gr. aymericianum','Hieracium gr. bourgaei','Hieracium bourgaei','Hieracium bowlesianum','Hieracium brachybrachion','Hieracium breviscapum','Hieracium gr. briziflorum','Hieracium briziflorum','Hieracium brumale','Hieracium gr. candidum','Hieracium candidum','Hieracium gr. cantalicum','Hieracium castellanum','Hieracium cavanillesianum','Hieracium gr. cerinthoides','Hieracium cerinthoides','Hieracium chamaepicris','Hieracium cinerascens','Hieracium coleoidiforme','Hieracium gr. colmeiroanum','Hieracium colmeiroanum','Hieracium comatulum','Hieracium gr. compositum','Hieracium conicum','Hieracium gr. cordatum','Hieracium cordatum','Hieracium gr. cordifolium','Hieracium cordifolium','Hieracium gr. crocatum','Hieracium dipsacifolium','Hieracium doronicoides','Hieracium dumosum','Hieracium gr. elisaeanum','Hieracium elisaeanum','Hieracium eriocerinthe','Hieracium gr. eriopogon','Hieracium eriopogon','Hieracium exaltatum','Hieracium exotericum','Hieracium flagellare','Hieracium flagellare flagellare','Hieracium flocculiferum','Hieracium gr. glaucinum','Hieracium glaucinum','Hieracium glaucocerinthe','Hieracium gr. glaucophyllum','Hieracium glaucophyllum','Hieracium gouanii','Hieracium gougetianum','Hieracium granatense','Hieracium gr. guadarramense','Hieracium guadarramense','Hieracium gymnocerinthe','Hieracium halimifolium','Hieracium hirsutum','Hieracium hispanicum','Hieracium gr. humile','Hieracium humile','Hieracium x hypeuryum','Hieracium gr.insuetum','Hieracium insuetum','Hieracium intonsum','Hieracium inuliflorum','Hieracium gr. inuloides','Hieracium gr. juranum','Hieracium lactucella','Hieracium lactucella lactucella','Hieracium lactucella magnauricula','Hieracium lactucella myriadenum','Hieracium lactucella nanum','Hieracium gr. laevigatum','Hieracium laevigatum','Hieracium gr. lamprophyllum','Hieracium lamprophyllum','Hieracium lanceolatum','Hieracium gr. laniferum','Hieracium laniferum','Hieracium lantoscanum','Hieracium gr. latifolium','Hieracium laurinum','Hieracium gr. lawsonii','Hieracium lawsonii','Hieracium loeflingianum','Hieracium gr. loscosianum','Hieracium loscosianum','Hieracium gr. maculatum','Hieracium gr. mixtiforme','Hieracium mixtiforme','Hieracium gr. mixtum','Hieracium mixtum','Hieracium mixtum bombycinum','Hieracium gr. murorum','Hieracium murorum','Hieracium myagrifolium','Hieracium neocerinthe','Hieracium gr. neopicris','Hieracium neopicris','Hieracium neorupicola','Hieracium niveum','Hieracium niveum niveum','Hieracium gr. nobile','Hieracium nobile','Hieracium olivaceum','Hieracium gr. onoscoides','Hieracium onosmoides','Hieracium gr. pallidiflorum','Hieracium pallidum','Hieracium gr. pardoanum','Hieracium pardoanum','Hieracium peleteranum','Hieracium peleteranum ligericum','Hieracium peleteranum peleteranum','Hieracium peleteranum subpeleteranum','Hieracium peleteranum tenuiscapum','Hieracium peleteranum vansoesti','Hieracium petraeum','Hieracium gr. phlomoides','Hieracium phlomoides','Hieracium gr. piliferum','Hieracium piliferum','Hieracium pilosella','Hieracium pilosella argentinum','Hieracium pilosella euroalpinum','Hieracium pilosella euronotum','Hieracium pilosella melanops','Hieracium pilosella micradenium','Hieracium pilosella minuticeps','Hieracium pilosella tricholepium','Hieracium pilosella trichoscapum','Hieracium pilosella trichosoma','Hieracium pilosella velutinum','Hieracium piloselliforme','Hieracium gr. pinicola','Hieracium pinicola','Hieracium praealtum','Hieracium praealtum anadenium','Hieracium praealtum bauhinii','Hieracium praealtum praealtum','Hieracium praecox','Hieracium gr. prenanthoides','Hieracium prenanthoides','Hieracium gr. pseudocerinthe','Hieracium pseudopilosella','Hieracium pseudopilosella albarracinum','Hieracium pseudopilosella plantaginoides','Hieracium pseudopilosella pseudopilosella','Hieracium pseudopilosella tenuicaule','Hieracium gr. purpurascens','Hieracium purpurascens','Hieracium ramondii','Hieracium gr. rapunculoides','Hieracium gr. rectum','Hieracium gr. rupricaprinum','Hieracium rupricaprinum','Hieracium gr. rupicola','Hieracium gr. sabaudum','Hieracium salvatorum','Hieracium gr. saxifragum','Hieracium gr. schmidtii','Hieracium schmidtii','Hieracium gr. solidagineum','Hieracium solidagineum','Hieracium gr. sonchoides','Hieracium sonchoides','Hieracium gr. souliei','Hieracium subluridum','Hieracium subpanduratum','Hieracium gr. subsericeum','Hieracium subsericeum','Hieracium tardans','Hieracium texedense','Hieracium tridentatifolium','Hieracium gr. turritifolium','Hieracium turritifolium','Hieracium umbellatum','Hieracium gr. umbrosum','Hieracium umbrosum','Hieracium vagum','Hieracium vahlii','Hieracium valentinum','Hieracium valirensi','Hieracium vayredanum','Hieracium gr. vellereum','Hieracium vellereum','Hieracium virgultorum','Hieracium gr. viride','Hieracium viride','Hieracium gr. viscosum','Hieracium viscosum','Hieracium vogesiacum','Hieracium gr. vulgatum','Himantoglossum','Himantoglossum hircinum','Himantoglossum hircinum hircinum','Hippocrepis','Hippocrepis balearica','Hippocrepis bourgaei','Hippocrepis ciliata','Hippocrepis commutata','Hippocrepis glauca','Hippocrepis multisiliquosa','Hippocrepis salzmannii','Hippocrepis scabra','Hippocrepis squamata','Hippocrepis squamata eriocarpa','Hippocrepis squamata squamata','Hippocrepis unisiliquosa','Hippocrepis unisiliquosa biflora','Hippocrepis unisiliquosa unisiliquosa','Hippocrepis valentina','Hippophaë','Hippuris','Hippuris vulgaris','Hirschfeldia','Hirschfeldia incana','Hispidella','Hispidella hispanica','Hohenackeria','Hohenackeria exscapa','Hohenackeria polyodon','Holcus','Holcus caespitosus','Holcus gayanus','Holcus grandiflorus','Holcus lanatus','Holcus mollis','Holcus mollis mollis','Holcus mollis reuteri','Holcus setiglumis','Holcus setiglumis setiglumis','Holosteum','Holosteum umbellatum','Holosteum umbellatum glutinosum','Holosteum umbellatum umbellatum','Homalocladium','Homalocladium platycladum','Homogyne','Homogyne alpina','Honkenya','Honkenya peploides','Hordelymus','Hordelymus europaeus','Hordeum','Hordeum bulbosum','Hordeum distichon','Hordeum hystrix','Hordeum marinum','Hordeum murinum','Hordeum murinum glaucum','Hordeum murinum leporinum','Hordeum murinum murinum','Hordeum secalinum','Hordeum vulgare','Hormatophylla','Hormatophylla cadevalliana','Hormatophylla cochleata','Hormatophylla lapeyrousiana','Hormatophylla lapeyrousiana angustifolia','Hormatophylla lapeyrousiana lapeyrousiana','Hormatophylla longicaulis','Hormatophylla purpurea','Hormatophylla reverchonii','Horminum','Horminum pyrenaicum','Hornungia','Hornungia aragonensis','Hornungia petraea','Howeia','Howeia fosterana','Hugueninia','Hugueninia tanacetifolia','Hugueninia tanacetifolia suffruticosa','Humulus','Humulus lupulus','Huperzia','Huperzia selago','Huperzia selago selago','Hutchinsia','Hutchinsia alpina','Hutchinsia alpina alpina','Hutchinsia alpina auerswaldii','Hutchinsia aragonensis','Hutera','Hutera cheiranthos','Hutera cheiranthos nevadensis','Hutera hispida','Hutera leptocarpa','Hutera longirostra','Hutera pseuderucastrum','Hutera rupestris','Hyacinthoides','Hyacinthoides hispanica','Hyacinthoides italica','Hyacinthoides non-scripta','Hyacinthoides reverchonii','Hydrangea','Hydrangea macrophylla','Hydrocharis','Hydrocharis morsus-ranae','Hydrocotyle','Hydrocotyle bonariensis','Hydrocotyle vulgaris','Hylocereus','Hylocereus triangularis','Hylocereus trigonus','Hylocereus undatus','Hymenolobus','Hymenolobus pauciflorus','Hymenolobus procumbens','Hymenophyllum','Hymenophyllum tunbrigense','Hymenostemma','Hymenostemma pseudanthemis','Hyoscyamus','Hyoscyamus albus','Hyoscyamus niger','Hyoseris','Hyoseris radiata','Hyoseris radiata radiata','Hyoseris scabra','Hyparrhenia','Hyparrhenia pubescens','Hypecoum','Hypecoum imberbe','Hypecoum pendulum','Hypecoum procumbens','Hypericum','Hypericum androsaemum','Hypericum australe','Hypericum balearicum','Hypericum calycinum','Hypericum caprifolium','Hypericum elodes','Hypericum ericoides','Hypericum hircinum','Hypericum hirsutum','Hypericum humifusum','Hypericum hyssopifolium','Hypericum hyssopifolium hyssopifolium','Hypericum linarifolium','Hypericum maculatum','Hypericum maculatum maculatum','Hypericum montanum','Hypericum nummularium','Hypericum perfoliatum','Hypericum perforatum','Hypericum pubescens','Hypericum pulchrum','Hypericum richeri','Hypericum richeri burseri','Hypericum tetrapterum','Hypericum tomentosum','Hypericum triquetrifolium','Hypericum undulatum','Hypochoeris','Hypochoeris achyrophorus','Hypochoeris glabra','Hypochoeris maculata','Hypochoeris radicata','Hypochoeris radicata platylepis','Hypochoeris radicata radicata','Hypochoeris rutea','Hyssopus','Hyssopus officinalis','Hyssopus officinalis aristatus','Hyssopus officinalis canescens','Hyssopus officinalis officinalis','Iberis','Iberis amara','Iberis amara amara','Iberis amara forestieri','Iberis aurosica','Iberis aurosica cantabrica','Iberis aperta','Iberis bernardiana','Iberis ciliata','Iberis crenata','Iberis fontqueri','Iberis gibraltarica','Iberis hegelmairei','Iberis intermedia','Iberis intermedia dunalii','Iberis intermedia intermedia','Iberis intermedia prostii','Iberis linifolia','Iberis linifolia linifolia','Iberis linifolia welwitschii','Iberis nazarita','Iberis odorata','Iberis panduriformis','Iberis pinnata','Iberis procumbens','Iberis procumbens procumbens','Iberis pruitii','Iberis pruitii embergueri','Iberis pruitii gastonis','Iberis pruitii granatensis','Iberis pruitii lagascana','Iberis pruitii petraea','Iberis pruitii pruitii','Iberis sampaiana','Iberis saxatilis','Iberis saxatilis cinerea','Iberis saxatilis saxatilis','Iberis semperflorens','Iberis sempervirens','Iberis spathulata','Iberis spathulata lereschiana','Iberis spathulata spathulata','Iberis umbellata','Ifloga','Ifloga spicata','Ilex','Ilex balearica','Illecebrum','Illecebrum verticillatum','Impatiens','Impatiens balfourii','Impatiens noli-tangere','Imperata','Imperata cylindrica','Inula','Inula britannica','Inula conyza','Inula crithmoides','Inula helenioides','Inula helenium','Inula helvetica','Inula hirta','Inula montana','Inula salicina','Inula salicina aspera','Inula salicina salicina','Inula sennenii','Ionopsidium','Ionopsidium abulense','Ionopsidium acaule','Ionopsidium prolongoi','Ipomea','Ipomea acuminata','Ipomea batatas','Ipomea purpurea','Ipomea sagittata','Ipomea stolonifera','Iris','Iris albicans','Iris boissieri','Iris filifolia','Iris foetidissima','Iris germanica','Iris graminea','Iris juncea','Iris latifolia','Iris lusitanica','Iris lutescens','Iris lutescens lutescens','Iris lutescens subbiflora','Iris pallida','Iris pallida pallida','Iris planifolia','Iris pseudacorus','Iris serotina','Iris spuria','Iris spuria maritima','Iris tingitana','Iris xiphium','Isatis','Isatis platiloba','Isatis tinctoria','Isoëtes','Isoëtes asturiense','Isoëtes boryana','Isoëtes brochonii','Isoëtes delilei','Isoëtes durieui','Isoëtes echinospora','Isoëtes hystrix','Isoëtes lacustris','Isoëtes longissima','Isoëtes tenuissima','Isoëtes velata','Isopyrum','Isopyrum thalictroides','Ixia','Ixia paniculata','Jacaranda','Jacaranda acutifolia','Jacaranda mimosifolia','Jasione','Jasione blepharodon','Jasione brevisepala','Jasione corymbosa','Jasione crispa','Jasione crispa amethystina','Jasione crispa cavanillesii','Jasione crispa centralis','Jasione crispa crispa','Jasione crispa mariana','Jasione crispa maritima','Jasione crispa sessiliflora','Jasione crispa tomentosa','Jasione foliosa','Jasione foliosa foliosa','Jasione foliosa minuta','Jasione laevis','Jasione laevis carpetana','Jasione laevis gredensis','Jasione laevis laevis','Jasione laevis rosularis','Jasione lusitanica','Jasione montana','Jasione montana echinata','Jasione montana montana','Jasione penicillata','Jasminum','Jasminum fruticans','Jasminum officinale','Jasonia','Jasonia glutinosa','Jasonia tuberosa','Jubaea','Jubaea chilensis','Juglans','Juglans nigra','Juncus acutifolius','Juncus acutus','Juncus acutus acutus','Juncus alpinus','Juncus alpinus alpinus','Juncus anceps','Juncus arcticus','Juncus articulatus','Juncus bufonius','Juncus bulbosus','Juncus capitatus','Juncus compressus','Juncus conglomeratus','Juncus effusus','Juncus emmanuelis','Juncus filiformis','Juncus foliosus','Juncus fontanesii','Juncus fontanesii fontanesii','Juncus fontanesii pyramidatus','Juncus gerardi','Juncus gerardi gerardi','Juncus gerardi montanus','Juncus heterophyllus','Juncus hybridus','Juncus inflexus','Juncus littoralis','Juncus maritimus','Juncus minutulus','Juncus pygmaeus','Juncus pyrenaeus','Juncus sphaerocarpus','Juncus squarrosus','Juncus striatus','Juncus subnodulosus','Juncus subulatus','Juncus tenageia','Juncus tenuis','Juncus tingitanus','Juncus trifidus','Juncus trifidus trifidus','Juncus triglumis','Juncus webbianus','Juniperus','Juniperus communis','Juniperus oxycedrus macrocarpa','Juniperus oxycedrus oxycedrus','Juniperus oxycedrus transtagana','Juniperus phoenicea lycia','Juniperus phoenicea phoenicea','Juniperus virginiana','Jurinea','Jurinea fontqueri','Jurinea humilis','Jurinea pinnata','Kalanchoë','Kalanchoë pinnata','Kalidium','Kalidium foliatum','Kernera','Kernera auriculata','Kernera boissieri','Kernera decipiens','Kernera saxatilis','Kickxia','Kickxia cirrhosa','Kickxia commutata','Kickxia commutata commutata','Kickxia elatine','Kickxia elatine crinita','Kickxia elatine elatine','Kickxia lanigera','Kickxia spuria','Kickxia spuria integrifolia','Kickxia spuria spuria','Kleinia','Kleinia ficoides','Knautia','Knautia arvensis','Knautia arvernensis','Knautia dipsacifolia','Knautia dipsacifolia dipsacifolia','Knautia integrifolia','Knautia nevadensis','Knautia purpurea','Knautia rupicola','Knautia salvadoris','Knautia subscaposa','Kobresia','Kobresia myosuroides','Kobresia simpliciuscula','Kochia','Kochia laniflora','Kochia prostrata','Kochia scoparia','Kochia sicorica','Koeleria','Koeleria caudata','Koeleria glauca','Koeleria macrantha','Koeleria pyramidata','Koeleria splendens','Koeleria vallesiana','Koeleria vallesiana vallesiana','Koelpinia','Koelpinia linearis','Koelreuteria','Koelreuteria paniculata','Kosteletzkya','Kosteletzkya pentacarpos','Krascheninnikovia','Krascheninnikovia ceratoides','Kundmannia','Kundmannia sicula','Laburnum','Laburnum anagyroides','Lactuca','Lactuca livida','Lactuca perennis','Lactuca perennis granatensis','Lactuca perennis perennis','Lactuca saligna','Lactuca sativa','Lactuca serriola','Lactuca singularis','Lactuca tenerrima','Lactuca viminea','Lactuca viminea chondrilliflora','Lactuca viminea ramosissima','Lactuca viminea viminea','Lactuca virosa','Lafuentea','Lafuentea rotundifolia','Lagenaria','Lagenaria siceraria','Lagerstroemia','Lagerstroemia indica','Lagoecia','Lagoecia cuminoides','Lagurus','Lagurus ovatus','Lamarckia','Lamarckia aurea','Lamiastrum','Lamiastrum galeobdolon','Lamiastrum galeobdolon galeobdolon','Lamiastrum galeobdolon montanum','Lamium','Lamium album','Lamium amplexicaule','Lamium amplexicaule amplexicaule','Lamium flexuosum','Lamium hybridum','Lamium maculatum','Lamium purpureum','Lampranthus','Lampranthus glaucus','Lantana','Lantana camara','Lapiedra','Lapiedra martinezii','Lappula','Lappula barbata','Lappula deflexa','Lappula marginata','Lappula squarrosa','Lappula squarrosa squarrosa','Lapsana','Lapsana communis','Lapsana communis communis','Lapsana communis intermedia','Larix decidua','Larix x eurolepis','Larix kaempferi','Laserpitium','Laserpitium eliasii','Laserpitium gallicum','Laserpitium latifolium','Laserpitium longiradium','Laserpitium nestleri','Laserpitium nestleri nestleri','Laserpitium nestleri turolensis','Laserpitium paradoxum','Laserpitium prutenicum','Laserpitium prutenicum dufourianum','Laserpitium prutenicum prutenicum','Laserpitium siler','Laserpitium siler siler','Lasiopogon','Lasiopogon muscoides','Lathraea','Lathraea clandestina','Lathraea squamaria','Lathyrus','Lathyrus amphicarpos','Lathyrus amphicarpos amphicarpos','Lathyrus amphicarpos tetrapterus','Lathyrus angulatus','Lathyrus annuus','Lathyrus aphaca','Lathyrus articulatus','Lathyrus bauhinii','Lathyrus cicera','Lathyrus cirrhosus','Lathyrus clymenum','Lathyrus filiformis','Lathyrus heterophyllus','Lathyrus hirsutus','Lathyrus inconspicuus','Lathyrus japonicus','Lathyrus laevigatus','Lathyrus laevigatus occidentalis','Lathyrus latifolius','Lathyrus montanus','Lathyrus niger','Lathyrus niger niger','Lathyrus nissolia','Lathyrus ochrus','Lathyrus palustris','Lathyrus palustris nudicaulis','Lathyrus palustris palustris','Lathyrus pannonicus','Lathyrus pannonicus hispanicus','Lathyrus pratensis','Lathyrus sativus','Lathyrus saxatilis','Lathyrus setifolius','Lathyrus sphaericus','Lathyrus sylvestris','Lathyrus sylvestris pyrenaicum','Lathyrus sylvestris sylvestris','Lathyrus tingitanus','Lathyrus tremolsianus','Lathyrus tuberosus','Lathyrus vernus','Lathyrus vivantii','Launaea cervicornis','Launaea mucronata','Launaea nudicaulis','Launaea pumila','Launaea resedifolia','Laurentia','Laurentia gasparrinii','Laurentia tenella','Laurocerasus','Laurocerasus lusitanica','Laurocerasus lusitanica lusitanica','Laurocerasus officinalis','Laurus','Lavandula','Lavandula angustifolia angustifolia','Lavandula angustifolia pyrenaica','Lavandula multifida','Lavandula stoechas luisieri','Lavandula stoechas pedunculata','Lavandula stoechas sampaiana','Lavandula stoechas stoechas','Lavandula viridis','Lavatera','Lavatera arborea','Lavatera cretica','Lavatera maritima','Lavatera mauritanica','Lavatera oblongifolia','Lavatera olbia','Lavatera punctata','Lavatera triloba','Lavatera triloba pallescens','Lavatera triloba triloba','Lavatera trimestris','Leersia','Leersia oryzoides','Legousia','Legousia castellana','Legousia falcata','Legousia hybrida','Legousia pentagonia','Legousia speculum-veneris','Lemna','Lemna gibba','Lemna minor','Lemna perpusilla','Lemna trisulca','Lemna valdiviana','Lens','Lens culinaris','Lens ervoides','Lens nigricans','Leonotis','Leonotis leonurus','Leontodon','Leontodon autumnalis','Leontodon autumnalis autumnalis','Leontodon boryi','Leontodon carpetanus','Leontodon carpetanus carpetanus','Leontodon carpetanus nevadensis','Leontodon crispus','Leontodon crispus bourgaeanus','Leontodon crispus crispus','Leontodon duboisii','Leontodon farinosus','Leontodon hispidulus','Leontodon hispidus','Leontodon hispidus hispidus','Leontodon maroccanus','Leontodon merinoi','Leontodon microcephalus','Leontodon montanus','Leontodon montanus montanus','Leontodon pyrenaicus','Leontodon pyrenaicus cantabricus','Leontodon pyrenaicus pyrenaicus','Leontodon salzmannii','Leontodon taraxacoides','Leontodon taraxacoides longirostris','Leontodon taraxacoides taraxacoides','Leontodon tuberosus','Leontopodium','Leontopodium alpinum','Leontopodium alpinum alpinum','Leonurus','Leonurus cardiaca','Lepidium','Lepidium calycotricum','Lepidium calycotricum anticarium','Lepidium calycotricum calycotrichum','Lepidium campestre','Lepidium cardamines','Lepidium graminifolium','Lepidium graminifolium graminifolium','Lepidium graminifolium suffruticosum','Lepidium heterophyllum','Lepidium hirtum','Lepidium hirtum hirtum','Lepidium hirtum petrophilum','Lepidium hirtum stylatum','Lepidium latifolium','Lepidium perfoliatum','Lepidium ramburei','Lepidium ruderale','Lepidium sativum','Lepidium spinosum','Lepidium subulatum','Lepidium villarsii','Lepidium villarsii reverchonii','Lepidium virginicum','Lepidophorum','Lepidophorum repandum','Leucanthemopsis','Leucanthemopsis alpina','Leucanthemopsis alpina alpina','Leucanthemopsis alpina cuneata','Leucanthemopsis flaveola','Leucanthemopsis pallida','Leucanthemopsis pallida pallida','Leucanthemopsis pallida spathulifolia','Leucanthemopsis pallida virescens','Leucanthemopsis pectinata','Leucanthemopsis pulverulenta','Leucanthemopsis pulverulenta pseudopulverulenta','Leucanthemopsis pulverulenta pulverulenta','Leucanthemopsis radicans','Leucanthemum','Leucanthemum arundanum','Leucanthemum crassifolium','Leucanthemum delarbrei','Leucanthemum gracilicaule','Leucanthemum leucolepis','Leucanthemum maximum','Leucanthemum pallens','Leucanthemum paludosum','Leucanthemum pluriflorum','Leucanthemum praecox','Leucanthemum subglaucum','Leucanthemum sylvaticum','Leucanthemum vulgare','Leucojum','Leucojum aestivum','Leucojum aestivum aestivum','Leucojum aestivum pulchellum','Leucojum autumnale','Leucojum trichophyllum','Leucojum valentinum','Leucojum vernum','Leuzea','Leuzea centauroides','Leuzea conifera','Leuzea rhaponticoides','Levisticum','Levisticum officinale','Leycesteria','Leycesteria formosa','Leymus','Leymus arenarius','Leysera','Leysera leyseroides','Ligusticum','Ligusticum lucidum','Ligusticum lucidum huteri','Ligusticum lucidum lucidum','Ligustrum','Ligustrum lucidum','Ligustrum ovalifolium','Lilium','Lilium bulbiferum','Lilium martagon','Lilium pomponium','Lilium pyrenaicum','Limodorum','Limodorum abortivum','Limoniastrum','Limonium album','Limonium angustibractea','Limonium antonii-llorensii','Limonium aragonense','Limonium arenosum','Limonium auriculae-ursifolium','Limonium auriculae-ursifolium auriculae-ursifolium','Limonium bellidifolium','Limonium biflorum','Limonium binervosum','Limonium bonduellei','Limonium brassicifolium','Limonium caesium','Limonium calaminare','Limonium caprariense','Limonium caprariense caprariense','Limonium caprariense multiflorum','Limonium carthaginense','Limonium castellonense','Limonium catalaunicum','Limonium catalaunicum catalaunicum','Limonium cavanillesii','Limonium coincyi','Limonium cossonianum','Limonium costae','Limonium cymulliferum','Limonium delicatulum','Limonium delicatulum delicatulum','Limonium delicatulum tournefortii','Limonium delicatulum valentium','Limonium densissimum','Limonium dichotomum','Limonium diffusum','Limonium dufourei','Limonium duriusculum','Limonium echioides','Limonium emarginatum','Limonium emporitanum','Limonium erectum','Limonium estevei','Limonium eugeniae','Limonium ferulaceum','Limonium formenterae','Limonium furfuraceum','Limonium geronense','Limonium gibertii','Limonium girardianum','Limonium gougetianum','Limonium graecum','Limonium graecum divaricatum','Limonium grosii','Limonium humile','Limonium inarimense','Limonium inarimense ebusitanum','Limonium insigne carthaginiense','Limonium insigne insigne','Limonium latibracteatum','Limonium lucentinum','Limonium magallufianum','Limonium majoricum','Limonium majus','Limonium malacitanum','Limonium marisolii','Limonium minutiflorum','Limonium minutiflorum balearicum','Limonium neo-castellonense','Limonium oleifolium','Limonium oleifolium oleifolium','Limonium oleifolium pseudodictyocladum','Limonium ovalifolium','Limonium parvibracteatum','Limonium ramosissimum','Limonium ramosissimum confusum','Limonium ramosissimum provinciale','Limonium retusum','Limonium revolutum','Limonium ruizii','Limonium salmonis','Limonium salsuginosum','Limonium sinuatum','Limonium subglabrum','Limonium supinum','Limonium tabernense','Limonium thiniense','Limonium thouinii','Limonium tremolsii','Limonium viciosi','Limonium vulgare','Limonium vulgare serotinum','Limosella','Limosella aquatica','Linaria','Linaria aeruginea','Linaria aeruginea aeruginea','Linaria aeruginea pruinosa','Linaria algarviana','Linaria alpina','Linaria amethystea','Linaria amethystea amethystea','Linaria amethystea multipunctata','Linaria amoi','Linaria angustissima','Linaria anticaria','Linaria arenaria','Linaria arvensis','Linaria badalii','Linaria benitoi','Linaria bipunctata','Linaria caesia','Linaria caesia caesia','Linaria caesia decumbens','Linaria cavanillesii','Linaria chalepensis','Linaria clementei','Linaria cretacea','Linaria depauperata','Linaria diffusa','Linaria elegans','Linaria faucicola','Linaria filicaulis','Linaria glacilis','Linaria glauca','Linaria glauca aragonensis','Linaria glauca bubanii','Linaria glauca glauca','Linaria glauca olcadium','Linaria hirta','Linaria huteri','Linaria incarnata','Linaria intricata','Linaria lamarckii','Linaria larifolia','Linaria lilacina','Linaria micrantha','Linaria munbyana','Linaria nevadensis','Linaria nigricans','Linaria nivea','Linaria oblongifolia','Linaria oblongifolia haenseleri','Linaria oblongifolia oblongifolia','Linaria oligantha','Linaria pedunculata','Linaria pelisseriana','Linaria platycalyx','Linaria propinqua','Linaria repens','Linaria reverchonii','Linaria rossmaessleri','Linaria salzmannii','Linaria saturejoides','Linaria saturejoides angustealata','Linaria saturejoides saturejoides','Linaria saxatilis','Linaria x sepium','Linaria simplex','Linaria spartea','Linaria supina','Linaria thursica','Linaria thymifolia','Linaria triornithophora','Linaria triphylla','Linaria tristis','Linaria verticillata','Linaria viscosa','Linaria vulgaris','Lindernia','Lindernia dubia','Lindernia procumbens','Linum','Linum austriacum','Linum austriacum austriacum','Linum austriacum collicum','Linum bienne','Linum campanulatum','Linum catharticum','Linum maritimum','Linum narbonense','Linum ortegae','Linum perenne','Linum perenne alpinum','Linum perenne perenne','Linum setaceum','Linum strictum','Linum strictum corymbulosum','Linum strictum strictum','Linum suffruticosum','Linum suffruticosum salsoloides','Linum suffruticosum suffruticosum','Linum tenue','Linum tenuifolium','Linum trigynum','Linum usitatissimum','Linum viscosum','Lippia','Lippia canescens','Lippia nodiflora','Lippia triphylla','Liriodendron','Liriodendron tulipifera','Listera','Listera cordata','Listera ovata','Lithodora','Lithodora diffusa','Lithodora diffusa diffusa','Lithodora diffusa lusitanica','Lithodora fruticosa','Lithodora nitida','Lithodora oleifolia','Lithospermum','Lithospermum officinale','Littorella','Littorella uniflora','Livistona','Livistona australis','Lobelia','Lobelia urens','Lobularia','Lobularia libyca','Lobularia maritima','Loeflingia','Loeflingia baetica','Loeflingia hispanica','Loeflingia pentandra','Loeflingia tavaresiana','Logfia','Logfia arvensis','Logfia clementei','Logfia gallica','Logfia minima','Loiseleuria','Loiseleuria procumbens','Lolium','Lolium multiflorun','Lolium perenne','Lolium remotum','Lolium rigidum','Lolium rigidum rigidum','Lolium temulentum','Lonicera','Lonicera alpigena','Lonicera alpigena alpigena','Lonicera arborea','Lonicera biflora','Lonicera caerulea','Lonicera caerulea caerulea','Lonicera caprifolium','Lonicera etrusca','Lonicera implexa','Lonicera japonica','Lonicera nigra','Lonicera periclymenum','Lonicera periclymenum hispanica','Lonicera periclymenum periclymenum','Lonicera pyrenaica','Lonicera pyrenaica majoricensis','Lonicera pyrenaica pyrenaica','Lonicera splendida','Lonicera tatarica','Lonicera xylosteum','Lophochloa','Lophochloa cristata','Lophochloa pubescens','Lophochloa pumila','Lophochloa salzmannii','Lotononis','Lotononis lupinifolia','Lotus','Lotus alpinus','Lotus angustissimus','Lotus angustissimus angustissimus','Lotus angustissimus suaveolens','Lotus arenarius','Lotus collinus','Lotus conimbricensis','Lotus corniculatus','Lotus creticus','Lotus cytisoides','Lotus delortii','Lotus edulis','Lotus glareosus','Lotus glareosus glacialis','Lotus glareosus glareosus','Lotus glareosus villosus','Lotus granadensis','Lotus halophilus','Lotus longesiliquosus','Lotus ornithopodioides','Lotus parviflorus','Lotus pedunculatus','Lotus preslii','Lotus subbiflorus','Lotus subbiflorus castellanus','Lotus subbiflorus subbiflorus','Lotus tenuis','Lotus tetraphyllus','Lotus uliginosus','Ludwigia','Ludwigia palustris','Ludwigia uruguayensis','Luffa','Luffa cylindrica','Lunaria','Lunaria annua','Lunaria annua annua','Lunaria rediviva','Lupinus','Lupinus albus','Lupinus albus albus','Lupinus angustifolius','Lupinus angustifolius angustifolius','Lupinus angustifolius reticulatus','Lupinus hispanicus','Lupinus luteus','Lupinus micranthus','Lupinus polyphyllus','Lupinus varius','Lupinus varius orientalis','Lupinus varius varius','Luronium','Luronium natans','Luzula','Luzula alpinopilosa','Luzula alpinopilosa alpinopilosa','Luzula alpinopilosa candollei','Luzula caespitosa','Luzula campestris','Luzula desvauxii','Luzula forsteri','Luzula hispanica','Luzula lactea','Luzula lutea','Luzula luzulina','Luzula luzuloides','Luzula luzuloides cuprina','Luzula luzuloides luzuloides','Luzula multiflora','Luzula multiflora congesta','Luzula multiflora multiflora','Luzula nivea','Luzula nutans','Luzula pilosa','Luzula x somedana','Luzula sudetica','Luzula sylvatica','Luzula sylvatica henriquesii','Luzula sylvatica sylvatica','Lychnis','Lychnis alpina','Lychnis coronaria','Lychnis flos-cuculi','Lychnis flos-cuculi flos-cuculi','Lychnis viscaria','Lychnis viscaria viscaria','Lycium afrum','Lycium barbarum','Lycium europaeum','Lycocarpus','Lycocarpus fugax','Lycopersicon','Lycopersicon esculentum','Lycopodium','Lycopodium alpinum','Lycopodium annotinum','Lycopodium cernuum','Lycopodium clavatum','Lycopodium complanatum','Lycopodium inundatum','Lycopodium selago','Lycopus','Lycopus europaeus','Lygeum','Lysimachia','Lysimachia ephemerum','Lysimachia minoricensis','Lysimachia nemorum','Lysimachia nummularia','Lysimachia vulgaris','Lythrum','Lythrum acutangulum','Lythrum borysthenicum','Lythrum borysthenicum borysthenicum','Lythrum borysthenicum hispidulum','Lythrum castellanum','Lythrum flexuosum','Lythrum hyssopifolia','Lythrum junceum','Lythrum portula','Lythrum salicaria','Lythrum thymifolia','Lythrum tribracteatum','Maclura','Maclura pomifera','Magnolia','Magnolia grandiflora','Magydaris','Magydaris panacifolia','Magydaris panacifolia femeniensii','Magydaris panacifolia panacifolia','Mahonia','Mahonia aquifolium','Maianthemum','Maianthemum bifolium','Malachium','Malachium calycinum','Malcolmia','Malcolmia africana','Malcolmia lacera','Malcolmia littorea','Malcolmia maritima','Malcolmia ramosissima','Malope','Malope malacoides','Malope multiflora','Malope trifida','Malus','Malus dasyphylla','Malus domestica','Malva','Malva aegyptia','Malva alcea','Malva alcea alcea','Malva alcea fastigiata','Malva cretica','Malva cretica althaeoides','Malva hispanica','Malva moschata','Malva neglecta','Malva nicaeensis','Malva parviflora','Malva pusilla','Malva stipulacea','Malva sylvestris','Malva tournefortiana','Malvella','Malvella sherardiana','Mandragora','Mandragora autumnalis','Mantisalca','Mantisalca salmantica','Maresia','Maresia nana','Marrubium','Marrubium alysson','Marrubium incanum','Marrubium supinum','Marrubium vulgare','Marsilea','Marsilea aegyptiaca','Marsilea quadrifolia','Marsilea strigosa','Matricaria','Matricaria maritima','Matricaria maritima maritima','Matricaria matricarioides','Matricaria perforata','Matthiola','Matthiola fruticulosa','Matthiola fruticulosa fruticulosa','Matthiola fruticulosa perennis','Matthiola fruticulosa valesiaca','Matthiola incana','Matthiola incana incana','Matthiola lunta','Matthiola parviflora','Matthiola sinuata','Matthiola tricuspidata','Maytenus','Meconopsis','Meconopsis cambrica','Medicago','Medicago aculeata','Medicago arabica','Medicago arborea','Medicago arborea arborea','Medicago arborea citrina','Medicago ciliaris','Medicago coronata','Medicago disciformis','Medicago granadensis','Medicago intertexta','Medicago laciniata','Medicago laciniata laciniata','Medicago littoralis','Medicago littoralis cylindracea','Medicago littoralis littoralis','Medicago littoralis tricycla','Medicago lupulina','Medicago marina','Medicago minima','Medicago minima minima','Medicago minima recta','Medicago murex','Medicago murex murex','Medicago murex rodriguezii','Medicago orbicularis','Medicago orbicularis castellana','Medicago orbicularis orbicularis','Medicago polymorpha','Medicago praecox','Medicago rigidula','Medicago rugosa','Medicago sativa','Medicago sativa falcata','Medicago sativa glomerata','Medicago sativa sativa','Medicago scutellata','Medicago secundiflora','Medicago suffruticosa','Medicago suffruticosa leiocarpa','Medicago suffruticosa segobricensis','Medicago suffruticosa suffruticosa','Medicago tenoreana','Medicago tornata','Medicago truncatula','Medicago turbinata','Melampyrum','Melampyrum arvense','Melampyrum catalaunicum','Melampyrum cristatum','Melampyrum pratense','Melampyrum sylvaticum','Melandrium','Melandrium glutinosum','Melia','Melia azedarach','Melica','Melica bauhinii','Melica ciliata','Melica ciliata ciliata','Melica ciliata magnolii','Melica cupanii','Melica minuta','Melica nutans','Melica uniflora','Melilotus','Melilotus alba','Melilotus altissima','Melilotus elegans','Melilotus indica','Melilotus infesta','Melilotus italica','Melilotus messanensis','Melilotus neapolitana','Melilotus officinalis','Melilotus segetalis','Melilotus sulcata','Melissa','Melissa officinalis','Melissa officinalis altissima','Melissa officinalis officinalis','Melittis','Melittis melissophyllum','Melittis melissophyllum melissophyllum','Mentha','Mentha aquatica','Mentha arvensis','Mentha cervina','Mentha x dumetorum','Mentha x gentilis','Mentha longifolia','Mentha x piperita','Mentha x piperita nm. citrata','Mentha pulegium','Mentha rotundifolia','Mentha spicata','Mentha suaveolens','Mentha x verticillata','Mentha x villosa','Mentha x villosa nm. alopecuroides','Menyanthes','Menyanthes trifoliata','Mercurialis','Mercurialis annua','Mercurialis elliptica','Mercurialis perennis','Mercurialis reverchonii','Mercurialis tomentosa','Merendera','Merendera androcymbioides','Merendera filifolia','Merendera pyrenaica','Mesembryanthemum','Mesembryanthemum crystallinum','Mesembryanthemum nodiflorum','Mespilus','Mespilus germanica','Meum','Meum athamanticum','Mibora','Mibora minima','Microcnemum','Microcnemum coralloides','Microcnemum coralloides coralloides','Micromeria','Micromeria filiformis','Micromeria fruticosa','Micromeria fruticosa fruticosa','Micromeria graeca','Micromeria graeca graeca','Micromeria inodora','Micromeria microphylla','Micromeria nervosa','Micropus','Micropus supinus','Micropyrum','Micropyrum patens','Micropyrum tenellum','Milium','Milium effusum','Milium scabrum','Milium vernale','Milium vernale montianum','Milium vernale vernale','Minuartia','Minuartia campestris','Minuartia cerastiifolia','Minuartia dichotoma','Minuartia funkii','Minuartia geniculata','Minuartia hamata','Minuartia hybrida','Minuartia hybrida hybrida','Minuartia hybrida mediterranea','Minuartia laricifolia','Minuartia laricifolia laricifolia','Minuartia montana','Minuartia mutabilis','Minuartia recurva','Minuartia recurva recurva','Minuartia rubra','Minuartia sedoides','Minuartia verna','Minuartia verna valentina','Minuartia verna verna','Minuartia villarii','Mirabilis','Mirabilis jalapa','Misopates','Misopates calycinum','Misopates oronthium','Modiola','Modiola caroliniana','Moehringia','Moehringia ciliata','Moehringia fontqueri','Moehringia intricata','Moehringia muscosa','Moehringia pentandra','Moehringia tejedensis','Moehringia trinervia','Moenchia','Moenchia erecta','Moenchia erecta erecta','Moenchia erecta octandra','Molineriella','Molineriella laevis','Molineriella minuta','Molinia','Molinia caerulea','Molinia caerulea arundianacea','Molinia caerulea caerulea','Mollugo','Mollugo cerviana','Mollugo verticillata','Molopospermum','Molopospermum peloponnesiacum','Moluccella','Moluccella spinosa','Moneses','Moneses uniflora','Monotropa','Monotropa hypophegea','Monotropa hypopitys','Monstera','Monstera deliciosa','Montia','Montia fontana','Montia fontana amporitana','Montia fontana chondrosperma','Montia fontana fontana','Montia fontana variabilis','Montia perfoliata','Moricandia','Morus','Morus alba','Morus nigra','Mucizonia','Mucizonia hispida','Mucizonia lagascae','Mucizonia sedoides','Muehlenbeckia','Muehlenbeckia sagittifolia','Murbeckiella','Murbeckiella boryi','Murbeckiella pinnatifida','Musa','Musa cavendishii','Muscari','Muscari botryoides','Muscari comosum','Muscari neglectum','Muscari parviflorum','Myagrum','Myagrum perfoliatum','Mycelis','Mycelis muralis','Myoporum','Myoporum tenuifolium','Myosotis','Myosotis alpestris','Myosotis alpina','Myosotis arvensis','Myosotis arvensis arvensis','Myosotis arvensis umbrata','Myosotis balbisiana','Myosotis debilis','Myosotis decumbens','Myosotis decumbens teresiana','Myosotis discolor','Myosotis discolor discolor','Myosotis lamottiana','Myosotis latifolia','Myosotis laxa','Myosotis laxa caespitosa','Myosotis minutiflora','Myosotis nemorosa','Myosotis persoonii','Myosotis ramosissima','Myosotis ramosissima ramosissima','Myosotis refracta','Myosotis refracta refracta','Myosotis secunda','Myosotis sicula','Myosotis scorpioides','Myosotis stolonifera','Myosotis stricta','Myosotis sylvatica','Myosotis sylvatica sylvatica','Myosoton','Myosoton aquaticum','Myosoton aquaticum aquaticum','Myosoton aquaticum calycinum','Myosurus','Myosurus minimus','Myrica','Myrica gale','Myricaria','Myricaria germanica','Myriophyllum','Myriophyllum alterniflorum','Myriophyllum spicatum','Myriophyllum verticillatum','Myrrhis','Myrrhis odorata','Myrrhoides','Myrrhoides nodosa','Myrtus','Myrtus communis communis','Myrtus communis tarentina','Najas','Najas marina','Najas minor','Narcissus','Narcissus assoanus','Narcissus asturiensis','Narcissus baeticus','Narcissus bicolor','Narcissus bulbocodium','Narcissus bulbocodium bulbocodium','Narcissus bulbocodium citrinus','Narcissus bulbocodium obesus','Narcissus calcicarpetanus','Narcissus cantabricus','Narcissus cordubensis','Narcissus cuatrecasasii','Narcissus cyclamineus','Narcissus dubius','Narcissus elegans','Narcissus eugeniae','Narcissus fernandesii','Narcissus gaditanus','Narcissus hedraeanthus','Narcissus humilis','Narcissus x incomparabilis','Narcissus x intermedius','Narcissus jacetanus','Narcissus jonquilla','Narcissus lagoi','Narcissus longispathus','Narcissus marianicus','Narcissus x medioluteus','Narcissus minor','Narcissus muñozii-garmendiae','Narcissus x odorus','Narcissus papyraceus','Narcissus papyraceus panizzianus','Narcissus papyraceus papyraceus','Narcissus papyraceus polyanthus','Narcissus poeticus','Narcissus poeticus poeticus','Narcissus pseudonarcissus','Narcissus pseudonarcissus major','Narcissus pseudonarcissus moschatus','Narcissus pseudonarcissus nevadensis','Narcissus pseudonarcissus nobilis','Narcissus pseudonarcissus pallidiflorus','Narcissus pseudonarcissus portensis','Narcissus pseudonarcissus pseudonarcissus','Narcissus requienii','Narcissus rupicola','Narcissus serotinus','Narcissus x stenanthus','Narcissus tazetta','Narcissus tazetta tazetta','Narcissus tortifolius','Narcissus triandrus','Narcissus triandrus pallidulus','Narcissus triandrus triandrus','Narcissus viridiflorus','Narcissus willkommii','Narduroides','Narduroides salzmannii','Nardus','Narthecium','Narthecium ossifragum','Nasturtium','Nasturtium microphyllum','Nasturtium officinale','Naufraga','Naufraga balearica','Neatostema','Neatostema apulum','Neotinea','Neotinea maculata','Neottia','Neottia nidus-avis','Nepeta','Nepeta amethystina','Nepeta amethystina amethystina','Nepeta amethystina microglandulosa','Nepeta apuleii','Nepeta beltranii','Nepeta boissieri','Nepeta cantabrica','Nepeta cataria','Nepeta granatensis','Nepeta hispanica','Nepeta latifolia','Nepeta latifolia latifolia','Nepeta latifolia oscensis','Nepeta mallophora','Nepeta multibracteata','Nepeta nepetella','Nepeta nuda','Nepeta nuda nuda','Nepeta numantina','Nepeta tuberosa','Nepeta tuberosa gienensis','Nepeta tuberosa reticulata','Nepeta tuberosa tuberosa','Nepeta ucranica','Nepeta ucranica braun-blanquetii','Nephrolepis','Nephrolepis cordifolia','Nephrolepis exaltata','Nerium','Neslia','Neslia paniculata','Neslia paniculata paniculata','Neslia paniculata thracica','Nicotiana','Nicotiana rustica','Nicotiana tabacum','Nigella','Nigella arvensis','Nigella arvensis arvensis','Nigella damascena','Nigella gallica','Nigella hispanica','Nigella hispanica atlantica','Nigella hispanica hispanica','Nigritella','Nigritella nigra','Nigritella nigra nigra','Noaea','Noaea mucronata','Nolletia','Nolletia chrysocomoides','Nonea','Nonea micrantha','Nonea micrantha bourgaei','Nonea micrantha micrantha','Nonea ventricosa','Nonea vesicaria','Nothoscordum','Nothoscordum inodorum','Notobasis','Notobasis syriaca','Notoceras','Notoceras bicorne','Nuphar','Nuphar lutea','Nymphaea','Nymphaea alba','Nymphaea candida','Nymphoides','Nymphoides peltata','Ocinum','Ocinum basilicum','Odontites','Odontites asturicus','Odontites eliassennenii','Odontites granatensis','Odontites jaubertiana','Odontites kaliformis','Odontites lanceolata','Odontites lanceolata lanceolata','Odontites lanceolata olotensis','Odontites longiflora','Odontites lutea','Odontites purpurea','Odontites pyrenaea','Odontites pyrenaea abiliana','Odontites pyrenaea pyrenaea','Odontites tenuifolia','Odontites verna','Odontites verna serotina','Odontites verna verna','Odontites viscosa','Odontites viscosa hispanica','Odontites viscosa viscosa','Oenanthe','Oenanthe aquatica','Oenanthe crocata','Oenanthe fistulosa','Oenanthe globulosa','Oenanthe globulosa globulosa','Oenanthe globulosa kunzei','Oenanthe lachenalii','Oenanthe peucedanifolia','Oenanthe pimpinelloides','Oenanthe silaifolia','Oenothera','Oenothera biennis','Oenothera erythrosepala','Oenothera longiflora','Oenothera parviflora','Oenothera rosea','Oenothera stricta','Olea','Omalotheca','Omalotheca norvegica','Omalotheca supina','Omalotheca sylvatica','Omphalodes','Omphalodes brassicifolia','Omphalodes commutata','Omphalodes gallaecica','Omphalodes kuzinskyanae','Omphalodes linifolia','Omphalodes nitida','Omphalodes pavoniana','Onobrychis','Onobrychis aequidentata','Onobrychis argentea','Onobrychis argentea argentea','Onobrychis argentea hispanica','Onobrychis caput-galli','Onobrychis peduncularis','Onobrychis peduncularis matritensis','Onobrychis peduncularis peduncularis','Onobrychis pyrenaica','Onobrychis reuteri','Onobrychis saxatilis','Onobrychis stenorhiza','Onobrychis supina','Onobrychis viciifolia','Ononis','Ononis alopecuroides','Ononis aragonensis','Ononis baetica','Ononis biflora','Ononis cephalotes','Ononis cintrana','Ononis cossoniana','Ononis crispa','Ononis cristata','Ononis crotalarioides','Ononis dentata','Ononis diffusa','Ononis euphrasiifolia','Ononis filicaulis','Ononis hirta','Ononis laxiflora','Ononis leucotricha','Ononis minutissima','Ononis mitissima','Ononis natrix','Ononis natrix hispanica','Ononis ornithopodioides','Ononis pendula','Ononis pinnata','Ononis pubescens','Ononis pusilla','Ononis reclinata','Ononis repens','Ononis reuteri','Ononis rotundifolia','Ononis rotundifolia latifolia','Ononis rotundifolia rotundifolia','Ononis saxicola','Ononis sicula','Ononis spinosa','Ononis spinosa antiquorum','Ononis spinosa spinosa','Ononis striata','Ononis subspicata','Ononis tournefortii','Ononis variegata','Ononis viscosa','Ononis viscosa brachycarpa','Ononis viscosa breviflora','Ononis viscosa foetida','Ononis viscosa subcordata','Ononis viscosa viscosa','Onopordum','Onopordum acaulon','Onopordum acaulon acaulon','Onopordum acaulon pyrenaicum','Onopordum acaulon uniflorum','Onopordum acanthium','Onopordum acanthium acanthium','Onopordum acanthium gautieri','Onopordum x bilbilitanum','Onopordum corymbosum','Onopordum corymbosum corymbosum','Onopordum glomeratum','Onopordum humile','Onopordum illyricum','Onopordum illyricum illyricum','Onopordum macracanthum','Onopordum nervosum','Onosma','Onosma bubanii','Onosma fastigiata','Onosma fastigiata catalaunica','Onosma fastigiata fastigiata','Onosma tricerosperma','Onosma tricerosperma granatensis','Onosma tricerosperma hispanica','Onosma tricerosperma tricerosperma','Ophioglossum','Ophioglossum azoricum','Ophioglossum lusitanicum','Ophioglossum vulgatum','Ophrys','Ophrys apifera','Ophrys apifera apifera','Ophrys apifera jurana','Ophrys arachnitiformis','Ophrys bertolonii','Ophrys x bertoloniiformis','Ophrys bombyliflora','Ophrys fuciflora','Ophrys fuciflora fuciflora','Ophrys fusca','Ophrys fusca durieui','Ophrys fusca fusca','Ophrys fusca omegaifera','Ophrys garganica','Ophrys insectifera','Ophrys lutea','Ophrys lutea lutea','Ophrys lutea murbeckii','Ophrys scolopax','Ophrys scolopax scolopax','Ophrys speculum','Ophrys speculum speculum','Ophrys sphegodes','Ophrys sphegodes atrata','Ophrys sphegodes litigiosa','Ophrys sphegodes sphegodes','Ophrys tenthredinifera','Oplismenus','Oplismenus undulatifolius','Opopanax','Opopanax chironium','Opuntia cylindrica','Opuntia dillenii','Opuntia erinacea','Opuntia ficus-indica','Opuntia subulata','Opuntia tomentosa','Opuntia tuna','Opuntia vulgaris','x Orchi-Aceras (Aceras x Orchis)','x Orchi-Aceras (Aceras x Orchis) macra','Orchis','Orchis coriophora','Orchis coriophora coriophora','Orchis coriophora fragans','Orchis coriophora martrinii','Orchis italica','Orchis lactea','Orchis laxiflora','Orchis laxiflora laxiflora','Orchis laxiflora palustris','Orchis longicornu','Orchis mascula','Orchis mascula hispanica','Orchis mascula mascula','Orchis mascula olbiensis','Orchis mascula signifera','Orchis militaris','Orchis morio','Orchis morio champagneuxii','Orchis morio morio','Orchis morio picta','Orchis pallens','Orchis papilionacea','Orchis papilionacea grandiflora','Orchis papilionacea rubra','Orchis patens','Orchis provincialis','Orchis provincialis provincialis','Orchis purpurea','Orchis saccata','Orchis simia','Orchis spitzelii','Orchis spitzelii spitzelii','Orchis tridentata','Orchis tridentata commutata','Orchis tridentata tridentata','Orchis ustulata','Oreochloa','Oreochloa blanka','Oreochloa confusa','Oreopteris','Oreopteris limbosperma','Origanum','Origanum compactum','Origanum majorana','Origanum majoricum','Origanum onites','Origanum paui','Origanum virens','Origanum vulgare','Orlaya','Orlaya grandiflora','Orlaya kochii','Ornithogalum','Ornithogalum arabicum','Ornithogalum broteroi','Ornithogalum collinum','Ornithogalum concinnum','Ornithogalum divergens','Ornithogalum exscapum','Ornithogalum narbonense','Ornithogalum nutans','Ornithogalum orthophyllum','Ornithogalum orthophyllum baeticum','Ornithogalum orthophyllum kochii','Ornithogalum pyrenaicum','Ornithogalum reverchonii','Ornithogalum umbellatum','Ornithogalum unifolium','Ornithopus','Ornithopus compressus','Ornithopus perpusillus','Ornithopus pinnatus','Ornithopus sativus','Ornithopus sativus isthmocarpus','Ornithopus sativus sativus','Orobanche','Orobanche alba','Orobanche amethystea','Orobanche amethystea amethystea','Orobanche amethystea castellana','Orobanche arenaria','Orobanche caesia','Orobanche calendulae','Orobanche caryophyllacea','Orobanche cernua','Orobanche clausonis','Orobanche crenata','Orobanche densiflora','Orobanche elatior','Orobanche foetida','Orobanche gracilis','Orobanche haenseleri','Orobanche hederae','Orobanche latisquama','Orobanche laserpitii-sileris','Orobanche lavandulacea','Orobanche loricata','Orobanche lutea','Orobanche maritima','Orobanche minor','Orobanche purpurea','Orobanche ramosa','Orobanche ramosa mutelii','Orobanche ramosa nana','Orobanche ramosa ramosa','Orobanche rapum-genistae','Orobanche rapum-genistae benthamii','Orobanche rapum-genistae rapum-genistae','Orobanche reticulata','Orobanche rosmarina','Orobanche sanguinea','Orobanche schultzii','Orobanche teucrii','Orobanche trichocalyx','Orobanche variegata','Ortegia','Ortegia hispanica','Orthilia','Orthilia secunda','Orthilia secunda secunda','Oryza','Oryza sativa','Oryzopsis','Oryzopsis coerulescens','Oryzopsis miliacea','Oryzopsis paradoxa','Oryzopsis thomasii','Osmunda','Osmunda regalis','Osyris','Osyris alba','Osyris quadripartita','Otanthus','Otanthus maritimus','Otospermum','Otospermum glabrum','Oxalis','Oxalis acetosella','Oxalis articulata','Oxalis corniculata','Oxalis corymbosa','Oxalis europaea','Oxalis latifolia','Oxalis pes-caprae','Oxalis purpurea','Oxyria','Oxyria digyna','Oxytropis','Oxytropis amethystea','Oxytropis campestris','Oxytropis campestris campestris','Oxytropis campestris nuriae','Oxytropis foucadii','Oxytropis halleri','Oxytropis halleri halleri','Oxytropis lapponica','Oxytropis pyrenaica','Paeonia','Paeonia broteroi','Paeonia cambessedesii','Paeonia coriacea','Paeonia officinalis','Paeonia officinalis humilis','Paliurus','Paliurus spina-christi','Pallenis','Pallenis spinosa','Pallenis spinosa spinosa','Pancratium','Pancratium maritimum','Panicum','Panicum capillare','Panicum miliaceum','Panicum repens','Papaver','Papaver argemone','Papaver dubium','Papaver hybridum','Papaver lecoqii','Papaver pinnatifidum','Papaver rhaeticum','Papaver rhoeas','Papaver rupifragum','Papaver somniferum','Papaver somniferum setigerum','Papaver somniferum somniferum','Papaver stipitatum','Papaver strigosum','Papaver suaveolens','Papaver suaveolens endresii','Papaver suaveolens suaveolens','Paradisea','Paradisea liliastrum','Paradisea lusitanica','Parapholis','Parapholis filiformis','Parapholis incurva','Parapholis marginata','Parapholis pycnantha','Parapholis strigosa','Parentucellia','Parentucellia latifolia','Parentucellia viscosa','Parietaria','Parietaria judaica','Parietaria lusitanica','Parietaria lusitanica lusitanica','Parietaria lusitanica serbica','Parietaria mauritanica','Paris','Paris quadrifolia','Parnassia','Parnassia palustris','Parnassia palustris palustris','Paronychia','Paronychia aretioides','Paronychia argentea','Paronychia argentea argentea','Paronychia capitata','Paronychia cymosa','Paronychia echinulata','Paronychia echinulata echinulata','Paronychia kapela','Paronychia kapela baetica','Paronychia kapela serpyllifolia','Paronychia polygonifolia','Paronychia rouyana','Paronychia suffruticosa','Parthenium','Parthenium argentatum','Parthenocissus','Parthenocissus inserta','Parthenocissus quinquefolia','Parthenocissus tricuspidata','Paspalum','Paspalum dilatatum','Paspalum paspalodes','Paspalum vaginatum','Passiflora','Passiflora caerulea','Pastinaca','Pastinaca lucida','Pastinaca sativa','Pastinaca sativa sativa','Pastinaca sativa sylvestris','Pastinaca sativa urens','Pawlonia','Pawlonia tomentosa','Pedicularis','Pedicularis asparagoides','Pedicularis comosa','Pedicularis comosa comosa','Pedicularis foliosa','Pedicularis kerneri','Pedicularis mixta','Pedicularis pyrenaica','Pedicularis rostratospicata','Pedicularis rostratospicata helvetica','Pedicularis schizocalyx','Pedicularis sylvatica','Pedicularis sylvatica lusitanica','Pedicularis sylvatica sylvatica','Pedicularis tuberosa','Pedicularis verticillata','Peganum','Peganum harmala','Pelargonium','Pelargonium capitatum','Pelargonium crispum','Pelargonium x domesticum','Pelargonium peltatum','Pelargonium zonale','Pellaea','Pellaea calomelanos','Pellaea rotundifolia','Pennisetum','Pennisetum villosum','Pentaglottis','Pentaglottis sempervirens','Pentaphylloides','Pentaphylloides fruticosa','Pentaphylloides fruticosa floribunda','Periballia','Periballia involucrata','Periploca','Periploca graeca','Periploca laevigata laevigata','Persea','Persea americana','Persica','Persica vulgaris','Pessopteris','Pessopteris crassifolia','Petasites','Petasites fragans','Petasites hybridus','Petasites hybridus hybridus','Petasites paradoxus','Petrocallis','Petrocallis pyrenaica','Petrocoptis','Petrocoptis albaredae','Petrocoptis albaredae albaredae','Petrocoptis albaredae guinochetti','Petrocoptis crassifolia','Petrocoptis crassifolia crassifolia','Petrocoptis crassifolia guarensis','Petrocoptis crassifolia montsicciana','Petrocoptis glaucifolia','Petrocoptis grandiflora','Petrocoptis hispanica','Petrocoptis pardoi','Petrocoptis pardoi pardoi','Petrocoptis pseudoviscosa','Petrocoptis pyrenaica','Petrocoptis pyrenaica pyrenaica','Petrocoptis viscosa','Petrocoptis wiedmannii','Petrorhagia','Petrorhagia atapuercae','Petrorhagia nanteuilii','Petrorhagia prolifera','Petrorhagia saxifraga','Petrorhagia velutina','Petroselinum','Petroselinum crispum','Petroselinum segetum','Petunia','Petunia axillaris','Petunia x hybrida hort.','Petunia violacea','Peucedanum','Peucedanum aragonense','Peucedanum carvifolia','Peucedanum cervaria','Peucedanum gallicum','Peucedanum hispanicum','Peucedanum lancifolium','Peucedanum officinale','Peucedanum officinale officinale','Peucedanum officinale stenocarpum','Peucedanum oreoselinum','Peucedanum oreoselinum bourgaei','Peucedanum oreoselinum oreoselinum','Peucedanum ostruthium','Peucedanum venetum','Phagnalon','Phagnalon rupestre','Phagnalon saxatile','Phagnalon sordidum','Phalacrocarpum','Phalacrocarpum hoffmannseggii','Phalacrocarpum oppositifolium','Phalacrocarpum oppositifolium isthmocatpus','Phalacrocarpum oppositifolium sativus','Phalaris','Phalaris aquatica','Phalaris arundinacea','Phalaris arundinacea arundinacea','Phalaris arundinacea rotgesii','Phalaris brachystachys','Phalaris canariensis','Phalaris coerulescens','Phalaris minor','Phalaris paradoxa','Phalaris truncata','Phaseolus','Phaseolus coccineus','Phaseolus vulgaris','Philadelphus','Philadelphus coronarius','Phillyrea','Phlebodium','Phlebodium aureum','Phleum','Phleum alpinum','Phleum alpinum alpinum','Phleum alpinum rhaeticum','Phleum arenarium','Phleum paniculatum','Phleum phleoides','Phleum pratense','Phleum pratense bertolonii','Phleum pratense pratense','Phleum pratense trabutii','Phleum pseudocommutatum','Phleum subulatum','Phleum subulatum subulatum','Phlomis','Phlomis x composita','Phlomis crinita','Phlomis herba-venti','Phlomis herba-venti herba-venti','Phlomis herba-venti pungens','Phlomis italica','Phlomis lychnitis','Phlomis purpurea almeriensis','Phlox','Phlox drummondii','Phoenix','Pholiurus','Pholiurus pannonicus','Phormium','Phormium tenax','Photinia','Photinia serrulata','Phragmites','Phyllitis','Phyllitis sagittata','Phyllitis scolopendrium','Phyllostachys','Phyllostachys aurea','Phyllostachys bambusoides','Phyllostachys nigra','Phyllostachys viridiglaucescens','Physalis','Physalis alkekengi','Physalis peruviana','Physalis phyladelphica','Physospermun','Physospermun cornubiense','Phyteuma','Phyteuma charmelii','Phyteuma globulariifolium','Phyteuma globulariifolium pedemontanum','Phyteuma hemisphaericum','Phyteuma hispanicum','Phyteuma orbiculare','Phyteuma pyrenaicum','Phyteuma rupicola','Phyteuma serratoides','Phyteuma spicatum','Phyteuma spicatum spicatum','Phytolacca','Phytolacca americana','Phytolacca dioica','Picea','Picea abies abies','Picnomon','Picnomon acarna','Picris','Picris comosa','Picris echioides','Picris hieracioides','Picris hieracioides hieracioides','Picris hieracioides longifolia','Picris hieracioides spinulosa','Picris hispanica','Picris pauciflora','Picris sprengerana','Picris villarsii','Picris willkommii','Pilea','Pilea cadierei','Pilularia','Pilularia globulifera','Pilularia minuta','Pimpinella','Pimpinella anisum','Pimpinella bicknellii','Pimpinella gracilis','Pimpinella gracilis catalaunica','Pimpinella gracilis gracilis','Pimpinella gracilis puberula','Pimpinella major','Pimpinella peregrina','Pimpinella procumbens','Pimpinella saxifraga','Pimpinella siifolia','Pimpinella tragium','Pimpinella tragium lithophila','Pimpinella villosa','Pinguicula','Pinguicula alpina','Pinguicula grandiflora','Pinguicula grandiflora coenocantabrica','Pinguicula grandiflora grandiflora','Pinguicula longifolia','Pinguicula longifolia longifolia','Pinguicula lusitanica','Pinguicula nevadensis','Pinguicula vallisneriifolia','Pinguicula vulgaris','Pinus','Pinus x bougetii','Pinus clusiana','Pinus clusiana clusiana','Pinus clusiana salzmannii','Pinus pinaster atlantica','Pinus pinaster pinaster','Pinus sylvestris iberica','Pinus sylvestris nevadensis','Pinus sylvestris pyrenaica','Pistacia','Pistacia x saportae','Pistacia vera','Pistorinia','Pistorinia brevifolia','Pistorinia hispanica','Pisum','Pisum sativum','Pisum sativum elatius','Pisum sativum sativus','Pittosporum','Pittosporum tobira','Pittosporum undulatum','Plantago','Plantago afra','Plantago albicans','Plantago alpina','Plantago amplexicaulis','Plantago arenaria','Plantago argentea','Plantago asperrima','Plantago atrata','Plantago atrata atrata','Plantago atrata discolor','Plantago bellardii','Plantago bellardii bellardii','Plantago cornuti','Plantago coronopus','Plantago coronopus coronopus','Plantago coronopus purpurascens','Plantago crassifolia','Plantago holosteum','Plantago holosteum algarbiensis','Plantago holosteum holosteum','Plantago lagopus','Plantago lanceolata','Plantago loeflingii','Plantago macrorhiza','Plantago major','Plantago major intermedia','Plantago major major','Plantago maritima','Plantago maritima loscosii','Plantago maritima maritima','Plantago maritima serpentina','Plantago media','Plantago media media','Plantago media nevadensis','Plantago monosperma','Plantago nivalis','Plantago notata','Plantago ovata','Plantago sempervirens','Plantago serraria','Plantago subulata','Plantago subulata granatensis','Platanthera','Platanthera bifolia','Platanthera chlorantha','Platanus','Platanus orientalis','Platycapnos','Platycapnos saxicola','Platycapnos saxicola grandiflora','Platycapnos spicata','Platycapnos spicata echeandiae','Platycapnos spicata spicata','Platycerium','Platycerium bifurcatum','Pleurosorus','Pleurosorus hispanicus','Pleurosorus nevadensis','Plumbago','Plumbago europaea','Plumeria','Plumeria alba','Plumeria rubra','Poa','Poa alpina','Poa angustifolia','Poa annua','Poa bulbosa','Poa cenisia','Poa cenisia sardoa','Poa chaixii','Poa compressa','Poa feratiana','Poa flaccidula','Poa infirma','Poa laxa','Poa ligulata','Poa maroccana','Poa minor','Poa minor minor','Poa minor nevadensis','Poa molinerii','Poa nemoralis','Poa pratensis','Poa pratensis legionensis','Poa pratensis pratensis','Poa subcaerulea','Poa supina','Poa trivialis','Poa trivialis sylvicola','Poa trivialis trivialis','Poinsettia','Poinsettia pulcherrima','Polianthes','Polianthes tuberosa','Polycarpon','Polycarpon alsinifolium','Polycarpon diphyllum','Polycarpon polycarpoides','Polycarpon tetraphyllum','Polycnemum','Polycnemum arvense','Polycnemum majus','Polygala','Polygala alpestris','Polygala alpestris alpestris','Polygala alpina','Polygala baetica','Polygala boissieri','Polygala calcarea','Polygala comosa','Polygala edmundii','Polygala exilis','Polygala lusitanica','Polygala microphylla','Polygala monspeliaca','Polygala nicaeensis','Polygala nicaeensis caesalpinii','Polygala rupestris','Polygala serpyllifolia','Polygala varyredae','Polygala vulgaris','Polygala vulgaris mediterranea','Polygala vulgaris vulgaris','Polygonatum','Polygonatum multiflorum','Polygonatum odoratum','Polygonatum verticillatum','Polygonum','Polygonum alpinum','Polygonum amphibium','Polygonum arenarium','Polygonum arenarium pulchellum','Polygonum arenastrum','Polygonum aviculare','Polygonum aviculare aviculare','Polygonum aviculare battandieri','Polygonum aviculare rhizoxylon','Polygonum bistorta','Polygonum equisetiforme','Polygonum hydropiper','Polygonum lapathifolium','Polygonum lapathifolium lapathifolium','Polygonum lapathifolium pallidum','Polygonum maritimum','Polygonum minus','Polygonum mite','Polygonum orientale','Polygonum oxyspermum','Polygonum oxyspermum oxyspermum','Polygonum oxyspermum raii','Polygonum patulum','Polygonum persicaria','Polygonum robertii','Polygonum romanum','Polygonum rurivagum','Polygonum salicifolium','Polygonum tomentosum','Polygonum viviparum','Polypodium','Polypodium australe','Polypodium interjectum','Polypodium vulgare','Polypogon','Polypogon maritimus','Polypogon maritimus maritimus','Polypogon maritimus subspathaceus','Polypogon monspeliensis','Polypogon viridis','Polystichum','Polystichum aculeatum','Polystichum x bicknellii','Polystichum braunii','Polystichum x illyricum','Polystichum lonchitis','Polystichum setiferum','Populus','Populus deltoides','Populus euphratica','Portulaca','Portulaca grandiflora','Portulaca oleracea','Portulaca oleracea oleracea','Portulaca oleracea sativa','Posidonia','Posidonia oceanica','Potamogeton','Potamogeton alpinus','Potamogeton coloratus','Potamogeton compressus','Potamogeton x cooperi','Potamogeton crispus','Potamogeton filiformis','Potamogeton gramineus','Potamogeton lucens','Potamogeton natans','Potamogeton nodosus','Potamogeton pectinatus','Potamogeton perfoliatus','Potamogeton polygonifolius','Potamogeton pusillus','Potamogeton trichoides','Potentilla','Potentilla alchimilloides','Potentilla anglica','Potentilla anserina','Potentilla anserina anserina','Potentilla argentea','Potentilla aurea','Potentilla aurea aurea','Potentilla brauniana','Potentilla caulescens','Potentilla cinerea','Potentilla crantzii','Potentilla crantzii crantzii','Potentilla crantzii latestipula','Potentilla erecta','Potentilla frigida','Potentilla fruticosa','Potentilla grandiflora','Potentilla guarensis','Potentilla hirta','Potentilla inclinata','Potentilla mascuinii','Potentilla micrantha','Potentilla montana','Potentilla multifida','Potentilla neglecta','Potentilla nevadensis','Potentilla nivalis','Potentilla oscensis','Potentilla palustris','Potentilla pennsylvanica','Potentilla pennsylvanica hispanica','Potentilla pennsylvanica pennsylvanica','Potentilla petrophyla','Potentilla pyrenaica','Potentilla recta','Potentilla reptans','Potentilla reuteri','Potentilla rupestris','Potentilla scoparioides','Potentilla sterilis','Potentilla tabernaemontani','Potentilla thuringiaca','Prasium','Prasium majus','Prenanthes','Prenanthes purpurea','Primula','Primula elatior','Primula elatior elatior','Primula elatior intricata','Primula elatior lofthousei','Primula farinosa','Primula farinosa farinosa','Primula hirsuta','Primula integrifolia','Primula latifolia','Primula pedemontana','Primula pedemontana iberica','Primula pedemontana pedemontana','Primula veris','Primula veris canescens','Primula veris columnae','Primula veris veris','Primula vulgaris','Primula vulgaris balearica','Primula vulgaris vulgaris','Prolonga','Prolonga hispanica','Prolonga pectinata','Prunella','Prunella grandiflora','Prunella grandiflora grandiflora','Prunella grandiflora pyrenaica','Prunella hyssopifolia','Prunella laciniata','Prunella vulgaris','Prunus','Prunus cerasifera','Prunus cerasus','Prunus domestica','Prunus domestica domestica','Prunus domestica insititia','Prunus lusitanica','Prunus mahaleb','Prunus padus','Prunus padus padus','Prunus prostrata','Pseudarrhenatherum','Pseudarrhenatherum longifolium','Pseudorchis','Pseudorchis albida','Pseudorchis albida albida','Pseudorlaya','Pseudorlaya minuscula','Pseudorlaya pumila','Pseudosasa','Pseudosasa japonica','Pseudotsuga','Psidium','Psidium guajava','Psilotum','Psilotum nudum','Psilurus','Psilurus incurvus','Psoralea','Psoralea americana','Psoralea bituminosa','Pteridium','Pteridium aquilinum aquilinum','Pteridium aquilinum brevipes','Pteris','Pteris argyraea','Pteris cretica','Pteris multifida','Pteris serrulata','Pteris tremula','Pteris vittata','Pterocephalus','Pterocephalus diandrus','Pterocephalus intermedius','Pterocephalus papposus','Pterocephalus spathulatus','Ptilostemon','Ptilostemon casabonae','Ptilostemon hispanicus','Ptychotis','Ptychotis saxifraga','Puccinellia','Puccinellia distans','Puccinellia distans distans','Puccinellia fasciculata','Puccinellia fasciculata fasciculata','Puccinellia fasciculata pungens','Puccinellia festuciformis','Puccinellia festuciformis convoluta','Puccinellia festuciformis festuciformis','Puccinellia festuciformis tenuifolia','Puccinellia maritima','Puccinellia rupestris','Pulicaria','Pulicaria arabica','Pulicaria dysenterica','Pulicaria microcephala','Pulicaria odora','Pulicaria paludosa','Pulicaria sicula','Pulicaria vulgaris','Pulmonaria','Pulmonaria affinis','Pulmonaria longifolia','Pulsatilla','Pulsatilla alpina','Pulsatilla alpina alpina','Pulsatilla alpina apiifolia','Pulsatilla alpina cantabrica','Pulsatilla alpina fontqueri','Pulsatilla rubra','Pulsatilla rubra hispanica','Pulsatilla rubra rubra','Pulsatilla vernalis','Punica','Punica granatum','Putoria','Putoria calabrica','Pycnocomon','Pycnocomon rutifolium','Pyracantha','Pyracantha coccinea','Pyrola','Pyrola chlorantha','Pyrola minor','Pyrola rotundifolia','Pyrola rotundifolia rotundifolia','Pyrus','Pyrus amygadaliformis','Pyrus bourgaeana','Pyrus communis','Pyrus cordata','Pyrus pyraster','Pyrus salvifolia','Quercus','Quercus x andegavensis','Quercus x anselmi','Quercus x aruciensis','Quercus x auzendi','Quercus x canariensis x faginea faginea','Quercus x canariensis x pyrenaica x petraea','Quercus x canariensis x pyrenaica x mas','Quercus x cantabrica','Quercus x clementi','Quercus x costae','Quercus x desmotricha','Quercus faginea alpestris','Quercus faginea broteri','Quercus faginea faginea','Quercus x faginea alpestris x canariensis','Quercus x faginea broteri x pyrenaica','Quercus x fontanesii','Quercus x fontqueri','Quercus x hispanica','Quercus ilex','Quercus x legionensis','Quercus x marianica','Quercus mas','Quercus x montserrati','Quercus x morisii','Quercus x numantina','Quercus x paui','Quercus x petraea x pyrenaica','Quercus x pseudo-morisii','Quercus x pseudosuber','Quercus pubescens palensis','Quercus pubescens pubescens','Quercus x pubescens palensis x mas','Quercus x pubescens palensis x mas x robur robur','Quercus x pubescens palensis x petraea','Quercus x pubescens palensis x pyrenaica','Quercus x pubescens palensis x robur robur','Quercus x rechinii','Quercus robur broteroana','Quercus robur estremadurensis','Quercus robur robur','Quercus x rosacea','Quercus x rouxii','Quercus x salcedoi','Quercus x senneniana','Quercus x subalbescens','Quercus x subpyrenaica','Quercus x teriana','Quercus x viveri','Radiola','Radiola linoides','Ramonda','Ramonda myconi','Ranunculus','Ranunculus abnormis','Ranunculus acetosellifolius','Ranunculus aconitifolius','Ranunculus acris','Ranunculus acris acris','Ranunculus acris friesianus','Ranunculus acris granatensis','Ranunculus aduncus','Ranunculus alpestris','Ranunculus amplexicaulis','Ranunculus aquatilis','Ranunculus aquatilis aquatilis','Ranunculus aquatilis saniculifolius','Ranunculus arvensis','Ranunculus auricomus','Ranunculus baudotii','Ranunculus bulbosus','Ranunculus bulbosus adscendens','Ranunculus bulbosus aleae','Ranunculus bulbosus bulbifer','Ranunculus bulbosus bulbosus','Ranunculus bulbosus castellanus','Ranunculus bulbosus gallecicus','Ranunculus bullatus','Ranunculus bupleroides','Ranunculus carinthiacus','Ranunculus circinatus','Ranunculus cortusifolius','Ranunculus demissus','Ranunculus ficaria','Ranunculus ficaria bulbifer','Ranunculus ficaria ficaria','Ranunculus ficaria ficariiformis','Ranunculus flammula','Ranunculus flammula flammula','Ranunculus fluitans','Ranunculus glacialis','Ranunculus gouanii','Ranunculus gramineus','Ranunculus gregarius','Ranunculus hederaceus','Ranunculus henriquesii','Ranunculus lateriflorus','Ranunculus lingua','Ranunculus longipes','Ranunculus lusitanicus','Ranunculus macrophyllus','Ranunculus malessanus','Ranunculus monspeliacus','Ranunculus muricatus','Ranunculus nemorosus','Ranunculus nemorosus nemorosus','Ranunculus nigrescens','Ranunculus nodiflorus','Ranunculus ololeucos','Ranunculus omiophyllus','Ranunculus ophioglossifolius','Ranunculus paludosus','Ranunculus parnassifolius','Ranunculus parnassifolius cabrerensis','Ranunculus parnassifolius favargeri','Ranunculus parnassifolius heterocarpus','Ranunculus parviflorus','Ranunculus peltatus','Ranunculus platanifolius','Ranunculus pseuofluitans','Ranunculus pyrenaeus','Ranunculus pyrenaeus alismoides','Ranunculus pyrenaeus pyrenaeus','Ranunculus repens','Ranunculus reptans','Ranunculus rupestris','Ranunculus ruscinonensis','Ranunculus sardous','Ranunculus sceleratus','Ranunculus sceleratus sceleratus','Ranunculus seguieri','Ranunculus seguieri seguieri','Ranunculus thora','Ranunculus trichophyllus','Ranunculus trichophyllus lutulentus','Ranunculus trichophyllus trichophyllus','Ranunculus trilobus','Ranunculus tripartitus','Ranunculus weylery','Raphanus','Raphanus raphanistrum','Raphanus raphanistrum landra','Raphanus raphanistrum maritimus','Raphanus raphanistrum microcarpos','Raphanus raphanistrum raphanistrum','Rapistrum','Rapistrum rugosum','Rapistrum rugosum linnaeanum','Rapistrum rugosum orientale','Rapistrum rugosum rugosum','Reichardia','Reichardia gaditana','Reichardia intermedia','Reichardia picroides','Reichardia tingitana','Reichardia tingitana discolor','Reichardia tingitana tingitana','Reseda','Reseda alba','Reseda barrelieri','Reseda complicata','Reseda decursiva','Reseda glauca','Reseda gredensis','Reseda jacquinii','Reseda lanceolata','Reseda lutea','Reseda luteola','Reseda media','Reseda odorata','Reseda paui','Reseda paui almijarensis','Reseda paui paui','Reseda phyteuma','Reseda phyteuma collina','Reseda stricta','Reseda stricta funkii','Reseda suffruticosa','Reseda undata','Reseda virgata','Reseda vivantii','Retama','Reynoutria','Reynoutria japonica','Reynoutria sachalinensis','Rhagadiolus','Rhagadiolus stellatus','Rhamnus','Rhamnus alpinus','Rhamnus alpinus alpinus','Rhamnus ludovici-salvatoris','Rhamnus lycioides','Rhamnus oleoides','Rhamnus lycioides velutinus','Rhamnus myrtifolius','Rhamnus pumilus','Rhamnus saxatilis','Rhamnus saxatilis saxatilis','Rhinanthus','Rhinanthus angustifolius','Rhinanthus mediterraneus','Rhinanthus minor','Rhodiola','Rhodiola rosea','Rhododendron','Rhododendron ponticum','Rhododendron ponticum baeticum','Rhus','Rhynchosinapis','Rhynchosinapis cheiranthos','Rhynchosinapis cheiranthos cheiranthiflora','Rhynchosinapis cheiranthos cheiranthos','Rhynchosinapis cheiranthos montana','Rhynchosinapis cheiranthos nevadensis','Rhynchosinapis granatensis','Rhynchosinapis hispida','Rhynchosinapis hispida hispida','Rhynchosinapis johnstonni','Rhynchosinapis longirostra','Rhynchosinapis pseuderucastrum','Rhynchosinapis pseuderucastrum pseuderucastrum','Rhynchosinapis pseuderucastrum setigera','Rhynchospora','Rhynchospora alba','Rhynchospora fusca','Rhynchospora rugosa','Ribes','Ribes alpinum','Ribes petraeum','Ribes rubrum','Ribes uva-crispa','Ricinus','Ridolfia','Ridolfia segetum','Robinia','Rochelia','Rochelia disperma','Rochelia disperma retorta','Roemeria','Roemeria hybrida','Romulea','Romulea bulbocodium','Romulea clusiana','Romulea columnae','Romulea columnae columnae','Romulea ramiflora','Romulea ramiflora gaditana','Romulea ramiflora ramiflora','Rorippa','Rorippa amphibia','Rorippa hispanica','Rorippa islandica','Rorippa pyrenaica','Rorippa sylvestris','Rorippa sylvestris sylvestris','Rosa agrestis','Rosa andegavensis','Rosa arvensis','Rosa caesia','Rosa canina','Rosa corymbifera','Rosa deseglisei','Rosa eglanteria','Rosa elliptica','Rosa foetida','Rosa gallica','Rosa glauca','Rosa majalis','Rosa micrantha','Rosa mollis','Rosa montana','Rosa moschata','Rosa myriacantha','Rosa nitidula','Rosa pendulina','Rosa pimpinellifolia','Rosa pimpinellifolia caviniacensis','Rosa pimpinellifolia pimpinellifolia','Rosa pouzinii','Rosa rubiginosa','Rosa scabriuscula','Rosa sempervirens','Rosa sherardii','Rosa sicula','Rosa squarrosa','Rosa stylosa','Rosa stylosa cantabrica','Rosa stylosa nevadensis','Rosa stylosa stylosa','Rosa subcollina','Rosa tomentosa','Rosa villosa','Rosa villosa pomifera','Rosa vosagiaca','Rosmarinus','Rosmarinus eriocalix','Rosmarinus tomentosus','Rothmaleria','Rothmaleria granatensis','Rubia','Rubia angustifolia','Rubia peregrina','Rubia tinctorum','Rubus affinis','Rubus alnicola','Rubus arduennensis','Rubus bifrons','Rubus caesius','Rubus candicans','Rubus canescens','Rubus chaerophyllus','Rubus chaerophyllus brachythyrsus','Rubus chaerophyllus chaerophyllus','Rubus chloocladus','Rubus collinus','Rubus discolor','Rubus dummoniensis','Rubus geniculatus','Rubus glandulosus','Rubus godronii','Rubus godronii amplistipulus','Rubus godronii godronii','Rubus hebetatus','Rubus henriquesii','Rubus hirtus','Rubus idaeus','Rubus incanescens','Rubus interruptus','Rubus lejeunei','Rubus lespinassei','Rubus lloydianus','Rubus lusitanicus','Rubus minutidentatus','Rubus minutiflorus','Rubus miostilus','Rubus pedatifolius','Rubus phyllostachys','Rubus portuensis','Rubus pyramidalis','Rubus rhombifolius','Rubus sampaianus','Rubus saxatilis','Rubus serpens','Rubus silvaticus','Rubus subincertus','Rubus tenuidentatus','Rubus tereticualis','Rubus timbal-lagravei','Rudbeckia','Rudbeckia laciniata','Rumex','Rumex acetosa','Rumex acetosa acetosa','Rumex acetosa biformis','Rumex acetosella','Rumex alpinus','Rumex amplexicaulis','Rumex angiocarpus','Rumex aquaticus','Rumex arifolius','Rumex bucephalophorus','Rumex bucephalophorus bucephalophorus','Rumex bucephalophorus graecus','Rumex bucephalophorus hispanicus','Rumex cantabricus','Rumex conglomeratus','Rumex conglomeratus conglomeratus','Rumex conglomeratus nevadensis','Rumex crispus','Rumex cristatus','Rumex hydrolapathum','Rumex induratus','Rumex intermedius','Rumex longifolius','Rumex maritimus','Rumex obtusifolius','Rumex obtusifolius obtusifolius','Rumex obtusifolius sylvestris','Rumex obtusifolius transiens','Rumex palustris','Rumex papillaris','Rumex patientia','Rumex pulcher','Rumex pulcher divaricatus','Rumex pulcher pulcher','Rumex rupestris','Rumex sanguineus','Rumex scutatus','Rumex suffruticosus','Rumex thyrsoides','Rumex tingitanus','Rumex vinealis','Rupicapnos','Rupicapnos africana','Ruppia','Ruppia cirrhosa','Ruppia maritima','Ruscus','Ruscus aculeatus','Ruscus hypophyllum','Ruta','Ruta angustifolia','Ruta chalepensis','Ruta graveolens','Ruta montana','Saccharum','Saccharum barberi','Saccharum officinarum','Saccharum ravennae','Saccharum sinense','Sagina','Sagina apetala','Sagina apetala apetala','Sagina maritima','Sagina nevadensis','Sagina nodosa','Sagina procumbens','Sagina procumbens muscosa','Sagina procumbens procumbens','Sagina sabuletorum','Sagina saginoides','Sagina subulata','Sagittaria','Sagittaria latifolia','Sagittaria sagittifolia','Salicornia','Salicornia europaea','Salicornia fragilis','Salicornia nitens','Salicornia ramosissima','Salix','Salix alba alba','Salix alba coerulea','Salix alba micans','Salix alba vitellina','Salix appendiculata','Salix atrocinerea atrocinerea','Salix atrocinerea catalaunica','Salix aurita','Salix babylonica','Salix breviserrata','Salix cantabrica','Salix cinerea','Salix daphnoides','Salix elaeagnos angustifolia','Salix elaeagnos elaeagnos','Salix foetida','Salix hastata','Salix hastata hastata','Salix herbacea','Salix lapponum','Salix lapponum ceretanum','Salix lapponum lapponum','Salix matritensis','Salix myrsinifolia','Salix netricha','Salix pentandra','Salix phylicifolia','Salix phylicifolia bicolor','Salix purpurea lambertiana','Salix purpurea purpurea','Salix pyrenaica','Salix repens','Salix reticulata','Salix retusa','Salix salviifolia','Salix secalliana','Salix tarraconensis','Salix triandra','Salix triandra discolor','Salix triandra triandra','Salix viciosorum','Salpichroa','Salpichroa origanifolia','Salsola','Salsola collina','Salsola hispanica','Salsola kali kali','Salsola kali ruthenica','Salsola kali tragus','Salsola masclansii','Salsola papillosa','Salsola soda','Salsola triandra','Salsola triandra triandra','Salsola webbii','Salvia','Salvia aethiopis','Salvia argentea','Salvia bicolor','Salvia blancoana','Salvia candelabrum','Salvia glutinosa','Salvia x hegelmaieri','Salvia lavandulifolia lavandulifolia','Salvia lavandulifolia oxyodon','Salvia lavandulifolia vellerea','Salvia officinalis','Salvia phlomoides','Salvia pratensis','Salvia sclarea','Salvia sclareoides','Salvia triloba','Salvia valentina','Salvia verbenaca','Salvia verticillata','Salvia viridis','Salvinia','Salvinia auriculata','Salvinia natans','Salvinia rotundifolia','Sambucus','Sambucus ebulus','Sambucus racemosa','Samolus','Samolus valerandi','Sanguisorba','Sanguisorba ancistroides','Sanguisorba ancistroides ancistroides','Sanguisorba ancistroides parviflora','Sanguisorba hybrida','Sanguisorba mauritanica','Sanguisorba minor','Sanguisorba minor lateriflora','Sanguisorba minor magnolii','Sanguisorba minor minor','Sanguisorba minor muricata','Sanguisorba minor rupicola','Sanguisorba officinalis','Sanicula','Sanicula europaea','Sansevieria','Sansevieria trifasciata','Santolina','Santolina chamaecyparissus','Santolina chamaecyparissus chamaecyparissus','Santolina chamaecyparissus insularis','Santolina chamaecyparissus magonica','Santolina chamaecyparissus squarrosa','Santolina chamaecyparissus tomentosa','Santolina elegans','Santolina magontina','Santolina oblongifolia','Santolina rosmarinifolia canescens','Santolina rosmarinifolia rosmarinifolia','Santolina viscosa','Saponaria','Saponaria bellidifolia','Saponaria caespitosa','Saponaria glutinosa','Saponaria ocymoides','Saponaria officinalis','Sarcocapnos','Sarcocapnos baetica','Sarcocapnos crassifolia','Sarcocapnos enneaphylla','Sarcocapnos integrifolia','Satureja','Satureja cuneifolia','Satureja hortensis','Satureja intricata','Satureja montana','Satureja montana montana','Satureja obovata','Satureja salzmannii','Saussurea','Saussurea alpina','Saussurea alpina alpina','Saxifraga','Saxifraga adscendens','Saxifraga adscendens adscendens','Saxifraga aizoides','Saxifraga androsacea','Saxifraga aquatica','Saxifraga aretioides','Saxifraga aspera','Saxifraga babiana','Saxifraga biternata','Saxifraga boissieri','Saxifraga bryoides','Saxifraga caesia','Saxifraga callosa','Saxifraga callosa catalaunica','Saxifraga camposii','Saxifraga camposii camposii','Saxifraga camposii leptophylla','Saxifraga canaliculata','Saxifraga x capitata','Saxifraga carpetana','Saxifraga clusii','Saxifraga clusii clusii','Saxifraga clusii lepismigena','Saxifraga conifera','Saxifraga continentalis','Saxifraga corbariensis','Saxifraga corbariensis corbariensis','Saxifraga corbariensis valentina','Saxifraga corsica','Saxifraga corsica cossoniana','Saxifraga corsica font-queri','Saxifraga cotyledon','Saxifraga cuneata','Saxifraga cuneifolia','Saxifraga dichotoma','Saxifraga dichotoma albarracinensis','Saxifraga dichotoma dichotoma','Saxifraga erioblasta','Saxifraga exarata','Saxifraga exarata suaveolens','Saxifraga gemmulosa','Saxifraga geranioides','Saxifraga x geum','Saxifraga globulifera','Saxifraga granulata','Saxifraga granulata graniticola','Saxifraga granulata granulata','Saxifraga haenseleri','Saxifraga hariotii','Saxifraga hirsuta','Saxifraga hirsuta hirsuta','Saxifraga hirsuta paucicrenata','Saxifraga hypnoides','Saxifraga latepetiolata','Saxifraga longifolia','Saxifraga losana','Saxifraga media','Saxifraga moncayensis','Saxifraga moschata','Saxifraga nervosa','Saxifraga nevadensis','Saxifraga oppositifolia','Saxifraga paniculata','Saxifraga pentadactylis','Saxifraga x polita','Saxifraga praetermissa','Saxifraga pubescens','Saxifraga pubescens iratiana','Saxifraga pubescens pubescens','Saxifraga retusa','Saxifraga retusa retusa','Saxifraga reuterana','Saxifraga rigoi','Saxifraga rotundifolia','Saxifraga spathularis','Saxifraga stellaris','Saxifraga stellaris alpigena','Saxifraga tridactylites','Saxifraga trifurcata','Saxifraga umbrosa','Saxifraga vayredana','Saxifraga willkommiana','Scabiosa','Scabiosa atropurpurea','Scabiosa cinerea','Scabiosa cinerea cinerea','Scabiosa columbaria','Scabiosa columbaria columbaria','Scabiosa cretica','Scabiosa graminifolia','Scabiosa graminifolia arizagae','Scabiosa graminifolia graminifolia','Scabiosa monspeliensis','Scabiosa pulsatilloides','Scabiosa pulsatilloides macropoda','Scabiosa pulsatilloides pulsatilloides','Scabiosa saxatilis','Scabiosa saxatilis grosii','Scabiosa saxatilis saxatilis','Scabiosa semipapposa','Scabiosa sicula','Scabiosa stellata','Scabiosa stellata simplex','Scabiosa stellata stellata','Scabiosa triandra','Scabiosa turolensis','Scandix','Scandix australis','Scandix australis australis','Scandix australis brevirostris','Scandix australis microcarpa','Scandix pecten-veneris','Scandix pecten-veneris macrorhyncha','Scandix pecten-veneris pecten-veneris','Scandix stellata','Scandix stellata stellata','Scandix stellata velutina','Schinus','Schinus molle','Schinus terebinthifolia','Schismus','Schismus barbatus','Schkuhria','Schkuhria pinnata','Schoenus','Schoenus nigricans','Sciadopitys','Sciadopitys verticillata','Scilla','Scilla autumnalis','Scilla bifolia','Scilla hyacinthoides','Scilla lilio-hyacinthus','Scilla monophyllos','Scilla numidica','Scilla obtusifolia','Scilla odorata','Scilla paui','Scilla peruviana','Scilla ramburei','Scilla reverchonii','Scilla verna','Scirpus','Scirpus cernuus','Scirpus cespitosus','Scirpus cespitosus cespitosus','Scirpus cespitosus germanicus','Scirpus fluitans','Scirpus holoschoenus','Scirpus hudsonianus','Scirpus lacustris','Scirpus lacustris lacustris','Scirpus lacustris tabernaemontani','Scirpus litoralis','Scirpus maritimus','Scirpus maritimus maritimus','Scirpus mucronatus','Scirpus pseudosetaceus','Scirpus pungens','Scirpus setaceus','Scirpus supinus','Scirpus sylvaticus','Scirpus triqueter','Scleranthus','Scleranthus annuus','Scleranthus annuus annuus','Scleranthus annuus polycarpos','Scleranthus annuus ruscinonensis','Scleranthus annuus verticillatus','Scleranthus perennis','Scleranthus perennis perennis','Scleranthus perennis polycnemoides','Scleranthus uncinatus','Sclerochloa','Sclerochloa dura','Scolymus','Scolymus hispanicus','Scolymus maculatus','Scorpiurus','Scorpiurus muricatus','Scorpiurus vermiculatus','Scorzonera','Scorzonera albicans','Scorzonera angustifolia','Scorzonera aristata','Scorzonera baetica','Scorzonera brevicaulis','Scorzonera crispatula','Scorzonera fistulosa','Scorzonera graminifolia','Scorzonera hirsuta','Scorzonera hispanica','Scorzonera humilis','Scorzonera laciniata','Scorzonera parviflora','Scorzonera purpurea','Scorzonera purpurea purpurea','Scorzonera transtagana','Scorzonera tuberosa','Scrophularia','Scrophularia alpestris','Scrophularia arguta','Scrophularia auriculata','Scrophularia canina','Scrophularia canina canina','Scrophularia crithmifolia','Scrophularia crithmifolia alpina','Scrophularia crithmifolia burundana','Scrophularia crithmifolia crithmifolia','Scrophularia frutescens','Scrophularia grandiflora','Scrophularia grandiflora reuteri','Scrophularia herminii','Scrophularia laevigata','Scrophularia lyrata','Scrophularia nodosa','Scrophularia oblongifolia','Scrophularia oxyrhyncha','Scrophularia peregrina','Scrophularia pseudoauriculata','Scrophularia pyrenaica','Scrophularia ramosissima','Scrophularia sambucifolia','Scrophularia schousboei','Scrophularia sciophila','Scrophularia scorodonia','Scrophularia sublyrata','Scrophularia vernalis','Scutellaria','Scutellaria alpina','Scutellaria alpina alpina','Scutellaria balearica','Scutellaria galericulata','Scutellaria javalambrensis','Scutellaria minor','Scutellaria orientalis','Scutellaria orientalis hispanica','Scutellaria orientalis orientalis','Secale','Secale cereale','Secale montanum','Securigera','Securigera securidaca','Securinega','Sedum','Sedum acre','Sedum aetnense','Sedum album','Sedum alpestre','Sedum anacampseros','Sedum andegavense','Sedum anglicum','Sedum anglicum anglicum','Sedum anglicum melanantherum','Sedum anglicum pyrenaicum','Sedum annuum','Sedum arenarium','Sedum atratum','Sedum atratum atratum','Sedum brevifolium','Sedum caespitosum','Sedum cepaea','Sedum dasyphyllum','Sedum forsteranum','Sedum gypsicola','Sedum hirsutum','Sedum hirsutum baeticum','Sedum hirsutum hirsutum','Sedum lagascae','Sedum maireanum','Sedum nevadense','Sedum ochroleucum','Sedum ochroleucum montanum','Sedum ochroleucum ochroleucum','Sedum pedicellatum','Sedum pruinatum','Sedum reflexum','Sedum rivasgodayi','Sedum rubens','Sedum sediforme','Sedum sexangulare','Sedum spurium','Sedum stellatum','Sedum telephium','Sedum telephium fabaria','Sedum telephium maximum','Sedum tenuifolium','Sedum villosum','Sedum willkommianum','Selaginella','Selaginella denticulata','Selaginella kraussiana','Selaginella pallescens','Selaginella selaginoides','Selinum','Selinum carvifolia','Selinum pyrenaeum','Sempervivum','Sempervivum andreanum','Sempervivum arachnoideum','Sempervivum arachnoideum arachnoideum','Sempervivum arachnoideum tomentosum','Sempervivum calcareum','Sempervivum cantabricum','Sempervivum giuseppii','Sempervivum minutum','Sempervivum montanum','Sempervivum montanum montanum','Sempervivum nevadense','Sempervivum tectorum','Sempervivum vicentei','Senecio','Senecio adonidifolius','Senecio alboranicus','Senecio angulatus','Senecio aquaticus','Senecio aquaticus aquaticus','Senecio aquaticus barbareifolius','Senecio auricula','Senecio bayonnensis','Senecio bicolor','Senecio bicolor cineraria','Senecio boissieri','Senecio cacaliaster','Senecio carpetanus','Senecio coincy','Senecio doria','Senecio doria doria','Senecio doria legionensis','Senecio doronicum','Senecio doronicum doronicum','Senecio doronicum gerardii','Senecio elegans','Senecio elodes','Senecio eriopus','Senecio erucifolius','Senecio flavus','Senecio fluviatilis','Senecio gallicus','Senecio glaberrimus','Senecio harveianus','Senecio helenitis','Senecio helenitis helenitis','Senecio helenitis macrochaetus','Senecio incanus','Senecio jacobaea','Senecio lagascanus','Senecio lapeyrousii','Senecio leucanthemifolius','Senecio leucophyllus','Senecio linifolius','Senecio lividus','Senecio lopezii','Senecio mikanioides','Senecio minutus','Senecio nebrodensis','Senecio nemorensis','Senecio nemorensis fuchsii','Senecio nevadensis','Senecio paludosus','Senecio petraeus','Senecio pyrenaicus','Senecio pyrenaicus aragonensis','Senecio pyrenaicus granatensis','Senecio pyrenaicus pyrenaicus','Senecio quinqueradiatus','Senecio rodriguezii','Senecio sylvaticus','Senecio viscosus','Senecio vulgaris','Sequoia','Sequoia sempervirens','Sequoiadendron','Sequoiadendron giganteum','Serapias','Serapias cordigera','Serapias lingua','Serapias parviflora','Serapias vomeracea','Serapias vomeracea vomeracea','Serratula','Serratula abulensis','Serratula alcalae','Serratula baetica','Serratula cichoracea','Serratula cichoracea mucronata','Serratula flavescens','Serratula legionensis','Serratula leucantha','Serratula neglecta','Serratula nudicaulis','Serratula nudicaulis nudicaulis','Serratula nudicaulis subinermis','Serratula pauana','Serratula peixoteanum','Serratula pinnatifida','Serratula seoanei','Serratula tinctoria','Sesamoides','Sesamoides canescens','Sesamoides canescens canescens','Sesamoides canescens suffruticosa','Sesamoides minor','Sesamoides pygmaea','Sesamoides spathulifolium','Sesamum','Sesamum indicum','Seseli','Seseli annuum','Seseli annuum annuum','Seseli cantabricum','Seseli elatum','Seseli elatum elatum','Seseli farrenyi','Seseli granatense','Seseli hippomarathrum','Seseli intricatum','Seseli intricatum libanotis','Seseli montanum','Seseli montanum montanum','Seseli nanum','Seseli tortuosum','Seseli vayredanum','Sesleria','Sesleria albicans','Sesleria albicans albicans','Sesleria argentea','Sesleria argentea argentea','Sesleria argentea hispanica','Sesleria insularis','Sesleria insularis insularis','Setaria','Setaria adhaerens','Setaria geniculata','Setaria italica','Setaria pumila','Setaria verticillata','Setaria x verticillata x viridis','Setaria viridis','Sherardia','Sherardia arvensis','Sibbaldia','Sibbaldia procumbens','Sibthorpia','Sibthorpia africana','Sibthorpia europaea','Sideritis','Sideritis angustifolia','Sideritis x aragonensis','Sideritis arborescens','Sideritis arborescens arborescens','Sideritis arborescens camerae','Sideritis arborescens luteola','Sideritis arborescens paulii','Sideritis bubanii','Sideritis chamaedrifolia','Sideritis endressii','Sideritis foetens','Sideritis funkiana','Sideritis giennensis','Sideritis grandiflora','Sideritis hirsuta','Sideritis hirsuta hirsuta','Sideritis hirsuta maritima','Sideritis hyssopifolia','Sideritis hyssopifolia aranensis','Sideritis hyssopifolia guillonii','Sideritis hyssopifolia hyssopifolia','Sideritis ilicifolia','Sideritis incana','Sideritis incana glauca','Sideritis incana incana','Sideritis incana sericea','Sideritis incana virgata','Sideritis javalambrensis','Sideritis lacaitae','Sideritis laxespicata','Sideritis leucantha','Sideritis linearifolia','Sideritis montana','Sideritis montana ebracteata','Sideritis mugronensis','Sideritis osteoxyla','Sideritis ovata','Sideritis pusilla','Sideritis pusilla almeriensis','Sideritis pusilla flavovirens','Sideritis pusilla pusilla','Sideritis pusilla salina','Sideritis reverchonii','Sideritis romana','Sideritis romana romana','Sideritis scordioides','Sideritis scordioides cavanillesii','Sideritis scordioides scordioides','Sideritis serrata','Sideritis spinulosa','Sideritis stachydioides','Sideritis tragoriganum','Silaum','Silaum silaus','Silene','Silene acaulis','Silene adscendens','Silene alba','Silene alba alba','Silene alba divaricata','Silene almolae','Silene apetala','Silene armeria','Silene bellidifolia','Silene boissieri','Silene borderi','Silene boryi','Silene boryi barduliensis','Silene boryi boryi','Silene boryi duriensis','Silene cambessedessi','Silene cerastoides','Silene ciliata','Silene ciliata arvatica','Silene ciliata ciliata','Silene coeli-rosa','Silene colorata','Silene conica','Silene conica conica','Silene conoidea','Silene crassicaulis','Silene cretica','Silene diclinis','Silene dioica','Silene disticha','Silene divaricata','Silene elegans','Silene foetida','Silene fuscata','Silene gaditana','Silene gallica','Silene germana','Silene gibraltarica','Silene hifacensis','Silene inaperta','Silene inaperta inaperta','Silene inaperta murcica','Silene italica','Silene italica coutinhoi','Silene italica italica','Silene italica nemoralis','Silene italica puberula','Silene italica sennenii','Silene laeta','Silene legionensis','Silene littorea','Silene longicaulis','Silene macrorhiza','Silene mariana','Silene mellifera','Silene micropetala','Silene mollissima','Silene muscipula','Silene nicaeensis','Silene noctiflora','Silene nocturna','Silene nocturna nocturna','Silene nutans','Silene nutans nutans','Silene obtusifolia','Silene otites','Silene pendula','Silene portensis','Silene psammitis','Silene psammitis lasiostyla','Silene psammitis psammitis','Silene pseudatocion','Silene pseudovelutina','Silene pusilla','Silene ramosissima','Silene rubella','Silene rubella rubella','Silene rupestris','Silene saxifraga','Silene scabriflora','Silene secundiflora','Silene sedoides','Silene sericea','Silene stockenii','Silene stricta','Silene tomentosa','Silene tridentata','Silene vallesia','Silene vallesia penyalarensis','Silene vallesia tejendensis','Silene vallesia vallesia','Silene viridiflora','Silene vulgaris','Silene vulgaris angustifolia','Silene vulgaris commutata','Silene vulgaris glareosa','Silene vulgaris maritima','Silene vulgaris prostrata','Silene vulgaris thorei','Silene vulgaris vulgaris','Silybum','Silybum eburneum','Silybum eburneum eburneum','Silybum eburneum hispanicus','Silybum marianum','Simethis','Simethis planifolia','Sinapis','Sinapis alba','Sinapis alba alba','Sinapis alba dissecta','Sinapis alba mairei','Sinapis arvensis','Sinapis flexuosa','Sison','Sison amomum','Sisymbrella','Sisymbrella aspera','Sisymbrella aspera aspera','Sisymbrella aspera boissieri','Sisymbrella aspera praeteria','Sisymbrella aspera pseudoboissieri','Sisymbrium','Sisymbrium altissimum','Sisymbrium arundanum','Sisymbrium assoanum','Sisymbrium austriacum','Sisymbrium austriacum austriacum','Sisymbrium austriacum chrysanthum','Sisymbrium austriacum contortum','Sisymbrium austriacum hispanicum','Sisymbrium cavanillesianum','Sisymbrium crassifolium','Sisymbrium erysimoides','Sisymbrium irio','Sisymbrium laxiflorum','Sisymbrium leoselii','Sisymbrium matritense','Sisymbrium officinale','Sisymbrium orientale','Sisymbrium orientale gaussenii','Sisymbrium orientale orientale','Sisymbrium polyceratium','Sisymbrium runcinatum','Sisymbrium strictissimum','Sisymbrium supinum','Sisyrinchium','Sisyrinchium angustifolium','Sium','Sium latifolium','Smilax','Smilax aspera','Smilax aspera aspera','Smilax aspera balearica','Smilax aspera mauritanica','Smyrnium','Smyrnium olusatrum','Smyrnium perfoliatum','Solanum','Solanum americanum','Solanum bonariense','Solanum dulcamara','Solanum luteum','Solanum luteum alatum','Solanum luteum luteum','Solanum melongena','Solanum nigrum','Solanum nigrum nigrum','Solanum nigrum schultesii','Solanum sodomeum','Solanum sublobatum','Solanum tuberosum','Soldanella','Soldanella alpina','Soldanella villosa','Soleirolia','Soleirolia soleirolii','Solenanthus','Solenanthus reverchonii','Solidago','Solidago altissima','Solidago canadensis','Solidago gigantea','Solidago gigantea gigantea','Solidago gigantea serotina','Solidago virgaurea','Solidago virgaurea macrorrhiza','Solidago virgaurea minuta','Solidago virgaurea virgaurea','Soliva','Soliva pterosperma','Sonchus','Sonchus arvensis','Sonchus arvensis arvensis','Sonchus arvensis uliginosus','Sonchus asper','Sonchus asper asper','Sonchus asper glaucescens','Sonchus crassifolius','Sonchus maritimus','Sonchus maritimus aquatilis','Sonchus maritimus maritimus','Sonchus oleraceus','Sonchus palustris','Sonchus pustulatus','Sonchus tenerrimus','Sophora','Sophora japonica','Sorbus','Sorbus aria aria','Sorbus aucuparia aucuparia','Sorbus chamaemespilus','Sorbus sudetica','Sorghum','Sorghum bicolor','Sorghum halepense','Sparganium','Sparganium angustifolium','Sparganium emersum','Sparganium erectum','Sparganium erectum erectum','Sparganium erectum microcarpum','Sparganium erectum neglectum','Sparganium erectum oocarpum','Sparganium minimum','Spartina','Spartina alterniflora','Spartina densiflora','Spartina maritima','Spartina versicolor','Spartium','Spathodea','Spathodea campanulata','Spergula','Spergula arvensis','Spergula morisonii','Spergula pentandra','Spergula viscosa','Spergula viscosa pourretii','Spergula viscosa viscosa','Spergularia','Spergularia australis','Spergularia bocconii','Spergularia capillacea','Spergularia diandra','Spergularia fimbriata','Spergularia heldreichii','Spergularia marina','Spergularia media','Spergularia nicaeensis','Spergularia purpurea','Spergularia rubra','Spergularia rubra alpina','Spergularia rubra oreophila','Spergularia rubra rubra','Spergularia rupicola','Spergularia segetalis','Spergularia tangerina','Sphenopus','Sphenopus divaricatus','Spinacia','Spinacia oleracea','Spiraea','Spiraea crenata','Spiraea hypericifolia','Spiraea hypericifolia obovata','Spiranthes','Spiranthes aestivalis','Spiranthes spiralis','Spirodela','Spirodela polyrhiza','Sporobolus','Sporobolus indicus','Sporobolus poiretii','Sporobolus pungens','Sporobolus vaginiflorus','Stachys','Stachys alopecuros','Stachys alpina','Stachys annua','Stachys arenaria','Stachys arvensis','Stachys brachyclada','Stachys circinata','Stachys germanica','Stachys germanica germanica','Stachys germanica lusitanica','Stachys heraclea','Stachys maritima','Stachys monieri','Stachys ocymastrum','Stachys officinalis','Stachys palustris','Stachys recta','Stachys recta recta','Stachys recta sylvatica','Staehelina','Staehelina baetica','Staehelina dubia','Stapelia','Stapelia variegata','Staphylea','Staphylea pinnata','Stauracanthus','Stauracanthus genistoides','Stauracanthus genistoides genistoides','Stellaria','Stellaria alsine','Stellaria graminea','Stellaria holostea','Stellaria media','Stellaria media cupaniana','Stellaria media media','Stellaria neglecta','Stellaria nemorum','Stellaria nemorum glochidisperma','Stellaria nemorum nemorum','Stellaria pallida','Stenochlaena','Stenochlaena tenuifolia','Stenotaphrum','Stenotaphrum secundatum','Sternbergia','Sternbergia colchiciflora','Sternbergia lutea','Sternbergia lutea lutea','Stipa','Stipa apertifolia','Stipa barbata','Stipa bromoides','Stipa capensis','Stipa capillata','Stipa celakovskyi','Stipa dasyvaginata','Stipa hyalina','Stipa iberica iberica','Stipa iberica pauneroana','Stipa neesiana','Stipa papposa','Stipa parviflora','Stipa pennata eriocaulis','Stipa tirsa','Stipa tirsa tirsa','Stratiotes','Stratiotes aloides','Streptopus','Streptopus amplexifolius','Streptorhamphus','Streptorhamphus singularis','Suaeda','Suaeda altissima','Suaeda maritima maritima','Suaeda maritima pannonica','Suaeda maritima salsa','Suaeda pruinosa','Suaeda splendens','Suaeda vera longifolia','Subularia','Subularia aquatica','Succisa','Succisa pinnatifida','Succisa pratensis','Succisella','Succisella carvalhoana','Succisella microcephala','Succowia','Succowia balearica','Swertia','Swertia perennis','Symphoricarpos','Symphoricarpos albus','Symphoricarpos orbiculatus','Symphytum','Symphytum officinale','Symphytum officinale officinale','Symphytum tuberosum','Symphytum tuberosum tuberosum','Syringa','Syringa vulgaris','Taeniatherum','Taeniatherum caput-medusae','Tagetes','Tagetes minuta','Tagetes patula','Tamarix','Tamarix aphylla','Tamarix parviflora','Tamus','Tamus communis','Tanacetum','Tanacetum annuum','Tanacetum cinerariifolium','Tanacetum corymbosum','Tanacetum corymbosum corymbosum','Tanacetum funkii','Tanacetum microphyllum','Tanacetum parthenium','Tanacetum vahlii','Tanacetum vulgare','Tanacetum willkommii','Taraxacum','Taraxacum acutangulum','Taraxacum adamii gr.','Taraxacum aequilobum','Taraxacum apenninum gr.','Taraxacum aragonicum','Taraxacum asturiense','Taraxacum balearicum','Taraxacum bithynicum gr.','Taraxacum bithynicum','Taraxacum chelelabatum','Taraxacum cordatum','Taraxacum dissectum','Taraxacum ekmanii','Taraxacum erythrospermum gr.','Taraxacum erythrospermum','Taraxacum fulvum gr.','Taraxacum gasparrinii gr.','Taraxacum gasparrinii','Taraxacum hamatiforme','Taraxacum lainzii','Taraxacum lambinonii','Taraxacum lividum','Taraxacum marklundii','Taraxacum megalorhizon','Taraxacum minimum','Taraxacum montesignum','Taraxacum nevadense','Taraxacum nordstedtii','Taraxacum obovatum gr.','Taraxacum obovatum','Taraxacum officinale gr.','Taraxacum pacheri gr.','Taraxacum panalpinum','Taraxacum piceatum','Taraxacum placidum','Taraxacum praestans gr.','Taraxacum pyropappum','Taraxacum schroeteranum','Taraxacum serotinum gr.','Taraxacum spectabile gr.','Taraxacum stenospermum','Taraxacum vinosum','Taxodium','Taxodium ascendens','Taxodium distichum','Taxodium dubium','Taxodium mucronatum','Taxus','Tecoma','Tecoma stans','Tecomaria','Tecomaria capensis','Teesdalia','Teesdalia coronopifolia','Teesdalia nudicaulis','Teesdaliopsis','Teesdaliopsis conferta','Telephium','Telephium imperati','Telephium imperati imperati','Teline','Tetraclinis','Tetragonia','Tetragonia tetragonoides','Tetragonolobus','Tetragonolobus conjugatus','Tetragonolobus maritimus','Tetragonolobus purpureus','Tetragonolobus requienii','Teucrium','Teucrium amplexicaule','Teucrium aragonense','Teucrium aristatum','Teucrium asiaticum','Teucrium balthazaris','Teucrium belion','Teucrium botrys','Teucrium buxifolium','Teucrium campanulatum','Teucrium capitatum','Teucrium capitatum capitatum','Teucrium capitatum gracillimum','Teucrium carolipaui','Teucrium carolipaui carolipaui','Teucrium carolipaui fontqueri','Teucrium carthaginense','Teucrium chamaedrys','Teucrium chamaedrys albarracinense','Teucrium chamaedrys chamaedrys','Teucrium chamaedrys pinnatifidum','Teucrium charidemi','Teucrium chrysotrichum','Teucrium cinereum','Teucrium compactum','Teucrium cossonii','Teucrium cossonii cossonii','Teucrium cossonii fontqueri','Teucrium eriocephalum','Teucrium expansum','Teucrium flavum','Teucrium flavum glaucum','Teucrium fragile','Teucrium franchetianum','Teucrium fruticans','Teucrium gnaphalodes','Teucrium gnaphalodes gnaphalodes','Teucrium gnaphalodes jäennense','Teucrium haenseleri','Teucrium hervieri','Teucrium hifacense','Teucrium intricatum','Teucrium lanigerum','Teucrium lepicephalum','Teucrium leptophyllum','Teucrium libanitis','Teucrium mairei','Teucrium marum','Teucrium marum marum','Teucrium marum spinescens','Teucrium massiliense','Teucrium minus','Teucrium montanum','Teucrium oxylepis','Teucrium oxylepis marianum','Teucrium oxylepis oxylepis','Teucrium polium','Teucrium polium aguilasense','Teucrium polium aureum','Teucrium polium dunense','Teucrium polium lerrouxii','Teucrium polium pii-fontii','Teucrium polium polium','Teucrium polium purpurascens','Teucrium polium turdetanum','Teucrium polium vicentinum','Teucrium pseudo-chamaepitys','Teucrium pseudo-scorodonia','Teucrium pumilum','Teucrium pyrenaicum','Teucrium quadratulum','Teucrium resupinatum','Teucrium reverchonii','Teucrium rixanense','Teucrium rotundifolium','Teucrium salviastrum','Teucrium scordium','Teucrium scordium scordioides','Teucrium scordium scordium','Teucrium scorodonia','Teucrium scorodonia scorodonia','Teucrium serrano','Teucrium spinosum','Teucrium subspinosum','Teucrium thymifolium','Teucrium trifoliatum','Teucrium turredanum','Teucrium webbianum','Thalictrum','Thalictrum alpinum','Thalictrum aquilegifolium','Thalictrum flavum','Thalictrum flavum columnare','Thalictrum flavum flavum','Thalictrum flavum glaucum','Thalictrum flavum gracile','Thalictrum foetidum','Thalictrum foetidum valentinum','Thalictrum macrocarpum','Thalictrum minus','Thalictrum minus majus','Thalictrum minus minus','Thalictrum minus pubescens','Thalictrum minus pyrenaicum','Thalictrum morisonii','Thalictrum morisonii mediterraneum','Thalictrum morisonii morisonii','Thalictrum simplex','Thalictrum simplex simplex','Thalictrum tuberosum','Thapsia','Thapsia garganica','Thapsia maxima','Thapsia villosa','Theligonum','Theligonum cynocrambe','Thelypteris','Thelypteris limbosperma','Thelypteris palustris','Thelypteris phegopteris','Thelypteris pozoi','Thesium','Thesium alpinum','Thesium hispanicum','Thesium humifusum','Thesium humifusum divaricatum','Thesium humifusum humifusum','Thesium humifusum nevadense','Thesium humile','Thesium pyrenaicum','Thesium pyrenaicum alpestre','Thesium pyrenaicum pyrenaicum','Thevetia','Thevetia peruviana','Thlaspi','Thlaspi alliaceum','Thlaspi alpestre','Thlaspi alpestre alpestre','Thlaspi arvense','Thlaspi brachypetalum','Thlaspi montanum','Thlaspi nevadense','Thlaspi perfoliatum','Thlaspi stenopterum','Thuja','Thuja plicata','Thymbra','Thymelaea','Thymelaea broterana','Thymelaea calycina','Thymelaea coridifolia','Thymelaea dioica','Thymelaea elliptica','Thymelaea granatensis','Thymelaea lanuginosa','Thymelaea myrtifolia','Thymelaea nitida','Thymelaea nivalis','Thymelaea passerina','Thymelaea procumbens','Thymelaea pubescens','Thymelaea ruizii','Thymelaea sanamunda','Thymelaea subrepens','Thymelaea tartonraira','Thymelaea tartonraira tartonraira','Thymelaea tartonraira valentina','Thymelaea thesioides','Thymelaea villosa','Thymus','Thymus antoninae','Thymus bracteatus','Thymus caespititius','Thymus camphoratus','Thymus capitellatus','Thymus carnosus','Thymus granatensis','Thymus hirtus','Thymus lacaitae','Thymus leptocephalus','Thymus leptophyllus','Thymus leptophyllus leptophyllus','Thymus leptophyllus paui','Thymus longiflorus ciliatus','Thymus longiflorus longiflorus','Thymus loscosii','Thymus loscosii fontqueri','Thymus loscosii loscosii','Thymus mastichina donyanae','Thymus mastichina mastichina','Thymus mastigophorus','Thymus nervosus','Thymus orospedanus','Thymus piperella','Thymus praecox','Thymus praecox arcticus','Thymus praecox polytrichus','Thymus praecox praecox','Thymus pulegioides','Thymus richardii','Thymus richardii ebusitanus','Thymus richardii richardii','Thymus ruiz-latorrei','Thymus serpyllioides gadorensis','Thymus serpyllioides serpyllioides','Thymus tomentosus','Thymus villosus','Thymus villosus lusitanicus','Thymus willkommii','Tilia','Tilia platyphyllos platyphyllos','Tilia x vulgaris','Tofieldia','Tofieldia calyculata','Tolpis','Tolpis barbata','Tolpis umbellata','Tordylium','Tordylium apulum','Tordylium maximum','Torilis','Torilis arvensis','Torilis arvensis arvensis','Torilis arvensis elongata','Torilis arvensis neglecta','Torilis arvensis purpurea','Torilis japonica','Torilis leptophylla','Torilis nodosa','Tozzia','Tozzia alpina','Tozzia alpina alpina','Trachelium','Trachelium caeruleum','Trachelium caeruleum caeruleum','Trachycarpus','Trachycarpus fortunei','Tradescantia','Tradescantia fluminensis','Tragopogon','Tragopogon crocifolius','Tragopogon crocifolius crocifolius','Tragopogon dubius','Tragopogon floccosus','Tragopogon hybridus','Tragopogon porrifolius','Tragopogon porrifolius australis','Tragopogon porrifolius porrifolius','Tragopogon pratensis','Tragopogon pratensis minor','Tragopogon pratensis orientalis','Tragopogon pratensis pratensis','Tragus','Tragus racemosus','Trapa','Trapa natans','Traunsteinera','Traunsteinera globosa','Tribulus','Tribulus terrestris','Trichomanes','Trichomanes speciosum','Trifolium','Trifolium alexandrinum','Trifolium alpestre','Trifolium alpinum','Trifolium angustifolium','Trifolium arvense','Trifolium aureum','Trifolium badium','Trifolium bocconei','Trifolium boissieri','Trifolium campestre','Trifolium cernuum','Trifolium cherleri','Trifolium diffusum','Trifolium dubium','Trifolium fragiferum','Trifolium fragiferum bonannii','Trifolium fragiferum fragiferum','Trifolium gemellum','Trifolium glomeratum','Trifolium hirtum','Trifolium hybridum','Trifolium hybridum elegans','Trifolium hybridum hybridum','Trifolium incarnatum','Trifolium incarnatum incarnatum','Trifolium incarnatum molinerii','Trifolium isthmocarpum','Trifolium isthmocarpum isthmocarpum','Trifolium lappaceum','Trifolium leucanthum','Trifolium ligusticum','Trifolium medium','Trifolium medium medium','Trifolium michelianum','Trifolium micranthum','Trifolium montanum','Trifolium nigrescens','Trifolium nigrescens nigrescens','Trifolium obscurum','Trifolium obscurum aequidentatum','Trifolium occidentale','Trifolium ochroleucon','Trifolium ornithopodioides','Trifolium pallescens','Trifolium patens','Trifolium phleoides','Trifolium pratense','Trifolium pratense hirsutum','Trifolium pratense pratense','Trifolium repens','Trifolium repens nevadense','Trifolium repens prostratum','Trifolium repens repens','Trifolium resupinatum','Trifolium retusum','Trifolium rubens','Trifolium scabrum','Trifolium smyrnaeum','Trifolium spadiceum','Trifolium spumosum','Trifolium squamosum','Trifolium squarrosum','Trifolium stellatum','Trifolium striatum','Trifolium strictum','Trifolium subterraneum','Trifolium suffocatum','Trifolium thalii','Trifolium tomentosum','Trifolium xatardii','Triglochin','Triglochin bulbosa','Triglochin bulbosa barrelieri','Triglochin bulbosa laxiflora','Triglochin maritima','Triglochin palustris','Trigonella','Trigonella corniculata','Trigonella foenum-graecum','Trigonella gladiata','Trigonella monspeliaca','Trigonella polyceratia','Trigonella polyceratia amandiana','Trigonella polyceratia polyceratia','Triguera','Triguera ambrosiaca','Triguera inodora','Triguera osbeckii','Trinia','Trinia esteparia','Trinia glauca','Trinia glauca glauca','Triplachne','Triplachne nitens','Trisetaria','Trisetaria dufourei','Trisetum','Trisetum aureum','Trisetum baregense','Trisetum cavanillesii','Trisetum distichophyllum','Trisetum flavescens','Trisetum flavescens flavescens','Trisetum glaciale','Trisetum hispidum','Trisetum loeflingianum','Trisetum macrochaetum','Trisetum ovatum','Trisetum paniceum','Trisetum scabriusculum','Trisetum spicatum','Trisetum spicatum ovatipaniculatum','Trisetum velutinum','Triticum','Triticum aestivum','Triticum compactum','Triticum durum','Triticum monococcum','Triticum polonicum','Triticum spelta','Triticum turgidum','Tritonia','Tritonia x crocosmiflora','Trollius','Trollius europaeus','Trollius europaeus europaeus','Tropaeolum','Tropaeolum majus','Tuberaria','Tuberaria brevipes','Tuberaria bupleurifolia','Tuberaria echioides','Tuberaria globularifolia','Tuberaria guttata','Tuberaria lignosa','Tuberaria macrosepala','Tulipa','Tulipa clusiana','Tulipa gesnerana','Tulipa sylvestris','Tulipa sylvestris australis','Turgenia','Turgenia latifolia','Tussilago','Tussilago farfara','Typha','Typha domingensis','Typha minima','Typha shuttleworthii','Tyrimnus','Tyrimnus leucographus','Ulex','Ulex almijarensis','Ulex argenteus','Ulex argenteus argenteus','Ulex argenteus erinaceus','Ulex borgiae','Ulex europaeus europaeus','Ulex europaeus latebracteatus','Ulex micranthus','Ulex parviflorus eriocladus','Ulex parviflorus funkii','Ulex parviflorus jussiaei','Ulex parviflorus parviflorus','Ulmus','Ulmus laevis','Ulmus procera','Umbilicus','Umbilicus erectus','Umbilicus gaditanus','Umbilicus heylandianus','Umbilicus horizontalis','Umbilicus rupestris','Urginea','Urginea fugax','Urginea maritima','Urginea undulata','Urospermum','Urospermum dalechampii','Urospermum picroides','Urtica','Urtica atrovirens','Urtica atrovirens atrovirens','Urtica atrovirens bianorii','Urtica dioica','Urtica dioica dioica','Urtica membranacea','Urtica pilulifera','Urtica urens','Utricularia','Utricularia australis','Utricularia gibba','Utricularia minor','Utricularia vulgaris','Vaccaria','Vaccaria pyramidata','Vaccinium','Vaccinium uliginosum','Vaccinium uliginosum uliginosum','Valantia','Valantia hispida','Valantia muralis','Valeriana','Valeriana dioica','Valeriana dioica dioica','Valeriana dioica simplicifolia','Valeriana globulariifolia','Valeriana longiflora','Valeriana longiflora longiflora','Valeriana longiflora paui','Valeriana montana','Valeriana officinalis','Valeriana officinalis collina','Valeriana officinalis hispidula','Valeriana officinalis officinalis','Valeriana phu','Valeriana pyrenaica','Valeriana repens','Valeriana tripteris','Valeriana tuberosa','Valerianella','Valerianella carinata','Valerianella coronata','Valerianella costata','Valerianella dentata','Valerianella discoidea','Valerianella divaricata','Valerianella echinata','Valerianella eriocarpa','Valerianella eriocarpa eriocarpa','Valerianella eriocarpa truncata','Valerianella gadayana','Valerianella locusta','Valerianella lusitanica','Valerianella martinii','Valerianella microcarpa','Valerianella multidentata','Valerianella muricata','Valerianella platiloba','Valerianella pumila','Valerianella rimosa','Vallisneria','Vallisneria spiralis','Velezia','Velezia rigida','Vella','Vella pseudocytisus','Ventenata','Ventenata dubia','Veratrum','Veratrum album','Verbascum','Verbascum barnadesii','Verbascum blattaria','Verbascum boerhavii','Verbascum chaixii','Verbascum chaixii chaixii','Verbascum charidemi','Verbascum x commixtum','Verbascum creticum','Verbascum densiflorum','Verbascum dentifolium','Verbascum hervieri','Verbascum laciniatum','Verbascum lychnitis','Verbascum masguindali','Verbascum nevadense','Verbascum nigrum','Verbascum nigrum nigrum','Verbascum phlomoides','Verbascum pulverulentum','Verbascum rotundifolium','Verbascum rotundifolium haenseleri','Verbascum sinuatum','Verbascum thapsus','Verbascum thapsus crassifolium','Verbascum thapsus giganteum','Verbascum thapsus thapsus','Verbascum virgatum','Verbena','Verbena officinalis','Verbena supina','Veronica','Veronica acinifolia','Veronica agrestis','Veronica alpina','Veronica anagallis-aquatica','Veronica anagalloides','Veronica aphylla','Veronica aragonensis','Veronica arvensis','Veronica austriaca','Veronica austriaca teucrium','Veronica austriaca vahlii','Veronica beccabunga','Veronica bellidioides','Veronica bellidioides bellidioides','Veronica bellidioides lilacina','Veronica bellidioides townsendi','Veronica catenata','Veronica chamaedrys','Veronica chamaedrys chamaedrys','Veronica chamaedrys micrantha','Veronica chamaepithyoides','Veronica cymbalaria','Veronica dillenii','Veronica filiformis','Veronica fruticans','Veronica fruticans cantabrica','Veronica fruticans fruticans','Veronica fruticulosa','Veronica hederifolia','Veronica hederifolia hederifolia','Veronica hederifolia sibthorpioides','Veronica hederifolia triloba','Veronica jabalambrensis','Veronica langei','Veronica longifolia','Veronica mampodrensis','Veronica montana','Veronica nummularia','Veronica nummularia cantabria','Veronica nummularia nummularia','Veronica officinalis','Veronica peregrina','Veronica persica','Veronica polita','Veronica ponae','Veronica praecox','Veronica prostrata','Veronica prostrata scheereri','Veronica repens','Veronica rosea','Veronica scutellata','Veronica serpyllifolia','Veronica serpyllifolia humifusa','Veronica serpyllifolia parvifolia','Veronica serpyllifolia serpyllifolia','Veronica spicata','Veronica spicata spicata','Veronica tenuifolia','Veronica triphyllos','Veronica urticifolia','Veronica verna','Viburnum','Viburnum lantana','Viburnum opulus','Viburnum tinus tinus','Vicia','Vicia argentea','Vicia argentea argentea','Vicia argentea serinica','Vicia articulata','Vicia benghalensis','Vicia bifoliolata','Vicia bithynica','Vicia cassubica','Vicia cracca','Vicia disperma','Vicia durandii','Vicia ervilia','Vicia faba','Vicia hirsuta','Vicia hybrida','Vicia incana','Vicia lathyroides','Vicia leucantha','Vicia lutea','Vicia lutea lutea','Vicia lutea vestita','Vicia melanops','Vicia monantha','Vicia monantha monantha','Vicia narbonensis','Vicia onobrychioides','Vicia orobus','Vicia pannonica','Vicia pannonica striata','Vicia peregrina','Vicia pubescens','Vicia pyrenaica','Vicia sativa','Vicia sativa amphicarpa','Vicia sativa cordata','Vicia sativa nigra','Vicia sativa sativa','Vicia sepium','Vicia sylvatica','Vicia tenuifolia','Vicia tenuissima','Vicia tetrasperma','Vicia vicioides','Vicia villosa','Vicia villosa pseudocracca','Vicia villosa varia','Vicia villosa villosa','Vigna','Vigna unguiculata','Vinca','Vinca difformis','Vinca difformis difformis','Vinca major','Vinca minor','Vincetoxicum','Vincetoxicum hirundinaria','Vincetoxicum hirundinaria intermedium','Vincetoxicum hirundinaria lusitanicum','Vincetoxicum nigrum','Viola','Viola alba','Viola alba dehnhardtii','Viola arborescens','Viola arvensis','Viola biflora','Viola bubanii','Viola cadevallii','Viola canina','Viola canina canina','Viola canina montana','Viola catalonica','Viola cazorlensis','Viola collina','Viola cornuta','Viola crassiuscula','Viola demetria','Viola diversifolia','Viola hirta','Viola hirta hirta','Viola hirta longifimbriata','Viola jaubertiana','Viola kitaibeliana','Viola lactea','Viola langeana','Viola lutea','Viola lutea lutea','Viola mirabilis','Viola montcaunica','Viola odorata','Viola palentina','Viola palustris','Viola palustris juresii','Viola palustris palustris','Viola parvula','Viola persicifolia','Viola pyrenaica','Viola reichenbachiana','Viola riviniana','Viola rupestris','Viola rupestris rupestris','Viola suavis','Viola tricolor','Viola tricolor subalpina','Viola tricolor tricolor','Viola trinitatis','Viola willkommii','Viscum','Viscum album','Viscum album abietis','Viscum album album','Viscum album austriacum','Viscum cruciatum','Vitaliana','Vitaliana primuliflora','Vitaliana primuliflora assoana','Vitaliana primuliflora canescens','Vitaliana primuliflora cineraea','Vitex','Vitex agnus-castus','Vitis','Vitis vinifera','Vitis vinifera vinifera','Volutaria','Volutaria lippii','Volutaria maroccana','Vulpia','Vulpia alopecuros','Vulpia bromoides','Vulpia ciliata','Vulpia ciliata ciliata','Vulpia fasciculata','Vulpia fontquerana','Vulpia geniculata','Vulpia membranacea','Vulpia muralis','Vulpia myuros','Vulpia unilateralis','Vulpiella','Vulpiella tenuis','Wahlenbergia','Wahlenbergia hederacea','Wahlenbergia nutabunda','Wangenheimia','Wangenheimia lima','Washingtonia','Washingtonia filifera','Wigandia','Wigandia caracasana','Wisteria','Wisteria sinensis','Withania','Withania somnifera','Wolffia','Wolffia arrhiza','Woodsia','Woodsia alpina','Woodsia pulchella','Woodwardia','Woodwardia radicans','Xanthium','Xanthium spinosum','Xanthium strumarium','Xanthium strumarium italicum','Xanthium strumarium strumarium','Xatardia','Xatardia scabra','Xeranthemum','Xeranthemum annuum','Xeranthemum cylindraceum','Xeranthemum inapertum','Yucca','Yucca aloifolia','Yucca gloriosa','Zannichellia','Zannichellia palustris','Zantedeschia','Zantedeschia aethiopica','Zea','Zea mays','Zebrina','Zebrina pendula','Zinnia','Zinnia elegans','Ziziphora','Ziziphora acinoides','Ziziphora capitata','Ziziphora hispanica','Ziziphus','Ziziphus jujuba','Zostera','Zostera marina','Zostera noltii','Zygophyllum','Zygophyllum album','Zygophyllum fabago','Pinus jeffreyi mugo aggregatum','Pinus uncinata nigra aggregatum','barrillar','bosque mixto caducifolio','Brezal de gándara','Brezal-carpazal','Brezal-helechar','Brezal-jaral','Brezal-tojar','Brezal-tojar-helechar','Cambronal de Echinospartum','Coridothymus capitatus','Desierto de yesos, cantiles yesosos','Echinospartium sp.','Echinospartum sempervirens/granatensis','en alternancia con bandas rocosas','Genistella sagittalis','Genistella tridentata','Helianthemum, especies rastreras, excluida gr. Croceum','Herbazal higrófilo','Herbazal suprasílvico','Herbazal vivaz infraalísico','Jaral con predominio de Cistus monspeliensis','Jaramagal Canarias','Jaramagal claro','Koeleria castellana','Matas leñosas y herbáceas en fisuras de roquedo compacto','Matorral mixto con predominio de Anthyllis ternifolia','Matorral mixto con predominio de cistaceas','Matorral mixto con predominio de leguminosas','Matorral mixto con predominio de Ulex (una o varias especies)','matorral mixto sobre pteridotitas','Matorral suprasílvico, claro','Pastizal o herbazal vivaz con encharcamiento temporal de aguas salinas','Platanus hispanica','Quercus gr. Faginea','Sarcocornia fruticosa','Sarcocornia perennis','Semidesierto de arenales y jables','Semidesierto de jables','Terreno improductivo','Tojar de Ulex eriocladus','Tojar mezclado','tojar mixto','Tojar mixto','Tojar-brezal','Tojo-brezo-helechar','Tojo-carpazal','vegetación de canutos','Tojo-helechar']
metadatos=pd.DataFrame({'MFE_1985_R':codigo,'Nombre':nombre})

unido=pd.merge(shp, metadatos, on='MFE_1985_R', how='inner')

def asignar_etiqueta(x):
    if x in ['Sin información']:
        return 'Sin información'
    elif x in ['Desierto por incendios','Semidesierto por incendio reiterado']:
        return 'Desierto por incendios'
    elif x in ['Tamarix canariensis','Ulex parviflorus','Genista scorpius','Desierto rocoso, no kárstico, roquedo compacto','Matorral mixto con predominio de Anthyllis cytisoides','Matorral mixto con predominio de romero', 'Cistus albidus', 'Phragmites australis (carrizal)','Rosmarinus sp.','Matorral mixto con predominio de Ulex parviflorus','Matorral mixto, s.l.','Matorral mixto nitro-termófilo','Pastizal estacional denso','Cistus laurifolius','Matorral mixto calcícola','Ononis tridentata','Semidesierto de canchales, gleras, cascajares y pedregales','Brachypodium retusum','Galería arbustiva mixta','Rosmarinus officinalis','Arundo donax','Lasto-Mato-Erizal','Lasto-Erizal','Matorral mixto calcícola con participación apreciable de espinosas','Cultivos agrícolas','Juniperus oxycedrus','Sabino-enebral','Nerium oleander','Pastizal leñoso mixto: Especies ± xerófilas','Juniperus phoenicea','Matorral mixto silicícola (composición dependiente de la comarca y la altitud)','Cañar o carrizal mixto']:
        return 'Cult_Arb_Past'
    elif x in ['Mezcla de coníferas y frondosas con predominio de exóticas','Bosque mixto de subsclerófilos y coníferas','Galería arbórea mixta']:
        return 'Mixto'
    elif x in ['Quercus, varias especies en mezcla','Quercus ilex rotundifolia','Quercus faginea','Garriga media degradada','Quercus coccifera','Mezcla de Quercus ilex ilex y Quercus ilex rotundifolia','Quercus suber','Garriga alta y densa','Garriga clara, muy degradada o incipiente']:
        return 'Quercus'
    elif x in ['mezcla de varias especies del género Pinus','Pinus halepensis','Pinus nigra','Pinus pinaster','Mezcla de varias especies de pinos','Pinus pinea','Pinus sylvestris']:
        return 'Pinus'
    elif x in ['Populus nigra']:
        return 'Populus'
    elif x in ['Acer granatense','Platanus hybrida']:
        return 'Otras Frondosas'
#     elif x in []:
#         return 'Otras Coniferas'
    elif x in ['áreas en proceso de urbanización o urbanizadas','Desierto por excavaciones o escombreras de minas y canteras','Agua','Semidesierto rocoso, no kárstico']:
        return 'Otros'
    else:
        return None

unido['Label'] = unido['Nombre'].apply(asignar_etiqueta)

def asignar_etiqueta_MFEact(x):
    if x in ['sin datos']:
        return 'Sin información'
    elif x in ['Arbutus unedo','Tamarix spp.','Juniperus thurifera','Juniperus oxycedrus','Juniperus phoenicea']:
        return 'Cult_Arb_Past'
    elif x in [ 'Quercus ilex','Quercus faginea','Quercus suber',]:
        return 'Quercus'
    elif x in ['Pinus nigra','Pinus pinaster','Pinus halepensis','Pinus pinea','Pinus sylvestris']:
        return 'Pinus'
    elif x in ['Populus x canadensis','Populus alba','Populus nigra']:
        return 'Populus'
    elif x in [ 'Prunus spp.','Olea europaea','Crataegus monogyna','Fraxinus ornus','Salix spp.','Eucalyptus camaldulensis','Ceratonia siliqua']:
        return 'Otras Frondosas'
    else:
        return None

unido['Label_MFEact'] = unido['Especie1'].apply(asignar_etiqueta_MFEact)

coinciden=unido.loc[(unido['Label_MFEact']==unido['Label'])]

coinciden.to_file("exported_data_val.shp")


###################################################################
                      ##  Catalonia            
##################################################################

shp=gpd.read_file('Bosques_MFE11_MFE85_Cataluniashp.shp')

codigo=[0,1,2,3,4,5,6,7,8,9,10,11,12,13,14,15,16,17,18,19,20,21,22,23,24,25,26,27,28,29,30,31,32,33,34,35,36,37,38,39,40,41,42,43,44,45,46,47,49,50,51,52,53,54,55,56,57,58,59,60,61,62,63,64,65,66,67,68,69,70,71,72,73,74,75,76,77,78,79,80,81,83,84,85,87,88,89,90,91,92,93,94,95,96,97,98,99,100,101,102,103,104,105,106,107,108,108,109,110,111,112,113,114,115,116,117,118,119,120,121,122,123,124,125,126,127,128,129,130,131,132,133,134,135,136,137,138,139,140,141,142,143,144,145,146,147,148,149,150,151,152,153,154,155,156,157,158,159,160,161,162,163,164,165,166,167,168,169,170,171,172,173,174,175,176,177,178,179,180,181,182,183,184,185,186,187,188,189,190,191,192,193,194,195,196,197,198,199,200,201,202,203,204,205,206,207,208,209,210,211,212,213,214,215,216,217,218,219,220,221,222,223,224,225,226,227,228,229,230,231,232,233,234,235,236,237,238,239,240,241,242,243,244,245,246,247,248,249,250,251,252,253,254,255,256,257,258,259,260,261,262,263,264,265,266,267,268,269,270,271,272,273,274,275,276,277,278,279,280,281,282,283,284,285,286,287,287,288,289,290,291,292,293,294,295,296,297,298,299,300,301,302,303,304,305,306,307,308,309,310,311,312,313,314,315,316,317,318,319,320,321,322,323,324,325,326,327,328,329,330,331,332,333,334,335,336,337,338,339,340,341,342,343,344,345,346,347,348,349,350,351,352,353,354,355,356,357,358,359,360,361,362,363,364,365,366,367,368,368,369,370,371,372,373,374,375,376,377,378,379,380,381,382,383,384,385,386,387,388,389,390,391,392,393,394,395,396,397,398,399,400,401,402,403,404,405,406,407,408,409,410,411,412,413,414,415,416,417,418,419,420,421,422,423,424,425,426,427,428,429,431,432,433,434,435,436,437,438,439,440,441,442,443,444,445,446,447,448,449,450,451,452,453,454,455,456,457,458,459,460,461,462,463,464,465,466,467,468,469,470,471,472,473,474,475,476,477,478,479,480,481,482,483,484,485,486,487,488,489,490,491,492,493,494,495,496,497,498,499,500,501,502,503,504,505,506,507,508,509,510,511,512,513,514,515,516,517,518,519,520,521,522,523,524,525,526,527,528,529,530,531,532,533,534,535,536,537,538,538,539,540,541,542,543,544,545,546,547,548,549,550,551,552,553,554,555,556,557,558,559,561,563,564,565,566,567,568,569,570,571,572,573,575,578,579,580,581,582,584,586,588,589,590,592,593,594,595,597,599,600,601,603,604,605,606,607,608,609,610,611,612,613,615,617,618,619,620,621,622,623,626,627,630,632,634,635,637,638,639,640,640,641,642,643,646,647,648,649,650,651,652,653,655,656,657,658,659,660,661,662,663,664,665,666,667,668,669,670,671,672,673,674,675,682,683,684,685,686,687,688,689,690,691,692,700,701,702,703,704,705,706,707,708,709,710,711,712,713,714,715,716,717,718,719,720,721,722,723,724,725,726,727,728,729,730,731,732,733,734,735,736,737,738,739,740,741,742,743,744,745,746,747,748,749,750,751,752,753,754,755,756,757,758,759,760,761,762,763,764,765,766,767,768,769,770,771,772,773,774,775,776,777,778,779,780,781,782,783,784,785,787,788,789,790,791,792,793,794,795,796,797,798,799,800,801,802,803,804,805,806,807,808,809,810,811,812,813,814,815,816,817,818,819,820,821,822,823,824,825,826,827,828,829,830,831,832,833,834,835,836,837,838,839,840,841,842,843,844,845,846,847,848,849,850,851,852,853,854,855,856,857,858,859,860,861,862,863,864,865,866,867,868,869,870,900,901,902,903,999,1001,1004,1005,1006,1010,1011,1012,1013,1015,1016,1017,1018,1021,1023,1024,1025,1027,1028,1029,1030,1031,1032,1033,1034,1035,1036,1037,1038,1039,1040,1041,1042,1043,1044,1045,1046,1047,1048,1049,1050,1051,1052,1053,1054,1055,1056,1057,1058,1059,1060,1061,1062,1063,1064,1065,1066,1067,1068,1069,1071,1072,1073,1074,1077,1078,1079,1080,1081,1082,1083,1084,1085,1086,1087,1088,1089,1090,1091,1092,1093,1094,1095,1096,1097,1098,1099,1100,1101,1102,1103,1104,1105,1106,1107,1108,1109,1110,1111,1112,1113,1114,1115,1116,1117,1118,1119,1120,1121,1122,1123,1124,1125,1126,1130,1131,1132,1133,1134,1135,1136,1137,1138,1139,1140,1141,1142,1143,1144,1145,1146,1147,1148,1149,1150,1152,1153,1154,1155,1156,1157,1158,1159,1160,1161,1162,1163,1164,1165,1166,1167,1168,1169,1171,1172,1173,1174,1175,1176,1177,1178,1179,1180,1181,1182,1183,1184,1185,1186,1187,1188,1189,1190,1191,1192,1193,1194,1195,1196,1197,1198,1199,1200,1201,1202,1203,1204,1205,1206,1207,1208,1209,1210,1211,1212,1213,1214,1215,1216,1217,1218,1219,1220,1221,1222,1223,1224,1225,1226,1227,1228,1229,1230,1231,1232,1233,1234,1235,1236,1237,1238,1239,1240,1241,1242,1243,1244,1245,1246,1247,1248,1249,1250,1251,1252,1253,1254,1255,1256,1257,1258,1259,1260,1261,1262,1263,1264,1265,1266,1267,1268,1269,1270,1271,1272,1273,1274,1275,1276,1277,1278,1279,1280,1281,1282,1283,1284,1285,1286,1287,1288,1289,1290,1291,1292,1293,1294,1295,1296,1298,1299,1300,1301,1302,1303,1304,1305,1306,1307,1308,1309,1310,1311,1312,1313,1314,1315,1316,1317,1318,1319,1320,1321,1322,1323,1324,1325,1326,1327,1328,1329,1330,1331,1332,1333,1334,1335,1336,1337,1338,1339,1340,1341,1342,1343,1344,1345,1346,1347,1348,1349,1350,1351,1352,1353,1354,1355,1356,1357,1358,1359,1360,1361,1362,1363,1364,1365,1366,1367,1368,1369,1370,1371,1372,1373,1374,1376,1377,1378,1379,1380,1381,1382,1383,1384,1385,1386,1387,1388,1389,1391,1392,1393,1394,1395,1397,1398,1399,1400,1401,1402,1403,1404,1405,1406,1407,1408,1409,1410,1411,1412,1413,1414,1415,1416,1417,1418,1419,1420,1421,1422,1423,1424,1425,1426,1427,1428,1429,1430,1431,1432,1433,1434,1435,1436,1437,1438,1439,1440,1441,1442,1443,1444,1445,1446,1447,1448,1449,1450,1451,1452,1453,1454,1455,1456,1457,1458,1459,1460,1461,1462,1463,1464,1465,1466,1467,1468,1469,1470,1471,1472,1473,1474,1475,1476,1477,1478,1479,1480,1481,1482,1483,1484,1485,1486,1487,1488,1489,1490,1491,1492,1493,1494,1495,1496,1497,1498,1499,1500,1501,1502,1503,1504,1505,1506,1507,1508,1509,1510,1511,1512,1513,1514,1515,1516,1517,1518,1519,1520,1521,1522,1523,1524,1525,1526,1528,1529,1530,1531,1532,1533,1534,1535,1536,1537,1538,1539,1540,1541,1542,1543,1544,1545,1546,1547,1548,1549,1550,1551,1552,1553,1554,1555,1556,1557,1558,1559,1560,1561,1562,1563,1564,1565,1566,1567,1568,1569,1570,1571,1572,1573,1574,1575,1576,1577,1578,1579,1580,1581,1582,1583,1584,1585,1586,1587,1588,1589,1590,1591,1592,1593,1594,1595,1596,1597,1598,1599,1600,1601,1602,1603,1604,1605,1606,1607,1608,1609,1610,1611,1612,1613,1614,1615,1616,1617,1618,1619,1620,1621,1622,1623,1624,1625,1626,1627,1628,1629,1630,1631,1632,1633,1634,1635,1636,1637,1638,1639,1640,1641,1642,1643,1644,1645,1646,1647,1648,1649,1650,1651,1652,1653,1654,1655,1656,1657,1658,1659,1660,1662,1663,1664,1665,1666,1667,1668,1669,1670,1672,1673,1674,1675,1676,1677,1678,1679,1680,1681,1682,1683,1684,1685,1686,1687,1688,1689,1690,1691,1692,1693,1694,1695,1696,1697,1698,1699,1700,1701,1702,1703,1704,1705,1706,1707,1708,1709,1710,1711,1712,1713,1714,1715,1716,1717,1719,1720,1721,1722,1723,1725,1726,1727,1728,1729,1730,1731,1732,1733,1734,1735,1736,1737,1738,1739,1740,1741,1742,1743,1744,1745,1746,1747,1748,1749,1750,1751,1752,1753,1754,1755,1756,1757,1758,1759,1760,1761,1762,1763,1764,1765,1766,1767,1768,1769,1770,1771,1772,1773,1774,1775,1776,1777,1778,1779,1780,1781,1782,1783,1784,1785,1786,1787,1788,1789,1790,1791,1792,1793,1794,1795,1796,1797,1798,1799,1800,1801,1802,1803,1804,1805,1806,1807,1808,1809,1810,1812,1813,1814,1815,1816,1817,1818,1820,1821,1822,1823,1824,1826,1827,1828,1829,1830,1831,1832,1834,1835,1836,1837,1838,1839,1840,1841,1845,1846,1847,1848,1849,1850,1851,1852,1853,1854,1855,1856,1859,1860,1861,1862,1863,1864,1865,1866,1867,1868,1869,1870,1871,1872,1873,1874,1875,1876,1877,1878,1879,1880,1881,1882,1883,1884,1885,1886,1887,1888,1889,1890,1891,1892,1894,1895,1898,1899,1900,1901,1902,1903,1904,1905,1906,1907,1908,1909,1910,1911,1912,1913,1914,1915,1916,1917,1918,1919,1920,1921,1922,1923,1924,1925,1926,1927,1928,1929,1930,1931,1932,1933,1934,1935,1936,1937,1938,1939,1940,1941,1942,1943,1944,1945,1946,1947,1948,1949,1950,1951,1952,1953,1954,1955,1956,1957,1958,1959,1960,1961,1962,1963,1964,1965,1967,1968,1969,1970,1971,1972,1973,1974,1975,1976,1977,1978,1979,1980,1981,1982,1983,1984,1985,1986,1987,1988,1989,1990,1991,1992,1993,1994,1995,1996,1997,1998,1999,2000,2001,2002,2003,2004,2005,2006,2007,2008,2010,2011,2012,2013,2014,2015,2016,2017,2018,2019,2020,2021,2022,2023,2024,2025,2026,2027,2028,2029,2030,2031,2032,2033,2034,2035,2036,2037,2038,2041,2042,2043,2044,2045,2046,2047,2048,2049,2050,2051,2052,2053,2054,2055,2056,2057,2058,2059,2060,2061,2062,2063,2064,2065,2066,2067,2068,2069,2070,2071,2072,2073,2074,2075,2076,2077,2078,2079,2080,2081,2082,2083,2084,2085,2086,2087,2088,2089,2090,2091,2092,2093,2094,2095,2096,2097,2098,2099,2100,2101,2102,2103,2104,2105,2106,2107,2108,2109,2110,2111,2112,2113,2114,2115,2116,2117,2118,2119,2120,2121,2122,2123,2124,2125,2126,2127,2128,2129,2130,2131,2132,2133,2134,2135,2136,2137,2138,2139,2140,2141,2142,2143,2144,2145,2146,2147,2148,2149,2152,2153,2154,2155,2156,2157,2158,2159,2160,2161,2162,2163,2164,2165,2166,2168,2172,2173,2174,2175,2176,2177,2178,2179,2180,2181,2182,2183,2184,2185,2186,2187,2188,2189,2190,2191,2192,2193,2194,2195,2196,2197,2198,2199,2200,2201,2202,2203,2204,2205,2206,2207,2208,2209,2210,2211,2212,2213,2214,2215,2216,2217,2218,2219,2220,2221,2222,2223,2224,2225,2226,2227,2228,2229,2230,2231,2232,2233,2234,2235,2236,2237,2238,2239,2240,2241,2242,2243,2244,2245,2246,2247,2248,2249,2250,2251,2252,2253,2254,2255,2256,2257,2258,2259,2260,2261,2262,2263,2264,2265,2266,2267,2268,2269,2270,2271,2272,2273,2274,2275,2276,2277,2278,2280,2281,2282,2284,2285,2286,2287,2288,2289,2290,2291,2292,2293,2294,2295,2296,2297,2298,2299,2300,2301,2302,2303,2304,2305,2306,2307,2308,2309,2310,2311,2312,2313,2314,2315,2316,2317,2318,2319,2320,2321,2322,2323,2324,2325,2326,2327,2328,2329,2330,2331,2332,2333,2334,2335,2336,2337,2338,2339,2340,2341,2342,2343,2344,2345,2346,2347,2348,2349,2350,2351,2352,2353,2354,2355,2356,2357,2358,2359,2360,2361,2362,2363,2364,2365,2366,2367,2368,2369,2370,2371,2372,2373,2374,2375,2376,2377,2378,2379,2380,2381,2382,2383,2384,2385,2386,2387,2388,2389,2390,2391,2392,2393,2395,2396,2397,2399,2400,2401,2402,2403,2404,2405,2406,2407,2408,2409,2411,2412,2413,2414,2415,2418,2419,2420,2421,2422,2423,2424,2425,2426,2427,2428,2429,2430,2431,2432,2433,2434,2435,2436,2437,2438,2439,2440,2441,2442,2443,2444,2445,2446,2447,2448,2449,2450,2451,2452,2453,2456,2457,2458,2459,2460,2461,2462,2463,2464,2465,2466,2467,2468,2469,2470,2471,2473,2474,2475,2476,2477,2478,2479,2480,2481,2482,2483,2484,2485,2486,2487,2488,2489,2490,2491,2492,2493,2494,2495,2496,2497,2498,2499,2500,2501,2502,2503,2504,2505,2506,2507,2508,2509,2510,2511,2512,2513,2514,2515,2516,2517,2518,2519,2520,2521,2522,2523,2524,2525,2526,2527,2528,2529,2530,2531,2532,2533,2534,2535,2536,2537,2538,2539,2540,2541,2542,2543,2544,2545,2546,2547,2548,2549,2550,2551,2552,2553,2554,2555,2556,2557,2558,2559,2560,2561,2562,2563,2564,2565,2566,2567,2568,2569,2570,2571,2572,2573,2574,2575,2576,2577,2578,2579,2580,2581,2582,2583,2584,2585,2586,2587,2588,2589,2590,2591,2592,2593,2594,2595,2596,2597,2598,2599,2600,2601,2602,2603,2604,2605,2606,2607,2608,2609,2610,2611,2612,2613,2614,2615,2616,2617,2618,2619,2620,2621,2622,2623,2624,2625,2626,2627,2628,2629,2630,2631,2632,2633,2634,2635,2636,2637,2638,2639,2640,2641,2642,2643,2644,2645,2646,2647,2648,2649,2650,2651,2652,2653,2654,2655,2656,2657,2658,2659,2660,2661,2662,2663,2664,2665,2666,2667,2668,2669,2670,2671,2672,2673,2674,2675,2676,2677,2678,2679,2680,2681,2682,2683,2684,2685,2686,2687,2688,2689,2690,2691,2692,2693,2694,2695,2696,2697,2698,2699,2700,2701,2702,2703,2704,2705,2706,2707,2708,2709,2710,2711,2712,2713,2714,2715,2716,2717,2718,2719,2720,2721,2722,2723,2724,2725,2726,2727,2728,2729,2730,2731,2732,2733,2734,2735,2736,2737,2738,2739,2740,2741,2742,2743,2744,2745,2746,2747,2748,2749,2750,2751,2752,2753,2754,2755,2756,2757,2758,2759,2760,2761,2762,2763,2764,2765,2766,2767,2768,2769,2770,2771,2772,2773,2774,2775,2776,2777,2778,2779,2780,2781,2782,2783,2784,2785,2787,2788,2789,2790,2791,2793,2794,2795,2796,2797,2798,2799,2800,2801,2802,2803,2804,2805,2806,2808,2809,2810,2811,2812,2813,2814,2815,2816,2817,2818,2819,2820,2821,2822,2823,2824,2826,2827,2828,2830,2831,2832,2834,2835,2836,2837,2838,2839,2840,2841,2842,2843,2844,2845,2846,2847,2848,2849,2850,2851,2852,2853,2854,2855,2856,2857,2858,2859,2860,2861,2862,2863,2864,2865,2866,2867,2868,2869,2870,2871,2872,2873,2874,2875,2876,2877,2878,2879,2880,2881,2882,2883,2884,2885,2886,2887,2888,2889,2890,2891,2892,2893,2894,2895,2896,2897,2898,2899,2900,2901,2902,2903,2904,2905,2906,2907,2908,2909,2910,2911,2912,2913,2914,2915,2916,2917,2918,2919,2920,2921,2922,2923,2924,2925,2926,2927,2928,2929,2930,2931,2932,2933,2934,2935,2936,2937,2938,2939,2940,2941,2942,2943,2944,2945,2946,2947,2948,2949,2950,2951,2952,2953,2954,2955,2956,2957,2958,2959,2960,2961,2962,2963,2964,2965,2966,2967,2968,2969,2970,2971,2972,2973,2974,2975,2976,2977,2978,2979,2980,2981,2982,2983,2984,2985,2986,2987,2988,2989,2990,2991,2992,2993,2994,2995,2996,2997,2998,2999,3000,3001,3002,3003,3004,3005,3006,3007,3008,3009,3010,3011,3012,3013,3014,3015,3016,3017,3018,3019,3020,3021,3022,3023,3024,3025,3026,3027,3028,3029,3030,3031,3032,3033,3034,3035,3036,3037,3038,3039,3040,3041,3042,3043,3044,3045,3046,3047,3048,3049,3050,3051,3052,3053,3054,3055,3056,3057,3058,3059,3060,3061,3062,3063,3064,3065,3066,3067,3068,3069,3070,3071,3072,3073,3074,3075,3076,3077,3078,3079,3081,3082,3083,3084,3085,3086,3087,3088,3089,3090,3091,3092,3093,3094,3095,3096,3097,3098,3099,3100,3101,3102,3103,3104,3105,3106,3107,3108,3109,3110,3111,3112,3113,3114,3115,3116,3117,3118,3119,3120,3121,3122,3123,3124,3125,3126,3127,3128,3129,3131,3132,3133,3134,3135,3136,3137,3138,3139,3141,3144,3145,3146,3147,3148,3149,3150,3151,3152,3153,3154,3155,3156,3157,3158,3159,3160,3161,3162,3163,3164,3165,3166,3167,3168,3169,3170,3171,3172,3173,3174,3175,3176,3177,3178,3179,3180,3181,3182,3183,3184,3185,3186,3187,3188,3189,3190,3191,3192,3193,3194,3195,3196,3197,3198,3199,3200,3201,3202,3203,3204,3205,3206,3207,3208,3209,3210,3211,3212,3213,3214,3215,3216,3217,3218,3219,3220,3221,3222,3223,3224,3225,3226,3227,3228,3229,3230,3231,3232,3233,3234,3235,3236,3237,3238,3239,3240,3241,3242,3243,3244,3245,3246,3247,3248,3249,3250,3251,3252,3253,3254,3255,3256,3257,3258,3259,3260,3261,3262,3263,3264,3265,3266,3269,3270,3271,3272,3275,3278,3279,3282,3284,3285,3286,3287,3288,3289,3290,3291,3292,3293,3295,3296,3297,3298,3299,3300,3301,3302,3303,3304,3305,3306,3307,3308,3309,3310,3311,3312,3313,3314,3315,3316,3317,3318,3319,3320,3321,3322,3323,3324,3325,3326,3327,3328,3329,3330,3331,3332,3333,3334,3335,3336,3337,3338,3339,3340,3341,3342,3343,3344,3345,3346,3347,3348,3349,3350,3351,3352,3353,3354,3355,3356,3357,3358,3359,3360,3361,3362,3363,3364,3365,3366,3367,3368,3369,3370,3371,3372,3373,3374,3375,3376,3377,3378,3379,3380,3381,3382,3383,3384,3385,3386,3387,3388,3389,3390,3391,3392,3393,3394,3395,3396,3397,3398,3399,3400,3402,3403,3404,3405,3406,3407,3408,3409,3411,3412,3413,3414,3415,3416,3417,3419,3420,3421,3422,3423,3424,3425,3426,3427,3428,3429,3430,3431,3432,3433,3434,3435,3436,3437,3438,3439,3440,3441,3442,3443,3444,3445,3446,3448,3450,3451,3452,3453,3454,3455,3456,3457,3458,3459,3460,3461,3462,3463,3464,3465,3466,3467,3468,3469,3470,3472,3473,3474,3475,3477,3478,3479,3480,3481,3482,3483,3484,3485,3486,3487,3488,3489,3490,3491,3492,3493,3494,3495,3496,3497,3498,3499,3500,3501,3502,3503,3504,3505,3506,3507,3508,3509,3510,3511,3512,3513,3514,3515,3516,3517,3518,3519,3520,3521,3522,3523,3524,3525,3526,3527,3528,3529,3530,3531,3532,3533,3534,3535,3536,3537,3538,3539,3540,3541,3542,3543,3544,3545,3546,3547,3548,3549,3550,3551,3552,3553,3554,3555,3556,3557,3558,3559,3560,3561,3562,3563,3564,3565,3566,3567,3568,3569,3570,3571,3572,3573,3575,3579,3580,3581,3582,3583,3584,3585,3586,3587,3588,3589,3590,3591,3592,3593,3594,3595,3596,3597,3598,3599,3600,3601,3602,3603,3604,3605,3606,3607,3608,3609,3610,3611,3612,3613,3614,3615,3616,3617,3618,3619,3620,3621,3622,3623,3624,3625,3626,3627,3628,3629,3630,3631,3632,3633,3634,3635,3636,3637,3638,3639,3640,3641,3642,3643,3644,3645,3646,3647,3648,3649,3650,3651,3652,3653,3654,3655,3656,3657,3658,3659,3660,3661,3662,3663,3664,3665,3666,3667,3668,3669,3670,3671,3672,3673,3674,3675,3676,3677,3678,3679,3683,3684,3685,3686,3687,3691,3692,3695,3696,3698,3699,3700,3701,3702,3703,3704,3705,3706,3707,3708,3709,3710,3711,3712,3713,3714,3715,3716,3717,3718,3719,3720,3721,3722,3723,3724,3725,3726,3727,3728,3729,3730,3731,3732,3733,3734,3735,3736,3737,3738,3739,3740,3741,3742,3743,3744,3745,3746,3747,3748,3749,3750,3751,3752,3753,3754,3755,3756,3757,3758,3759,3760,3761,3762,3763,3764,3765,3766,3767,3768,3769,3770,3771,3772,3773,3774,3775,3776,3777,3778,3779,3780,3781,3782,3783,3784,3785,3786,3787,3788,3789,3790,3791,3792,3793,3794,3795,3796,3797,3798,3799,3800,3801,3802,3803,3804,3805,3806,3807,3808,3809,3810,3811,3812,3813,3814,3815,3816,3817,3818,3819,3820,3821,3822,3823,3824,3825,3826,3827,3828,3829,3830,3831,3832,3833,3834,3835,3836,3837,3838,3839,3840,3841,3842,3843,3844,3845,3846,3847,3848,3849,3850,3851,3852,3853,3854,3855,3856,3857,3858,3859,3860,3861,3862,3863,3864,3865,3866,3867,3868,3869,3870,3871,3872,3873,3874,3875,3876,3877,3878,3879,3880,3881,3882,3883,3884,3885,3886,3887,3888,3889,3890,3891,3892,3893,3894,3895,3896,3897,3898,3899,3900,3901,3902,3903,3904,3905,3906,3907,3908,3909,3910,3911,3912,3913,3914,3915,3916,3917,3918,3919,3920,3921,3922,3923,3925,3926,3927,3928,3929,3930,3931,3932,3933,3934,3935,3936,3937,3938,3939,3940,3941,3942,3943,3944,3945,3947,3948,3949,3950,3951,3952,3953,3954,3955,3956,3957,3958,3960,3961,3962,3963,3964,3965,3966,3967,3968,3969,3970,3971,3972,3973,3974,3975,3976,3977,3978,3979,3980,3981,3982,3983,3984,3985,3986,3987,3988,3989,3990,3991,3992,3993,3994,3995,3996,3997,3998,3999,4000,4001,4002,4003,4004,4005,4006,4007,4008,4009,4010,4011,4012,4013,4014,4015,4016,4017,4018,4019,4020,4021,4022,4023,4024,4025,4026,4027,4028,4029,4030,4031,4032,4033,4034,4035,4036,4037,4038,4039,4040,4041,4042,4043,4045,4046,4047,4048,4049,4050,4051,4052,4053,4054,4055,4056,4057,4058,4059,4060,4061,4062,4063,4064,4065,4066,4067,4068,4069,4070,4071,4072,4073,4074,4075,4076,4077,4079,4080,4081,4082,4083,4084,4085,4086,4087,4088,4089,4090,4091,4092,4093,4094,4095,4096,4097,4098,4099,4100,4101,4102,4103,4104,4105,4106,4107,4108,4109,4110,4111,4112,4113,4114,4115,4116,4117,4118,4119,4120,4121,4122,4123,4124,4125,4126,4127,4128,4129,4130,4131,4132,4133,4134,4135,4136,4137,4138,4139,4140,4141,4142,4143,4144,4145,4146,4147,4148,4150,4151,4152,4153,4154,4155,4156,4157,4158,4159,4160,4161,4162,4163,4164,4165,4166,4167,4168,4169,4170,4171,4172,4173,4174,4175,4176,4177,4178,4179,4180,4181,4182,4183,4184,4185,4186,4187,4188,4189,4190,4191,4192,4193,4194,4195,4196,4197,4198,4199,4200,4201,4204,4205,4207,4209,4210,4214,4215,4216,4216,4219,4220,4221,4222,4223,4224,4225,4226,4227,4228,4229,4230,4231,4232,4233,4235,4236,4237,4238,4239,4240,4241,4242,4243,4244,4245,4246,4247,4248,4249,4250,4251,4252,4253,4254,4255,4256,4257,4258,4259,4260,4261,4262,4263,4264,4265,4266,4267,4268,4269,4270,4272,4273,4274,4275,4276,4277,4278,4279,4280,4281,4282,4283,4284,4285,4286,4287,4288,4289,4290,4291,4292,4293,4294,4295,4296,4297,4298,4299,4300,4301,4302,4303,4304,4305,4306,4307,4308,4309,4310,4311,4312,4313,4314,4315,4316,4317,4318,4319,4320,4321,4322,4323,4324,4325,4326,4327,4328,4329,4330,4331,4332,4333,4334,4340,4341,4343,4344,4346,4347,4349,4350,4352,4353,4354,4355,4356,4357,4358,4359,4360,4361,4362,4363,4364,4365,4366,4367,4368,4369,4370,4371,4372,4373,4374,4375,4376,4377,4378,4379,4380,4381,4382,4383,4384,4385,4386,4387,4388,4389,4390,4391,4392,4393,4394,4395,4396,4397,4398,4399,4400,4401,4402,4403,4404,4405,4406,4407,4408,4409,4410,4411,4412,4413,4414,4415,4416,4417,4418,4419,4420,4421,4422,4423,4424,4425,4426,4427,4428,4429,4430,4431,4432,4433,4434,4435,4436,4437,4438,4439,4440,4441,4442,4443,4444,4445,4446,4447,4448,4449,4450,4451,4452,4453,4454,4455,4456,4457,4458,4459,4460,4461,4462,4463,4464,4465,4466,4467,4468,4469,4470,4471,4472,4473,4474,4475,4476,4477,4478,4479,4480,4481,4482,4483,4484,4485,4486,4487,4488,4489,4491,4492,4493,4494,4495,4496,4497,4498,4499,4500,4501,4502,4503,4504,4505,4506,4507,4508,4509,4510,4511,4512,4513,4514,4515,4517,4518,4519,4520,4521,4522,4523,4524,4525,4526,4527,4528,4529,4530,4531,4532,4533,4534,4535,4536,4537,4538,4539,4540,4541,4542,4543,4544,4545,4546,4547,4548,4549,4550,4551,4552,4553,4554,4555,4556,4557,4558,4559,4560,4561,4562,4563,4564,4565,4566,4567,4568,4569,4570,4571,4572,4573,4574,4576,4577,4578,4579,4580,4581,4582,4583,4584,4586,4587,4588,4589,4590,4591,4592,4593,4594,4595,4596,4597,4598,4599,4600,4601,4602,4603,4604,4605,4606,4607,4608,4609,4610,4611,4612,4613,4614,4615,4616,4617,4618,4619,4620,4621,4622,4623,4624,4625,4626,4627,4628,4629,4630,4632,4633,4634,4635,4636,4637,4638,4639,4641,4642,4644,4646,4647,4648,4649,4650,4651,4652,4653,4654,4655,4656,4657,4658,4659,4660,4661,4662,4663,4664,4665,4666,4667,4668,4669,4670,4671,4672,4673,4674,4675,4676,4677,4678,4679,4680,4681,4682,4683,4684,4685,4686,4687,4688,4689,4690,4691,4692,4693,4694,4695,4696,4697,4698,4699,4700,4701,4702,4703,4704,4705,4706,4707,4708,4709,4710,4711,4712,4713,4714,4715,4716,4717,4718,4719,4720,4721,4722,4723,4724,4725,4726,4727,4728,4729,4730,4731,4732,4733,4734,4735,4736,4737,4738,4739,4740,4741,4742,4743,4744,4745,4746,4747,4748,4749,4750,4751,4752,4753,4754,4755,4756,4757,4758,4759,4760,4761,4762,4763,4764,4765,4766,4767,4768,4769,4770,4771,4772,4773,4774,4775,4776,4777,4778,4779,4780,4781,4782,4783,4784,4785,4786,4787,4788,4789,4790,4791,4792,4793,4794,4795,4796,4797,4798,4799,4800,4801,4802,4803,4804,4805,4806,4807,4809,4810,4811,4812,4814,4815,4816,4817,4818,4819,4820,4821,4822,4825,4827,4828,4829,4830,4831,4832,4833,4834,4837,4839,4842,4844,4845,4848,4849,4850,4851,4852,4855,4856,4857,4858,4859,4860,4861,4862,4863,4864,4865,4866,4867,4868,4869,4870,4871,4872,4873,4874,4875,4876,4877,4878,4879,4880,4881,4882,4883,4884,4885,4886,4887,4888,4889,4890,4891,4892,4893,4894,4895,4896,4897,4898,4899,4900,4901,4902,4903,4904,4905,4906,4907,4908,4909,4910,4911,4912,4913,4914,4915,4916,4917,4918,4919,4920,4921,4922,4923,4924,4925,4926,4927,4928,4929,4930,4931,4932,4933,4934,4935,4936,4937,4938,4939,4940,4941,4942,4943,4944,4945,4946,4947,4948,4949,4950,4951,4952,4953,4954,4955,4956,4957,4958,4959,4960,4961,4962,4963,4964,4965,4966,4967,4968,4969,4970,4971,4972,4973,4974,4975,4976,4977,4978,4979,4980,4981,4982,4983,4984,4985,4986,4987,4988,4990,4991,4992,4993,4994,4995,4996,4997,4998,4999,5000,5001,5002,5004,5005,5006,5007,5008,5009,5010,5011,5012,5013,5014,5015,5016,5017,5018,5019,5020,5023,5024,5025,5027,5028,5029,5030,5031,5032,5033,5034,5035,5036,5037,5038,5039,5040,5041,5042,5043,5044,5045,5046,5047,5048,5049,5050,5051,5052,5053,5054,5055,5056,5057,5058,5059,5060,5061,5062,5063,5064,5065,5066,5068,5069,5070,5071,5072,5073,5075,5076,5077,5078,5079,5080,5081,5082,5083,5084,5085,5086,5087,5088,5089,5090,5091,5092,5093,5094,5095,5096,5097,5098,5099,5100,5101,5102,5103,5104,5105,5106,5107,5108,5109,5110,5111,5112,5113,5114,5115,5116,5117,5118,5119,5120,5121,5122,5123,5124,5125,5126,5127,5128,5129,5130,5132,5133,5134,5135,5136,5137,5138,5139,5140,5141,5142,5143,5144,5145,5146,5147,5148,5149,5150,5151,5153,5154,5155,5156,5157,5158,5159,5160,5161,5162,5163,5164,5165,5166,5167,5168,5169,5170,5171,5172,5173,5174,5175,5176,5177,5178,5179,5180,5181,5182,5183,5184,5185,5186,5187,5188,5189,5190,5191,5192,5193,5194,5195,5196,5197,5198,5199,5200,5201,5202,5203,5204,5205,5206,5207,5208,5209,5210,5211,5212,5213,5214,5215,5216,5217,5218,5219,5220,5221,5222,5223,5224,5225,5226,5227,5228,5229,5230,5231,5232,5233,5234,5235,5236,5237,5238,5239,5240,5241,5242,5243,5244,5245,5246,5247,5248,5249,5250,5251,5252,5253,5254,5255,5256,5257,5258,5259,5260,5261,5262,5263,5264,5265,5266,5267,5268,5269,5270,5271,5272,5273,5274,5275,5276,5277,5278,5279,5280,5281,5282,5283,5284,5285,5286,5287,5288,5289,5290,5291,5292,5293,5294,5295,5296,5297,5298,5299,5300,5301,5302,5303,5304,5305,5306,5307,5308,5309,5310,5311,5312,5313,5314,5315,5316,5317,5318,5319,5320,5321,5322,5323,5324,5325,5326,5327,5328,5329,5330,5331,5332,5333,5334,5335,5336,5337,5338,5339,5340,5341,5342,5343,5344,5345,5346,5347,5348,5349,5350,5351,5352,5353,5354,5355,5356,5357,5358,5359,5360,5361,5362,5363,5364,5365,5366,5367,5368,5369,5370,5371,5372,5373,5374,5375,5376,5377,5378,5379,5380,5381,5382,5383,5384,5385,5386,5387,5388,5389,5390,5391,5392,5393,5394,5395,5396,5397,5398,5399,5400,5401,5402,5403,5404,5405,5406,5407,5408,5409,5410,5411,5412,5413,5414,5415,5416,5417,5418,5419,5420,5421,5422,5423,5425,5426,5427,5428,5429,5430,5431,5432,5433,5434,5435,5436,5438,5439,5440,5441,5442,5443,5444,5445,5446,5447,5448,5449,5450,5451,5452,5453,5454,5455,5456,5457,5458,5459,5460,5461,5462,5463,5464,5465,5466,5467,5468,5469,5470,5471,5472,5473,5474,5475,5476,5477,5478,5479,5480,5481,5482,5483,5484,5485,5486,5487,5488,5490,5491,5492,5493,5494,5495,5496,5497,5498,5499,5500,5501,5502,5503,5504,5505,5506,5507,5508,5509,5510,5511,5512,5513,5514,5515,5516,5517,5518,5519,5520,5521,5522,5523,5524,5525,5526,5527,5528,5529,5530,5531,5532,5533,5534,5535,5536,5537,5538,5539,5540,5541,5542,5543,5544,5545,5546,5547,5548,5550,5551,5552,5553,5554,5555,5556,5557,5558,5559,5560,5561,5562,5563,5564,5565,5566,5567,5568,5569,5570,5571,5572,5573,5574,5575,5576,5577,5578,5579,5580,5581,5582,5583,5584,5585,5586,5587,5588,5589,5590,5591,5592,5593,5594,5595,5596,5597,5598,5599,5600,5601,5602,5603,5604,5605,5606,5607,5608,5609,5610,5611,5612,5613,5614,5615,5616,5617,5618,5619,5620,5621,5622,5623,5624,5625,5626,5627,5628,5629,5630,5631,5632,5633,5634,5635,5636,5637,5638,5639,5640,5641,5643,5644,5645,5646,5647,5648,5649,5650,5651,5652,5653,5654,5655,5656,5657,5658,5659,5660,5661,5662,5663,5664,5665,5666,5667,5668,5669,5670,5671,5672,5673,5674,5675,5676,5677,5678,5679,5680,5681,5682,5683,5684,5685,5686,5687,5688,5689,5690,5691,5692,5693,5694,5695,5696,5697,5698,5699,5700,5701,5702,5703,5704,5705,5706,5707,5708,5709,5710,5711,5712,5713,5714,5715,5716,5717,5718,5719,5720,5721,5722,5723,5724,5725,5726,5727,5728,5729,5730,5731,5732,5733,5734,5735,5736,5737,5738,5739,5740,5741,5742,5743,5744,5745,5746,5747,5748,5749,5750,5751,5752,5753,5756,5757,5758,5759,5760,5761,5762,5763,5764,5765,5766,5767,5768,5769,5770,5771,5772,5773,5774,5775,5776,5777,5778,5779,5780,5781,5782,5783,5784,5785,5786,5787,5788,5789,5790,5791,5792,5793,5794,5795,5796,5797,5798,5799,5800,5805,5806,5807,5809,5810,5813,5814,5815,5816,5817,5818,5819,5820,5821,5822,5823,5824,5825,5826,5827,5828,5829,5830,5831,5832,5833,5834,5835,5836,5837,5838,5839,5840,5841,5842,5843,5844,5845,5846,5847,5848,5849,5850,5851,5852,5853,5854,5855,5856,5857,5858,5859,5860,5862,5863,5864,5865,5866,5868,5869,5870,5871,5872,5873,5874,5875,5876,5877,5878,5879,5880,5881,5882,5883,5884,5885,5886,5887,5888,5889,5890,5891,5892,5893,5894,5895,5896,5897,5898,5899,5900,5901,5902,5903,5904,5905,5906,5907,5908,5909,5910,5911,5912,5913,5914,5915,5916,5917,5918,5919,5920,5921,5922,5923,5924,5925,5926,5927,5928,5929,5930,5931,5932,5933,5934,5935,5937,5938,5939,5940,5941,5942,5943,5944,5945,5946,5947,5948,5949,5950,5951,5952,5953,5954,5955,5956,5957,5958,5959,5960,5961,5962,5963,5964,5965,5966,5967,5968,5969,5970,5971,5972,5973,5974,5975,5976,5977,5978,5979,5980,5981,5982,5983,5984,5985,5986,5987,5988,5989,5990,5991,5992,5993,5994,5995,5996,5997,5998,5999,6000,6001,6004,6005,6006,6007,6008,6009,6010,6011,6012,6013,6014,6015,6016,6019,6021,6022,6026,6028,6029,6030,6031,6032,6033,6034,6035,6036,6037,6038,6039,6040,6041,6042,6043,6044,6045,6046,6047,6048,6049,6050,6051,6052,6053,6054,6055,6056,6057,6058,6059,6060,6061,6062,6063,6064,6065,6066,6067,6068,6069,6070,6071,6072,6073,6074,6075,6076,6077,6078,6079,6080,6081,6082,6083,6084,6085,6086,6087,6088,6089,6090,6091,6092,6093,6094,6095,6096,6097,6098,6099,6100,6101,6102,6103,6104,6105,6106,6107,6108,6109,6110,6111,6112,6113,6114,6115,6116,6117,6118,6119,6120,6121,6122,6123,6124,6125,6126,6127,6128,6129,6130,6131,6132,6133,6134,6135,6136,6137,6138,6139,6140,6141,6142,6143,6144,6145,6146,6147,6148,6149,6150,6151,6152,6153,6154,6155,6156,6157,6158,6159,6160,6161,6162,6163,6164,6165,6166,6167,6168,6169,6170,6171,6172,6173,6174,6175,6176,6177,6178,6180,6181,6182,6183,6184,6185,6186,6187,6190,6191,6192,6193,6194,6195,6196,6197,6198,6199,6200,6201,6202,6203,6204,6205,6206,6207,6208,6209,6210,6211,6212,6213,6214,6215,6216,6217,6218,6219,6220,6221,6222,6223,6224,6225,6226,6227,6228,6229,6230,6231,6232,6233,6234,6235,6236,6237,6238,6239,6240,6241,6242,6243,6245,6246,6247,6248,6249,6250,6251,6252,6253,6254,6255,6256,6257,6258,6259,6260,6261,6262,6263,6264,6265,6266,6267,6268,6269,6270,6271,6272,6273,6274,6275,6276,6277,6278,6279,6280,6281,6282,6283,6284,6285,6286,6287,6288,6289,6290,6291,6292,6293,6294,6295,6296,6297,6298,6299,6300,6301,6302,6303,6304,6305,6306,6307,6308,6309,6310,6311,6312,6313,6314,6315,6316,6317,6318,6319,6320,6321,6322,6323,6324,6325,6326,6327,6328,6329,6330,6331,6332,6333,6334,6335,6336,6337,6338,6339,6340,6341,6342,6343,6344,6345,6346,6347,6348,6349,6350,6351,6352,6353,6354,6355,6356,6357,6358,6359,6360,6361,6362,6363,6364,6365,6366,6367,6368,6369,6370,6371,6372,6373,6374,6375,6376,6377,6378,6379,6380,6381,6382,6383,6384,6385,6386,6387,6388,6389,6390,6391,6392,6393,6394,6395,6396,6397,6398,6399,6400,6401,6402,6403,6404,6405,6406,6407,6408,6409,6410,6411,6412,6413,6414,6415,6416,6417,6418,6419,6420,6421,6422,6423,6424,6425,6426,6427,6428,6429,6430,6431,6432,6433,6434,6435,6436,6437,6438,6439,6440,6441,6442,6443,6444,6445,6446,6447,6448,6449,6450,6451,6452,6453,6454,6455,6456,6457,6458,6459,6460,6461,6462,6463,6464,6465,6466,6467,6468,6469,6470,6471,6472,6473,6474,6475,6476,6477,6478,6479,6480,6481,6482,6483,6484,6485,6486,6487,6488,6489,6490,6491,6492,6493,6494,6495,6496,6497,6498,6499,6500,6501,6502,6503,6504,6505,6506,6507,6508,6509,6510,6511,6512,6513,6514,6515,6516,6517,6518,6519,6520,6521,6522,6523,6524,6525,6526,6527,6528,6529,6530,6531,6532,6533,6534,6535,6536,6537,6538,6539,6540,6541,6542,6543,6544,6545,6547,6548,6549,6551,6552,6553,6554,6555,6556,6557,6558,6559,6560,6561,6562,6563,6564,6565,6567,6568,6569,6570,6571,6572,6573,6574,6575,6576,6577,6578,6579,6580,6581,6582,6583,6584,6585,6586,6587,6588,6589,6590,6591,6592,6593,6594,6595,6596,6597,6598,6599,6600,6601,6602,6603,6604,6605,6606,6607,6608,6609,6610,6611,6612,6614,6615,6616,6617,6618,6619,6620,6621,6622,6623,6624,6625,6626,6627,6628,6629,6630,6631,6632,6633,6634,6635,6636,6637,6638,6639,6640,6641,6642,6643,6644,6645,6646,6647,6648,6649,6650,6651,6652,6653,6654,6655,6656,6657,6658,6659,6660,6661,6662,6663,6665,6666,6667,6668,6669,6670,6671,6672,6673,6674,6675,6676,6677,6678,6679,6680,6681,6682,6683,6684,6685,6686,6687,6688,6689,6690,6691,6692,6693,6694,6695,6696,6697,6698,6699,6700,6701,6702,6703,6704,6705,6706,6707,6708,6709,6710,6711,6712,6713,6714,6715,6716,6717,6718,6719,6720,6721,6722,6723,6724,6725,6726,6727,6728,6729,6730,6731,6732,6733,6734,6735,6736,6737,6738,6739,6740,6741,6742,6743,6744,6745,6746,6747,6748,6749,6750,6751,6752,6753,6754,6755,6756,6757,6758,6759,6760,6761,6762,6763,6764,6765,6766,6767,6768,6769,6770,6771,6772,6773,6774,6775,6776,6777,6778,6779,6780,6781,6782,6783,6784,6785,6786,6787,6788,6789,6790,6791,6792,6793,6794,6795,6796,6797,6798,6799,6800,6801,6802,6803,6804,6805,6806,6807,6808,6809,6810,6811,6812,6813,6814,6815,6816,6817,6818,6819,6820,6821,6822,6823,6824,6825,6826,6827,6828,6829,6830,6831,6832,6833,6834,6835,6836,6837,6838,6839,6840,6841,6842,6843,6844,6845,6846,6847,6848,6849,6850,6851,6852,6853,6854,6855,6856,6857,6858,6859,6860,6861,6862,6863,6864,6865,6866,6867,6868,6869,6870,6871,6872,6873,6874,6875,6876,6877,6878,6879,6880,6884,6885,6886,6887,6888,6889,6890,6891,6892,6893,6894,6895,6896,6897,6898,6899,6900,6901,6902,6903,6904,6905,6906,6907,6908,6909,6910,6911,6912,6913,6914,6915,6916,6917,6918,6919,6920,6921,6922,6923,6924,6925,6926,6927,6928,6929,6930,6931,6932,6933,6934,6935,6936,6937,6938,6939,6940,6941,6942,6943,6944,6945,6946,6947,6948,6949,6950,6951,6952,6953,6954,6955,6956,6957,6959,6960,6961,6962,6963,6964,6965,6966,6967,6968,6969,6970,6971,6972,6973,6974,6975,6976,6977,6978,6979,6980,6981,6982,6983,6984,6985,6986,6987,6988,6989,6990,6991,6992,6993,6994,6995,6996,6997,6998,6999,7000,7001,7002,7003,7004,7005,7006,7007,7008,7009,7010,7011,7012,7013,7014,7015,7016,7017,7018,7019,7020,7021,7022,7023,7024,7026,7027,7028,7029,7030,7031,7032,7033,7034,7035,7036,7037,7038,7039,7040,7041,7042,7043,7044,7045,7046,7047,7048,7049,7050,7051,7052,7053,7054,7055,7056,7057,7058,7059,7060,7061,7062,7063,7064,7065,7066,7067,7068,7070,7071,7072,7073,7074,7076,7077,7078,7079,7080,7081,7082,7083,7084,7085,7086,7087,7088,7089,7090,7091,7092,7093,7094,7095,7096,7097,7098,7099,7100,7101,7102,7103,7104,7105,7106,7107,7108,7109,7110,7111,7112,7113,7114,7115,7116,7117,7118,7119,7120,7121,7122,7123,7124,7125,7126,7127,7128,7129,7130,7131,7132,7133,7134,7135,7136,7137,7138,7139,7140,7141,7142,7143,7144,7145,7146,7147,7148,7149,7150,7151,7152,7153,7154,7156,7157,7158,7159,7160,7161,7162,7163,7164,7165,7166,7167,7168,7169,7170,7171,7172,7173,7174,7175,7176,7177,7178,7179,7180,7181,7182,7183,7184,7185,7186,7187,7188,7189,7190,7191,7192,7193,7194,7195,7196,7197,7199,7200,7201,7202,7203,7204,7205,7208,7209,7210,7211,7212,7213,7214,7215,7216,7217,7218,7219,7220,7222,7223,7224,7225,7226,7227,7229,7230,7231,7232,7233,7234,7235,7236,7237,7238,7239,7240,7241,7242,7243,7244,7245,7246,7247,7248,7249,7250,7251,7252,7253,7254,7255,7256,7257,7258,7259,7260,7261,7262,7263,7264,7265,7266,7267,7268,7269,7270,7271,7272,7273,7274,7275,7276,7277,7278,7279,7280,7281,7282,7283,7284,7285,7286,7287,7288,7289,7290,7291,7292,7293,7294,7295,7296,7297,7299,7300,7301,7302,7303,7304,7305,7306,7307,7308,7309,7310,7311,7312,7313,7314,7315,7316,7317,7318,7319,7320,7321,7322,7323,7324,7325,7326,7327,7328,7329,7330,7331,7332,7333,7334,7335,7336,7337,7338,7339,7340,7341,7342,7343,7344,7345,7346,7347,7348,7349,7350,7351,7352,7353,7354,7355,7356,7357,7358,7359,7360,7361,7362,7363,7364,7365,7366,7367,7368,7369,7370,7371,7372,7373,7374,7375,7376,7377,7378,7379,7380,7381,7382,7383,7384,7385,7386,7387,7388,7389,7390,7391,7392,7393,7394,7395,7396,7397,7398,7399,7400,7401,7402,7403,7404,7405,7406,7407,7408,7409,7410,7411,7412,7413,7414,7415,7416,7417,7418,7419,7420,7421,7422,7423,7424,7425,7426,7427,7428,7429,7430,7431,7432,7433,7434,7435,7436,7437,7438,7439,7440,7441,7442,7443,7444,7445,7446,7447,7448,7449,7450,7451,7452,7453,7454,7455,7456,7457,7458,7459,7460,7461,7462,7463,7464,7465,7466,7467,7468,7469,7470,7471,7472,7473,7474,7475,7476,7477,7478,7479,7480,7481,7482,7483,7484,7485,7486,7487,7488,7489,7490,7491,7492,7493,7494,7495,7496,7497,7498,7499,7500,7501,7502,7503,7504,7505,7506,7507,7508,7509,7510,7511,7512,7513,7514,7515,7516,7517,7518,7519,7520,7521,7522,7523,7524,7525,7526,7527,7528,7529,7530,7531,7532,7533,7534,7535,7536,7537,7538,7539,7540,7541,7542,7543,7544,7545,7546,7547,7548,7549,7550,7551,7552,7553,7554,7555,7556,7557,7558,7559,7560,7561,7562,7563,7564,7565,7566,7567,7568,7569,7570,7571,7572,7573,7574,7575,7576,7577,7578,7579,7580,7581,7582,7583,7584,7585,7586,7587,7588,7589,7590,7591,7592,7593,7594,7595,7598,7599,7600,7602,7603,7604,7605,7606,7607,7608,7609,7610,7611,7612,7613,7614,7615,7616,7617,7618,7619,7620,7621,7622,7623,7624,7625,7626,7627,7628,7629,7630,7631,7632,7633,7634,7635,7636,7637,7638,7639,7640,7641,7642,7643,7644,7645,7646,7647,7648,7649,7650,7651,7652,7653,7654,7655,7656,7657,7658,7659,7660,7661,7662,7663,7664,7665,7666,7667,7668,7669,7670,7671,7672,7673,7674,7675,7676,7677,7678,7679,7680,7681,7682,7683,7684,7688,7689,7690,7691,7692,7693,7694,7695,7696,7697,7698,7699,7700,7701,7702,7703,7704,7705,7706,7707,7708,7709,7710,7711,7713,7714,7715,7716,7719,7720,7721,7722,7723,7724,7725,7727,7728,7729,7730,7731,7732,7733,7734,7735,7736,7737,7738,7739,7740,7741,7742,7743,7744,7745,7746,7747,7748,7749,7750,7751,7752,7753,7754,7755,7756,7758,7759,7760,7761,7762,7763,7764,7765,7766,7767,7768,7769,7770,7771,7772,7773,7774,7775,7776,7777,7778,7779,7780,7781,7782,7783,7784,7785,7786,7787,7788,7789,7790,7791,7792,7793,7794,7795,7796,7797,7798,7799,7800,7801,7802,7803,7804,7805,7813,7814,7815,7817,7818,7823,7824,7825,7826,7828,7830,7831,7832,7833,7834,7835,7836,7837,7838,7839,7840,7841,7842,7843,7844,7845,7846,7847,7848,7849,7850,7851,7852,7853,7854,7855,7856,7857,7858,7859,7860,7861,7862,7863,7864,7865,7866,7867,7868,7869,7870,7871,7872,7873,7874,7875,7876,7877,7878,7879,7880,7881,7882,7883,7884,7885,7886,7887,7889,7890,7891,7892,7893,7894,7895,7896,7897,7898,7899,7900,7901,7902,7903,7904,7905,7906,7907,7908,7909,7910,7911,7912,7913,7914,7915,7916,7917,7918,7919,7920,7921,7922,7923,7924,7925,7926,7927,7928,7929,7930,7931,7932,7933,7934,7935,7936,7937,7938,7939,7940,7941,7942,7943,7944,7945,7946,7947,7948,7949,7950,7951,7952,7953,7954,7955,7956,7957,7958,7959,7960,7961,7962,7963,7964,7965,7966,7967,7968,7969,7970,7971,7972,7973,7974,7975,7976,7977,7978,7979,7980,7981,7982,7983,7984,7985,7986,7987,7988,7989,7990,7991,7992,7993,7994,7995,7996,7997,7998,7999,8000,8001,8002,8003,8004,8005,8006,8007,8008,8009,8010,8011,8012,8013,8014,8015,8016,8017,8018,8019,8023,8024,8027,8028,8029,8030,8031,8032,8033,8034,8035,8036,8037,8038,8039,8040,8041,8042,8043,8044,8045,8046,8047,8048,8049,8050,8051,8052,8053,8054,8055,8056,8057,8058,8059,8060,8061,8062,8063,8064,8065,8066,8067,8068,8069,8070,8071,8072,8073,8074,8075,8076,8077,8078,8079,8080,8081,8082,8083,8084,8085,8086,8087,8088,8089,8090,8091,8092,8093,8094,8095,8096,8097,8098,8099,8100,8101,8102,8103,8104,8105,8106,8107,8108,8109,8110,8111,8112,8113,8114,8115,8116,8117,8118,8119,8120,8121,8122,8123,8124,8125,8126,8127,8129,8130,8131,8132,8133,8134,8135,8136,8137,8138,8141,8142,8143,8144,8145,8146,8147,8148,8149,8150,8151,8153,8154,8155,8156,8157,8158,8159,8160,8161,8162,8164,8165,8166,8167,8168,8169,8170,8171,8172,8173,8174,8175,8176,8177,8178,8179,8180,8181,8182,8183,8184,8185,8186,8187,8188,8189,8190,8191,8192,8193,8194,8195,8196,8197,8198,8199,8200,8201,8202,8203,8204,8205,8206,8207,8208,8209,8210,8211,8212,8213,8214,8215,8216,8217,8218,8219,8220,8221,8222,8223,8224,8225,8226,8227,8228,8229,8230,8231,8232,8233,8234,8235,8236,8237,8238,8239,8240,8242,8243,8244,8245,8248,8250,8251,8253,8254,8255,8256,8257,8258,8259,8261,8262,8265,8266,8267,8268,8269,8270,8271,8273,8274,8275,8277,8278,8279,8280,8281,8282,8283,8285,8287,8288,8289,8290,8291,8293,8294,8295,8297,8298,8299,8300,8301,8302,8303,8304,8305,8306,8307,8308,8309,8310,8311,8312,8313,8314,8315,8316,8317,8318,8319,8320,8321,8322,8323,8324,8325,8326,8327,8328,8329,8330,8331,8332,8333,8334,8335,8336,8337,8338,8339,8340,8341,8342,8343,8344,8345,8346,8347,8348,8349,8350,8351,8352,8353,8354,8355,8356,8357,8358,8359,8360,8361,8362,8363,8364,8365,8366,8367,8368,8369,8370,8371,8372,8373,8374,8375,8376,8377,8378,8379,8380,8381,8382,8383,8384,8385,8386,8387,8388,8389,8390,8391,8392,8393,8394,8395,8396,8397,8398,8399,8400,8401,8402,8403,8404,8405,8406,8407,8408,8409,8410,8411,8412,8413,8414,8415,8416,8417,8418,8419,8420,8421,8422,8423,8424,8425,8426,8427,8428,8429,8430,8431,8432,8435,8436,8437,8438,8439,8440,8442,8443,8445,8447,8448,8449,8450,8451,8452,8453,8454,8455,8456,8457,8458,8459,8460,8462,8463,8464,8466,8467,8468,8469,8470,8471,8472,8473,8474,8475,8476,8477,8478,8479,8480,8481,8482,8483,8484,8485,8486,8487,8488,8489,8491,8492,8493,8495,8496,8497,8498,8499,8500,8501,8502,8503,8504,8505,8506,8507,8508,8509,8510,8511,8512,8513,8514,8516,8517,8518,8519,8520,8521,8522,8523,8524,8525,8526,8527,8528,8529,8530,8531,8532,8533,8534,8535,8536,8537,8538,8539,8540,8541,8542,8543,8544,8545,8546,8547,8548,8549,8550,8551,8552,8553,8554,8555,8556,8558,8559,8560,8561,8562,8563,8564,8566,8567,8568,8569,8570,8571,8572,8573,8574,8575,8576,8577,8578,8579,8580,8581,8582,8583,8584,8585,8586,8587,8588,8589,8590,8591,8592,8593,8594,8595,8596,8597,8598,8599,8600,8601,8602,8603,8604,8605,8606,8607,8608,8609,8610,8612,8613,8614,8615,8616,8617,8618,8619,8620,8621,8622,8623,8624,8625,8626,8627,8628,8629,8630,8631,8632,8633,8634,8635,8636,8637,8639,8640,8641,8642,8643,8644,8645,8646,8647,8648,8649,8650,8651,8652,8653,8654,8655,8656,8657,8658,8659,8660,8661,8662,8663,8664,8665,8666,8667,8668,8669,8670,8671,8672,8673,8674,8675,8676,8677,8678,8679,8680,8681,8682,8683,8684,8685,8686,8687,8688,8689,8690,8691,8692,8693,8694,8695,8697,8698,8699,8700,8701,8703,8704,8705,8706,8707,8708,8710,8711,8713,8714,8715,8717,8718,8719,8720,8721,8722,8723,8724,8725,8727,8728,8729,8731,8732,8733,8734,8735,8736,8737,8738,8739,8740,8741,8742,8743,8745,8746,8747,8748,8750,8752,8753,8754,8755,8756,8757,8758,8759,8762,8763,8764,8765,8766,8767,8768,8769,8770,8772,8773,8774,8775,8776,8777,8778,8779,8780,8781,8782,8783,8784,8785,8786,8787,8788,8789,8790,8792,8793,8794,8795,8796,8797,8798,8799,8800,8801,8802,8803,8804,8805,8806,8807,8808,8809,8810,8811,8812,8813,8814,8815,8816,8817,8818,8819,8820,8821,8823,8824,8825,8826,8827,8828,8829,8830,8831,8832,8833,8834,8835,8836,8837,8838,8839,8840,8841,8842,8843,8844,8845,8846,8847,8848,8849,8850,8851,8852,8853,8854,8855,8856,8857,8858,8859,8860,8861,8862,8863,8864,8865,8866,8867,8868,8869,8870,8871,8872,8873,8874,8875,8876,8877,8878,8879,8880,8881,8882,8883,8884,8885,8886,8887,8888,8889,8890,8891,8892,8893,8894,8895,8896,8897,8898,8899,8900,8901,8902,8903,8904,8905,8906,8907,8908,8909,8910,8911,8912,8913,8914,8915,8916,8917,8918,8919,8920,8921,8922,8923,8924,8925,8926,8927,8928,8929,8930,8931,8932,8933,8934,8935,8936,8937,8938,8939,8940,8941,8942,8943,8944,8945,8946,8947,8948,8949,8950,8951,8952,8953,8954,8955,8956,8957,8958,8959,8960,8961,8962,8963,8964,8965,8966,8967,8968,8969,8970,8971,8972,8973,8974,8975,8976,8977,8978,8979,8980,8981,8982,8983,8984,8985,8986,8987,8988,8989,8990,8991,8992,8993,8994,8995,8996,8997,8998,8999,9000,9001,9002,9003,9004,9005,9006,9007,9008,9009,9010,9011,9012,9013,9014,9015,9016,9017,9018,9019,9020,9021,9022,9023,9024,9025,9026,9027,9028,9029,9030,9031,9032,9033,9034,9035,9036,9037,9038,9039,9040,9041,9042,9043,9044,9045,9046,9047,9048,9049,9050,9051,9052,9053,9054,9055,9056,9057,9058,9059,9060,9061,9062,9063,9064,9065,9066,9067,9068,9069,9070,9071,9072,9073,9074,9075,9076,9077,9078,9079,9080,9081,9082,9083,9084,9085,9086,9087,9088,9089,9090,9091,9092,9094,9095,9096,9097,9098,9099,9100,9101,9102,9103,9104,9105,9106,9107,9108,9109,9110,9111,9112,9113,9114,9115,9116,9117,9118,9119,9120,9121,9122,9123,9124,9125,9126,9127,9128,9129,9130,9131,9132,9133,9134,9135,9136,9137,9138,9139,9140,9141,9142,9143,9144,9145,9146,9147,9148,9149,9150,9151,9152,9153,9154,9155,9156,9157,9158,9159,9160,9161,9162,9163,9164,9165,9166,9167,9168,9169,9170,9171,9172,9173,9174,9175,9176,9177,9178,9179,9180,9181,9182,9183,9184,9185,9186,9187,9188,9189,9190,9191,9192,9193,9194,9195,9196,9197,9198,9199,9200,9201,9202,9203,9204,9205,9206,9207,9208,9209,9210,9211,9212,9213,9214,9215,9216,9217,9218,9219,9220,9221,9222,9223,9224,9225,9226,9227,9228,9229,9230,9231,9232,9233,9234,9235,9236,9237,9238,9239,9240,9241,9242,9243,9244,9245,9246,9247,9248,9249,9250,9251,9252,9253,9254,9255,9256,9257,9258,9259,9260,9261,9262,9263,9264,9265,9266,9267,9268,9269,9270,9271,9272,9273,9274,9275,9276,9277,9278,9279,9280,9281,9282,9283,9284,9285,9286,9287,9288,9289,9290,9291,9292,9293,9294,9295,9296,9297,9298,9299,9300,9301,9302,9303,9304,9305,9306,9307,9308,9309,9311,9312,9313,9314,9315,9316,9317,9318,9319,9320,9321,9322,9323,9324,9325,9326,9327,9328,9329,9330,9331,9332,9333,9334,9335,9336,9337,9338,9339,9340,9341,9342,9343,9344,9345,9346,9347,9348,9349,9350,9351,9352,9353,9354,9355,9356,9357,9358,9359,9360,9361,9362,9363,9364,9365,9366,9367,9368,9369,9370,9371,9372,9373,9374,9375,9376,9377,9378,9379,9380,9381,9382,9383,9384,9385,9386,9387,9388,9389,9390,9391,9392,9393,9394,9395,9396,9397,9398,9399,9400,9401,9402,9403,9404,9405,9406,9407,9408,9409,9410,9411,9412,9413,9414,9415,9416,9417,9418,9419,9420,9421,9422,9423,9424,9425,9426,9427,9428,9429,9430,9431,9432,9433,9434,9435,9436,9437,9438,9439,9440,9441,9442,9443,9444,9445,9446,9447,9448,9449,9450,9451,9452,9453,9454,9455,9456,9457,9458,9459,9460,9461,9462,9463,9464,9465,9466,9467,9468,9469,9470,9471,9472,9473,9474,9475,9476,9477,9478,9479,9480,9481,9482,9483,9484,9485,9486,9487,9488,9489,9490,9491,9492,9493,9494,9495,9496,9497,9498,9499,9500,9501,9502,9503,9504,9505,9506,9507,9508,9509,9510,9511,9512,9513,9514,9515,9516,9517,9518,9519,9520,9521,9522,9523,9524,9525,9526,9527,9528,9529,9530,9531,9532,9533,9534,9535,9536,9537,9538,9539,9540,9541,9542,9543,9544,9545,9546,9547,9548,9549,9550,9551,9552,9553,9554,9555,9556,9557,9558,9559,9560,9561,9563,9565,9566,9571,9573,9574,9575,9576,9577,9578,9579,9580,9581,9582,9583,9584,9585,9586,9587,9588,9589,9590,9592,9593,9594,9595,9596,9597,9598,9599,9600,9601,9602,9603,9604,9605,9606,9607,9608,9609,9610,9611,9612,9613,9614,9615,9616,9617,9618,9619,9620,9621,9622,9623,9624,9625,9626,9627,9628,9629,9630,9631,9632,9633,9634,9635,9636,9637,9638,9639,9640,9641,9642,9643,9644,9645,9646,9647,9648,9649,9650,9651,9652,9653,9654,9655,9656,9657,9658,9659,9660,9661,9662,9663,9664,9666,9667,9668,9669,9670,9671,9672,9673,9674,9675,9676,9677,9678,9679,9680,9681,9682,9683,9684,9685,9686,9687,9688,9689,9690,9691,9692,9693,9694,9695,9697,9699,9700,9702,9704,9705,9707,9709,9710,9711,9712,9713,9714,9715,9716,9717,9718,9720,9721,9722,9723,9724,9726,9728,9729,9730,9731,9732,9733,9734,9735,9736,9737,9738,9739,9740,9741,9742,9743,9744,9745,9746,9747,9748,9749,9750,9751,9752,9753,9754,9755,9757,9761,9762,9763,9764,9765,9766,9767,9768,9769,9770,9771,9772,9773,9774,9775,9776,9777,9778,9779,9780,9781,9782,9783,9784,9785,9786,9787,9788,9789,9790,9791,9792,9793,9794,9795,9796,9797,9798,9799,9800,9801,9802,9803,9804,9805,9806,9807,9808,9809,9810,9811,9812,9813,9814,9815,9816,9817,9818,9819,9820,9821,9822,9823,9825,9826,9827,9828,9829,9830,9831,9832,9833,9834,9835,9836,9837,9840,9842,9843,9844,9845,9846,9847,9848,9849,9850,9851,9852,9853,9854,9855,9856,9857,9858,9859,9860,9861,9862,9863,9864,9865,9866,9867,9868,9869,9870,9871,9872,9873,9874,9875,9876,9877,9878,9879,9880,9881,9882,9883,9884,9885,9886,9887,9888,9889,9890,9891,9892,9893,9894,9895,9896,9897,9898,9899,9900,9901,9902,9903,9904,9905,9906,9907,9908,9909,9910,9911,9912,9913,9914,9915,9916,9917,9918,9919,9920,9921,9922,9923,9924,9925,9926,9927,9928,9929,9930,9931,9932,9933,9934,9935,9936,9937,9938,9939,9940,9941,9942,9943,9944,9945,9946,9947,9948,9949,9950,9951,9952,9953,9954,9955,9956,9957,9958,9959,9960,9961,9962,9963,9964,9965,9966,9967,9968,9969,9970,9971,9972,9973,9974,9975,9976,9977,9978,9979,9980,9981,9982,9983,9984,9985,9986,9987,9988,9989,9990,9991,9992,9993,9994,9995,9997,9998,9999,10000,10001,10002,10003,10005,10006,10007,10008,10009,10010,10011,10012,10013,10014,10015,10016,10017,10018,10020,10021,10022,10024,10025,10026,10027,10028,10029,10030,10032,10033,10034,10035,10036,10038,10039,10040,10041,10042,10044,10045,10046,10048,10049,10050,10051,10052,10053,10054,10055,10056,10057,10058,10059,10061,10062,10063,10064,10065,10067,10069,10072,10073,10074,10075,10076,10077,10078,10079,10080,10081,10082,10083,10084,10085,10086,10087,10088,10089,10090,10091,10092,10093,10094,10095,10096,10097,10098,10099,10100,10101,10102,10103,10104,10105,10106,10107,10108,10109,10110,10111,10112,10113,10114,10115,10116,10117,10118,10119,10120,10121,10122,10123,10124,10125,10126,10127,10128,10129,10130,10131,10132,10133,10134,10135,10136,10137,10138,10139,10140,10141,10142,10143,10144,10145,10146,10147,10148,10149,10150,10151,10152,10153,10154,10155,10156,10157,10158,10159,10160,10161,10162,10163,10164,10165,10166,10167,10168,10169,10170,10171,10172,10173,10174,10175,10176,10177,10178,10179,10180,10181,10182,10183,10184,10185,10186,10187,10188,10189,10190,10191,10192,10193,10194,10195,10196,10197,10198,10199,10200,10201,10202,10203,10204,10205,10206,10207,10208,10209,10210,10211,10212,10213,10214,10215,10216,10217,10218,10219,10220,10221,10222,10223,10224,10225,10226,10227,10228,10229,10230,10231,10232,10233,10234,10235,10236,10237,10238,10239,10240,10241,10242,10243,10244,10245,10246,10247,10248,10249,10250,10251,10252,10253,10254,10255,10256,10257,10258,10259,10260,10261,10262,10263,10264,10265,10266,10267,10268,10269,10270,10272,10274,10275,10276,10277,10278,10279,10280,10281,10282,10283,10285,10286,10288,10291,10292,10293,10294,10295,10297,10299,10301,10302,10303,10304,10305,10306,10307,10308,10309,10310,10311,10312,10313,10314,10315,10316,10317,10318,10319,10320,10321,10322,10323,10324,10325,10326,10327,10328,10329,10330,10332,10333,10334,10335,10336,10337,10338,10339,10340,10341,10342,10343,10344,10345,10346,10347,10348,10349,10350,10351,10352,10353,10354,10355,10356,10357,10358,10359,10360,10361,10362,10363,10364,10365,10366,10367,10368,10369,10370,10371,10372,10373,10374,10375,10376,10377,10378,10379,10380,10381,10383,10384,10385,10386,10387,10388,10389,10390,10391,10392,10393,10394,10395,10396,10397,10398,10399,10400,10401,10402,10403,10404,10405,10406,10407,10408,10409,10410,10411,10412,10413,10414,10415,10416,10417,10418,10419,10420,10421,10422,10423,10424,10425,10426,10427,10428,10429,10430,10431,10432,10433,10434,10435,10436,10437,10438,10439,10440,10441,10442,10443,10444,10445,10446,10447,10448,10449,10450,10451,10452,10453,10454,10455,10456,10457,10458,10459,10460,10461,10462,10463,10464,10465,10466,10467,10468,10469,10470,10471,10472,10473,10474,10475,10476,10477,10478,10479,10480,10481,10482,10484,10485,10486,10487,10488,10489,10490,10491,10492,10493,10494,10495,10496,10497,10498,10499,10500,10501,10502,10503,10504,10505,10506,10507,10508,10509,10510,10511,10512,10513,10514,10515,10516,10517,10518,10519,10520,10521,10522,10523,10524,10525,10526,10527,10528,10529,10530,10531,10532,10533,10534,10535,10536,10537,10538,10539,10540,10541,10542,10543,10544,10545,10546,10547,10548,10549,10550,10551,10552,10553,10554,10555,10556,10557,10558,10559,10560,10561,10562,10563,10564,10565,10566,10567,10568,10569,10570,10571,10572,10573,10574,10575,10576,10577,10578,10579,10580,10581,10582,10583,10584,10585,10586,10587,10588,10589,10590,10591,10592,10593,10594,10595,10596,10597,10598,10599,10600,10601,10602,10603,10604,10605,10606,10607,10608,10609,10610,10611,10612,10613,10614,10615,10616,10617,10618,10619,10620,10621,10622,10623,10624,10625,10626,10627,10628,10629,10630,10631,10632,10633,10634,10635,10636,10638,10639,10640,10641,10642,10643,10644,10645,10646,10647,10648,10649,10650,10651,10652,10653,10654,10655,10656,10657,10658,10659,10660,10661,10662,10663,10664,10665,10666,10667,10668,10669,10670,10671,10672,10673,10674,10675,10677,10678,10679,10680,10681,10682,10683,10684,11000,11001,11002,11003,11004,11005,11006,11007,11008,11009,11010,11011,11012,11013,11014,11015,11016,11017,11018,11019,11020,11021,11022,11023,11024,11025,11026,11027,11028,11029,11030,11038,11039,11040,11041,11042,11043,11044,11045,11046,11047,11048,11049,11050,11051,11052,11053,11054]
nombre=['Sin información','Mezcla de frondosas con predominio de exóticas','Dracaena draco','Frangula alnus','Rhamnus alaternus','Mezcla de frondosas autóctonas y exóticas','Xesteira mezclada. Varias especies del Género Cytisus en mezcla','Xesteira mixta. Varios Géneros, con predominio de Cytisus/Sarothamnus','Phillyrea latifolia','Mezcla de frondosas autóctonas con frondosas y coníferas exóticas','Mezcla de coníferas autóctonas y exóticas','Ailanthus altissima','Malus sylvestris','Celtis australis','Taxus baccata','Mezcla de coníferas con predominio de exóticas','Mezcla de coníferas y frondosas con predominio de exóticas','Arbolado mixto caducifolio, en España Mediterránea','Chamaecyparis lawsoniana','Acer campestre','Amygdalus dulcis','Pinus sylvestris','Pinus uncinata','Pinus pinea','Pinus halepensis','Pinus nigra','Pinus pinaster','Pinus canariensis','Pinus radiata','Acer monspessulanum','Acer pseudoplatanus','Abies alba','Abies pinsapo','Picea abies','Pseudotsuga menziesii','Acer granatense','Arbutus unedo','Betula celtiberica','Juniperus thurifera','Betula pubescens fontqueri','Betula pendula','Quercus robur','Quercus petraea','Betula pubescens carpatica','Bosque o parque de coníferas xerófilas','Quercus ilex rotundifolia','Quercus suber','Quercus canariensis','Bosque o parque de coníferas xerófilas y frondosas esclerófilas','Crataegus monogyna','Populus alba','Populus tremula','Bosque mixto de caducifolios y subsclerófilos','Alnus glutinosa','Bosque mixto de caducifolios y esclerófilos','Bosque esclerófilo mixto','Bosque esclerófilo mixto de pie de cantil','Bosque mixto de subsclerófilos y esclerófilos','Bosque mixto de subsclerófilos y coníferas','Galería continental salina','Eucalyptus globulus','Eucalyptus camaldulensis','Fraxinus angustifolia','Ficus carica','Ilex aquifolium','Fraxinus excelsior','Ceratonia siliqua','Bosque mixto caducifolio (fraga) en enclaves en España Mediterránea','Bosque mixto de caducifolios y coníferas','Fraxinus ornus','Fagus sylvatica','Castanea sativa','Elaeagnus angustifolia','Corylus avellana','Juglans regia','Galería alta','Soto mixto arbóreo','Soto mixto arbustivo','Juniperus communis alpina','Juniperus communis communis','Myrica faya','Erica arborea','Persea indica','Juniperus communis hemisphaerica','Ocotea foetens','Apollonias barbujana','Juniperus oxycedrus','Sabinar mixto','Juniperus phoenicea','Juniperus sabina','Sabino-enebral','Bosque mixto de laurifolios y esclerófilos','Populus canescens','Rhus coriaria','Populus nigra','Carpinus betulus','Laurus nobilis','Bosque de elevada heterogeneidad','Bosque subsclerófilo mixto','Olea europaea sylvestris','Olea europaea europaea','Prunus avium','Quercus coccifera','Calluna vulgaris','Arctostaphylos uva-ursi','Mezcla de varias especies de pinos','mezcla de varias especies del género Pinus','Quercus cerrioides','Myrtus communis','Pistacia lentiscus','Ligustrum vulgare','Quercus fruticosa','Rosmarinus officinalis','Quercus ilex ilex','Berberis vulgaris','Quercus pubescens','Quercus pyrenaica','Quercus, varias especies en mezcla','Cornus sanguinea','Euonymus europaeus','Quercus faginea','Ziziphus lotus','Quercus gr. faginea. Varias estirpes infraspecíficas o de difícil adscripción','Anthyllis cytisoides','Sorbus aria','Santolina rosmarinifolia','Salix alba','Salix atrocinerea','Salix pedicellata','Sorbus domestica','Salix fragilis','Sorbus hybrida','Sorbus latifolia','Sorbus mougeotii','Sambucus nigra','Salix caprea','Salix canariensis','Saladar seco','Sorbus torminalis','Sorbus aucuparia','Sauzal alto mixto','Sauzal mixto en gándara o turbera','Tetraclinis articulata','Tilia cordata','Tamarix africana','Tamarix gallica','Tilia intermedia','Tilia platyphyllos','Tamarix canariensis','Tamarix boveana','Tarajal mezclado (mezcla de especies de Tamarix)','Ulmus glabra','Ulmus minor','Phoenix dactylifera','Asphodelus albus','Adenocarpus complicatus','Adenocarpus decorticans','Arthrocnemum fruticosum','Arthrocnemum macrostachyum','Adenocarpus hispanicus','Amelanchier ovalis','Arthrocnemum perenne','Asphodelus ramosus','Atriplex halimus','Bupleurum fruticosum','Bupleurum gibraltaricum','Brachypodium phoenicoides','Brachypodium retusum','Cytisus arboreus','Cytisus cantabricus','Cytisus commutatus','Cytisus grandiflorus','Carrichtera annua','Cladium mariscus','Cytisus multiflorus','Corema album','Cytisus patens','Cytisus scoparius','Cytisus striatus','Cytisus reverchonii','Cedrus atlantica','Cedrus libanotica, aggr.,s.l.','Dorycnium pentaphyllum','Dittrichia viscosa','Escobillar mixto','Eucalyptus dalrympleana','Ephedra fragilis','Eucalyptus macarthuri','Eucalyptus obliqua','Eucalyptus gomphocephala','Eucalyptus rudis','Eucalyptus sp.','Eucalyptus citriodora','Eucalyptus spp., en mezcla','Festuca arundinacea','Festuca spp. de alta montaña','Guiraoa arvensis','Gypsophila hispanica','Chamaespartium sagittale','Chamaespartium tridentatum','Hippocrepis comosa','Hyparrhenia hirta','Hippophaë rhamnoides','Cupressus glabra','Cupressus lusitanica','Cupressus macrocarpa','Cupressus sempervirens','Cupressus, otras especies','Cupressus, varias especies, en mezcla','Koeleria crassipes','Koeleria vallesiana castellana','Lavandula angustifolia','Populus x canadensis','Lavandula dentata','Limonium insigne','Lavandula latifolia','Limoniastrum monopetalum','Lavandula lanata','Larix, una o varias especies','Lavandula stoechas','Lavandula angustifolia x vera (lavandín)','Limonium, especies vivaces, una o varias ("orejonal")','Nicotiana glauca','Nerium oleander','Ononis fruticosa','Ononis natrix','Opuntia sp.','Ononis ramosissima','Ononis speciosa','Ononis tridentata','Periploca laevigata angustifolia','Pinus brutia','Pinus ponderosa','Phillyrea angustifolia','Platanus hybrida','Phillyrea media','Pinus jeffreyi','Pinus nigra nigra','Phlomis purpurea','Pinus strobus','Pistacia terebinthus','Mezcla de varias especies de pinos, todos o la mayoría exóticos','Quercus cerris','Quercus rubra','Ricinus communis','Rhododendron ferrugineum','Coronilla minima minima','Robinia pseudacacia','Coronilla minima minor','Almarjal, Barrillar','Securinega tinctoria','Marisma salina clara','Marisma salina densa','Salix elaeagnos','Stipa gigantea','Saladar húmedo','Stipa iberica','Salsola kali','Salix americana','Salix viminalis','Stipa offneri','Stipa pennata','Salix purpurea','Stipa lagascae','Sosar terofítico (Halogeton, Salsola papillosa, etc.)','Suaeda maritima','Salvia lavandulifolia','Suaeda vera','Quenopodiáceas y spp. varias de otras familias, mezcla en agrupación halófila','Thymus baeticus','Thymbra capitata','Thymus hyemalis','Thymus longiflorus','Thymus mastichina','Thymelaea tinctoria','Thymus serpyllioides','Thymelaea hirsuta','Thymus membranaceus','Thymus vulgaris','Thymus zygis','Ulmus pumila','Vaccinium myrtillus','Viburnum tinus','Withania frutescens','Bojar mixto','brezal hidrófilo mixto','Brezal mezclado','Erica cinerea','Erica andevalensis','Erica mackaiana','Cistus laurifolius','Festuca scariosa','Helictotrichon filifolium','Genista florida','Genista cinerea','Genista valentina','Genista obtusiramea','Genista ramosissima','Genista spartioides','Genista pilosa','Genista pseudopilosa','Helichrysum sp.','Cistus ladanifer','Cistus monspeliensis','Cistus populifolius','Jaral mezclado.- Cistus, varias especies, en mezcla','Rosmarinus sp.','Cytisus purgans','Retama sphaerocarpa','Retama monosperma','Artemisia herba-alba','Artemisia glutinosa','Artemisia barrelieri','Ulex europaeus','Ulex minor','Ulex gallii','Tojar extramediterráneo. Mezcla de spp. de Ulex o bien tojar con matorral mixto','Ulex parviflorus','Stauracanthus boivinii','Aulagar mezclado o mixto mediterráneo','Desierto, en general. Cubierta vegetal inferior al 5% de la superficie','Semidesierto, en general. Cubierta entre el 5% y el 15%','Desierto de altura','Semidesierto de altura','Desierto de barro','Semidesierto de barro','Desierto de erosión','Semidesierto de erosión','Desierto rocoso, no kárstico, roquedo compacto','Semidesierto rocoso, no kárstico','Desierto por sobrecarga de macrofauna espontánea','Semidesierto por sobrecarga de macrofauna espontánea','Desierto de hielo','Semidesierto de hielo','Desierto por incendios','Semidesierto por incendio reiterado','Desierto de canchales, gleras, cascajares y pedregales','Semidesierto de canchales, gleras, cascajares y pedregales','Desierto kárstico','Semidesierto kárstico','Desierto inundado por mareas, en sustrato no barroso','Desierto por excavaciones o escombreras de minas y canteras','Semidesierto por excavaciones o escombreras de minas y canteras','Desierto por pastoreo o sobrecarga ganadera','Semidesierto por pastoreo o sobrecarga ganadera','Desierto de arena','Semidesierto de arena','Desierto por concentración de sustancias tóxicas','Semidesierto por concentración de sustancias tóxicas','Desierto salino seco','Semidesierto salino seco','césped','Nardus stricta','Césped denso de altura, "tasca"','Césped denso de altura, "borreguil"','Césped denso de altura, "braña de cumbres"','Estepa leñosa','Estepa leñosa de altura','Estepa leñosa de algezar','Matas bajas y herbáceas vivaces en karst','Estepa leñosa de duna','Palmitar, en zona hiperárida','Erizal. Matorral espinoso almohadillado','Genista baetica','Genista haenseleri','Genista hispanica','Calicotome spinosa, C. villosa','Astragalus boissieri','Astragalus nevadensis','Astragalus clusii','Brezal xerófilo mixto','Erica scoparia','Erica multiflora','Erica umbellata','Erica vagans','Erica australis','brezal mixto','Garriga alta y densa','Garriga media degradada','Garriga clara, muy degradada o incipiente','Romeral mixto','Salvio-Esplegar','Prado de diente','Espinar, s.l.','Espinar caducifolio','Crataegus sp.','Rhamnus catharticus','Rosa, una o varias especies, arbustivas o subarbustivas','Prunus ramburii','Prunus spinosa','Berberis hispanica','Maytenus senegalensis','Rahmnus lycioides, Rh. oleoides, Rh. saxatilis','Lycium, una o varias especies','Calicotome intermedia','Pteridium aquilinum, o helechar de altura','Helechar mixto','Herbazal anual','Jaramagal (Diplotaxis, Brassica, etc.)','Cenizar (Chenopodium, Amaranthus, etc.)','Herbazal rudero-nitrófilo','Herbazal anual gipsófilo','Launaea, una o varias especies anuales','Spartina stricta o Lastonar marismeño','Diplotaxis harra','Herbazal terofítico de gándara','Moricandia arvensis ("collejonar")','Reseda, una o varias especies anuales','Herbazal rudero-arvense','Margarital (Anthemis, Tanacetum, Ormenis, etc.)','Asphodelus fistulosus','Trebolar terofítico mixto','Jaramagal ammo-nitrófilo','Herbazal de leguminosas xerófilas','Moricandia foetida','Espiguillar terofítico (Bromus, Vulpia, Hordeum, etc.)','Espiguillar terofítico sobre barbecho antiguo (Trachynia, Cynosurus, etc.)','Moricandia moricandioides','Césped xerófilo mixto (Festuca hystrix, F. duriuscula, etc.)','Cardal (Onopordon, Sylibum, Cirsium, Eryngium, Ptilostemon, etc.)','Lastonar mixto','Agrostis curtisii','Gramal mixto (Dactylis, Cynodon, Koeleria, Avenula, etc.)','Lastonar de altura','Lastonar pinchudo de altura (Festuca indigesta)','Corynephorus canescens','Ammophila arenaria','Arrhenatherum bulbosum','Matorral mixto, s.l.','Sideritis glacialis','Matorral en karst','Tamojar','Matorral de pie de cantil','Arenaria tetraqueta','Matorral mixto de ericáceas','Matorral mixto de gándara','Erodium petraeum','Saladar negro: Salsola verticillata','Matorral mixto gipsófilo','Matorral claro gipsófilo','Matorral halófilo con presencia importante de Salsola verticillata','Matorral mixto halo-higrófilo','Matorral mixto nitro-termófilo','Matorral mixto halo-xerófilo','Matorral mixto con predominio de Genista spartioides','Matorral mixto con predominio de Genista spartioides y Ulex parviflorus','Matorral mixto con predominio de romero','Matorral mixto con predominio de Ulex parviflorus','Matorral mixto con predominio de Anthyllis cytisoides','Lasto-Erizal','Lasto-Mato-Erizal','Mato-Erizal','Mancha alta y densa','Mancha degradada','Matorral alto en karst','Buxus sempervirens','Buxus balearica','Pastizal estacional denso','Pastizal estacional claro','Pastizal estacional de leguminosas xerófilas vivaces','Pastizal o herbazal vivaz con encharcamiento temporal','Herbazal vivaz en duna o arena móvil','herbazal vivaz sometido a inundación intermitente por mareas','Pastizal mesófilo denso','Matorral retamoideo mixto. Varios Géneros, predominio Genista-Retama-Spartium','Teline linifolia','Spartium junceum','Teline monspessulana','Salsola genistoides','Prado de siega','Tomillar mixto','Tomillar mixto con Compuestas leñosas (Artemisia, Helichrysum, Santolina)','Agave sisalana','Agave fourcroydes','Jaguarzal, Carpazal','Cistus albidus','Cistus salvifolius','Cistus psilosepalus','Cistus clusii','Jaguarzal, carpazal gipsófilo','Halimium alyssoides','Halimium halimifolium','Halimium atriplicifolium','Helianthemum gr. croceum','Helianthemum, especies rastreras, excluída gr. Croceum','Helianthemum apenninum','Chamaerops humilis','Junquera mixta y/o herbazal vivaz alto de "tabla"','Herbazal mixto de tabla (vivaces y terófitos, con predominio de éstos)','Typha latifolia','Typha angustifolia','Junquera mezclada.- Juncus, especies varias en mezcla','Junciar alto','Herbazal vivaz de gándara','Herbazal mixto de gándara (spp. anuales)','Holoschoenus vulgaris','Pastizal leñoso mixto: Especies ± xerófilas','Pastizal leñoso mixto: especies ± hidrófilas, en dominios de bosque caducifolio','Acacia dealbata','Acacia melanoxylon','Stipa tenacissima','Lygeum spartum','Arbustedo mixto caducifolio','Matorral acusadamente termófilo','Fraga poliedícica.- Bosque caducifolio poliedícico extramediterráneo','Bosque mixto de pie de cantil','Galería arbórea mixta','Fraga diedícica de Quercus robur y Betula celtiberica','Fraga diedícica de Quercus robur y Castanea sativa','Fraga diedícica de Betula celtiberica y Castanea sativa','Fraga diedícica de Quercus pyrenaica y Castanea sativa','Fraga diedícica de Quercus robur e ilex aquifolium','Fraga diedícica de Quercus pyrenaica y Betula celtiberica','Mosaico en gándara con árboles y arbustos','Fraga triedícica, con Quercus pyrenaica, Betula celtiberica y Castanea sativa','Fraga triedícica con Quercus robur, Quercus pyrenaica y Betula celtiberica','Fraga triedícica con Quercus robur, Quercus pyrenaica y Castanea sativa','Fraga diedícica con Quercus robur y Quercus pyrenaica','Fraga triedícica con Quercus robur, Betula celtiberica y Castanea sativa','Fraga mixta con Tilia sp.','Galería arbustiva mixta','Rubus ulmifolius','Rubus, especies de tallas bajas o medias','Genista scorpius','Erizal mixto','Arenaria pungens','Hormatophylla spinosa','Vella spinosa','Echinospartum sp.','Bupleurum spinosum','Genista tejedensis','Erinacea anthyllis','Genista pumila','Cultivos agrícolas','Arbolado','Arbustedo','Lasto-timo-aliagar','Genista equisetiformis, G. umbellata','Genista umbellata','Launaea arborescens','Launaea lanifera','Phragmites australis (carrizal)','Arundo plinii','Arundo donax','Cañar o carrizal mixto','Musgar','Liquenar','Matorral mixto silicícola (composición dependiente de la comarca y la altitud)','Matorral mixto silicícola con participación apreciable de elementos espinosos','Matorral mixto calcícola','Matorral mixto calcícola con participación apreciable de espinosas','Sabino-enebral rastrero mixto','áreas en proceso de urbanización o urbanizadas','Arbutus canariensis','Prado con pebes','Arbustedo mixto termófilo','Brezal con matorral mixto','Bosque termófilo mixto','Chamaecytisus palmensis','Erica scoparia platycodon','Juniperus cedrus','Laurus azorica','Laurocerasus lusitanica hixa','Laurisilva multiespecífica','Laurisilva oligoespecífica','Monteverde','Olea europaea','Pistacia atlantica','Prelaurisilva','Premonteverde','Phoenix canariensis','Retamar mixto del Teide','Sabinar fresco mixto','Visnea mocanera','Agave americana','Artemisia canariensis','Adenocarpus foliolosus','Atriplex glauca','Adenocarpus viscosus','Citrullus colocynthis','Cheiranthus scoparius','Cistus symphytifolius','Chenolea tomentosa','Echium decaisnel','Echium onosmifolium','Eupatorium','Hypericum canariense','Lycium intricatum','Neochamaelea pulverulenta','Ononis angustissima','Odontospermum intermedium','Odontospermum sericeum','Pterocephalus dumetorum','Pterocephalus lasiospermus','Plocama pendula','Periploca laevigata','Plantago webbil','Rumex lunaria','Sideritis bolleana','Salvia canariensis','Suaeda vermiculata','Schizogyne sericea','Salsola vermiculata','Salsola verticillata','Suaeda vera vera','Traganum moquinii','Viola cheiranthifolia','Zigophyllum fontanesii','Codesar (Adenocarpus) extraalísico','Codesar suprasílvico, ocasionalmente sílvico','Desierto de bloques rocosos','Desierto de roca compacta','Desierto de lavas','Desierto de picones','Arenales y Jables','Desierto de altura','Tabaibar amargo','Dragonal (vestigios)','Almacigar (vestigios)','Aulagar','Aulagar de Launaea arborescens','Aulagar claro (Launaea arborescens)','Jaramagal','Semidesierto','Herbazal anual alísico','Herbazal anual extraalísico (sílvico)','Herbazal anual higrófilo','Herbazal anual intraalísico','Herbazal anual suprasílvico (claro)','Herbazal vivaz, s.l.','Cardal','Lastonar (Pennisetum, Aristida, etc.)','Matorral mixto alísico, s.l.','Matorral mixto blanco, alísico','Matorral mixto blanco, extraalísico','Matorral mixto infrasílvico','Matorral mixto seco infrasílvico','Matorral mixto suprasílvico, claro','Matorral mixto tajial, infrasílvico','Tagasastar','Retamar extraalísico (Teline, Retama)','Retamar suprasílvico','Escobonal','Matorral halófilo mixto','Tomillar','Jaral, Jaguarzal, s.l.','Junquera','Acacia cyclops','Acacia cyanophylla','Tajinastar','Laurisilva oligospecífica','Laurisilva multispecífica','Rubus spp. Zarzal','Cedral rastrero de altura','Cardonal de Euphorbia canariensis','Cardonal de Euphorbia handiensis','Toldar (Euphorbia aphylla)','Tabaibar dulce (Euphorbia balsamifera)','Matorral termófilo mixto','Matorral termófilo con predominio de Euphorbiaceae','Matorral termófilo con elementos crasos (Euphorbia aphylla, Ceropegia spp.)','Palmar','Nopalar (Opuntia spp.)','Cornicalar (Periploca laevigata)','Mezcla de Quercus ilex ilex y Quercus ilex rotundifolia','Asphodelus aestivus','Asplenium onopteris','Brachypodium sylvaticum','Hedera canariensis','Myosotis latifolia','Origanum vulgare','Phagnalon saxatilis','Psoralea bituminosa','Smilax aspera','Viola riviniana','Woodwardia radicans','Aeonium palmensis','Aeonium viscatum','Ageratina adenophora','Ageratina riparia','Aichryson laxum','Aichryson punctatum','Argyranthemum frutescens','Argyranthemum gracile','Brachypodium arbuscula','Bupleurum salicifolium','Bystropogon canariensis','Bystropogon origanifolius','Carlina xeranthemoides','Chamaecytisus proliferus','Davalia canariensis','Descurainia bourgeana','Dryopteris oligodonta','Echium aculeatum','Echium brevirame','Echium hierrense','Erysimum scoparium','Euphorbia aphylla','Euphorbia balsamifera','Euphorbia berthelotii','Euphorbia obtusifolia','Euphorbia canariensis','Euphorbia mellifera','Fayal brezal','Fayal-brezal de tejo','Ferula linkii','Geranium canariensis','Gesnouinia arborea','Gonospermum canariensis','Gonospermun fruticosum','Heberdenia bahamensis','Herbazal alísico','Herbazal extraalísico','Herbazal infrasílvico','Hypericum grandifolium','Hypericum reflexum','Ilex canariensis','Ilex platyphilla','Jaral mixto','Jasminum adoratisimun','Laurisilva termófila','Lavandula canariensis','Lavandula pinnatifida','Lotus campylocladus','Lotus hillebrandii','Matorral de artemisia ramosa','Matorral mixto extraalísico','Matorral mixto halo-higrófilo','Matorral mixto hiperxerófilo','Matorral termófilo mixto (crasas y secas) claro','Maytenus canariensis','Messerschmidia fruticosa','Micromeria hyssopifolia','Micromeria varia','Myrica rivas-martinezii','Pastizal estacional claro','Phyllis nobla','Picconia excelsa','Pleiomeris canariensis','Pseudoarrhenaterum bulbosum','Reducto o vestigio de almacigar','Retama monosperma rhodorrhizoides','Rhamnus crenulata','Rhamnus glandulosa','Rubia fruticosa','Rumex maderensis','Scrophularia glabrata','Semidesierto de lavas','Semidesierto de picón','Senecio klenia','Sideroxylon marmulano','Smilax canariensis','Sonchus leptocephalus','Spartocytisus filipes','Teline canariensis','Teline microphylla','Teline stenopetala','Tolpis laciniata','Viburnum rigidum','Viola palmensis','Terrenos improductivos','Echium webbii','Aeonium nobile','Cedronella canariensis','Convolvulus canariensis','Convolvulus floridus','Plantago arborescens','Globularia salicina','Aeonium subplanum','Aeonium hierrense','Aeonium punctatum','Aeonium lindleyi','Aeonium canariense','Aeonium ciliatum','Aeonium spathulatum','Spartocytisus supranubius','Phagnalon purpurascens','Echium acanthocarpum','Echium leucophaeum','Echium auberianum','Echium wildpretii','Echium virescens','Aeonium decorum','Paronychia canariensis','Mesembryanthemun aistalinea','Carlina salicifolia','Polycarpea nivea','Tolpis proustii','Tolpis webbii','Sambucus palmensis','Canarina canariensis','Tamus edulis','Urtica morifolia','Limonium pectinatum','Descurainia millefolia','Lotus emeroides','Lotus glaucus','Lotus sessilifolius','Sonchus hierriensis','Sonchus arboreus','Greenovia diplocycla','Ixanthus viscosus','Silene nocteolens','Rubus bollei','Ceropegia fusca','Sideritis dendro-chahorra','Semele androgyna','Astydamia latifolia','Withania aristata','Isoplexis canariensis','Allagopappus dichotomus','Salsola longifolia','Euphorbia atropurpurea','Cheirolophus teydis','Arrhenatherum calderae','Senecio palmensis','Asparagus plocamoides','Bystropogon plumosus','Pennisetum setaceum','Bencomia caudata','Pimpinella cumbrae','Rhamnus integrifolia','Cistus osbeckifolius','Lavatera acerifolia','Nepeta teydea','Phyllis viscosa','Vieraea laevigata','Descurainia gilva','Sideritis canariensis','Echium pininana','Andryalia pinnatifida','Pterocephalus porphyranthus','Ceropegia hians','Viola palmensis','Olea lentiscetum balear','Matorral mixto sobre arenal +/- movil','Semidesierto de roca salinizada','Desierto de roca salinizada','Agua','Abies','Abutilon','Abutilon teophrasti','Acacia','Acacia farnesiana','Acacia karoo','Acacia longifolia','Acacia mearnsii','Acacia retinoides','Acanthus','Acanthus mollis','Acer','Acer martinii','Acer negundo','Acer opalus','Acer platanoides','Aceras','Aceras anthropophorum','Achillea','Achillea ageratum','Achillea chamaemelifolia','Achillea filipendulina','Achillea ligustica','Achillea millefolium','Achillea millefolium millefolium','Achillea nobilis','Achillea nobilis nobilis','Achillea odorata','Achillea ptarmica','Achillea pyrenaica','Achillea santolinoides','Achillea setacea','Achillea tomentosa','Achnatherum','Achnatherum calamagrostis','Achyranthes','Achyranthes aspera','Achyranthes sicula','Acinos','Acinos alpinus','Acinos alpinus alpinus','Acinos alpinus meridionalis','Acinos arvensis','Acinos rotundifolius','Aconitum','Aconitum anthora','Aconitum compactum','Aconitum napellus','Aconitum napellus napellus','Aconitum napellus vulgare','Aconitum nevadense','Aconitum paniculatum','Aconitum pyrenaicum','Aconitum pyrenaicum lamarckii','Aconitum vulparia','Actaea','Actaea spicata','Adenocarpus','Adenocarpus commutatus','Adenocarpus complicatus anisochilus','Adenocarpus complicatus aureus','Adenocarpus complicatus complicatus','Adenocarpus complicatus lainzii','Adenocarpus hispanicus argyrophyllus','Adenocarpus hispanicus hispanicus','Adenocarpus telonensis','Adenostyles','Adenostyles alliariae','Adenostyles alliariae alliariae','Adenostyles alliariae hybrida','Adiantum','Adiantum capillus-veneris','Adiantum cuneatum','Adiantum decorum','Adiantum hispidulun','Adiantum venustum','Adonis','Adonis aestivalis','Adonis annua','Adonis annua annua','Adonis annua carinata','Adonis baetica','Adonis flammea','Adonis microcarpa','Adonis pyrenaica','Adonis vernalis','Adoxa','Adoxa moschatellina','Aegilops','Aegilops geniculata','Aegilops lorentii','Aegilops neglecta','Aegilops triuncialis','Aegilops ventricosa','Aeluropus','Aeluropus littoralis','Aeonium','Aeonium arboreum','Aesculus','Aesculus hippocastanum','Aetheorhiza','Aetheorhiza bulbosa','Aetheorhiza bulbosa bulbosa','Aetheorhiza bulbosa willkommii','Aethionema','Aethionema saxatile','Aethionema saxatile ovalifolium','Aethionema saxatile saxatile','Aethusa','Aethusa cynapium','Aethusa cynapium agrestis','Aethusa cynapium cynapium','Agave','Ageratum','Ageratum houstonianum','Agrimonia','Agrimonia eupatoria','Agrimonia eupatoria eupatoria','Agrimonia eupatoria grandis','Agrimonia procera','Agrimonia repens','x Agropogon','x Agropogon x littoralis','Agropyron','Agropyron cristatum','Agropyron cristatum pectinatum','Agrostemma','Agrostemma githago','Agrostis','Agrostis agrostiflora','Agrostis alpina','Agrostis canina','Agrostis capillaris','Agrostis castellana','Agrostis durieui','Agrostis gigantea','Agrostis gigantea gigantea','Agrostis juressi','Agrostis nebulosa','Agrostis nevadensis','Agrostis nevadensis minor','Agrostis nevadensis nevadensis','Agrostis olivetorum','Agrostis pourretii','Agrostis reuteri','Agrostis rupestris','Agrostis schleicheri','Agrostis stolonifera','Agrostis tenerrima','Agrostis tileni','Agrostis truncatula','Ailanthus','Aira','Aira caryophyllea','Aira caryophyllea caryophyllea','Aira caryophyllea multiculmis','Aira cupaniana','Aira elegantissima','Aira praecox','Aira tenorii','Aira uniaristata','Airopsis','Airopsis tenella','Aizoon','Aizoon hispanicum','Ajuga','Ajuga chamaepitys','Ajuga chamaepitys chamaepitys','Ajuga iva','Ajuga pyramidalis','Ajuga reptans','Ajuga rotundifolia','Albizia','Albizia distachya','Albizia julibrissin','Alcea','Alcea rosea','Alchemilla','Alchemilla alpina','Alchemilla arvensis','Alchemilla balsatica','Alchemilla catalaunica','Alchemilla colorata','Alchemilla connivens','Alchemilla coriacea','Alchemilla cornucopioides','Alchemilla demissa','Alchemilla fallax','Alchemilla filicaulis','Alchemilla fissa','Alchemilla flabellata','Alchemilla flaccida','Alchemilla fontqueri','Alchemilla fulgens','Alchemilla glabra','Alchemilla glomerulans','Alchemilla lapeyrousii','Alchemilla lineata','Alchemilla longana','Alchemilla microcarpa','Alchemilla plicatula','Alchemilla pyrenaica','Alchemilla saxatilis','Alchemilla splendens','Alchemilla straminea','Alchemilla subsericea','Alchemilla tenuis','Alchemilla transiens','Alchemilla vetteri','Alchemilla viridicans','Alchemilla xanthochlora','Alisma','Alisma lanceolatum','Alisma plantago-aquatica','Alkana','Alkana lutea','Alkana tinctoria','Alliaria','Alliaria petiolata','Allium','Allium ampeloprasum','Allium baeticum','Allium carinatum','Allium carinatum carinatum','Allium cepa','Allium chamaemoly','Allium chrysonemum','Allium cupani','Allium cupani hirtovaginatum','Allium ebusitanum','Allium ericetorum','Allium grosii','Allium guttatum','Allium guttatum sardoum','Allium massaessylum','Allium melananthum','Allium moly','Allium moschatum','Allium neapolitanum','Allium nigrum','Allium oleraceum','Allium palentinum','Allium pallens','Allium pallens pallens','Allium paniculatum','Allium paniculatum paniculatum','Allium paniculatum villosulum','Allium pardoi','Allium polyanthum','Allium porrum','Allium pyrenaicum','Allium reconditum','Allium roseum','Allium rouyi','Allium sativum','Allium schmitzii','Allium schoenoprasum','Allium schoenoprasum orosiae','Allium schoenoprasum schoenoprasum','Allium scopulicola','Allium scorodoprasum','Allium scorodoprasum rotundum','Allium scorzonerifolium','Allium senescens','Allium senescens montanum','Allium sphaerocephalon','Allium sphaerocephalon sphaerocephalon','Allium stearnii','Allium subhirsutum','Allium subvillosum','Allium triquetrum','Allium ursinum','Allium ursinum ursinum','Allium victorialis','Allium vineale','Alnus','Alnus cordata','Alnus cordata cordata','Alnus incana','Alnus incana incana','Alnus viridis','Aloë','Aloë arborescens','Aloë saponaria','Aloë succotrina','Aloë vera','Alopecurus','Alopecurus aequalis','Alopecurus arundinaceus','Alopecurus bulbosus','Alopecurus geniculatus','Alopecurus gerardii','Alopecurus myosuroides','Alopecurus pratensis','Alopecurus pratensis pratensis','Alopecurus rendlei','Alternanthera','Alternanthera caracasana','Alternanthera nodiflora','Alternanthera peploides','Alternanthera pungens','Alternanthera pungens monocephala','Althaea','Althaea cannabina','Althaea hirsuta','Althaea longiflora','Althaea officinalis','Althenia','Althenia filiformis','Alyssum','Alyssum alyssoides','Alyssum arenarium','Alyssum atlanticum','Alyssum cuneifolium','Alyssum diffusum','Alyssum fastigiatum','Alyssum granatense','Alyssum linifolium','Alyssum minus','Alyssum minutum','Alyssum montanum','Alyssum montanum gadorense','Alyssum montanum montanum','Alyssum serpyllifolium','Amaranthus','Amaranthus acutilobus','Amaranthus albus','Amaranthus blitodes','Amaranthus bouchonii','Amaranthus caudatus','Amaranthus crispus','Amaranthus cruentus','Amaranthus deflexus','Amaranthus gracilis','Amaranthus graecizans','Amaranthus hybridus','Amaranthus lividus','Amaranthus muricatus','Amaranthus paniculatus','Amaranthus patulus','Amaranthus powellii','Amaranthus quitensis','Amaranthus retroflexus','Amaranthus spinosus','Amaranthus standleyanus','Amaranthus viridis','Amberboa','Amberboa moschata','Ambrosia','Ambrosia artemisiifolia','Ambrosia coronopifolia','Ambrosia maritima','Ambrosia tenuifolia','Ambrosia trifida','Amelanchier','Amelanchier ovalis comafredensis','Amelanchier ovalis ovalis','Ammannia','Ammannia coccinea','Ammi','Ammi majus','Ammi visnaga','Ammochloa','Ammochloa palaestina','Ammochloa palaestina palaestina','Ammochloa palaestina subacaulis','Ammoides','Ammoides pusilla','Ammophila','Ammophila arenaria arenaria','Ammophila arenaria arundinacea','Ampelodesmos','Ampelodesma mauritanica','Amygdalus','Anabasis','Anabasis aphylla','Anabasis articulata','Anacamptis','Anacamptis pyramidalis','Anacyclus','Anacyclus alboranensis','Anacyclus clavatus','Anacyclus pyrethrum','Anacyclus radiatus','Anacyclus valentinus','Anagallis','Anagallis arvensis','Anagallis crassifolia','Anagallis foemina','Anagallis minima','Anagallis monelli','Anagallis monelli collina','Anagallis monelli monelli','Anagallis tenella','Anagyris','Anagyris foetida','Anarrhinum','Anarrhinum bellidifolium','Anarrhinum duriminium','Anarrhinum laxiflorum','Anchusa','Anchusa arvensis','Anchusa arvensis arvensis','Anchusa arvensis orientalis','Anchusa azurea','Anchusa calcarea','Anchusa granatensis','Anchusa officinalis','Anchusa puechii','Anchusa subglabra','Anchusa undulata','Anchusa undulata undulata','Andrachne','Andrachne telephioides','Androcymbium','Androcymbium europaeum','Andropogon','Andropogon distachyos','Androsace','Androsace carnea','Androsace carnea carnea','Androsace carnea laggeri','Androsace carnea rosea','Androsace ciliata','Androsace cylindrica','Androsace cylindrica cylindrica','Androsace cylindrica willkommii','Androsace elongata','Androsace elongata breistrofferii','Androsace elongata elongata','Androsace helvetica','Androsace lactea','Androsace maxima','Androsace pubescens','Androsace pyrenaica','Androsace rioxana','Androsace vandellii','Androsace villosa','Andryala','Andryala agardhii','Andryala integrifolia','Andryala laxiflora','Andryala ragusina','Anemone','Anemone coronaria','Anemone narcissiflora','Anemone nemorosa','Anemone palmata','Anemone pavoniana','Anemone ranunculoides','Anemone ranunculoides ranunculoides','Anemone trifolia','Anemone trifolia albida','Anethum','Anethum graveolens','Angelica','Angelica laevis','Angelica pachycarpa','Angelica sylvestris','Angelica razulii','Annona','Annona cherimolia','Anogramma','Anogramma leptophylla','Antennaria','Antennaria carpatica','Antennaria dioica','Anthemis','Anthemis alpestris','Anthemis altissima','Anthemis arvensis','Anthemis arvensis arvensis','Anthemis arvensis incrassata','Anthemis bourgaei','Anthemis carpatica','Anthemis carpatica carpatica','Anthemis carpatica petraea','Anthemis chrysantha','Anthemis cossoniana','Anthemis cotula','Anthemis cretica','Anthemis maritima','Anthemis triumfetti','Anthemis tuberculata','Anthemis tuberculata tuberculata','Anthemis tuberculata turolensis','Anthericum','Anthericum baeticum','Anthericum liliago','Anthericum ramosum','Anthoxantum','Anthoxantum amarum','Anthoxantum aristatum','Anthoxantum aristatum aristatum','Anthoxantum aristatum machrantum','Anthoxantum odoratum','Anthoxantum ovatum','Anthriscus','Anthriscus caucalis','Anthriscus cerefolium','Anthriscus sylvestris','Anthyllis','Anthyllis barba-jovis','Anthyllis cornicina','Anthyllis fontqueri','Anthyllis gandogeri','Anthyllis gerardi','Anthyllis hamosa','Anthyllis henoniana','Anthyllis hermanniae','Anthyllis hystrix','Anthyllis lotoides','Anthyllis montana','Anthyllis montana hispanica','Anthyllis onobrychoides','Anthyllis pachyphylla','Anthyllis plumosa','Anthyllis polycephala','Anthyllis ramburii','Anthyllis rupestris','Anthyllis tejedensis','Anthyllis terniflora','Anthyllis tetraphylla','Anthyllis vulneraria','Anthyllis vulneraria alpestris','Anthyllis vulneraria argyrophylla','Anthyllis vulneraria arundana','Anthyllis vulneraria atlantis','Anthyllis vulneraria balearica','Anthyllis vulneraria dertosensis','Anthyllis vulneraria forondae','Anthyllis vulneraria iberica','Anthyllis vulneraria maura','Anthyllis vulneraria praepropera','Anthyllis vulneraria pyrenaica','Anthyllis vulneraria reuteri','Anthyllis vulneraria vulnerarioides','Antinoria','Antinoria agrostidea','Antinoria agrostidea agrostidea','Antinoria agrostidea natans','Antirrhinum','Antirrhinum ambiguum','Antirrhinum australe','Antirrhinum barrelieri','Antirrhinum boissieri','Antirrhinum bolosii','Antirrhinum braun-blanquetii','Antirrhinum charidemi','Antirrhinum graniticum','Antirrhinum grosii','Antirrhinum hispanicum','Antirrhinum hispanicum hispanicum','Antirrhinum hispanicum mollissimum','Antirrhinum latifolium','Antirrhinum majus','Antirrhinum majus cirrhigerum','Antirrhinum majus linkianum','Antirrhinum majus litigiosum','Antirrhinum majus tortuosum','Antirrhinum meonanthum','Antirrhinum meonanthum meonanthum','Antirrhinum meonanthum salcedoi','Antirrhinum microphyllum','Antirrhinum molle','Antirrhinum pertegasii','Antirrhinum pulverulentum','Antirrhinum rupestre','Antirrhinum saccharatum','Antirrhinum sempervirens','Antirrhinum siculum','Antirrhinum valentinum','Apera','Apera interrupta','Apera spica-venti','Apera spica-venti spica-venti','Aphanes','Aphanes arvensis','Aphanes cornucopioides','Aphanes floribunda','Aphanes microcarpa','Aphyllanthes','Aphyllanthes monspeliensis','Apium','Apium bermejoi','Apium graveolens','Apium inundatum','Apium leptophyllum','Apium nodiflorum','Apium repens','Aposeris','Aposeris foetida','Aptenia','Aptenia cordifolia','Aquilegia','Aquilegia aragonensis','Aquilegia cazorlensis','Aquilegia dichroa','Aquilegia discolor','Aquilegia guarensis','Aquilegia hirsutissima','Aquilegia nevadensis','Aquilegia paui','Aquilegia pyrenaica','Aquilegia vulgaris','Arabidopsis','Arabidopsis thaliana','Arabis','Arabis allionii','Arabis alpina','Arabis collina','Arabis corymbiflora','Arabis glabra','Arabis hirsuta','Arabis lusitanica','Arabis muralis','Arabis nova','Arabis parvula','Arabis pauciflora','Arabis planisiliqua','Arabis recta','Arabis sagittata','Arabis serpillifolia','Arabis serpillifolia serpillifolia','Arabis soyeri','Arabis soyeri soyeri','Arabis stenocarpa','Arabis stricta','Arabis turrita','Arabis verna','Arachis','Arachis hypogaea','Araucaria','Araucaria heterophylla','Araujia','Araujia sericifera','Arbutus','Arceuthobium','Arceuthobium oxycedri','Arctium','Arctium lappa','Arctium minus','Arctium pubens','Arctium tomentosum','Arctostaphylos','Arctostaphylos alpinus','Arctostaphylos crassifolia','Arctotheca','Arctotheca calendula','Arctotis','Arctotis stoechadifolia','Aremonia','Aremonia agrimonioides','Aremonia agrimonioides agrimonioides','Arenaria','Arenaria aggregata','Arenaria aggregata aggretata','Arenaria aggregata erinacea','Arenaria algarbiensis','Arenaria armerina','Arenaria arundana','Arenaria balearica','Arenaria capillipes','Arenaria cerastioides','Arenaria ciliata','Arenaria ciliata ciliata','Arenaria ciliata moehringioides','Arenaria conica','Arenaria conimbricensis','Arenaria controversa','Arenaria emarginata','Arenaria fontqueri','Arenaria grandiflora','Arenaria grandiflora bolosii','Arenaria grandiflora grandiflora','Arenaria grandiflora incrassata','Arenaria hispanica','Arenaria hispida','Arenaria leptoclados','Arenaria ligericina','Arenaria lithops','Arenaria maritima','Arenaria modesta','Arenaria modesta modesta','Arenaria montana','Arenaria montana intricata','Arenaria montana montana','Arenaria nevadensis','Arenaria obtusiflora','Arenaria obtusiflora ciliaris','Arenaria obtusiflora obtusiflora','Arenaria pomeli','Arenaria purpurascens','Arenaria racemosa','Arenaria retusa','Arenaria serpyllifolia','Arenaria tenuis','Arenaria tomentosa','Arenaria valentina','Arenaria vitoriana','Argemone','Argemone mexicana','Argyrolobium','Argyrolobium zanonii','Arisarum','Arisarum proboscideum','Arisarum vulgare','Arisarum simorrhinum','Arisarum vulgare','Aristida','Aristida adscensionis','Aristida coerulescens','Aristolochia','Aristolochia baetica','Aristolochia bianorii','Aristolochia clematitis','Aristolochia longa','Aristolochia pistolochia','Aristolochia rotunda','Armeniaca','Armeniaca vulgaris','Armeria','Armeria alliacea','Armeria alliacea burgalensis','Armeria alliacea lacaitae','Armeria alliacea matritensis','Armeria alliacea rigida','Armeria alliacea segoviensis','Armeria alliacea sicorisiensis','Armeria baetica','Armeria beslengensis','Armeria colorata','Armeria duriaei','Armeria eriophylla','Armeria euscadiensis','Armeria filicaulis','Armeria gaditana','Armeria hirta','Armeria hispalensis','Armeria juniperifolia','Armeria langei','Armeria langei daveaui','Armeria langei langei','Armeria littoralis','Armeria macrophylla','Armeria maritima','Armeria maritima alpina','Armeria maritima fontqueri','Armeria maritima halleri','Armeria maritima maritima','Armeria maritima miscella','Armeria maritima salvadorii','Armeria pinifolia','Armeria pseudarmeria','Armeria pubigera','Armeria pungens','Armeria pungens pungens','Armeria pungens welwitschii','Armeria quichiotis','Armeria rouyana','Armeria ruscinonensis','Armeria ruscinonensis littorifuga','Armeria ruscinonensis ruscinonensis','Armeria splendens','Armeria splendens bigerrensis','Armeria splendens splendens','Armeria trachyphylla','Armeria transmontana','Armeria velutina','Armeria vestita','Armeria villosa','Armoracia','Armoracia rusticana','Arnica','Arnica montana','Arnica montana atlantica','Arnica montana montana','Arnoseris','Arnoseris minima','Arrhenatherum','Arrhenatherum album','Arrhenatherum almijarense','Arrhenatherum elatius','Arrhenatherum elatius elatius','Arrhenatherum elatius sardoum','Artemisia','Artemisia abrotanum','Artemisia absinthium','Artemisia alba','Artemisia arborescens','Artemisia caerulescens','Artemisia caerulescens caerulescens','Artemisia caerulescens gallica','Artemisia campestris','Artemisia campestris campestris','Artemisia campestris maritima','Artemisia chamaemelifolia','Artemisia chamaemelifolia cantabrica','Artemisia chamaemelifolia chamaemelifolia','Artemisia eriantha','Artemisia gabriellae','Artemisia granatensis','Artemisia legionensis','Artemisia pedemontana','Artemisia reptans','Artemisia umbelliformis','Artemisia valentina','Artemisia verlotiorum','Artemisia vulgaris','Arthrocnemum','Arum','Arum italicum','Arum italicum italicum','Arum italicum neglectum','Arum maculatum','Arum orientale','Arum orientale lucanum','Arum orientale orientale','Arum pictum','Aruncus','Aruncus dioicus','Arundo','Asarina','Asarina procumbens','Asarum','Asarum europaeum','Asclepias','Asclepias curasavica','Asparagus','Asparagus acutifolius','Asparagus albus','Asparagus aphyllus','Asparagus asparagoides','Asparagus maritimus','Asparagus officinalis','Asparagus officinalis officinalis','Asparagus officinalis prostratus','Asparagus stipularis','Asperugo','Asperugo procumbens','Asperula','Asperula aristata','Asperula aristata oreophilla','Asperula aristata scabra','Asperula arvensis','Asperula cynanchica','Asperula hirsuta','Asperula hirta','Asperula laevigata','Asperula occidentalis','Asperula paui','Asperula pyrenaica','Asperula taurina','Asperula taurina taurina','Asphodelus','Asphodelus aestivus','Asphodelus albus albus','Asphodelus albus villarsii','Asplenium','Asplenium adiantum-nigrum','Asplenium balearicum','Asplenium billotii','Asplenium bulbiferum','Asplenium celtibericum','Asplenium cuneifolium','Asplenium fontanum','Asplenium foreziense','Asplenium hemionitis','Asplenium lucidum','Asplenium majoricum','Asplenium marinum','Asplenium nidus','Asplenium obovatum','Asplenium onopteris','Asplenium petrarchae','Asplenium petrarchae bivalens','Asplenium petrarchae petrarchae','Asplenium rutamuraria','Asplenium seelosii','Asplenium seelosii glabrum','Asplenium seelosii seelosii','Asplenium septentrionale','Asplenium subglandulosum','Asplenium subglandulosum hispanicum','Asplenium trichomanes','Asplenium trichomanes inexpectans','Asplenium trichomanes pachyrachis','Asplenium trichomanes quadrivalens','Asplenium trichomanes trichomanes','Asplenium viride','Aster','Aster alpinus','Aster aragonensis','Aster catalaunicus','Aster ericoides','Aster lanceolatus','Aster linosyris','Aster pilosus','Aster pyrenaeus','Aster sedifolius','Aster sedifolius sedifolius','Aster sedifolius trinervis','Aster squamatus','Aster tripolium','Aster tripolium pannonicus','Aster tripolium tripolium','Aster willkommii','Asteriscus','Asteriscus aquaticus','Asteriscus aquaticus aquaticus','Asteriscus aquaticus nanus','Asteriscus maritimus','Asterolinon','Asterolinon linum-stellatum','Astragalus','Astragalus algarbiensis','Astragalus alopecuroides','Astragalus alpinus','Astragalus alpinus alpinus','Astragalus australis','Astragalus austriacus','Astragalus baeticus','Astragalus baionensis','Astragalus balearicus','Astragalus bourgaeanus','Astragalus cicer','Astragalus cymbicarpos','Astragalus danicus','Astragalus depressus','Astragalus depressus depressus','Astragalus depressus helminthocarpus','Astragalus echinatus','Astragalus edulis','Astragalus epiglottis','Astragalus epiglottis asperulus','Astragalus epiglottis epiglottis','Astragalus exscapus','Astragalus giennensis','Astragalus glaux','Astragalus glycyphyllos','Astragalus granatensis','Astragalus granatensis granatensis','Astragalus grossii','Astragalus hamosus','Astragalus hegelmaieri','Astragalus hispanicus','Astragalus incanus','Astragalus incanus incanus','Astragalus incanus incurvus','Astragalus incanus macrorhizus','Astragalus incanus nummularioides','Astragalus longidentatus','Astragalus lusitanicus','Astragalus lusitanicus lusitanicus','Astragalus massiliensis','Astragalus monspessulanus','Astragalus monspessulanus chlorocyanux','Astragalus monspessulanus monspessulanus','Astragalus monspessulanus teresianus','Astragalus onobrychis','Astragalus oxyglottis','Astragalus pauciflorus','Astragalus penduliflorus','Astragalus polyactinus','Astragalus purpureus','Astragalus scorpioides','Astragalus sempervirens','Astragalus sempervirens muticus','Astragalus sempervirens sempervirens','Astragalus sesameus','Astragalus stella','Astragalus tenuifoliosus','Astragalus tremolsianus','Astragalus turolensis','Astragalus vesicarius','Astragalus vesicarius vesicarius','Astrantia','Astrantia major','Astrantia major carinthiaca','Astrantia major major','Astrantia minor','Athamanta','Athamanta cretensis','Athamanta hispanica','Athamanta vayredana','Athyrium','Athyrium distentifolium','Athyrium filix-femina','Atractylis','Atractylis cancellata','Atractylis cancellata cancellata','Atractylis cancellata gaditana','Atractylis gummifera','Atractylis humilis','Atractylis tutinii','Atriplex','Atriplex glabriuscula','Atriplex hastata','Atriplex heterosperma','Atriplex hortensis','Atriplex laciniata','Atriplex littoralis','Atriplex patula','Atriplex prostrata','Atriplex rosea','Atriplex semibaccata','Atriplex tatarica','Atropa','Atropa baetica','Atropa bella-donna','Aubrieta','Aubrieta deltoidea','Avellinia','Avellinia michelii','Avellinia tenuicola','Avena','Avena barbata','Avena barbata atherantha','Avena barbata barbata','Avena byzantina','Avena chinensis','Avena fatua','Avena longiglumis','Avena murphyi','Avena prostrata','Avena sativa','Avena sativa macrantha','Avena sativa sativa','Avena sterilis','Avena sterilis ludoviciana','Avena sterilis sterilis','Avena strigosa','Avena strigosa agraria','Avena strigosa strigosa','Avenula','Avenula albinervis','Avenula bromoides','Avenula cincinnata','Avenula crassifolia','Avenula delicatula','Avenula gervaisii','Avenula gonzaloi','Avenula hookeri','Avenula iberica','Avenula levis','Avenula marginata','Avenula marginata pyrenaica','Avenula marginata sulcata','Avenula mirandana','Avenula murcica','Avenula pratensis','Avenula pratensis pratensis','Avenula pruinosa','Avenula pubescens','Avenula pubescens pubescens','Avenula pungens','Avenula requienii','Avenula versicolor','Avenula versicolor versicolor','Azolla','Azolla caroliniana','Azolla filiculoides','Azolla pinnata','Baccharis','Baccharis halimifolia','Bacopa','Bacopa monnieri','Baldellia','Baldellia alpestris','Baldellia ranunculoides','Ballota','Ballota hirsuta','Ballota nigra','Ballota nigra foetida','Ballota nigra nigra','Ballota uncinata','Balsamita','Balsamita majus','Barbarea','Barbarea intermedia','Barbarea verna','Barbarea vulgaris','Barlia','Barlia robertiana','Bartsia','Bartsia alpina','Bartsia aspera','Bartsia spicata','Bassia','Bassia hirsuta','Bassia hyssopifolia','Bellardia','Bellardia trixago','Bellardiochloa','Bellardiochloa violacea','Bellis','Bellis annua','Bellis annua annua','Bellis annua microcephala','Bellis perennis','Bellis rotundifolia','Bellis sylvestris','Bellium','Bellium bellidioides','Berberis','Berberis garciae','Berberis vulgaris seroi','Berberis vulgaris vulgaris','Bergia','Bergia capensis','Berula','Berula erecta','Beta','Beta macrocarpa','Beta patellaria','Beta vulgaris','Beta vulgaris maritima','Beta vulgaris vulgaris','Betula','Betula papyriphera','Betula parvibracteata','Betula pubescens','Betula pubescens latisquama','Betula pubescens pubescens','Betula pubescens tortuosa','Biarum','Biarum arundanum','Biarum carratracense','Biarum dispar','Biarum galiani','Biarum tenuifolium','Bidens','Bidens aurea','Bidens cernua','Bidens frondosa','Bidens pilosa','Bidens subalternans','Bidens tripartita','Bifora','Bifora radians','Bifora testiculata','Biota','Biota orientalis','Biscutella','Biscutella auriculata','Biscutella baetica','Biscutella brevifolia','Biscutella cichoriifolia','Biscutella coronopifolia','Biscutella coronopifolia coronopifolia','Biscutella coronopifolia stenophylla','Biscutella cuneata','Biscutella didyma','Biscutella flexuosa','Biscutella foliosa','Biscutella frutescens','Biscutella gibraltarica','Biscutella glacialis','Biscutella granitica','Biscutella gredensis','Biscutella intermedia','Biscutella intermedia fontqueri','Biscutella intermedia intermedia','Biscutella intermedia macroclada','Biscutella laevigata','Biscutella laevigata laevigata','Biscutella laevigata longifolia','Biscutella lusitanica','Biscutella mediterranea','Biscutella megacarpaea','Biscutella microcarpa','Biscutella montana','Biscutella montana montana','Biscutella montana rosularis','Biscutella scaposa','Biscutella sempervirens','Biscutella valentina','Biscutella variegata','Biscutella variegata latiorifolia','Biscutella variegata variegata','Biserrula','Biserrula pelecinus','Blackstonia','Blackstonia perfoliata','Blackstonia perfoliata grandiflora','Blackstonia perfoliata imperfoliata','Blackstonia perfoliata perfoliata','Blackstonia perfoliata serotina','Blechnum','Blechnum moorei','Blechnum occidentale','Blechnum spicant','Blysmus','Blysmus compressus','Blyxa','Blyxa japonica','Boehmeria','Boehmeria nivea','Boleum','Boleum asperum','Bombycilaena','Bombycilaena discolor','Bombycilaena erecta','Borago','Borago officinalis','Bordera','Bordera chouardii','Bordera pyrenaica','Botrychium','Botrychium lanceolatum','Botrychium lunaria','Botrychium matricariifolium','Bougainvillaea','Bougainvillaea glabra','Bougainvillaea spectabilis','Boussingaultia','Boussingaultia cordifolia','Bouvardia','Bouvardia leiantha','Bouvardia longiflora','Bouvardia ternifolia','Brachiaria','Brachiaria eruciformis','Brachyapium','Brachyapium dichotomum','Brachychiton','Brachychiton populneus','Brachypodium','Brachypodium distachyon','Brachypodium pinnatum','Brachypodium pinnatum pinnatum','Brachypodium pinnatum rupestre','Brachypodium sylvaticum','Brachypodium sylvaticum glaucovirens','Brachypodium sylvaticum sylvaticum','Brassica','Brassica balearica','Brassica barrelieri','Brassica barrelieri barrelieri','Brassica barrelieri oxyrrhina','Brassica fruticulosa','Brassica fruticulosa cossoniana','Brassica fruticulosa fruticulosa','Brassica juncea','Brassica napus','Brassica nigra','Brassica oleracea','Brassica oleracea oleracea','Brassica oleracea robertiana','Brassica rapa','Brassica rapa rapa','Brassica rapa sylvestris','Brassica repanda','Brassica repanda blancoana','Brassica repanda cadevallii','Brassica repanda cantabrica','Brassica repanda confusa','Brassica repanda galissieri','Brassica repanda latisiliqua','Brassica repanda maritima','Brassica repanda nudicaulis','Brassica repanda turbonis','Brassica tournefortii','Brimeura','Brimeura amethyistina','Brimeura fastigiata','Briza','Briza maxima','Briza media','Briza media media','Briza minor','Bromus','Bromus arvensis','Bromus benekenii','Bromus commutatus','Bromus commutatus commutatus','Bromus diandrus','Bromus erectus','Bromus erectus erectus','Bromus fasciculatus','Bromus hispanicus','Bromus hordeaceus','Bromus hordeaceus hordeaceus','Bromus hordeaceus molliformis','Bromus hordeaceus thominii','Bromus inermis','Bromus intermedius','Bromus lanceolatus','Bromus madritensis','Bromus racemosus','Bromus ramosus','Bromus rigidus','Bromus rubens','Bromus scoparius','Bromus secalinus','Bromus squarrosus','Bromus sterilis','Bromus tectorum','Bromus willdenowii','Broussonetia','Broussonetia papyrifera','Bryonia','Bryonia cretica','Bryonia cretica dioica','Buddleja','Buddleja davidii','Bufonia','Bufonia macropetala','Bufonia paniculata','Bufonia perennis','Bufonia tenuifolia','Bufonia tuberculata','Bufonia willkommiana','Buglossoides','Buglossoides arvensis','Buglossoides arvensis arvensis','Buglossoides arvensis gasparrinii','Buglossoides arvensis permixta','Buglossoides gastonii','Buglossoides purpurocaerulea','Bulbocodium','Bulbocodium vernum','Bunias','Bunias erucago','Bunium','Bunium alpinum','Bunium alpinum corydalinum','Bunium alpinum macuca','Bunium bulbocastanum','Bunium pachypodum','Bupleurum','Bupleurum acutifolium','Bupleurum angulosum','Bupleurum baldense','Bupleurum baldense baldense','Bupleurum barceloi','Bupleurum bourgaei','Bupleurum falcatum','Bupleurum falcatum cernuum','Bupleurum falcatum falcatum','Bupleurum foliosum','Bupleurum fruticescens','Bupleurum gerardi','Bupleurum gerardi filicaule','Bupleurum gerardi gerardi','Bupleurum lancifolium','Bupleurum longifolium','Bupleurum praealtum','Bupleurum ranunculoides','Bupleurum ranunculoides gramineum','Bupleurum ranunculoides ranunculoides','Bupleurum rigidum','Bupleurum rigidum paniculatum','Bupleurum rigidum rigidum','Bupleurum rotundifolium','Bupleurum semicompositum','Bupleurum tenuissimum','Bupleurum tenuissimum tenuissimum','Butomus','Butomus umbellatus','Buxus','Cachrys','Cachrys libanotis','Cachrys sicula','Cachrys trifida','Cakile','Cakile maritima','Cakile maritima aegyptiaca','Cakile maritima maritima','Calamagrostis','Calamagrostis arundinacea','Calamagrostis canescens','Calamagrostis canescens canescens','Calamagrostis epigejos','Calamagrostis x hartmaniana','Calamagrostis pseudophragmites','Calaminta','Calaminta grandiflora','Calaminta nepeta','Calaminta nepeta glandulosa','Calaminta nepeta nepeta','Calaminta sylvatica','Calaminta sylvatica ascendens','Calaminta sylvatica sylvatica','Calendula','Calendula arvensis','Calendula exilis','Calendula officinalis','Calendula suffruticosa','Calendula suffruticosa algarbiensis','Calendula suffruticosa lusitanica','Calendula suffruticosa suffruticosa','Calendula suffruticosa tomentosa','Calendula tripterocarpa','Calepina','Calepina irregularis','Calicotome','Calicotome villosa','Callianthemum','Callianthemum coriandrifolium','Callipeltis','Callipeltis cucullaris','Callitriche','Callitriche brutia','Callitriche lenisulca','Callitriche lusitanica','Callitriche obtusangula','Callitriche palustris','Callitriche platycarpa','Callitriche stagnalis','Callitriche truncata','Callitriche truncata truncata','Calluna','Calocedrus','Calocedrus decurrens','Caltha','Caltha palustris','Calystegia','Calystegia sepium','Calystegia sepium roseata','Calystegia sepium sepium','Calystegia silvatica','Calystegia soldanella','Camellia','Camellia japonica','Camelina','Camelina alyssum','Camelina microcarpa','Camelina rumelica','Camelina sativa','Campanula','Campanula affinis','Campanula affinis affinis','Campanula affinis bolosii','Campanula arvatica','Campanula arvatica adsurgens','Campanula arvatica arvatica','Campanula asturica','Campanula cantabrica','Campanula cervicaria','Campanula cochlearifolia','Campanula decumbens','Campanula dichotoma','Campanula dieckii','Campanula erinus','Campanula fastigiata','Campanula ficarioides','Campanula glomerata','Campanula glomerata glomerata','Campanula herminii','Campanula hispanica','Campanula hispanica catalanica','Campanula hispanica hispanica','Campanula jaubertiana','Campanula jaubertiana andorrana','Campanula jaubertiana jaubertiana','Campanula latifolia','Campanula legionensis','Campanula lusitanica','Campanula lusitanica lusitanica','Campanula lusitanica transtagana','Campanula mariani','Campanula medium','Campanula mollis','Campanula patula','Campanula patula costae','Campanula patula patula','Campanula paui','Campanula persicifolia','Campanula persicifolia persicifolia','Campanula persicifolia subpyrenaica','Campanula precatoria','Campanula primulifolia','Campanula pyrenaica','Campanula rapunculoides','Campanula rapunculus','Campanula recta','Campanula rotundifolia','Campanula ruscinonensis','Campanula scheuchzeri','Campanula speciosa','Campanula specularioides','Campanula tracheliifolia','Campanula trachelium','Campanula trachelium trachelium','Campanula viciosoi','Campanula wiedmannii','Campanula willkommii','Camphorosma','Camphorosma monspeliaca','Camphorosma monspeliaca monspeliaca','Campsis','Campsis radicans','Campyloneurum','Campyloneurum phyllitidis','Canna','Canna flaccida','Canna indica','Cannabis','Cannabis sativa','Capnophyllum','Capnophyllum peregrinum','Capparis','Capparis ovata','Capparis spinosa','Capsella','Capsella bursa-pastoris','Capsella rubella','Capsicum','Capsicum annuum','Capsicum baccatum','Capsicum frutescens','Caralluna','Caralluna europaea','Caralluna munbyana','Cardamine','Cardamine amara','Cardamine amara amara','Cardamine amara olotensis','Cardamine asarifolia','Cardamine bellidifolia','Cardamine bellidifolia alpina','Cardamine crassifolia','Cardamine x digenea','Cardamine flexuosa','Cardamine heptaphylla','Cardamine hirsuta','Cardamine impatiens','Cardamine parviflora','Cardamine pentaphyllos','Cardamine pratensis','Cardamine raphanifolia','Cardamine raphanifolia raphanifolia','Cardamine resedifolia','Cardamine rivularis','Cardaria','Cardaria draba','Carduncellus','Carduncellus araneosus','Carduncellus araneosus araneosus','Carduncellus araneosus pseudomitissimus','Carduncellus caeruleus','Carduncellus dianius','Carduncellus mitissimus','Carduncellus monspelliensium','Carduncellus pinnatus','Carduncellus pinnatus matritensis','Carduus','Carduus acanthoides','Carduus argemone','Carduus argemone argemone','Carduus assoi','Carduus asturicus','Carduus bourgeanus','Carduus bourgeanus bourgeanus','Carduus bourgeanus ibicensis','Carduus bourgeanus valentinus','Carduus broteroi','Carduus carlinifolius','Carduus carlinoides','Carduus carlinoides carlinoides','Carduus carlinoides hispanicus','Carduus carpetanus','Carduus cephalantus','Carduus chrysacanthus','Carduus chrysacanthus hispanicus','Carduus crispus','Carduus crispus crispus','Carduus crispus multiflorus','Carduus granatensis','Carduus x medius','Carduus meonanthus','Carduus myriacanthus','Carduus nigrescens','Carduus nutans','Carduus nutans alpicola','Carduus nutans nutans','Carduus paui','Carduus platypus','Carduus pycnocephalus','Carduus pycnocephalus pycnocephalus','Carduus rivasgodayanus','Carduus sandwithii','Carduus tenuiflorus','Carduus vivariensis','Carduus vivariensis assoi','Carduus vivariensis australis','Carduus vivariensis vivariensis','Carex','Carex acuta','Carex acutiformis','Carex alba','Carex arenaria','Carex asturica','Carex atrata','Carex atrata aterrima','Carex atrata atrara','Carex bicolor','Carex binervis','Carex brachystachys','Carex brevicollis','Carex brizoides','Carex camposii','Carex capillaris','Carex capillaris capillaris','Carex caryophyllea','Carex chordorrhiza','Carex curta','Carex curvula','Carex curvula curvula','Carex curvula rosae','Carex davalliana','Carex demissa','Carex depauperata','Carex depressa','Carex depressa depressa','Carex digitata','Carex dioica','Carex distachya','Carex distans','Carex disticha','Carex divisa','Carex divulsa','Carex divulsa divulsa','Carex divulsa leersii','Carex durieui','Carex echinata','Carex elata','Carex elata elata','Carex ericetorum','Carex extensa','Carex ferruginea','Carex ferruginea caudata','Carex flacca','Carex flacca flacca','Carex flacca serrulata','Carex flava','Carex foetida','Carex frigida','Carex grioletii','Carex hallerana','Carex hirta','Carex hispida','Carex hordeistichos','Carex hostiana','Carex humilis','Carex intricata','Carex lachenalii','Carex laevigata','Carex lasiocarpa','Carex lepidocarpa','Carex limosa','Carex liparocarpos','Carex liparocarpos liparocarpos','Carex macrostylon','Carex mairii','Carex maritima','Carex montana','Carex muricata','Carex muricata lamprocarpa','Carex muricata muricata','Carex nevadensis','Carex nigra','Carex nigra alpina','Carex nigra nigra','Carex oedipostyla','Carex olbiensis','Carex ornithopoda','Carex ornithopoda ornithopoda','Carex ornithopoda ornithopodioides','Carex otrubae','Carex ovalis','Carex pallescens','Carex panicea','Carex paniculata','Carex paniculata lusitanica','Carex paniculata paniculata','Carex parviflora','Carex pedula','Carex pilulifera','Carex pilulifera pilulifera','Carex praecox','Carex pseudocyperus','Carex pulicaris','Carex punctata','Carex pyrenaica','Carex remota','Carex reuterana','Carex riparia','Carex rorulenta','Carex rostrata','Carex rupestris','Carex sempervirens','Carex serotina','Carex serotina serotina','Carex spicata','Carex stenophylla','Carex strigosa','Carex sylvatica','Carex sylvatica paui','Carex sylvatica sylvatica','Carex tomentosa','Carex trinervis','Carex umbrosa','Carex umbrosa huetiana','Carex umbrosa umbrosa','Carex vaginata','Carex vesicaria','Carex vulpina','Carlina','Carlina acanthifolia','Carlina acanthifolia acanthifolia','Carlina acanthifolia cynara','Carlina acaulis','Carlina acaulis acaulis','Carlina acaulis simplex','Carlina corymbosa','Carlina corymbosa corymbosa','Carlina lanata','Carlina racemosa','Carlina vulgaris','Carlina vulgaris longiflora','Carlina vulgaris vulgaris','Carpesium','Carpesium cernuum','Carpinus','Carpobrotus','Carpobrotus acinaciformis','Carpobrotus chinensis','Carpobrotus edulis','Carrichtera','Carthamus','Carthamus arborescens','Carthamus lanatus','Carthamus lanatus baeticus','Carthamus lanatus lanatus','Carthamus tinctorius','Carum','Carum carvi','Carum foetidum','Carum verticillatum','Carya','Carya illinoinensis','Castanea','Castanea crenata','Castellia','Castellia tuberculosa','Casuarina','Casuarina cunnighamiana','Catabrosa','Catabrosa aquatica','Catalpa','Catalpa bignonioides','Catananche','Catananche caerulea','Catananche lutea','Catananche lutea carpholepis','Catharanthus','Catharanthus roseus','Caucalis','Caucalis platycarpos','Cedrus','Cedrus brevifolia','Cedrus deodara','Cedrus libani','Celosia','Celosia argentea','Celtis','Celtis occidentalis','Cenchrus','Cenchrus ciliaris','Cenchrus incertus','Centaurea','Centaurea acaulis','Centaurea africana','Centaurea alba','Centaurea alba alba','Centaurea alba costae','Centaurea alba latronum','Centaurea alpestris','Centaurea alpina','Centaurea amblensis','Centaurea x andresiana','Centaurea antennata','Centaurea argecillensis','Centaurea aristata','Centaurea aristata aristata','Centaurea aristata langeana','Centaurea aspera','Centaurea aspera aspera','Centaurea aspera scorpiurifolia','Centaurea aspera stenophylla','Centaurea balearica','Centaurea boissieri','Centaurea boissieri boissieri','Centaurea boissieri dufourii','Centaurea boissieri jaennensis','Centaurea boissieri mariolensis','Centaurea boissieri paui','Centaurea boissieri pinae','Centaurea boissieri pomeliana','Centaurea boissieri prostrata','Centaurea boissieri resupinata','Centaurea boissieri spachii','Centaurea boissieri willkommii','Centaurea bombycina','Centaurea bombycina bombycina','Centaurea bombycina funkii','Centaurea borjae','Centaurea calcitrapa','Centaurea carratracensis','Centaurea castellanoides','Centaurea x ceballosii','Centaurea centaurim','Centaurea cephalariifolia','Centaurea citricolor','Centaurea clementei','Centaurea collina','Centaurea collina serratulifolia','Centaurea corcubionensis','Centaurea cordubensis','Centaurea cyanus','Centaurea debeauxii','Centaurea debeauxii debeauxii','Centaurea debeauxii endressii','Centaurea debeauxii nemoralis','Centaurea debeauxii nevadensis','Centaurea debeauxii thuillieri','Centaurea depressa','Centaurea diluta','Centaurea dracunculifolia','Centaurea emigrantis','Centaurea eriophora','Centaurea exarata','Centaurea fraylensis','Centaurea gadorensis','Centaurea granatensis','Centaurea haenseleri','Centaurea haenseleri epapposa','Centaurea haenseleri haenseleri','Centaurea hyssopifolia','Centaurea jacea','Centaurea janeri','Centaurea babiana','Centaurea babiana janeri','Centaurea lagascae','Centaurea lagascana','Centaurea lagascana lagascana','Centaurea lagascana podospermifolia','Centaurea lainzii','Centaurea leucophaea','Centaurea leucophaea biformis','Centaurea leucophaea leucophaea','Centaurea leucophaea ochrolopha','Centaurea limbata','Centaurea linaresii','Centaurea linifolia','Centaurea x losana','Centaurea loscosii','Centaurea machrorriza','Centaurea mariana','Centaurea melitensis','Centaurea micracantha','Centaurea micrantha','Centaurea micrantha herminii','Centaurea micrantha melanosticta','Centaurea micrantha micrantha','Centaurea microptilon','Centaurea microptilon emporitana','Centaurea microptilon micoptilon','Centaurea montana','Centaurea monticola','Centaurea napifolia','Centaurea nicaeensis','Centaurea nigra','Centaurea nigra carpetana','Centaurea nigra nigra','Centaurea nigra rivularis','Centaurea ornata','Centaurea ornata macrocephala','Centaurea ornata ornata','Centaurea ornata saxicola','Centaurea paniculata','Centaurea paniculata castellana','Centaurea paniculata cossoniana','Centaurea paniculata paniculata','Centaurea pectinata','Centaurea pectinata pectinata','Centaurea polymorpha','Centaurea procumbens','Centaurea prolongi','Centaurea pullata','Centaurea pulvinata','Centaurea sagredoi','Centaurea scabiosa','Centaurea schousboei','Centaurea schousboei schousboei','Centaurea schousboei septentrionalis','Centaurea seridis','Centaurea seridis cruenta','Centaurea seridis maritima','Centaurea seridis seridis','Centaurea solstitialis','Centaurea solstitialis solstitialis','Centaurea sonchifolia l.','Centaurea sphaerocephala','Centaurea sphaerocephala malacitana','Centaurea sphaerocephala polyacantha','Centaurea sphaerocephala sphaerocephala','Centaurea spinabadia','Centaurea spinabadia hanryi','Centaurea spinabadia isernii','Centaurea spinabadia spinabadia','Centaurea sulphurea','Centaurea x tatayana','Centaurea toletana','Centaurea toletana tentudaica','Centaurea toletana toletana','Centaurea triumfetti','Centaurea triumfetti lingulata','Centaurea triumfetti lugdunensis','Centaurea triumfetti semidecurrens','Centaurea triumfetti triumfetti','Centaurea urgellensis','Centaurea urgellensis rothmalerana','Centaurea urgellensis urgellensis','Centaurea vinyalsii','Centaurea vinyalsii approximata','Centaurea vinyalsii vinyalsii','Centaurea x zubiae','Centaurium','Centaurium bianoris','Centaurium chloodes','Centaurium enclusense','Centaurium erythraea','Centaurium erythraea erythraea','Centaurium erythraea grandiflorum','Centaurium erythraea majus','Centaurium favargeri','Centaurium linariifolium','Centaurium littorale','Centaurium maritimum','Centaurium microcalyx','Centaurium pulchellum','Centaurium quadrifolium','Centaurium rigualii','Centaurium scilloides','Centaurium somedanum','Centaurium spicatum','Centaurium suffruticosum','Centaurium tenuiflorum','Centaurium tenuiflorum acutiflorum','Centaurium tenuiflorum tenuiflorum','Centaurium triphyllum','Centranthus','Centranthus angustifolius','Centranthus calcitrapae','Centranthus calcitrapae calcitrapae','Centranthus calcitrapae trichocarpus','Centranthus lecoqii','Centranthus macrosiphon','Centranthus nevadensis','Centranthus nevadensis nevadensis','Centranthus ruber','Centranthus ruber ruber','Cephalanthera','Cephalanthera damasonium','Cephalanthera longifolia','Cephalanthera rubra','Cephalaria','Cephalaria leucantha','Cephalaria linearifolia','Cephalaria squamiflora','Cephalaria squamiflora balearica','Cephalaria syriaca','Cerastium','Cerastium alpinum','Cerastium alpinum alpinum','Cerastium alpinum lanatum','Cerastium alpinum squalidum','Cerastium arvense','Cerastium arvense arvense','Cerastium arvense strictum','Cerastium boissieri','Cerastium brachypetalum','Cerastium brachypetalum brachypetalum','Cerastium brachypetalum roeseri','Cerastium brachypetalum tauricum','Cerastium cerastoides','Cerastium dichotomum','Cerastium diffusum','Cerastium diffusum diffusum','Cerastium fontanum','Cerastium fontanum hispanicum','Cerastium fontanum triviale','Cerastium gibraltaricum','Cerastium glomeratum','Cerastium gracile','Cerastium pedunculatum','Cerastium perfoliatum','Cerastium pumilum','Cerastium pumilum pallens','Cerastium pumilum pumilum','Cerastium pyrenaicum','Cerastium semidecandrum','Cerastium semidecandrum semidecandrum','Cerastium siculum','Ceratocapnos','Ceratocapnos heterocarpa','Ceratocephalus','Ceratocephalus falcatus','Ceratoides','Ceratoides latens','Ceratonia','Ceratophyllum','Ceratophyllum demersum','Ceratophyllum demersum demersum','Ceratophyllum submersum','Cercis','Cercis siliquastrum','Cerinthe','Cerinthe glabra','Cerinthe glabra glabra','Cerinthe gymnandra','Cerinthe major','Cestrum','Cestrum nocturnum','Cestrum parqui','Ceterach','Ceterach officinarum','Chaenorhinum','Chaenorhinum glareosum','Chaenorhinum grandiflorum','Chaenorhinum macropodum','Chaenorhinum macropodum degenii','Chaenorhinum macropodum macropodum','Chaenorhinum minus','Chaenorhinum minus minus','Chaenorhinum origanifolium','Chaenorhinum origanifolium cadevallii','Chaenorhinum origanifolium crassifolium','Chaenorhinum origanifolium origanifolium','Chaenorhinum origanifolium segoviense','Chaenorhinum robustum','Chaenorhinum rubrifolium','Chaenorhinum rubrifolium bianorii','Chaenorhinum rubrifolium formenterae','Chaenorhinum rubrifolium raveyi','Chaenorhinum rubrifolium rubrifolium','Chaenorhinum serpyllifolium','Chaenorhinum serpyllifolium lusitanicum','Chaenorhinum serpyllifolium serpyllifolium','Chaenorhinum tenellum','Chaenorhinum villosum','Chaerophyllum','Chaerophyllum aureum','Chaerophyllum hirsutum','Chaerophyllum temulentum','Chaetopogon','Chaetopogon fasciculatus','Chaetopogon fasciculatus fasciculatus','Chaetopogon fasciculatus prostratus','Chamaecyparis','Chamaecytisus','Chamaecytisus supinus','Chamaemelum','Chamaemelum fuscatum','Chamaemelum mixtum','Chamaemelum nobile','Chamaemelum nobile aurea','Chamaemelum nobile nobile','Chamaerops','Chamaespartium','Chamomilla','Chamomilla aurea','Chamomilla recutita','Chamomilla suaveolens','Cheilanthes','Cheilanthes catanensis','Cheilanthes guanchica','Cheilanthes hispanica','Cheilanthes maderensis','Cheilanthes marantae','Cheilanthes pteridioides','Cheilanthes tinaei','Cheiranthus','Cheiranthus cheiri','Cheirolophus','Cheirolophus intybaceus','Cheirolophus sempervirens','Cheirolophus uliginosus','Chelidonium','Chelidonium majus','Chenopodium','Chenopodium album','Chenopodium album album','Chenopodium album striatum','Chenopodium ambrosioides','Chenopodium bonus-henricus','Chenopodium botrys','Chenopodium botryodes','Chenopodium capitatum','Chenopodium exsuccum','Chenopodium ficifolium','Chenopodium foliosum','Chenopodium giganteum','Chenopodium glaucum','Chenopodium hybridum','Chenopodium multifidum','Chenopodium murale','Chenopodium opulifolium','Chenopodium polyspermum','Chenopodium pumilio','Chenopodium rubrum','Chenopodium urbicum','Chenopodium vulvaria','Chenopodium vulvaria microphyllum','Chloris','Chloris gayana','Chondrilla','Chondrilla juncea','Christella','Christella dentata','Chronanthus','Chronanthus biflorus','Chrozophora','Chrozophora obliqua','Chrozophora tinctoria','Chrysanthemum','Chrysanthemum balsamita','Chrysanthemum carinatum','Chrysanthemum coronarium','Chrysanthemum segetum','Chrysosplenium','Chrysosplenium alternifolium','Chrysosplenium oppositifolium','Cicendia','Cicendia filiformis','Cicer','Cicer arietinum','Cicerbita','Cicerbita alpina','Cicerbita plumieri','Cichorium','Cichorium endivia','Cichorium endivia divaricatum','Cichorium endivia endivia','Cichorium intybus','Cichorium spinosum','Cicuta','Cicuta virosa','Circaea','Circaea alpina','Circaea x intermedia','Circaea lutetiana','Cirsium','Cirsium acaule','Cirsium acaule acaule','Cirsium acaule gregarium','Cirsium albicans','Cirsium arvense','Cirsium bourgaeanum','Cirsium carniolicum','Cirsium carniolicum rufescens','Cirsium costae','Cirsium dissectum','Cirsium echinatum','Cirsium eriophorum','Cirsium eriophorum chodati','Cirsium eriophorum eriophorum','Cirsium ferox','Cirsium filipendulum','Cirsium flavispina','Cirsium flavispina matritense','Cirsium flavispina nevadense','Cirsium gaditanum','Cirsium giraudiasii','Cirsium glabrum','Cirsium helenioides','Cirsium monspesulanum','Cirsium odontolepis','Cirsium oleraceum','Cirsium palustre','Cirsium pannonicum','Cirsium richteranum','Cirsium rivulare','Cirsium rosulatum','Cirsium scabrum','Cirsium tuberosum','Cirsium valentinum','Cirsium vulgare','Cirsium welwitschii','Cistanche','Cistanche phelypaea','Cistanche violacea','Cistus','Cistus crispus','Cistus heterophyllus','Cistus incanus','Cistus incanus corsicus','Cistus libanotis','Cistus populifolius major','Cistus populifolius populifolius','Citrullus','Citrullus lanatus','Citrus','Citrus aurantium','Citrus limon','Citrus medica','Citrus reticulata','Citrus sinensis','Cladanthus','Cladanthus arabicus','Cladium','Claytonia','Claytonia perfoliata','Cleistogenes','Cleistogenes serotina','Cleistogenes serotina serotina','Clematis','Clematis campaniflora','Clematis cirrhosa','Clematis flammula','Clematis recta','Clematis vitalba','Clematis viticella','Cleome','Cleome violacea','Cleonia','Cleonia lusitanica','Clinopodium','Clinopodium vulgare','Clinopodium vulgare arundanum','Clinopodium vulgare vulgare','Clypeola','Clypeola eriocarpa','Clypeola jonthlaspi','Cneorum','Cneorum tricoccon','Cnicus','Cnicus benedictus','Cobaea','Cobaea scandens','Cochlearia','Cochlearia aestuaria','Cochlearia aragonensis','Cochlearia danica','Cochlearia glastifolia','Cochlearia officinalis','Coeloglossum','Coeloglossum viride','Coix','Coix lacryma-jobi','Colchicum','Colchicum autumnale','Colchicum lusitanicum','Colchicum neapolitanum','Colchicum triphyllum','Coleostephus','Coleostephus clausonis','Coleostephus myconis','Colocasia','Colocasia esculenta','Colutea','Colutea arborescens','Colutea arborescens arborescens','Colutea arborescens gallica','Colutea atlantica','Commicarpus','Commicarpus plumbagineus','Conium','Conium maculatum','Conopodium','Conopodium bourgaei','Conopodium brachycarpum','Conopodium bunioides','Conopodium capillifolium','Conopodium majus','Conopodium pyrenaeum','Conopodium pyrenaeum pusillum','Conopodium pyrenaeum pyrenaeum','Conopodium ramosum','Conopodium thalictrifolium','Conringia','Conringia orientalis','Consolida','Consolida ambigua','Consolida orientalis','Consolida orientalis orientalis','Consolida pubescens','Consolida regalis','Consolida regalis regalis','Convallaria','Convallaria majalis','Convolvulus','Convolvulus althaeoides','Convolvulus althaeoides althaeoides','Convolvulus arvensis','Convolvulus boissieri','Convolvulus boissieri boissieri','Convolvulus cantabrica','Convolvulus cneorum','Convolvulus humilis','Convolvulus lanuginosus','Convolvulus lineatus','Convolvulus meonanthus','Convolvulus pentapetaloides','Convolvulus siculus','Convolvulus siculus agrestis','Convolvulus siculus siculus','Convolvulus tricolor','Convolvulus tricolor tricolor','Convolvulus valentinus','Conyza','Conyza bonariensis','Conyza canadiensis','Conyza x flahaultiana','Corallorhiza','Corallorhiza trifida','Corema','Coriandrum','Coriandrum sativum','Coriaria','Coriaria myrtifolia','Coris','Coris hispanica','Coris monspeliensis','Cornus','Cornus sanguinea sanguinea','Coronilla','Coronilla emerus','Coronilla emerus emerus','Coronilla juncea','Coronilla minima','Coronilla minima clusii','Coronilla repanda','Coronilla repanda dura','Coronilla repanda repanda','Coronilla scorpioides','Coronilla valentina','Coronilla valentina glauca','Coronilla valentina pentaphylla','Coronilla varia','Coronopus','Coronopus didymus','Coronopus navasii','Coronopus squamatus','Corrigiola','Corrigiola littoralis','Corrigiola littoralis imbricata','Corrigiola littoralis littoralis','Corrigiola telephiifolia','Cortaderia','Cortaderia selloana','Corydalis','Corydalis bulbosa','Corydalis bulbosa bulbosa','Corydalis claviculata','Corydalis claviculata claviculata','Corydalis lutea','Corydalis solida','Corydalis solida solida','Corylus','Corynephorus','Corynephorus divaricatus','Corynephorus fasciculatus','Corynephorus macrantherus','Cosmos','Cosmos bipinnatus','Cotinus','Cotinus coggygria','Cotoneaster','Cotoneaster granatensis','Cotoneaster integerrimus','Cotoneaster nebrodensis','Cotula','Cotula coronopifolia','Crambe','Crambe filiformis','Crambe hispanica','Crambe maritima','Crassula','Crassula campestris','Crassula tillaea','Crassula vaillantii','Crataegus azarolus','Crataegus lacinata','Crataegus laevigata','Crataegus laevigata laevigata','Crataegus monogyna azarella','Crataegus monogyna brevispina','Crepis','Crepis albida','Crepis albida albida','Crepis albida asturica','Crepis albida grosii','Crepis albida longicaulis','Crepis albida macrocephala','Crepis albida scorzoneroides','Crepis bellidifolia','Crepis biennis','Crepis bourgeaui','Crepis bursifolia','Crepis capillaris','Crepis conyzifolia','Crepis foetida','Crepis foetida foetida','Crepis granatensis','Crepis lampsanoides','Crepis mollis','Crepis nicaeensis','Crepis oporinoides','Crepis paludosa','Crepis pulchra','Crepis pusilla','Crepis pygmaea','Crepis pygmaea anachoretica','Crepis pygmaea pygmaea','Crepis pyrenaica','Crepis sancta','Crepis setosa','Crepis tectorum','Crepis tectorum tectorum','Crepis tingitana','Crepis triasii','Crepis vesicaria','Crepis vesicaria congenita','Crepis vesicaria haenseleri','Crepis vesicaria vesicaria','Crepis zacintha','Cressa','Cressa cretica','Crithmum','Crithmum maritimum','Crocus','Crocus cambessedesii','Crocus carpetanus','Crocus nevadensis','Crocus nudiflorus','Crocus sativus','Crocus serotinus','Crocus serotinus clusii','Crocus serotinus salzmannii','Crocus vernus','Crocus vernus albiflorus','Crucianella','Crucianella angustifolia','Crucianella latifolia','Crucianella maritima','Crucianella patula','Cruciata','Cruciata glabra','Cruciata laevipes','Cruciata pedemontana','Crupina','Crupina crupinastrum','Crupina vulgaris','Crypis','Crypis aculeata','Crypis schoenoides','Cryptogramma','Cryptogramma crispa','Cryptomeria','Cryptomeria japonica','Ctenopsis','Ctenopsis delicatula','Ctenopsis gypsophila','Ctenopsis pectinella','Cucubalus','Cucubalus baccifer','Cucumis','Cucumis melo','Cucumis myriocarpus','Cucumis sativus','Cucurbita','Cucurbita maxima','Cucurbita moschata','Cucurbita pepo','Culcita','Culcita macrocarpa','Cumimum','Cumimum cyminum','Cunninghamia','Cunninghamia lanceolata','Cupressus','Cupressus arizonica','Cupressus goveniana','Cuscuta','Cuscuta approximata','Cuscuta approximata approximata','Cuscuta approximata episonchum','Cuscuta australis','Cuscuta australis tinei','Cuscuta brevistyla','Cuscuta campestris','Cuscuta epilinum','Cuscuta epithymum','Cuscuta epithymum epithymum','Cuscuta epithymum kotschyi','Cuscuta europaea','Cuscuta planiflora','Cuscuta suaveolens','Cuscuta triumvirati','Cutandia','Cutandia divaricata','Cutandia maritima','Cutandia memphitica','Cyanopsis','Cyanopsis muricata','Cyclamen','Cyclamen balearicum','Cyclosorus','Cyclosorus dentatus','Cydonia','Cydonia oblonga','Cylindropuntia','Cylindropuntia cylindrica','Cylindropuntia exaltata','Cymbalaria','Cymbalaria aequitriloba','Cymbalaria aequitriloba aequitriloba','Cymbalaria aequitriloba fragilis','Cymbalaria muralis','Cymbalaria muralis muralis','Cymodocea','Cymodocea nodosa','Cynanchum','Cynanchum acutum','Cynara','Cynara alba','Cynara algarbiensis','Cynara cardunculus','Cynara humilis','Cynara scolymus','Cynara tournefortii','Cynodon','Cynodon dactylon','Cynoglossum','Cynoglossum cheirifolium','Cynoglossum clandestinum','Cynoglossum creticum','Cynoglossum dioscoridis','Cynoglossum germanicum','Cynoglossum nebrodense','Cynoglossum officinale','Cynomorium','Cynomorium coccineum','Cynosurus','Cynosurus cristatus','Cynosurus echinatus','Cynosurus elegans','Cyperus','Cyperus auricomus','Cyperus capitatus','Cyperus difformis','Cyperus eragrostis','Cyperus esculentus','Cyperus flavescens','Cyperus flavidus','Cyperus fuscus','Cyperus laevigatus','Cyperus laevigatus distachyos','Cyperus longus','Cyperus longus badius','Cyperus longus longus','Cyperus mundtii','Cyperus rotundus','Cyperus serotinus','Cypripedium','Cypripedium calceolus','Cystopteris','Cystopteris dickieana','Cystopteris fragilis','Cystopteris fragilis diaphana','Cystopteris fragilis fragilis','Cystopteris fragilis pseudorregia','Cystopteris fragilis regia','Cystopteris montana','Cystopteris viridula','Cytinus','Cytinus hypocistis','Cytinus hypocistis hypocistis','Cytinus hypocistis macranthus','Cytinus hypocistis orientalis','Cytinus hypocistis pityusensis','Cytinus ruber','Cytisus','Cytisus baeticus','Cytisus ingramii','Cytisus malacitanus','Cytisus malacitanus catalaunicus','Cytisus malacitanus malacitanus','Cytisus moleroi','Cytisus purgans balansae','Cytisus purgans purgans','Cytisus scoparius scoparius','Cytisus sessilifolius','Cytisus tribracteolatus','Cytisus villosus','Daboecia','Daboecia cantabrica','Dactylis','Dactylis glomerata','Dactylis glomerata aschersoniana','Dactylis glomerata glomerata','Dactylis glomerata hispanica','Dactylis glomerata ibicensis','Dactylis glomerata juncinella','Dactylis marina','Dactylorhiza','Dactylorhiza elata','Dactylorhiza elata elata','Dactylorhiza elata sesquipedalis','Dactylorhiza fuchsii','Dactylorhiza incarnata','Dactylorhiza incarnata incarnata','Dactylorhiza maculata','Dactylorhiza maculata elodes','Dactylorhiza maculata maculata','Dactylorhiza majalis','Dactylorhiza majalis alpestris','Dactylorhiza majalis majalis','Dactylorhiza saccifera','Dactylorhiza sambucina','Dactylorhiza sambucina insularis','Dactylorhiza sambucina sambucina','Dactylorhiza sulphurea','Dactylorhiza sulphurea pseudosambucima','Dactylorhiza sulphurea sulphurea','Dactylorhiza traunsteineri','Damasonium','Damasonium alisma','Danthonia','Danthonia alpina','Danthonia decumbens','Daphne','Daphne alpina','Daphne cneorum','Daphne gnidium','Daphne laureola','Daphne laureola laureola','Daphne laureola philippi','Daphne mezereum','Daphne oleoides','Daphne rodriguezii','Dasypyrum','Dasypyrum villosum','Datura','Datura ferox','Datura innoxia','Datura metel','Datura stramonium','Daucus','Daucus aureus','Daucus carota','Daucus carota carota','Daucus carota drepanensis','Daucus carota gummifer','Daucus carota maritimus','Daucus carota maximus','Daucus crinitus','Daucus durieua','Daucus muricatus','Daucus setifolis','Davallia','Davallia canariensis','Delphinium','Delphinium gautieri','Delphinium gracile','Delphinium halteranum','Delphinium montanum','Delphinium nevadense','Delphinium obcordatum','Delphinium pentagynum','Delphinium peregrinum','Delphinium pictum','Delphinium sordidum','Delphinium staphisagria','Delphinium verdunense','Deschampsia','Deschampsia cespitosa','Deschampsia cespitosa cespitosa','Deschampsia flexuosa','Deschampsia hispanica','Deschampsia hispanica hispanica','Deschampsia media','Deschampsia media masclansii','Deschampsia media media','Deschampsia refracta','Deschampsia setacea','Descurainia','Descurainia sophia','Desmazeria','Desmazeria marina','Desmazeria rigida','Desmazeria rigida hemipoa','Desmazeria rigida rigida','Desmazeria sicula','Dethawia','Dethawia tenuifolia','Dianthus','Dianthus absconditus','Dianthus algetanus','Dianthus anticarius','Dianthus armeria','Dianthus armeria armeria','Dianthus armeria camboi','Dianthus barbatus','Dianthus barbatus barbatus','Dianthus carthusianorum','Dianthus carthusianorum carthusianorum','Dianthus carthusianorum vaginatus','Dianthus caryophyllus','Dianthus caryophyllus caryophyllus','Dianthus charidemii','Dianthus cintranus','Dianthus cintranus cintranus','Dianthus cintranus multiceps','Dianthus costae','Dianthus crassipes','Dianthus deltoides','Dianthus deltoides deltoides','Dianthus deltoides nuriae','Dianthus furcatus','Dianthus furcatus geminiflorus','Dianthus gallicus','Dianthus hispanicus','Dianthus hispanicus hispanicus','Dianthus hispanicus tarraconensis','Dianthus langeanus','Dianthus laricifolius','Dianthus lusitanus','Dianthus lusitanus bolivaris','Dianthus lusitanus lucronensis','Dianthus lusitanus lusitanus','Dianthus lusitanus serenaeus','Dianthus malacitanus','Dianthus malacitanus malacitanus','Dianthus malacitanus valentinus','Dianthus mariani','Dianthus merinoi','Dianthus monspessulanus','Dianthus monspessulanus eynensis','Dianthus monspessulanus monspessulanus','Dianthus monspessulanus sternbergii','Dianthus planellae','Dianthus pungens','Dianthus pungens cognobilis','Dianthus pungens fontqueri','Dianthus pungens multiceps','Dianthus pungens pungens','Dianthus pungens tarraconensis','Dianthus pyrenaicus','Dianthus pyrenaicus catalaunicus','Dianthus pyrenaicus floribundus','Dianthus pyrenaicus pyrenaicus','Dianthus rupicola','Dianthus rupicola hermaeensis','Dianthus scaber','Dianthus scaber cutandae','Dianthus scaber scaber','Dianthus scaber toledanus','Dianthus seguieri','Dianthus seguieri cadevallii','Dianthus seguieri costei','Dianthus seguieri gautieri','Dianthus subacaulis','Dianthus subacaulis brachyanthus','Dianthus subacaulis duatorum','Dianthus subacaulis hieronymi','Dianthus subacaulis nivalis','Dianthus subacaulis ruscinonensis','Dianthus subbaeticus','Dianthus sylvestris','Dianthus sylvestris siculus','Dichanthium','Dichanthium ischaemum','Dictamnus','Dictamnus albus','Dictamnus hispanicus','Digitalis','Digitalis dubia','Digitalis dubia palani','Digitalis heywoodii','Digitalis lutea','Digitalis lutea lutea','Digitalis obscura','Digitalis obscura laciniata','Digitalis obscura obscura','Digitalis parviflora','Digitalis purpurea','Digitalis purpurea mariana','Digitalis purpurea purpurea','Digitalis thapsi','Digitaria','Digitaria debilis','Digitaria ischaemum','Digitaria sanguinalis','Dinebra','Dinebra retroflexa','Dioscorea','Dioscorea opposita','Diospyros','Diospyros kaki','Diospyros lotus','Dipcadi','Dipcadi fulvum','Dipcadi serotinun','Diphasium','Diphasium alpinum','Diphasium complanatum','Diphasium complanatum complanatum','Diplazium','Diplazium caudatum','Diplotaxis','Diplotaxis catholica','Diplotaxis crassifolia','Diplotaxis crassifolia crassifolia','Diplotaxis crassifolia intricata','Diplotaxis crassifolia lagascana','Diplotaxis erucoides','Diplotaxis erucoides erucoides','Diplotaxis gomez-campoi','Diplotaxis harra lagascana','Diplotaxis ibicensis','Diplotaxis muralis','Diplotaxis muralis muralis','Diplotaxis siettiana','Diplotaxis siifolia','Diplotaxis siifolia siifolia','Diplotaxis tenuifolia','Diplotaxis virgata','Diplotaxis virgata virgata','Diplotaxis viminea','Dipsacus','Dipsacus comosus','Dipsacus fullonum','Dipsacus laciniatus','Dipsacus pilosus','Dipsacus sativus','Disphyma','Disphyma crassifolium','Dittrichia','Dittrichia graveolens','Dittrichia viscosa revoluta','Dittrichia viscosa viscosa','Doronicum','Doronicum austriacum','Doronicum carpetanum','Doronicum clusii','Doronicum grandiflorum','Doronicum grandiflorum braunblanqueti','Doronicum pardalianches','Doronicum plantagineum','Dorycnium','Dorycnium hirsutum','Dorycnium pentaphyllum fulgurans','Dorycnium pentaphyllum gracile','Dorycnium pentaphyllum pentaphyllum','Dorycnium rectum','Draba','Draba aizoides','Draba cantabriae','Draba cantabrica','Draba carinthiaca','Draba dedeana','Draba dedeana dedeana','Draba dedeana mawii','Draba dubia','Draba hispanica','Draba hispanica hispanica','Draba hispanica lebrunii','Draba incana','Draba incana pyrenaea','Draba lutescens','Draba muralis','Draba nemoralis','Draba tomentosa','Draba tomentosa ciliigera','Draba tomentosa subnivalis','Draba zapateri','Dracunculus','Dracunculus muscivorus','Dracunculus vulgaris','Drosanthemum','Drosanthemum floribundum','Drosera','Drosera anglica','Drosera intermedia','Drosera rotundifolia','Drosophyllum','Drosophyllum lusitanicum','Dryas','Dryas octopetala','Dryopteris','Dryopteris abbreviata','Dryopteris aemula','Dryopteris affinis','Dryopteris affinis affinis','Dryopteris affinis robusta','Dryopteris affinis stilluppensis','Dryopteris aitoniana','Dryopteris borreri','Dryopteris carthusiana','Dryopteris corleyi','Dryopteris cristata','Dryopteris dilatata','Dryopteris expansa','Dryopteris filix-mas','Dryopteris guanchica','Dryopteris oreades','Dryopteris pseudomas','Dryopteris remota','Dryopteris submontana','Dryopteris tyrrhena','Dryopteris villarii','Dryopteris villarii balearica','Dryopteris villarii pallida','Dryopteris villarii villarii','Duchesnea','Duchesnea indica','Duranta','Duranta  repens','Ecballium','Ecballium elaterium','Echinaria','Echinaria capitata','Echinochloa','Echinochloa colonum','Echinochloa crus-galli','Echinochloa oryzoides','Echinophora','Echinophora spinosa','Echinops','Echinops fontqueri','Echinops ritro','Echinops ritro ritro','Echinops sphaerocephalus','Echinops sphaerocephalus sphaerocephalus','Echinops strigosus','Echinospartum boissieri','Echinospartum horridum','Echinospartum lusitanicum','Echinospartum lusitanicum barnadesii','Echinospartum lusitanicum lusitanicum','Echium','Echium albicans','Echium arenarium','Echium asperrimum','Echium boissieri','Echium cantabricum','Echium creticum','Echium creticum coincyanum','Echium creticum creticum','Echium flavum','Echium gaditanum','Echium humile','Echium italicum.','Echium lusitanicum','Echium lusitanicum lusitanicum','Echium lusitanicum polycaulon','Echium parviflorum','Echium plantagineum','Echium pustulatum','Echium rosulatum','Echium sabulicola','Echium tuberculatum','Echium vulgare','Eclipta','Eclipta prostata','Eichhornia','Eichhornia crassipes','Elaeagnus','Elaeoselinum','Elaeoselinum asclepium','Elaeoselinum asclepium meoides','Elaeoselinum foetidum','Elaeoselinum gummiferum','Elaeoselinum tenuifolium','Elatine','Elatine alsinastrum','Elatine hexandra','Elatine hydropiper','Elatine macropoda','Eleocharis','Eleocharis acicularis','Eleocharis austriaca','Eleocharis multicaulis','Eleocharis palustris','Eleocharis palustris palustris','Eleocharis palustris vulgaris','Eleocharis parvula','Eleocharis quinqueflora','Eleocharis uniglumis','Eleusine','Eleusine indica','Eleusine tristachya','Elizaldia','Elizaldia calycyna','Elodea','Elodea canadensis','Elymus','Elymus caninus','Elymus curvifolius','Elymus elongatus','Elymus elongatus elongatus','Elymus farctus','Elymus farctus boreali-atlanticus','Elymus farctus farctus','Elymus x farctus farctus x pycnanthus','Elymus x farctus farctus x repens','Elymus hispidus','Elymus hispidus barbulatus','Elymus hispidus hispidus','Elymus panormitanus','Elymus pungens','Elymus pungens campestris','Elymus pungens fontqueri','Elymus pungens pungens','Elymus pycnanthus','Elymus x pycnanthus x repens','Elymus repens','Elymus repens repens','Emex','Emex spinosa','Empetrum','Empetrum nigrum','Empetrum nigrum hermaphroditum','Empetrum nigrum nigrum','Endressia','Endressia castellana','Endressia pyrenaica','Enneapogon','Enneapogon persicus','Ensete','Ensete edule','Ensete gilleti','Ensete glaucum','Ensete superbum','Ensete ventricosum','Ephedra','Ephedra distachya','Ephedra distachya distachya','Ephedra fragilis campylopoda','Ephedra fragilis fragilis','Ephedra major','Ephedra major major','Ephedra nebrodensis','Epilobium','Epilobium alpestre','Epilobium alsinifolium','Epilobium anagallidifolium','Epilobium angustifolium','Epilobium atlanticum','Epilobium collinum','Epilobium duriaei','Epilobium hirsutum','Epilobium lanceolatum','Epilobium montanum','Epilobium nutans','Epilobium obscurum','Epilobium palustre','Epilobium parviflorum','Epilobium roseum','Epilobium roseum roseum','Epilobium tetragonum','Epilobium tetragonum lamyi','Epilobium tetragonum tetragonum','Epilobium tetragonum tournefortii','Epipactis','Epipactis atrorubens','Epipactis helleborine','Epipactis microphylla','Epipactis palustris','Epipactis parviflora','Equisetum','Equisetum arvense','Equisetum fluviatile','Equisetum hyemale','Equisetum palustre','Equisetum ramosissimum','Equisetum sylvaticum','Equisetum telmateia','Equisetum tenue','Equisetum x trachyodon','Equisetum variegatum','Eragrostis','Eragrostis barrelieri','Eragrostis cilianensis','Eragrostis curvula','Eragrostis minor','Eragrostis papposa','Eragrostis pectinacea','Eragrostis pilosa','Erica','Erica arborea arborea','Erica arborea riojana','Erica ciliaris','Erica erigena','Erica lusitanica','Erica scoparia scoparia','Erica terminalis','Erica tetralix','Brezal de Erica tetralix','Erigeron','Erigeron acer','Erigeron acer acer','Erigeron alpinus','Erigeron annuus','Erigeron annuus annuus','Erigeron annuus septentrionalis','Erigeron annuus strigosus','Erigeron aragonensis','Erigeron frigidus','Erigeron glabratus','Erigeron karvinskianus','Erigeron major','Erigeron uniflorus','Erinacea','Erinus','Erinus alpinus','Eriobotrya','Eriobotrya japonica','Eriophorum','Eriophorum angustifolium','Eriophorum latifolium','Eriophorum scheuchzeri','Eriophorum vaginatum','Erodium','Erodium acaule','Erodium astragaloides','Erodium boissieri','Erodium botrys','Erodium castellanum','Erodium carvifolium','Erodium cazorlanum','Erodium chium','Erodium chium chium','Erodium chium littoreum','Erodium ciconium','Erodium cicutarium','Erodium cicutarium bipinnatum','Erodium cicutarium cicutarium','Erodium cicutarium jacquinianum','Erodium daucoides','Erodium gaussenianum','Erodium gruinum','Erodium guttatum','Erodium laciniatum','Erodium malacoides','Erodium manescavi','Erodium maritimum','Erodium moschatum','Erodium mouretii','Erodium paui','Erodium petraeum crispum','Erodium petraeum glandulosum','Erodium petraeum lucidum','Erodium petraeum valentinum','Erodium recoderii','Erodium reichardii','Erodium rupestre','Erodium rupicola','Erodium sanguis-christi','Erodium tordylioides','Erophila','Erophila verna','Erophila verna praecox','Erophila verna spathulata','Erophila verna verna','Eruca','Eruca vesicaria','Eruca vesicaria sativa','Eruca vesicaria vesicaria','Erucaria','Erucaria hispanica','Erucastrum','Erucastrum gallicum','Erucastrum laevigatum','Erucastrum nasturtiifolium','Eryngium','Eryngium aquifolium','Eryngium bourgatii','Eryngium bourgatii bourgatii','Eryngium bourgatii hispanicum','Eryngium bourgatii pyrenaicum','Eryngium campestre','Eryngium x chevalieri','Eryngium corniculatum','Eryngium dichotomum','Eryngium dilatatum','Eryngium duriaei','Eryngium galioides','Eryngium glaciale','Eryngium grosii','Eryngium ilicifolium','Eryngium juresianum','Eryngium lazae','Eryngium maritimum','Eryngium tenue','Eryngium tricuspidatum','Eryngium viviparum','Erysimum','Erysimum cheiranthoides','Erysimum cheiranthoides cheiranthoides','Erysimum decumbens','Erysimum grandiflorum','Erysimum incanum','Erysimum linifolium','Erysimum linifolium baeticum','Erysimum linifolium cazorlense','Erysimum linifolium linifolium','Erysimum myriophyllum','Erysimum repandum','Erythronium','Erythronium dens-canis','Eschscholzia','Eschscholzia californica','Eucalyptus gunnii','Eucalyptus maidenii','Eucalyptus resinifer','Eucalyptus robustus','Eucalyptus viminalis','Euonymus','Euonymus japonicus','Euonymus latifolius','Eupatorium adenophorum','Eupatorium cannabinum','Eupatorium cannabinum cannabinum','Euphorbia','Euphorbia akenocarpa','Euphorbia amygdaloides','Euphorbia amygdaloides amygdaloides','Euphorbia angulata','Euphorbia biumbellata','Euphorbia boetica','Euphorbia briquetii','Euphorbia brittingeri','Euphorbia broteri','Euphorbia bupleroides','Euphorbia chamaebuxus','Euphorbia chamaesyce','Euphorbia chamaesyce chamaesyce','Euphorbia characias','Euphorbia characias characias','Euphorbia clavigera','Euphorbia clementei','Euphorbia cyparissias','Euphorbia dendroides','Euphorbia dracunculoides','Euphorbia dulcis','Euphorbia duvalii','Euphorbia esula','Euphorbia esula aragonensis','Euphorbia esula esula','Euphorbia esula tommasiniana','Euphorbia exigua','Euphorbia falcata','Euphorbia flavicoma','Euphorbia fontqueriana','Euphorbia gaditana','Euphorbia gayi','Euphorbia helioscopia','Euphorbia heliscopioides','Euphorbia humifusa','Euphorbia hyberna','Euphorbia hyberna hyberna','Euphorbia isatidifolia','Euphorbia lagascae','Euphorbia lathyris','Euphorbia maculata','Euphorbia maresii','Euphorbia mariolensis','Euphorbia margalidiana','Euphorbia matritensis','Euphorbia medicaginea','Euphorbia minuta','Euphorbia monchiquensis','Euphorbia myrsinites','Euphorbia myrsinites litardierei','Euphorbia myrsinites myrsinites','Euphorbia nevadensis','Euphorbia nicaeensis','Euphorbia nicaeensis nicaeensis','Euphorbia nutans','Euphorbia palustris','Euphorbia paralias','Euphorbia peplis','Euphorbia peploides','Euphorbia peplus','Euphorbia pinea','Euphorbia pithyusa','Euphorbia pithyusa cupanii','Euphorbia pithyusa pithyusa','Euphorbia platyphyllos','Euphorbia polygalifolia','Euphorbia polygalifolia polygalifolia','Euphorbia polygalifolia vasconensis','Euphorbia polygonifolia','Euphorbia portlandica','Euphorbia prostrata','Euphorbia pterococca','Euphorbia pubescens','Euphorbia segetalis','Euphorbia seguierana','Euphorbia seguierana seguierana','Euphorbia sennenii','Euphorbia serpens','Euphorbia serrata','Euphorbia serrulata','Euphorbia squamigera','Euphorbia squamigera carthaginensis','Euphorbia squamigera squamigera','Euphorbia sulcata','Euphorbia taurinensis','Euphorbia terracina','Euphorbia turolensis','Euphorbia uliginosa','Euphorbia villosa','Euphorbia welwitschii','Euphrasia','Euphrasia alpina','Euphrasia alpina alpina','Euphrasia alpina sennenii','Euphrasia cantabrica','Euphrasia frigida','Euphrasia fontqueri','Euphrasia hirtella','Euphrasia italica','Euphrasia micrantha','Euphrasia minima','Euphrasia minima minima','Euphrasia nemorosa','Euphrasia pectinata','Euphrasia pulchra','Euphrasia rostkoviana','Euphrasia rostkoviana montana','Euphrasia rostkoviana rostkoviana','Euphrasia salisburgensis','Euphrasia stricta','Euphrasia stricta edonardi','Euphrasia stricta stricta','Euphrasia tatarica','Euphrasia vigursii','Euphrasia willkommii','Euzomodendron','Euzomodendron bourgaeanum','Evax','Evax asterisciflora','Evax carpetana','Evax lusitanica','Evax nevadensis','Evax pygmaea','Evax pygmaea pygmaea','Evax pygmaea ramosissima','Exaculum','Exaculum pusillum','Fagonia','Fagonia cretica','Fagopyrum','Fagopyrum esculentum','Fagopyrum tataricum','Fagus','Fagus grandifolia','Falcaria','Falcaria vulgaris','Fallopia','Fallopia aubertii','Fallopia baldschuanica','Fallopia convolvulus','Fallopia dumetorum','Fedia','Fedia caput-bovis','Fedia cornucopiae','Ferula','Ferula communis','Ferula communis communis','Ferula communis glauca','Ferula tingitana','Ferulago','Ferulago brachyloba','Ferulago campestris','Ferulago granatensis','Ferulago lutea','Festuca','Festuca airoides','Festuca alpina','Festuca altissima','Festuca ampla','Festuca arundinacea arundinacea','Festuca arundinacea atlantigena','Festuca arundinacea fenas','Festuca borderi','Festuca burnatii','Festuca caerulescens','Festuca capillifolia','Festuca clementei','Festuca costei','Festuca durandii','Festuca durissima','Festuca elegans','Festuca eskia','Festuca frigida','Festuca gautieri','Festuca gigantea','Festuca glacialis','Festuca hervieri','Festuca heterophylla','Festuca hystrix','Festuca iberica','Festuca indigesta','Festuca indigesta alleizettei','Festuca indigesta aragonensis','Festuca indigesta hackeliana','Festuca indigesta indigesta','Festuca indigesta molinieri','Festuca juncifolia','Festuca lemanii','Festuca liviensis','Festuca nevadensis','Festuca nigrescens','Festuca nigrescens microphylla','Festuca nigrescens nigrescens','Festuca ochroleuca','Festuca ovina','Festuca paniculata','Festuca paniculata baetica','Festuca paniculata paniculata','Festuca paniculata spadicea','Festuca plicata','Festuca pratensis','Festuca pratensis pratensis','Festuca pseudeskia','Festuca pseudotrichophylla','Festuca pyrenaica','Festuca quadriflora','Festuca querana','Festuca reverchonii','Festuca rivularis','Festuca rothmaleri','Festuca rubra','Festuca rubra arenaria','Festuca rubra asperifolia','Festuca rubra juncea','Festuca rubra littoralis','Festuca rubra pruinosa','Festuca rubra rubra','Festuca tenuifolia','Festuca trichophylla','Festuca triflora','Festuca valentina','Festuca vasconcensis','Festuca vivipara','x Festulolium','x Festulolium loliaceum','Ficus','Ficus elastica','Ficus lyrata','Ficus pumila','Ficus retusa','Filaginella','Filaginella uliginosa','Filaginella uliginosa uliginosa','Filago','Filago congesta','Filago desertorum','Filago duraei','Filago fuscencens','Filago hispanica','Filago lutescens','Filago lutescens lutescens','Filago mareotica','Filago micropodioides','Filago pyramidata','Filago ramosissima','Filago vulgaris','Filipendula','Filipendula ulmaria','Filipendula ulmaria ulmaria','Filipendula vulgaris','Fimbristylis','Fimbristylis bisumbellata','Fimbristylis ferruginea','Foeniculum','Foeniculum vulgare','Foeniculum vulgare piperitum','Foeniculum vulgare vulgare','Forsskalea','Forsskalea tenacissima','Forsythia','Forsythia suspensa','Forsythia viridissima','Fragaria','Fragaria x ananassa','Fragaria moschata','Fragaria vesca','Fragaria virginiana','Fragaria viridis','Fragaria viridis campestris','Fragaria viridis','Frangula','Frankenia','Frankenia boissieri','Frankenia corymbosa','Frankenia hirsuta','Frankenia laevis','Frankenia pulverulenta','Frankenia thymifolia','Fraxinus','Fraxinus angustifolia angustifolia','Fraxinus angustifolia oxycarpa','Fraxinus excelsior excelsior','Freesia','Freesia refracta','Fritillaria','Fritillaria lusitanica','Fritillaria pyrenaica','Fuchsia','Fuchsia coccinea','Fuchsia colensoi','Fuchsia x hybrida hort. ex','Fuchsia magellanica','Fuchsia triphylla','Fuirena','Fuirena pubescens','Fumana','Fumana ericoides','Fumana laevipes','Fumana laevis','Fumana paradoxa','Fumana procumbens','Fumana scoparia','Fumana thymifolia','Fumaria','Fumaria agraria','Fumaria bastardii','Fumaria bella','Fumaria bicolor','Fumaria capreolata','Fumaria capreolata capreolata','Fumaria densiflora','Fumaria flabellata','Fumaria macrosepala','Fumaria martinii','Fumaria mirabilis','Fumaria muralis','Fumaria muralis boraei','Fumaria muralis muralis','Fumaria officinalis','Fumaria officinalis officinalis','Fumaria officinalis wirtgenii','Fumaria parviflora','Fumaria reuteri','Fumaria rupestris','Fumaria schleicheri','Fumaria schrammii','Fumaria sepium','Fumaria transiens','Fumaria vaillantii','Furcraea','Furcraea bedinghausii','Gagea','Gagea arvensis','Gagea fistulosa','Gagea foliosa','Gagea granatellii','Gagea lutea','Gagea minima','Gagea nevadensis','Gagea polymorpha','Gagea pratensis','Gagea saxatilis','Gaillardia','Gaillardia aristata','Galactites','Galactites duriaei','Galactites tomentosa','Galanthus','Galanthus nivalis','Galanthus nivalis nivalis','Galega','Galega officinalis','Galenia','Galenia secunda','Galeopsis','Galeopsis angustifolia','Galeopsis ladanum','Galeopsis pyrenaica','Galeopsis segetum','Galeopsis tetrahit','Galinsoga','Galinsoga ciliata','Galinsoga parviflora','Galium','Galium album','Galium album album','Galium aparine','Galium arenarium','Galium asturiocantabricum','Galium baeticum','Galium balearicum','Galium boissieranum','Galium boreale','Galium brockmannii','Galium broterianum','Galium cespitosum','Galium cinereum','Galium cometerhizon','Galium concatenatum','Galium corrudifolium','Galium crespianum','Galium debile','Galium divaricatum','Galium elongatum','Galium ephedroides','Galium erythrorrhizon','Galium fruticescens','Galium glaucum','Galium helodes','Galium idubedae','Galium laevigatum','Galium lucidum','Galium marchandii','Galium maritimum','Galium minutulum','Galium mollugo','Galium murale','Galium murcicum','Galium nevadense','Galium odoratum','Galium palustre','Galium papillosum','Galium parisiense','Galium pinetorum','Galium x pomeranicum','Galium pruinosum','Galium pulvinatum','Galium pyrenaicum','Galium rivulare','Galium rosellum','Galium rotundifolium','Galium saxatile','Galium scabrum','Galium setaceum','Galium setaceum decaisnei','Galium setaceum setaceum','Galium spurium','Galium tricornutum','Galium tunetanum','Galium uliginosum','Galium valentinum','Galium verrucosum','Galium verticillatum','Galium verum','Galium verum verum','Galium viridiflorum','Galium viscosum','Gamochaeta','Gamochaeta spicata','Gamochaeta subfalcata','Garidella','Garidella nigellastrum','Gastridium','Gastridium laxum','Gastridium ventricosum','Gaudinia','Gaudinia fragilis','Gaudinia hispanica','Genista','Genista acanthoclada','Genista acanthoclada acanthoclada','Genista acanthoclada balearica','Genista acanthoclada fasciculata','Genista anglica','Genista berberidea','Genista carpetana','Genista carpetana carpetana','Genista carpetana nociva','Genista cinerea ausetana','Genista cinerea cinerea','Genista cinerea leptoclada','Genista cinerea rosmarinetosum','Genista cinerea speciosa','Genista dorycnifolia','Genista dorycnifolia dorycnifolia','Genista dorycnifolia grossii','Genista falcata','Genista hirsuta','Genista hispanica hispanica','Genista occidentalis','Genista hystris','Genista hystris hystris','Genista hystris legionensis','Genista lanuginosa','Genista lucida','Genista micrantha','Genista polyanthos','Genista pulchella','Genista sanabrensis','Genista scorpius campylocarpa','Genista scorpius scorpius','Genista teretifolia','Genista tinctoria','Genista tournefortii','Genista triacanthos','Genista tridens','Gennaria','Gennaria diphylla','Gentiana','Gentiana acaulis','Gentiana alpina','Gentiana boryi','Gentiana brachyphylla','Gentiana brachyphylla brachyphylla','Gentiana burseri','Gentiana burseri burseri','Gentiana cruciata','Gentiana cruciata cruciata','Gentiana lutea','Gentiana lutea aurantiaca','Gentiana lutea lutea','Gentiana montserratii','Gentiana nivalis','Gentiana occidentalis','Gentiana pneumonanthe','Gentiana pneumonanthe depressa','Gentiana pneumonanthe pneumonanthe','Gentiana pumila','Gentiana pumila delphinensis','Gentiana pyrenaica','Gentiana verna','Gentiana verna verna','Gentianella','Gentianella campestris','Gentianella campestris campestris','Gentianella ciliata','Gentianella ciliata ciliata','Gentianella hyperifolia','Gentianella tenella','Geranium','Geranium bohemicum','Geranium cataractarum','Geranium cazorlense','Geranium cinereum','Geranium cinereum cinereum','Geranium columbinum','Geranium dissectum','Geranium divaricatum','Geranium dolomiticum','Geranium endressii','Geranium lanuginosum','Geranium lucidum','Geranium malviflorum','Geranium molle','Geranium nodosum','Geranium palustre','Geranium phaeum','Geranium pratense','Geranium purpureum','Geranium pusillum','Geranium pyrenaicum','Geranium robertianum','Geranium rotundifolium','Geranium sanguineum','Geranium subargenteum','Geranium sylvaticum','Geranium sylvaticum sylvaticum','Geum','Geum heterocarpum','Geum hispidum','Geum montanum','Geum pyrenaicum','Geum rivale','Geum sylvaticum','Geum urbanum','Ginkgo','Ginkgo biloba','Gladiolus','Gladiolus communis','Gladiolus communis byzantinus','Gladiolus communis communis','Gladiolus dubius','Gladiolus illyricus','Gladiolus italicus','Gladiolus reuteri','Glaucium','Glaucium corniculatum','Glaucium flavum','Glaux','Glaux maritima','Glechoma','Glechoma hederacea','Gleditsia','Gleditsia triacanthos','Glinus','Glinus lotoides','Globularia','Globularia alypum','Globularia cambessedesii','Globularia cordifolia','Globularia gracilis','Globularia nudicaulis','Globularia punctata','Globularia repens','Globularia spinosa','Globularia valentina','Globularia vulgaris','Glossopappus','Glossopappus macrotus','Glyceria','Glyceria declinata','Glyceria fluitans','Glyceria plicata','Glycine','Glycine max','Glycyrrhiza','Glycyrrhiza foetida','Glycyrrhiza glabra','Gnaphalium','Gnaphalium luteo-album','Gomphocarpus','Gomphocarpus fruticosus','Goniophlebium','Goniophlebium subauriculatum','Goodyera','Goodyera repens','Gossypium','Gossypium herbaceum','Gratiola','Gratiola linifolia','Gratiola officinalis','Gratiola officinalis broterii','Gratiola officinalis officinalis','Grevillea','Grevillea robusta','Groenlandia','Groenlandia densa','Guillonea','Guillonea scabra','Guiraoa','Guizotia','Guizotia abyssinica','Gymnadenia','Gymnadenia conopsea','Gymnadenia odoratissima','Gymnocarpium','Gymnocarpium dryopteris','Gymnocarpium robertianum','Gymnostyles','Gymnostyles stolonifera','Gynandriris','Gynandriris sisyrinchium','Gypsophila','Gypsophila montserratii','Gypsophila muralis','Gypsophila pilosa','Gypsophila repens','Gypsophila struthium','Gypsophila tomentosa','Gyrocaryum','Gyrocaryum oppositifolium','Hainardia','Hainardia cylindrica','Hakea','Hakea acicularis','Hakea salicifolia','Hakea saligna','Halimione','Halimione portulacoides','Halimium','Halimium atriplicifolium atriplicifolium','Halimium atriplicifolium serpentinicola','Halimium commutatum','Halimium halimifolium halimifolium','Halimium halimifolium multiflorum','Halimium lasianthum','Halimium lasianthum lasianthum','Halimium ocymoides','Halimium umbellatum','Halimium viscosum','Halocnemum','Halocnemum strobilaceum','Halogeton','Halogeton sativus','Halopeplis','Halopeplis amplexicaulis','Hammada','Hammada scoparia','Haplophyllum','Haplophyllum linifolium','Haplophyllum linifolium linifolium','Haplophyllum linifolium rosmarinifolium','Hedera','Hedera helix','Hedera helix canariensis','Hedera helix helix','Hedypnois','Hedypnois arenaria','Hedypnois cretica','Hedysarum','Hedysarum coronarium','Hedysarum flexuosum','Hedysarum glomeratum','Hedysarum hedysaroides','Hedysarum hedysaroides hedysaroides','Hedysarum humile','Hedysarum spinosissimum','Helianthemum','Helianthemum aegyptiacum','Helianthemum almeriense','Helianthemum almeriense almerinse','Helianthemum almeriense scopolosum','Helianthemum alypoides','Helianthemum asperum','Helianthemum canum','Helianthemum canum canum','Helianthemum canum piloselloides','Helianthemum caput-felis','Helianthemum cinereum','Helianthemum glaucum','Helianthemum hirtum','Helianthemum lavandulifolium','Helianthemum ledifolium','Helianthemum leptophyllum','Helianthemum marifolium','Helianthemum marifolium cinerascens','Helianthemum marifolium dichroum','Helianthemum marifolium filabrense','Helianthemum marifolium marifolium','Helianthemum marifolium niveum','Helianthemum marifolium rubellum','Helianthemum marifolium tomentosum','Helianthemum nummularium','Helianthemum nummularium glabrum','Helianthemum nummularium grandiflorum','Helianthemum nummularium nummularium','Helianthemum nummularium obscurum','Helianthemum nummularium pyrenaicum','Helianthemum nummularium tommentosum','Helianthemum oelandicum','Helianthemum oelandicum alpestre','Helianthemum oelandicum italicum','Helianthemum origanifolium','Helianthemum origanifolium glabratum','Helianthemum origanifolium molle','Helianthemum origanifolium origanifolium','Helianthemum origanifolium serrae','Helianthemum pannosum','Helianthemum pannosum boissieri','Helianthemum pannosum frigidulum','Helianthemum pannosum pannosum','Helianthemum papillare','Helianthemum piliferum','Helianthemum pilosum','Helianthemum pilosum pilosum','Helianthemum rossmaessleri','Helianthemum rossmaessleri paui','Helianthemum rossmaessleri rossmaessleri','Helianthemum salicifolium','Helianthemum salicifolium intermedium','Helianthemum salicifolium salicifolium','Helianthemum sanguineum','Helianthemum sessiliflorum','Helianthemum squamatum','Helianthemum villosum','Helianthemum violaceum','Helianthemum virgatum','Helianthemum viscarium','Helianthemum viscidulum','Helianthemum viscidulum guadiccianum','Helianthemum viscidulum viscarioides','Helianthemum viscidulum viscidulum','Helianthus','Helianthus annuus','Helianthus tuberosus','Helichrysum ambiguum','Helichrysum boissieri','Helichrysum bracteatum','Helichrysum cespitosum','Helichrysum decumbens','Helichrysum foetidum','Helichrysum fontanesii','Helichrysum italicum','Helichrysum italicum italicum','Helichrysum italicum microphyllum','Helichrysum italicum serotinum','Helichrysum orbiculare','Helichrysum petiolare','Helichrysum rupestre','Helichrysum rupestre cambessedesii','Helichrysum rupestre rupestre','Helichrysum stoechas','Helichrysum stoechas stoechas','Helictotrichon','Helictotrichon cantabricum','Helictotrichon murcicum','Helictotrichon planifolium','Helictotrichon sarracenorum','Helictotrichon sedenense','Heliotropium','Heliotropium curassavicum','Heliotropium europaeum','Heliotropium supinum','Helleborus','Helleborus foetidus','Helleborus foetidus balearicus','Helleborus lividus','Helleborus lividus lividus','Helleborus viridis','Helleborus viridis occidentalis','Hemarthria','Hemarthria altissima','Hemerocallis','Hemerocallis fulva','Hepatica','Hepatica nobilis','Heracleum','Heracleum sphondylium','Heracleum sphondylium montanum','Heracleum sphondylium pyrenaicum','Heracleum sphondylium sphondylium','Herniaria','Herniaria baetica','Herniaria boissieri','Herniaria ciliolata','Herniaria fontanessi','Herniaria fontanessi almeriana','Herniaria fruticosa','Herniaria fruticosa erecta','Herniaria fruticosa fruticosa','Herniaria glabra','Herniaria hirsuta','Herniaria hirsuta cinerea','Herniaria hirsuta hirsuta','Herniaria incana','Herniaria latifolia','Herniaria murorum','Herniaria scabrida','Hertia','Hertia cherifolia','Hesperis','Hesperis laciniata','Hesperis laciniata laciniata','Hesperis matronalis','Hesperis matronalis candida','Hesperis matronalis matronalis','Heteranthemis','Heteranthemis viscidehirta','Heteropogon','Heteropogon contortus','Hibiscus','Hibiscus mutabilis','Hibiscus rosa-sinensis','Hibiscus trionum','Hieracium','Hieracium acuminatum','Hieracium gr. alatum','Hieracium gr. amplexicaule','Hieracium amplexicaule','Hieracium x anchusoides','Hieracium gr. aragonense','Hieracium aragonense','Hieracium aragonense alpinum','Hieracium aragonense aragonense','Hieracium gr. argillaceum','Hieracium argyrocomum','Hieracium atropictum','Hieracium gr. aymericianum','Hieracium gr. bourgaei','Hieracium bourgaei','Hieracium bowlesianum','Hieracium brachybrachion','Hieracium breviscapum','Hieracium gr. briziflorum','Hieracium briziflorum','Hieracium brumale','Hieracium gr. candidum','Hieracium candidum','Hieracium gr. cantalicum','Hieracium castellanum','Hieracium cavanillesianum','Hieracium gr. cerinthoides','Hieracium cerinthoides','Hieracium chamaepicris','Hieracium cinerascens','Hieracium coleoidiforme','Hieracium gr. colmeiroanum','Hieracium colmeiroanum','Hieracium comatulum','Hieracium gr. compositum','Hieracium conicum','Hieracium gr. cordatum','Hieracium cordatum','Hieracium gr. cordifolium','Hieracium cordifolium','Hieracium gr. crocatum','Hieracium dipsacifolium','Hieracium doronicoides','Hieracium dumosum','Hieracium gr. elisaeanum','Hieracium elisaeanum','Hieracium eriocerinthe','Hieracium gr. eriopogon','Hieracium eriopogon','Hieracium exaltatum','Hieracium exotericum','Hieracium flagellare','Hieracium flagellare flagellare','Hieracium flocculiferum','Hieracium gr. glaucinum','Hieracium glaucinum','Hieracium glaucocerinthe','Hieracium gr. glaucophyllum','Hieracium glaucophyllum','Hieracium gouanii','Hieracium gougetianum','Hieracium granatense','Hieracium gr. guadarramense','Hieracium guadarramense','Hieracium gymnocerinthe','Hieracium halimifolium','Hieracium hirsutum','Hieracium hispanicum','Hieracium gr. humile','Hieracium humile','Hieracium x hypeuryum','Hieracium gr.insuetum','Hieracium insuetum','Hieracium intonsum','Hieracium inuliflorum','Hieracium gr. inuloides','Hieracium gr. juranum','Hieracium lactucella','Hieracium lactucella lactucella','Hieracium lactucella magnauricula','Hieracium lactucella myriadenum','Hieracium lactucella nanum','Hieracium gr. laevigatum','Hieracium laevigatum','Hieracium gr. lamprophyllum','Hieracium lamprophyllum','Hieracium lanceolatum','Hieracium gr. laniferum','Hieracium laniferum','Hieracium lantoscanum','Hieracium gr. latifolium','Hieracium laurinum','Hieracium gr. lawsonii','Hieracium lawsonii','Hieracium loeflingianum','Hieracium gr. loscosianum','Hieracium loscosianum','Hieracium gr. maculatum','Hieracium gr. mixtiforme','Hieracium mixtiforme','Hieracium gr. mixtum','Hieracium mixtum','Hieracium mixtum bombycinum','Hieracium gr. murorum','Hieracium murorum','Hieracium myagrifolium','Hieracium neocerinthe','Hieracium gr. neopicris','Hieracium neopicris','Hieracium neorupicola','Hieracium niveum','Hieracium niveum niveum','Hieracium gr. nobile','Hieracium nobile','Hieracium olivaceum','Hieracium gr. onoscoides','Hieracium onosmoides','Hieracium gr. pallidiflorum','Hieracium pallidum','Hieracium gr. pardoanum','Hieracium pardoanum','Hieracium peleteranum','Hieracium peleteranum ligericum','Hieracium peleteranum peleteranum','Hieracium peleteranum subpeleteranum','Hieracium peleteranum tenuiscapum','Hieracium peleteranum vansoesti','Hieracium petraeum','Hieracium gr. phlomoides','Hieracium phlomoides','Hieracium gr. piliferum','Hieracium piliferum','Hieracium pilosella','Hieracium pilosella argentinum','Hieracium pilosella euroalpinum','Hieracium pilosella euronotum','Hieracium pilosella melanops','Hieracium pilosella micradenium','Hieracium pilosella minuticeps','Hieracium pilosella tricholepium','Hieracium pilosella trichoscapum','Hieracium pilosella trichosoma','Hieracium pilosella velutinum','Hieracium piloselliforme','Hieracium gr. pinicola','Hieracium pinicola','Hieracium praealtum','Hieracium praealtum anadenium','Hieracium praealtum bauhinii','Hieracium praealtum praealtum','Hieracium praecox','Hieracium gr. prenanthoides','Hieracium prenanthoides','Hieracium gr. pseudocerinthe','Hieracium pseudopilosella','Hieracium pseudopilosella albarracinum','Hieracium pseudopilosella plantaginoides','Hieracium pseudopilosella pseudopilosella','Hieracium pseudopilosella tenuicaule','Hieracium gr. purpurascens','Hieracium purpurascens','Hieracium ramondii','Hieracium gr. rapunculoides','Hieracium gr. rectum','Hieracium gr. rupricaprinum','Hieracium rupricaprinum','Hieracium gr. rupicola','Hieracium gr. sabaudum','Hieracium salvatorum','Hieracium gr. saxifragum','Hieracium gr. schmidtii','Hieracium schmidtii','Hieracium gr. solidagineum','Hieracium solidagineum','Hieracium gr. sonchoides','Hieracium sonchoides','Hieracium gr. souliei','Hieracium subluridum','Hieracium subpanduratum','Hieracium gr. subsericeum','Hieracium subsericeum','Hieracium tardans','Hieracium texedense','Hieracium tridentatifolium','Hieracium gr. turritifolium','Hieracium turritifolium','Hieracium umbellatum','Hieracium gr. umbrosum','Hieracium umbrosum','Hieracium vagum','Hieracium vahlii','Hieracium valentinum','Hieracium valirensi','Hieracium vayredanum','Hieracium gr. vellereum','Hieracium vellereum','Hieracium virgultorum','Hieracium gr. viride','Hieracium viride','Hieracium gr. viscosum','Hieracium viscosum','Hieracium vogesiacum','Hieracium gr. vulgatum','Himantoglossum','Himantoglossum hircinum','Himantoglossum hircinum hircinum','Hippocrepis','Hippocrepis balearica','Hippocrepis bourgaei','Hippocrepis ciliata','Hippocrepis commutata','Hippocrepis glauca','Hippocrepis multisiliquosa','Hippocrepis salzmannii','Hippocrepis scabra','Hippocrepis squamata','Hippocrepis squamata eriocarpa','Hippocrepis squamata squamata','Hippocrepis unisiliquosa','Hippocrepis unisiliquosa biflora','Hippocrepis unisiliquosa unisiliquosa','Hippocrepis valentina','Hippophaë','Hippuris','Hippuris vulgaris','Hirschfeldia','Hirschfeldia incana','Hispidella','Hispidella hispanica','Hohenackeria','Hohenackeria exscapa','Hohenackeria polyodon','Holcus','Holcus caespitosus','Holcus gayanus','Holcus grandiflorus','Holcus lanatus','Holcus mollis','Holcus mollis mollis','Holcus mollis reuteri','Holcus setiglumis','Holcus setiglumis setiglumis','Holosteum','Holosteum umbellatum','Holosteum umbellatum glutinosum','Holosteum umbellatum umbellatum','Homalocladium','Homalocladium platycladum','Homogyne','Homogyne alpina','Honkenya','Honkenya peploides','Hordelymus','Hordelymus europaeus','Hordeum','Hordeum bulbosum','Hordeum distichon','Hordeum hystrix','Hordeum marinum','Hordeum murinum','Hordeum murinum glaucum','Hordeum murinum leporinum','Hordeum murinum murinum','Hordeum secalinum','Hordeum vulgare','Hormatophylla','Hormatophylla cadevalliana','Hormatophylla cochleata','Hormatophylla lapeyrousiana','Hormatophylla lapeyrousiana angustifolia','Hormatophylla lapeyrousiana lapeyrousiana','Hormatophylla longicaulis','Hormatophylla purpurea','Hormatophylla reverchonii','Horminum','Horminum pyrenaicum','Hornungia','Hornungia aragonensis','Hornungia petraea','Howeia','Howeia fosterana','Hugueninia','Hugueninia tanacetifolia','Hugueninia tanacetifolia suffruticosa','Humulus','Humulus lupulus','Huperzia','Huperzia selago','Huperzia selago selago','Hutchinsia','Hutchinsia alpina','Hutchinsia alpina alpina','Hutchinsia alpina auerswaldii','Hutchinsia aragonensis','Hutera','Hutera cheiranthos','Hutera cheiranthos nevadensis','Hutera hispida','Hutera leptocarpa','Hutera longirostra','Hutera pseuderucastrum','Hutera rupestris','Hyacinthoides','Hyacinthoides hispanica','Hyacinthoides italica','Hyacinthoides non-scripta','Hyacinthoides reverchonii','Hydrangea','Hydrangea macrophylla','Hydrocharis','Hydrocharis morsus-ranae','Hydrocotyle','Hydrocotyle bonariensis','Hydrocotyle vulgaris','Hylocereus','Hylocereus triangularis','Hylocereus trigonus','Hylocereus undatus','Hymenolobus','Hymenolobus pauciflorus','Hymenolobus procumbens','Hymenophyllum','Hymenophyllum tunbrigense','Hymenostemma','Hymenostemma pseudanthemis','Hyoscyamus','Hyoscyamus albus','Hyoscyamus niger','Hyoseris','Hyoseris radiata','Hyoseris radiata radiata','Hyoseris scabra','Hyparrhenia','Hyparrhenia pubescens','Hypecoum','Hypecoum imberbe','Hypecoum pendulum','Hypecoum procumbens','Hypericum','Hypericum androsaemum','Hypericum australe','Hypericum balearicum','Hypericum calycinum','Hypericum caprifolium','Hypericum elodes','Hypericum ericoides','Hypericum hircinum','Hypericum hirsutum','Hypericum humifusum','Hypericum hyssopifolium','Hypericum hyssopifolium hyssopifolium','Hypericum linarifolium','Hypericum maculatum','Hypericum maculatum maculatum','Hypericum montanum','Hypericum nummularium','Hypericum perfoliatum','Hypericum perforatum','Hypericum pubescens','Hypericum pulchrum','Hypericum richeri','Hypericum richeri burseri','Hypericum tetrapterum','Hypericum tomentosum','Hypericum triquetrifolium','Hypericum undulatum','Hypochoeris','Hypochoeris achyrophorus','Hypochoeris glabra','Hypochoeris maculata','Hypochoeris radicata','Hypochoeris radicata platylepis','Hypochoeris radicata radicata','Hypochoeris rutea','Hyssopus','Hyssopus officinalis','Hyssopus officinalis aristatus','Hyssopus officinalis canescens','Hyssopus officinalis officinalis','Iberis','Iberis amara','Iberis amara amara','Iberis amara forestieri','Iberis aurosica','Iberis aurosica cantabrica','Iberis aperta','Iberis bernardiana','Iberis ciliata','Iberis crenata','Iberis fontqueri','Iberis gibraltarica','Iberis hegelmairei','Iberis intermedia','Iberis intermedia dunalii','Iberis intermedia intermedia','Iberis intermedia prostii','Iberis linifolia','Iberis linifolia linifolia','Iberis linifolia welwitschii','Iberis nazarita','Iberis odorata','Iberis panduriformis','Iberis pinnata','Iberis procumbens','Iberis procumbens procumbens','Iberis pruitii','Iberis pruitii embergueri','Iberis pruitii gastonis','Iberis pruitii granatensis','Iberis pruitii lagascana','Iberis pruitii petraea','Iberis pruitii pruitii','Iberis sampaiana','Iberis saxatilis','Iberis saxatilis cinerea','Iberis saxatilis saxatilis','Iberis semperflorens','Iberis sempervirens','Iberis spathulata','Iberis spathulata lereschiana','Iberis spathulata spathulata','Iberis umbellata','Ifloga','Ifloga spicata','Ilex','Ilex balearica','Illecebrum','Illecebrum verticillatum','Impatiens','Impatiens balfourii','Impatiens noli-tangere','Imperata','Imperata cylindrica','Inula','Inula britannica','Inula conyza','Inula crithmoides','Inula helenioides','Inula helenium','Inula helvetica','Inula hirta','Inula montana','Inula salicina','Inula salicina aspera','Inula salicina salicina','Inula sennenii','Ionopsidium','Ionopsidium abulense','Ionopsidium acaule','Ionopsidium prolongoi','Ipomea','Ipomea acuminata','Ipomea batatas','Ipomea purpurea','Ipomea sagittata','Ipomea stolonifera','Iris','Iris albicans','Iris boissieri','Iris filifolia','Iris foetidissima','Iris germanica','Iris graminea','Iris juncea','Iris latifolia','Iris lusitanica','Iris lutescens','Iris lutescens lutescens','Iris lutescens subbiflora','Iris pallida','Iris pallida pallida','Iris planifolia','Iris pseudacorus','Iris serotina','Iris spuria','Iris spuria maritima','Iris tingitana','Iris xiphium','Isatis','Isatis platiloba','Isatis tinctoria','Isoëtes','Isoëtes asturiense','Isoëtes boryana','Isoëtes brochonii','Isoëtes delilei','Isoëtes durieui','Isoëtes echinospora','Isoëtes hystrix','Isoëtes lacustris','Isoëtes longissima','Isoëtes tenuissima','Isoëtes velata','Isopyrum','Isopyrum thalictroides','Ixia','Ixia paniculata','Jacaranda','Jacaranda acutifolia','Jacaranda mimosifolia','Jasione','Jasione blepharodon','Jasione brevisepala','Jasione corymbosa','Jasione crispa','Jasione crispa amethystina','Jasione crispa cavanillesii','Jasione crispa centralis','Jasione crispa crispa','Jasione crispa mariana','Jasione crispa maritima','Jasione crispa sessiliflora','Jasione crispa tomentosa','Jasione foliosa','Jasione foliosa foliosa','Jasione foliosa minuta','Jasione laevis','Jasione laevis carpetana','Jasione laevis gredensis','Jasione laevis laevis','Jasione laevis rosularis','Jasione lusitanica','Jasione montana','Jasione montana echinata','Jasione montana montana','Jasione penicillata','Jasminum','Jasminum fruticans','Jasminum officinale','Jasonia','Jasonia glutinosa','Jasonia tuberosa','Jubaea','Jubaea chilensis','Juglans','Juglans nigra','Juncus acutifolius','Juncus acutus','Juncus acutus acutus','Juncus alpinus','Juncus alpinus alpinus','Juncus anceps','Juncus arcticus','Juncus articulatus','Juncus bufonius','Juncus bulbosus','Juncus capitatus','Juncus compressus','Juncus conglomeratus','Juncus effusus','Juncus emmanuelis','Juncus filiformis','Juncus foliosus','Juncus fontanesii','Juncus fontanesii fontanesii','Juncus fontanesii pyramidatus','Juncus gerardi','Juncus gerardi gerardi','Juncus gerardi montanus','Juncus heterophyllus','Juncus hybridus','Juncus inflexus','Juncus littoralis','Juncus maritimus','Juncus minutulus','Juncus pygmaeus','Juncus pyrenaeus','Juncus sphaerocarpus','Juncus squarrosus','Juncus striatus','Juncus subnodulosus','Juncus subulatus','Juncus tenageia','Juncus tenuis','Juncus tingitanus','Juncus trifidus','Juncus trifidus trifidus','Juncus triglumis','Juncus webbianus','Juniperus','Juniperus communis','Juniperus oxycedrus macrocarpa','Juniperus oxycedrus oxycedrus','Juniperus oxycedrus transtagana','Juniperus phoenicea lycia','Juniperus phoenicea phoenicea','Juniperus virginiana','Jurinea','Jurinea fontqueri','Jurinea humilis','Jurinea pinnata','Kalanchoë','Kalanchoë pinnata','Kalidium','Kalidium foliatum','Kernera','Kernera auriculata','Kernera boissieri','Kernera decipiens','Kernera saxatilis','Kickxia','Kickxia cirrhosa','Kickxia commutata','Kickxia commutata commutata','Kickxia elatine','Kickxia elatine crinita','Kickxia elatine elatine','Kickxia lanigera','Kickxia spuria','Kickxia spuria integrifolia','Kickxia spuria spuria','Kleinia','Kleinia ficoides','Knautia','Knautia arvensis','Knautia arvernensis','Knautia dipsacifolia','Knautia dipsacifolia dipsacifolia','Knautia integrifolia','Knautia nevadensis','Knautia purpurea','Knautia rupicola','Knautia salvadoris','Knautia subscaposa','Kobresia','Kobresia myosuroides','Kobresia simpliciuscula','Kochia','Kochia laniflora','Kochia prostrata','Kochia scoparia','Kochia sicorica','Koeleria','Koeleria caudata','Koeleria glauca','Koeleria macrantha','Koeleria pyramidata','Koeleria splendens','Koeleria vallesiana','Koeleria vallesiana vallesiana','Koelpinia','Koelpinia linearis','Koelreuteria','Koelreuteria paniculata','Kosteletzkya','Kosteletzkya pentacarpos','Krascheninnikovia','Krascheninnikovia ceratoides','Kundmannia','Kundmannia sicula','Laburnum','Laburnum anagyroides','Lactuca','Lactuca livida','Lactuca perennis','Lactuca perennis granatensis','Lactuca perennis perennis','Lactuca saligna','Lactuca sativa','Lactuca serriola','Lactuca singularis','Lactuca tenerrima','Lactuca viminea','Lactuca viminea chondrilliflora','Lactuca viminea ramosissima','Lactuca viminea viminea','Lactuca virosa','Lafuentea','Lafuentea rotundifolia','Lagenaria','Lagenaria siceraria','Lagerstroemia','Lagerstroemia indica','Lagoecia','Lagoecia cuminoides','Lagurus','Lagurus ovatus','Lamarckia','Lamarckia aurea','Lamiastrum','Lamiastrum galeobdolon','Lamiastrum galeobdolon galeobdolon','Lamiastrum galeobdolon montanum','Lamium','Lamium album','Lamium amplexicaule','Lamium amplexicaule amplexicaule','Lamium flexuosum','Lamium hybridum','Lamium maculatum','Lamium purpureum','Lampranthus','Lampranthus glaucus','Lantana','Lantana camara','Lapiedra','Lapiedra martinezii','Lappula','Lappula barbata','Lappula deflexa','Lappula marginata','Lappula squarrosa','Lappula squarrosa squarrosa','Lapsana','Lapsana communis','Lapsana communis communis','Lapsana communis intermedia','Larix decidua','Larix x eurolepis','Larix kaempferi','Laserpitium','Laserpitium eliasii','Laserpitium gallicum','Laserpitium latifolium','Laserpitium longiradium','Laserpitium nestleri','Laserpitium nestleri nestleri','Laserpitium nestleri turolensis','Laserpitium paradoxum','Laserpitium prutenicum','Laserpitium prutenicum dufourianum','Laserpitium prutenicum prutenicum','Laserpitium siler','Laserpitium siler siler','Lasiopogon','Lasiopogon muscoides','Lathraea','Lathraea clandestina','Lathraea squamaria','Lathyrus','Lathyrus amphicarpos','Lathyrus amphicarpos amphicarpos','Lathyrus amphicarpos tetrapterus','Lathyrus angulatus','Lathyrus annuus','Lathyrus aphaca','Lathyrus articulatus','Lathyrus bauhinii','Lathyrus cicera','Lathyrus cirrhosus','Lathyrus clymenum','Lathyrus filiformis','Lathyrus heterophyllus','Lathyrus hirsutus','Lathyrus inconspicuus','Lathyrus japonicus','Lathyrus laevigatus','Lathyrus laevigatus occidentalis','Lathyrus latifolius','Lathyrus montanus','Lathyrus niger','Lathyrus niger niger','Lathyrus nissolia','Lathyrus ochrus','Lathyrus palustris','Lathyrus palustris nudicaulis','Lathyrus palustris palustris','Lathyrus pannonicus','Lathyrus pannonicus hispanicus','Lathyrus pratensis','Lathyrus sativus','Lathyrus saxatilis','Lathyrus setifolius','Lathyrus sphaericus','Lathyrus sylvestris','Lathyrus sylvestris pyrenaicum','Lathyrus sylvestris sylvestris','Lathyrus tingitanus','Lathyrus tremolsianus','Lathyrus tuberosus','Lathyrus vernus','Lathyrus vivantii','Launaea cervicornis','Launaea mucronata','Launaea nudicaulis','Launaea pumila','Launaea resedifolia','Laurentia','Laurentia gasparrinii','Laurentia tenella','Laurocerasus','Laurocerasus lusitanica','Laurocerasus lusitanica lusitanica','Laurocerasus officinalis','Laurus','Lavandula','Lavandula angustifolia angustifolia','Lavandula angustifolia pyrenaica','Lavandula multifida','Lavandula stoechas luisieri','Lavandula stoechas pedunculata','Lavandula stoechas sampaiana','Lavandula stoechas stoechas','Lavandula viridis','Lavatera','Lavatera arborea','Lavatera cretica','Lavatera maritima','Lavatera mauritanica','Lavatera oblongifolia','Lavatera olbia','Lavatera punctata','Lavatera triloba','Lavatera triloba pallescens','Lavatera triloba triloba','Lavatera trimestris','Leersia','Leersia oryzoides','Legousia','Legousia castellana','Legousia falcata','Legousia hybrida','Legousia pentagonia','Legousia speculum-veneris','Lemna','Lemna gibba','Lemna minor','Lemna perpusilla','Lemna trisulca','Lemna valdiviana','Lens','Lens culinaris','Lens ervoides','Lens nigricans','Leonotis','Leonotis leonurus','Leontodon','Leontodon autumnalis','Leontodon autumnalis autumnalis','Leontodon boryi','Leontodon carpetanus','Leontodon carpetanus carpetanus','Leontodon carpetanus nevadensis','Leontodon crispus','Leontodon crispus bourgaeanus','Leontodon crispus crispus','Leontodon duboisii','Leontodon farinosus','Leontodon hispidulus','Leontodon hispidus','Leontodon hispidus hispidus','Leontodon maroccanus','Leontodon merinoi','Leontodon microcephalus','Leontodon montanus','Leontodon montanus montanus','Leontodon pyrenaicus','Leontodon pyrenaicus cantabricus','Leontodon pyrenaicus pyrenaicus','Leontodon salzmannii','Leontodon taraxacoides','Leontodon taraxacoides longirostris','Leontodon taraxacoides taraxacoides','Leontodon tuberosus','Leontopodium','Leontopodium alpinum','Leontopodium alpinum alpinum','Leonurus','Leonurus cardiaca','Lepidium','Lepidium calycotricum','Lepidium calycotricum anticarium','Lepidium calycotricum calycotrichum','Lepidium campestre','Lepidium cardamines','Lepidium graminifolium','Lepidium graminifolium graminifolium','Lepidium graminifolium suffruticosum','Lepidium heterophyllum','Lepidium hirtum','Lepidium hirtum hirtum','Lepidium hirtum petrophilum','Lepidium hirtum stylatum','Lepidium latifolium','Lepidium perfoliatum','Lepidium ramburei','Lepidium ruderale','Lepidium sativum','Lepidium spinosum','Lepidium subulatum','Lepidium villarsii','Lepidium villarsii reverchonii','Lepidium virginicum','Lepidophorum','Lepidophorum repandum','Leucanthemopsis','Leucanthemopsis alpina','Leucanthemopsis alpina alpina','Leucanthemopsis alpina cuneata','Leucanthemopsis flaveola','Leucanthemopsis pallida','Leucanthemopsis pallida pallida','Leucanthemopsis pallida spathulifolia','Leucanthemopsis pallida virescens','Leucanthemopsis pectinata','Leucanthemopsis pulverulenta','Leucanthemopsis pulverulenta pseudopulverulenta','Leucanthemopsis pulverulenta pulverulenta','Leucanthemopsis radicans','Leucanthemum','Leucanthemum arundanum','Leucanthemum crassifolium','Leucanthemum delarbrei','Leucanthemum gracilicaule','Leucanthemum leucolepis','Leucanthemum maximum','Leucanthemum pallens','Leucanthemum paludosum','Leucanthemum pluriflorum','Leucanthemum praecox','Leucanthemum subglaucum','Leucanthemum sylvaticum','Leucanthemum vulgare','Leucojum','Leucojum aestivum','Leucojum aestivum aestivum','Leucojum aestivum pulchellum','Leucojum autumnale','Leucojum trichophyllum','Leucojum valentinum','Leucojum vernum','Leuzea','Leuzea centauroides','Leuzea conifera','Leuzea rhaponticoides','Levisticum','Levisticum officinale','Leycesteria','Leycesteria formosa','Leymus','Leymus arenarius','Leysera','Leysera leyseroides','Ligusticum','Ligusticum lucidum','Ligusticum lucidum huteri','Ligusticum lucidum lucidum','Ligustrum','Ligustrum lucidum','Ligustrum ovalifolium','Lilium','Lilium bulbiferum','Lilium martagon','Lilium pomponium','Lilium pyrenaicum','Limodorum','Limodorum abortivum','Limoniastrum','Limonium album','Limonium angustibractea','Limonium antonii-llorensii','Limonium aragonense','Limonium arenosum','Limonium auriculae-ursifolium','Limonium auriculae-ursifolium auriculae-ursifolium','Limonium bellidifolium','Limonium biflorum','Limonium binervosum','Limonium bonduellei','Limonium brassicifolium','Limonium caesium','Limonium calaminare','Limonium caprariense','Limonium caprariense caprariense','Limonium caprariense multiflorum','Limonium carthaginense','Limonium castellonense','Limonium catalaunicum','Limonium catalaunicum catalaunicum','Limonium cavanillesii','Limonium coincyi','Limonium cossonianum','Limonium costae','Limonium cymulliferum','Limonium delicatulum','Limonium delicatulum delicatulum','Limonium delicatulum tournefortii','Limonium delicatulum valentium','Limonium densissimum','Limonium dichotomum','Limonium diffusum','Limonium dufourei','Limonium duriusculum','Limonium echioides','Limonium emarginatum','Limonium emporitanum','Limonium erectum','Limonium estevei','Limonium eugeniae','Limonium ferulaceum','Limonium formenterae','Limonium furfuraceum','Limonium geronense','Limonium gibertii','Limonium girardianum','Limonium gougetianum','Limonium graecum','Limonium graecum divaricatum','Limonium grosii','Limonium humile','Limonium inarimense','Limonium inarimense ebusitanum','Limonium insigne carthaginiense','Limonium insigne insigne','Limonium latibracteatum','Limonium lucentinum','Limonium magallufianum','Limonium majoricum','Limonium majus','Limonium malacitanum','Limonium marisolii','Limonium minutiflorum','Limonium minutiflorum balearicum','Limonium neo-castellonense','Limonium oleifolium','Limonium oleifolium oleifolium','Limonium oleifolium pseudodictyocladum','Limonium ovalifolium','Limonium parvibracteatum','Limonium ramosissimum','Limonium ramosissimum confusum','Limonium ramosissimum provinciale','Limonium retusum','Limonium revolutum','Limonium ruizii','Limonium salmonis','Limonium salsuginosum','Limonium sinuatum','Limonium subglabrum','Limonium supinum','Limonium tabernense','Limonium thiniense','Limonium thouinii','Limonium tremolsii','Limonium viciosi','Limonium vulgare','Limonium vulgare serotinum','Limosella','Limosella aquatica','Linaria','Linaria aeruginea','Linaria aeruginea aeruginea','Linaria aeruginea pruinosa','Linaria algarviana','Linaria alpina','Linaria amethystea','Linaria amethystea amethystea','Linaria amethystea multipunctata','Linaria amoi','Linaria angustissima','Linaria anticaria','Linaria arenaria','Linaria arvensis','Linaria badalii','Linaria benitoi','Linaria bipunctata','Linaria caesia','Linaria caesia caesia','Linaria caesia decumbens','Linaria cavanillesii','Linaria chalepensis','Linaria clementei','Linaria cretacea','Linaria depauperata','Linaria diffusa','Linaria elegans','Linaria faucicola','Linaria filicaulis','Linaria glacilis','Linaria glauca','Linaria glauca aragonensis','Linaria glauca bubanii','Linaria glauca glauca','Linaria glauca olcadium','Linaria hirta','Linaria huteri','Linaria incarnata','Linaria intricata','Linaria lamarckii','Linaria larifolia','Linaria lilacina','Linaria micrantha','Linaria munbyana','Linaria nevadensis','Linaria nigricans','Linaria nivea','Linaria oblongifolia','Linaria oblongifolia haenseleri','Linaria oblongifolia oblongifolia','Linaria oligantha','Linaria pedunculata','Linaria pelisseriana','Linaria platycalyx','Linaria propinqua','Linaria repens','Linaria reverchonii','Linaria rossmaessleri','Linaria salzmannii','Linaria saturejoides','Linaria saturejoides angustealata','Linaria saturejoides saturejoides','Linaria saxatilis','Linaria x sepium','Linaria simplex','Linaria spartea','Linaria supina','Linaria thursica','Linaria thymifolia','Linaria triornithophora','Linaria triphylla','Linaria tristis','Linaria verticillata','Linaria viscosa','Linaria vulgaris','Lindernia','Lindernia dubia','Lindernia procumbens','Linum','Linum austriacum','Linum austriacum austriacum','Linum austriacum collicum','Linum bienne','Linum campanulatum','Linum catharticum','Linum maritimum','Linum narbonense','Linum ortegae','Linum perenne','Linum perenne alpinum','Linum perenne perenne','Linum setaceum','Linum strictum','Linum strictum corymbulosum','Linum strictum strictum','Linum suffruticosum','Linum suffruticosum salsoloides','Linum suffruticosum suffruticosum','Linum tenue','Linum tenuifolium','Linum trigynum','Linum usitatissimum','Linum viscosum','Lippia','Lippia canescens','Lippia nodiflora','Lippia triphylla','Liriodendron','Liriodendron tulipifera','Listera','Listera cordata','Listera ovata','Lithodora','Lithodora diffusa','Lithodora diffusa diffusa','Lithodora diffusa lusitanica','Lithodora fruticosa','Lithodora nitida','Lithodora oleifolia','Lithospermum','Lithospermum officinale','Littorella','Littorella uniflora','Livistona','Livistona australis','Lobelia','Lobelia urens','Lobularia','Lobularia libyca','Lobularia maritima','Loeflingia','Loeflingia baetica','Loeflingia hispanica','Loeflingia pentandra','Loeflingia tavaresiana','Logfia','Logfia arvensis','Logfia clementei','Logfia gallica','Logfia minima','Loiseleuria','Loiseleuria procumbens','Lolium','Lolium multiflorun','Lolium perenne','Lolium remotum','Lolium rigidum','Lolium rigidum rigidum','Lolium temulentum','Lonicera','Lonicera alpigena','Lonicera alpigena alpigena','Lonicera arborea','Lonicera biflora','Lonicera caerulea','Lonicera caerulea caerulea','Lonicera caprifolium','Lonicera etrusca','Lonicera implexa','Lonicera japonica','Lonicera nigra','Lonicera periclymenum','Lonicera periclymenum hispanica','Lonicera periclymenum periclymenum','Lonicera pyrenaica','Lonicera pyrenaica majoricensis','Lonicera pyrenaica pyrenaica','Lonicera splendida','Lonicera tatarica','Lonicera xylosteum','Lophochloa','Lophochloa cristata','Lophochloa pubescens','Lophochloa pumila','Lophochloa salzmannii','Lotononis','Lotononis lupinifolia','Lotus','Lotus alpinus','Lotus angustissimus','Lotus angustissimus angustissimus','Lotus angustissimus suaveolens','Lotus arenarius','Lotus collinus','Lotus conimbricensis','Lotus corniculatus','Lotus creticus','Lotus cytisoides','Lotus delortii','Lotus edulis','Lotus glareosus','Lotus glareosus glacialis','Lotus glareosus glareosus','Lotus glareosus villosus','Lotus granadensis','Lotus halophilus','Lotus longesiliquosus','Lotus ornithopodioides','Lotus parviflorus','Lotus pedunculatus','Lotus preslii','Lotus subbiflorus','Lotus subbiflorus castellanus','Lotus subbiflorus subbiflorus','Lotus tenuis','Lotus tetraphyllus','Lotus uliginosus','Ludwigia','Ludwigia palustris','Ludwigia uruguayensis','Luffa','Luffa cylindrica','Lunaria','Lunaria annua','Lunaria annua annua','Lunaria rediviva','Lupinus','Lupinus albus','Lupinus albus albus','Lupinus angustifolius','Lupinus angustifolius angustifolius','Lupinus angustifolius reticulatus','Lupinus hispanicus','Lupinus luteus','Lupinus micranthus','Lupinus polyphyllus','Lupinus varius','Lupinus varius orientalis','Lupinus varius varius','Luronium','Luronium natans','Luzula','Luzula alpinopilosa','Luzula alpinopilosa alpinopilosa','Luzula alpinopilosa candollei','Luzula caespitosa','Luzula campestris','Luzula desvauxii','Luzula forsteri','Luzula hispanica','Luzula lactea','Luzula lutea','Luzula luzulina','Luzula luzuloides','Luzula luzuloides cuprina','Luzula luzuloides luzuloides','Luzula multiflora','Luzula multiflora congesta','Luzula multiflora multiflora','Luzula nivea','Luzula nutans','Luzula pilosa','Luzula x somedana','Luzula sudetica','Luzula sylvatica','Luzula sylvatica henriquesii','Luzula sylvatica sylvatica','Lychnis','Lychnis alpina','Lychnis coronaria','Lychnis flos-cuculi','Lychnis flos-cuculi flos-cuculi','Lychnis viscaria','Lychnis viscaria viscaria','Lycium afrum','Lycium barbarum','Lycium europaeum','Lycocarpus','Lycocarpus fugax','Lycopersicon','Lycopersicon esculentum','Lycopodium','Lycopodium alpinum','Lycopodium annotinum','Lycopodium cernuum','Lycopodium clavatum','Lycopodium complanatum','Lycopodium inundatum','Lycopodium selago','Lycopus','Lycopus europaeus','Lygeum','Lysimachia','Lysimachia ephemerum','Lysimachia minoricensis','Lysimachia nemorum','Lysimachia nummularia','Lysimachia vulgaris','Lythrum','Lythrum acutangulum','Lythrum borysthenicum','Lythrum borysthenicum borysthenicum','Lythrum borysthenicum hispidulum','Lythrum castellanum','Lythrum flexuosum','Lythrum hyssopifolia','Lythrum junceum','Lythrum portula','Lythrum salicaria','Lythrum thymifolia','Lythrum tribracteatum','Maclura','Maclura pomifera','Magnolia','Magnolia grandiflora','Magydaris','Magydaris panacifolia','Magydaris panacifolia femeniensii','Magydaris panacifolia panacifolia','Mahonia','Mahonia aquifolium','Maianthemum','Maianthemum bifolium','Malachium','Malachium calycinum','Malcolmia','Malcolmia africana','Malcolmia lacera','Malcolmia littorea','Malcolmia maritima','Malcolmia ramosissima','Malope','Malope malacoides','Malope multiflora','Malope trifida','Malus','Malus dasyphylla','Malus domestica','Malva','Malva aegyptia','Malva alcea','Malva alcea alcea','Malva alcea fastigiata','Malva cretica','Malva cretica althaeoides','Malva hispanica','Malva moschata','Malva neglecta','Malva nicaeensis','Malva parviflora','Malva pusilla','Malva stipulacea','Malva sylvestris','Malva tournefortiana','Malvella','Malvella sherardiana','Mandragora','Mandragora autumnalis','Mantisalca','Mantisalca salmantica','Maresia','Maresia nana','Marrubium','Marrubium alysson','Marrubium incanum','Marrubium supinum','Marrubium vulgare','Marsilea','Marsilea aegyptiaca','Marsilea quadrifolia','Marsilea strigosa','Matricaria','Matricaria maritima','Matricaria maritima maritima','Matricaria matricarioides','Matricaria perforata','Matthiola','Matthiola fruticulosa','Matthiola fruticulosa fruticulosa','Matthiola fruticulosa perennis','Matthiola fruticulosa valesiaca','Matthiola incana','Matthiola incana incana','Matthiola lunta','Matthiola parviflora','Matthiola sinuata','Matthiola tricuspidata','Maytenus','Meconopsis','Meconopsis cambrica','Medicago','Medicago aculeata','Medicago arabica','Medicago arborea','Medicago arborea arborea','Medicago arborea citrina','Medicago ciliaris','Medicago coronata','Medicago disciformis','Medicago granadensis','Medicago intertexta','Medicago laciniata','Medicago laciniata laciniata','Medicago littoralis','Medicago littoralis cylindracea','Medicago littoralis littoralis','Medicago littoralis tricycla','Medicago lupulina','Medicago marina','Medicago minima','Medicago minima minima','Medicago minima recta','Medicago murex','Medicago murex murex','Medicago murex rodriguezii','Medicago orbicularis','Medicago orbicularis castellana','Medicago orbicularis orbicularis','Medicago polymorpha','Medicago praecox','Medicago rigidula','Medicago rugosa','Medicago sativa','Medicago sativa falcata','Medicago sativa glomerata','Medicago sativa sativa','Medicago scutellata','Medicago secundiflora','Medicago suffruticosa','Medicago suffruticosa leiocarpa','Medicago suffruticosa segobricensis','Medicago suffruticosa suffruticosa','Medicago tenoreana','Medicago tornata','Medicago truncatula','Medicago turbinata','Melampyrum','Melampyrum arvense','Melampyrum catalaunicum','Melampyrum cristatum','Melampyrum pratense','Melampyrum sylvaticum','Melandrium','Melandrium glutinosum','Melia','Melia azedarach','Melica','Melica bauhinii','Melica ciliata','Melica ciliata ciliata','Melica ciliata magnolii','Melica cupanii','Melica minuta','Melica nutans','Melica uniflora','Melilotus','Melilotus alba','Melilotus altissima','Melilotus elegans','Melilotus indica','Melilotus infesta','Melilotus italica','Melilotus messanensis','Melilotus neapolitana','Melilotus officinalis','Melilotus segetalis','Melilotus sulcata','Melissa','Melissa officinalis','Melissa officinalis altissima','Melissa officinalis officinalis','Melittis','Melittis melissophyllum','Melittis melissophyllum melissophyllum','Mentha','Mentha aquatica','Mentha arvensis','Mentha cervina','Mentha x dumetorum','Mentha x gentilis','Mentha longifolia','Mentha x piperita','Mentha x piperita nm. citrata','Mentha pulegium','Mentha rotundifolia','Mentha spicata','Mentha suaveolens','Mentha x verticillata','Mentha x villosa','Mentha x villosa nm. alopecuroides','Menyanthes','Menyanthes trifoliata','Mercurialis','Mercurialis annua','Mercurialis elliptica','Mercurialis perennis','Mercurialis reverchonii','Mercurialis tomentosa','Merendera','Merendera androcymbioides','Merendera filifolia','Merendera pyrenaica','Mesembryanthemum','Mesembryanthemum crystallinum','Mesembryanthemum nodiflorum','Mespilus','Mespilus germanica','Meum','Meum athamanticum','Mibora','Mibora minima','Microcnemum','Microcnemum coralloides','Microcnemum coralloides coralloides','Micromeria','Micromeria filiformis','Micromeria fruticosa','Micromeria fruticosa fruticosa','Micromeria graeca','Micromeria graeca graeca','Micromeria inodora','Micromeria microphylla','Micromeria nervosa','Micropus','Micropus supinus','Micropyrum','Micropyrum patens','Micropyrum tenellum','Milium','Milium effusum','Milium scabrum','Milium vernale','Milium vernale montianum','Milium vernale vernale','Minuartia','Minuartia campestris','Minuartia cerastiifolia','Minuartia dichotoma','Minuartia funkii','Minuartia geniculata','Minuartia hamata','Minuartia hybrida','Minuartia hybrida hybrida','Minuartia hybrida mediterranea','Minuartia laricifolia','Minuartia laricifolia laricifolia','Minuartia montana','Minuartia mutabilis','Minuartia recurva','Minuartia recurva recurva','Minuartia rubra','Minuartia sedoides','Minuartia verna','Minuartia verna valentina','Minuartia verna verna','Minuartia villarii','Mirabilis','Mirabilis jalapa','Misopates','Misopates calycinum','Misopates oronthium','Modiola','Modiola caroliniana','Moehringia','Moehringia ciliata','Moehringia fontqueri','Moehringia intricata','Moehringia muscosa','Moehringia pentandra','Moehringia tejedensis','Moehringia trinervia','Moenchia','Moenchia erecta','Moenchia erecta erecta','Moenchia erecta octandra','Molineriella','Molineriella laevis','Molineriella minuta','Molinia','Molinia caerulea','Molinia caerulea arundianacea','Molinia caerulea caerulea','Mollugo','Mollugo cerviana','Mollugo verticillata','Molopospermum','Molopospermum peloponnesiacum','Moluccella','Moluccella spinosa','Moneses','Moneses uniflora','Monotropa','Monotropa hypophegea','Monotropa hypopitys','Monstera','Monstera deliciosa','Montia','Montia fontana','Montia fontana amporitana','Montia fontana chondrosperma','Montia fontana fontana','Montia fontana variabilis','Montia perfoliata','Moricandia','Morus','Morus alba','Morus nigra','Mucizonia','Mucizonia hispida','Mucizonia lagascae','Mucizonia sedoides','Muehlenbeckia','Muehlenbeckia sagittifolia','Murbeckiella','Murbeckiella boryi','Murbeckiella pinnatifida','Musa','Musa cavendishii','Muscari','Muscari botryoides','Muscari comosum','Muscari neglectum','Muscari parviflorum','Myagrum','Myagrum perfoliatum','Mycelis','Mycelis muralis','Myoporum','Myoporum tenuifolium','Myosotis','Myosotis alpestris','Myosotis alpina','Myosotis arvensis','Myosotis arvensis arvensis','Myosotis arvensis umbrata','Myosotis balbisiana','Myosotis debilis','Myosotis decumbens','Myosotis decumbens teresiana','Myosotis discolor','Myosotis discolor discolor','Myosotis lamottiana','Myosotis latifolia','Myosotis laxa','Myosotis laxa caespitosa','Myosotis minutiflora','Myosotis nemorosa','Myosotis persoonii','Myosotis ramosissima','Myosotis ramosissima ramosissima','Myosotis refracta','Myosotis refracta refracta','Myosotis secunda','Myosotis sicula','Myosotis scorpioides','Myosotis stolonifera','Myosotis stricta','Myosotis sylvatica','Myosotis sylvatica sylvatica','Myosoton','Myosoton aquaticum','Myosoton aquaticum aquaticum','Myosoton aquaticum calycinum','Myosurus','Myosurus minimus','Myrica','Myrica gale','Myricaria','Myricaria germanica','Myriophyllum','Myriophyllum alterniflorum','Myriophyllum spicatum','Myriophyllum verticillatum','Myrrhis','Myrrhis odorata','Myrrhoides','Myrrhoides nodosa','Myrtus','Myrtus communis communis','Myrtus communis tarentina','Najas','Najas marina','Najas minor','Narcissus','Narcissus assoanus','Narcissus asturiensis','Narcissus baeticus','Narcissus bicolor','Narcissus bulbocodium','Narcissus bulbocodium bulbocodium','Narcissus bulbocodium citrinus','Narcissus bulbocodium obesus','Narcissus calcicarpetanus','Narcissus cantabricus','Narcissus cordubensis','Narcissus cuatrecasasii','Narcissus cyclamineus','Narcissus dubius','Narcissus elegans','Narcissus eugeniae','Narcissus fernandesii','Narcissus gaditanus','Narcissus hedraeanthus','Narcissus humilis','Narcissus x incomparabilis','Narcissus x intermedius','Narcissus jacetanus','Narcissus jonquilla','Narcissus lagoi','Narcissus longispathus','Narcissus marianicus','Narcissus x medioluteus','Narcissus minor','Narcissus muñozii-garmendiae','Narcissus x odorus','Narcissus papyraceus','Narcissus papyraceus panizzianus','Narcissus papyraceus papyraceus','Narcissus papyraceus polyanthus','Narcissus poeticus','Narcissus poeticus poeticus','Narcissus pseudonarcissus','Narcissus pseudonarcissus major','Narcissus pseudonarcissus moschatus','Narcissus pseudonarcissus nevadensis','Narcissus pseudonarcissus nobilis','Narcissus pseudonarcissus pallidiflorus','Narcissus pseudonarcissus portensis','Narcissus pseudonarcissus pseudonarcissus','Narcissus requienii','Narcissus rupicola','Narcissus serotinus','Narcissus x stenanthus','Narcissus tazetta','Narcissus tazetta tazetta','Narcissus tortifolius','Narcissus triandrus','Narcissus triandrus pallidulus','Narcissus triandrus triandrus','Narcissus viridiflorus','Narcissus willkommii','Narduroides','Narduroides salzmannii','Nardus','Narthecium','Narthecium ossifragum','Nasturtium','Nasturtium microphyllum','Nasturtium officinale','Naufraga','Naufraga balearica','Neatostema','Neatostema apulum','Neotinea','Neotinea maculata','Neottia','Neottia nidus-avis','Nepeta','Nepeta amethystina','Nepeta amethystina amethystina','Nepeta amethystina microglandulosa','Nepeta apuleii','Nepeta beltranii','Nepeta boissieri','Nepeta cantabrica','Nepeta cataria','Nepeta granatensis','Nepeta hispanica','Nepeta latifolia','Nepeta latifolia latifolia','Nepeta latifolia oscensis','Nepeta mallophora','Nepeta multibracteata','Nepeta nepetella','Nepeta nuda','Nepeta nuda nuda','Nepeta numantina','Nepeta tuberosa','Nepeta tuberosa gienensis','Nepeta tuberosa reticulata','Nepeta tuberosa tuberosa','Nepeta ucranica','Nepeta ucranica braun-blanquetii','Nephrolepis','Nephrolepis cordifolia','Nephrolepis exaltata','Nerium','Neslia','Neslia paniculata','Neslia paniculata paniculata','Neslia paniculata thracica','Nicotiana','Nicotiana rustica','Nicotiana tabacum','Nigella','Nigella arvensis','Nigella arvensis arvensis','Nigella damascena','Nigella gallica','Nigella hispanica','Nigella hispanica atlantica','Nigella hispanica hispanica','Nigritella','Nigritella nigra','Nigritella nigra nigra','Noaea','Noaea mucronata','Nolletia','Nolletia chrysocomoides','Nonea','Nonea micrantha','Nonea micrantha bourgaei','Nonea micrantha micrantha','Nonea ventricosa','Nonea vesicaria','Nothoscordum','Nothoscordum inodorum','Notobasis','Notobasis syriaca','Notoceras','Notoceras bicorne','Nuphar','Nuphar lutea','Nymphaea','Nymphaea alba','Nymphaea candida','Nymphoides','Nymphoides peltata','Ocinum','Ocinum basilicum','Odontites','Odontites asturicus','Odontites eliassennenii','Odontites granatensis','Odontites jaubertiana','Odontites kaliformis','Odontites lanceolata','Odontites lanceolata lanceolata','Odontites lanceolata olotensis','Odontites longiflora','Odontites lutea','Odontites purpurea','Odontites pyrenaea','Odontites pyrenaea abiliana','Odontites pyrenaea pyrenaea','Odontites tenuifolia','Odontites verna','Odontites verna serotina','Odontites verna verna','Odontites viscosa','Odontites viscosa hispanica','Odontites viscosa viscosa','Oenanthe','Oenanthe aquatica','Oenanthe crocata','Oenanthe fistulosa','Oenanthe globulosa','Oenanthe globulosa globulosa','Oenanthe globulosa kunzei','Oenanthe lachenalii','Oenanthe peucedanifolia','Oenanthe pimpinelloides','Oenanthe silaifolia','Oenothera','Oenothera biennis','Oenothera erythrosepala','Oenothera longiflora','Oenothera parviflora','Oenothera rosea','Oenothera stricta','Olea','Omalotheca','Omalotheca norvegica','Omalotheca supina','Omalotheca sylvatica','Omphalodes','Omphalodes brassicifolia','Omphalodes commutata','Omphalodes gallaecica','Omphalodes kuzinskyanae','Omphalodes linifolia','Omphalodes nitida','Omphalodes pavoniana','Onobrychis','Onobrychis aequidentata','Onobrychis argentea','Onobrychis argentea argentea','Onobrychis argentea hispanica','Onobrychis caput-galli','Onobrychis peduncularis','Onobrychis peduncularis matritensis','Onobrychis peduncularis peduncularis','Onobrychis pyrenaica','Onobrychis reuteri','Onobrychis saxatilis','Onobrychis stenorhiza','Onobrychis supina','Onobrychis viciifolia','Ononis','Ononis alopecuroides','Ononis aragonensis','Ononis baetica','Ononis biflora','Ononis cephalotes','Ononis cintrana','Ononis cossoniana','Ononis crispa','Ononis cristata','Ononis crotalarioides','Ononis dentata','Ononis diffusa','Ononis euphrasiifolia','Ononis filicaulis','Ononis hirta','Ononis laxiflora','Ononis leucotricha','Ononis minutissima','Ononis mitissima','Ononis natrix','Ononis natrix hispanica','Ononis ornithopodioides','Ononis pendula','Ononis pinnata','Ononis pubescens','Ononis pusilla','Ononis reclinata','Ononis repens','Ononis reuteri','Ononis rotundifolia','Ononis rotundifolia latifolia','Ononis rotundifolia rotundifolia','Ononis saxicola','Ononis sicula','Ononis spinosa','Ononis spinosa antiquorum','Ononis spinosa spinosa','Ononis striata','Ononis subspicata','Ononis tournefortii','Ononis variegata','Ononis viscosa','Ononis viscosa brachycarpa','Ononis viscosa breviflora','Ononis viscosa foetida','Ononis viscosa subcordata','Ononis viscosa viscosa','Onopordum','Onopordum acaulon','Onopordum acaulon acaulon','Onopordum acaulon pyrenaicum','Onopordum acaulon uniflorum','Onopordum acanthium','Onopordum acanthium acanthium','Onopordum acanthium gautieri','Onopordum x bilbilitanum','Onopordum corymbosum','Onopordum corymbosum corymbosum','Onopordum glomeratum','Onopordum humile','Onopordum illyricum','Onopordum illyricum illyricum','Onopordum macracanthum','Onopordum nervosum','Onosma','Onosma bubanii','Onosma fastigiata','Onosma fastigiata catalaunica','Onosma fastigiata fastigiata','Onosma tricerosperma','Onosma tricerosperma granatensis','Onosma tricerosperma hispanica','Onosma tricerosperma tricerosperma','Ophioglossum','Ophioglossum azoricum','Ophioglossum lusitanicum','Ophioglossum vulgatum','Ophrys','Ophrys apifera','Ophrys apifera apifera','Ophrys apifera jurana','Ophrys arachnitiformis','Ophrys bertolonii','Ophrys x bertoloniiformis','Ophrys bombyliflora','Ophrys fuciflora','Ophrys fuciflora fuciflora','Ophrys fusca','Ophrys fusca durieui','Ophrys fusca fusca','Ophrys fusca omegaifera','Ophrys garganica','Ophrys insectifera','Ophrys lutea','Ophrys lutea lutea','Ophrys lutea murbeckii','Ophrys scolopax','Ophrys scolopax scolopax','Ophrys speculum','Ophrys speculum speculum','Ophrys sphegodes','Ophrys sphegodes atrata','Ophrys sphegodes litigiosa','Ophrys sphegodes sphegodes','Ophrys tenthredinifera','Oplismenus','Oplismenus undulatifolius','Opopanax','Opopanax chironium','Opuntia cylindrica','Opuntia dillenii','Opuntia erinacea','Opuntia ficus-indica','Opuntia subulata','Opuntia tomentosa','Opuntia tuna','Opuntia vulgaris','x Orchi-Aceras (Aceras x Orchis)','x Orchi-Aceras (Aceras x Orchis) macra','Orchis','Orchis coriophora','Orchis coriophora coriophora','Orchis coriophora fragans','Orchis coriophora martrinii','Orchis italica','Orchis lactea','Orchis laxiflora','Orchis laxiflora laxiflora','Orchis laxiflora palustris','Orchis longicornu','Orchis mascula','Orchis mascula hispanica','Orchis mascula mascula','Orchis mascula olbiensis','Orchis mascula signifera','Orchis militaris','Orchis morio','Orchis morio champagneuxii','Orchis morio morio','Orchis morio picta','Orchis pallens','Orchis papilionacea','Orchis papilionacea grandiflora','Orchis papilionacea rubra','Orchis patens','Orchis provincialis','Orchis provincialis provincialis','Orchis purpurea','Orchis saccata','Orchis simia','Orchis spitzelii','Orchis spitzelii spitzelii','Orchis tridentata','Orchis tridentata commutata','Orchis tridentata tridentata','Orchis ustulata','Oreochloa','Oreochloa blanka','Oreochloa confusa','Oreopteris','Oreopteris limbosperma','Origanum','Origanum compactum','Origanum majorana','Origanum majoricum','Origanum onites','Origanum paui','Origanum virens','Origanum vulgare','Orlaya','Orlaya grandiflora','Orlaya kochii','Ornithogalum','Ornithogalum arabicum','Ornithogalum broteroi','Ornithogalum collinum','Ornithogalum concinnum','Ornithogalum divergens','Ornithogalum exscapum','Ornithogalum narbonense','Ornithogalum nutans','Ornithogalum orthophyllum','Ornithogalum orthophyllum baeticum','Ornithogalum orthophyllum kochii','Ornithogalum pyrenaicum','Ornithogalum reverchonii','Ornithogalum umbellatum','Ornithogalum unifolium','Ornithopus','Ornithopus compressus','Ornithopus perpusillus','Ornithopus pinnatus','Ornithopus sativus','Ornithopus sativus isthmocarpus','Ornithopus sativus sativus','Orobanche','Orobanche alba','Orobanche amethystea','Orobanche amethystea amethystea','Orobanche amethystea castellana','Orobanche arenaria','Orobanche caesia','Orobanche calendulae','Orobanche caryophyllacea','Orobanche cernua','Orobanche clausonis','Orobanche crenata','Orobanche densiflora','Orobanche elatior','Orobanche foetida','Orobanche gracilis','Orobanche haenseleri','Orobanche hederae','Orobanche latisquama','Orobanche laserpitii-sileris','Orobanche lavandulacea','Orobanche loricata','Orobanche lutea','Orobanche maritima','Orobanche minor','Orobanche purpurea','Orobanche ramosa','Orobanche ramosa mutelii','Orobanche ramosa nana','Orobanche ramosa ramosa','Orobanche rapum-genistae','Orobanche rapum-genistae benthamii','Orobanche rapum-genistae rapum-genistae','Orobanche reticulata','Orobanche rosmarina','Orobanche sanguinea','Orobanche schultzii','Orobanche teucrii','Orobanche trichocalyx','Orobanche variegata','Ortegia','Ortegia hispanica','Orthilia','Orthilia secunda','Orthilia secunda secunda','Oryza','Oryza sativa','Oryzopsis','Oryzopsis coerulescens','Oryzopsis miliacea','Oryzopsis paradoxa','Oryzopsis thomasii','Osmunda','Osmunda regalis','Osyris','Osyris alba','Osyris quadripartita','Otanthus','Otanthus maritimus','Otospermum','Otospermum glabrum','Oxalis','Oxalis acetosella','Oxalis articulata','Oxalis corniculata','Oxalis corymbosa','Oxalis europaea','Oxalis latifolia','Oxalis pes-caprae','Oxalis purpurea','Oxyria','Oxyria digyna','Oxytropis','Oxytropis amethystea','Oxytropis campestris','Oxytropis campestris campestris','Oxytropis campestris nuriae','Oxytropis foucadii','Oxytropis halleri','Oxytropis halleri halleri','Oxytropis lapponica','Oxytropis pyrenaica','Paeonia','Paeonia broteroi','Paeonia cambessedesii','Paeonia coriacea','Paeonia officinalis','Paeonia officinalis humilis','Paliurus','Paliurus spina-christi','Pallenis','Pallenis spinosa','Pallenis spinosa spinosa','Pancratium','Pancratium maritimum','Panicum','Panicum capillare','Panicum miliaceum','Panicum repens','Papaver','Papaver argemone','Papaver dubium','Papaver hybridum','Papaver lecoqii','Papaver pinnatifidum','Papaver rhaeticum','Papaver rhoeas','Papaver rupifragum','Papaver somniferum','Papaver somniferum setigerum','Papaver somniferum somniferum','Papaver stipitatum','Papaver strigosum','Papaver suaveolens','Papaver suaveolens endresii','Papaver suaveolens suaveolens','Paradisea','Paradisea liliastrum','Paradisea lusitanica','Parapholis','Parapholis filiformis','Parapholis incurva','Parapholis marginata','Parapholis pycnantha','Parapholis strigosa','Parentucellia','Parentucellia latifolia','Parentucellia viscosa','Parietaria','Parietaria judaica','Parietaria lusitanica','Parietaria lusitanica lusitanica','Parietaria lusitanica serbica','Parietaria mauritanica','Paris','Paris quadrifolia','Parnassia','Parnassia palustris','Parnassia palustris palustris','Paronychia','Paronychia aretioides','Paronychia argentea','Paronychia argentea argentea','Paronychia capitata','Paronychia cymosa','Paronychia echinulata','Paronychia echinulata echinulata','Paronychia kapela','Paronychia kapela baetica','Paronychia kapela serpyllifolia','Paronychia polygonifolia','Paronychia rouyana','Paronychia suffruticosa','Parthenium','Parthenium argentatum','Parthenocissus','Parthenocissus inserta','Parthenocissus quinquefolia','Parthenocissus tricuspidata','Paspalum','Paspalum dilatatum','Paspalum paspalodes','Paspalum vaginatum','Passiflora','Passiflora caerulea','Pastinaca','Pastinaca lucida','Pastinaca sativa','Pastinaca sativa sativa','Pastinaca sativa sylvestris','Pastinaca sativa urens','Pawlonia','Pawlonia tomentosa','Pedicularis','Pedicularis asparagoides','Pedicularis comosa','Pedicularis comosa comosa','Pedicularis foliosa','Pedicularis kerneri','Pedicularis mixta','Pedicularis pyrenaica','Pedicularis rostratospicata','Pedicularis rostratospicata helvetica','Pedicularis schizocalyx','Pedicularis sylvatica','Pedicularis sylvatica lusitanica','Pedicularis sylvatica sylvatica','Pedicularis tuberosa','Pedicularis verticillata','Peganum','Peganum harmala','Pelargonium','Pelargonium capitatum','Pelargonium crispum','Pelargonium x domesticum','Pelargonium peltatum','Pelargonium zonale','Pellaea','Pellaea calomelanos','Pellaea rotundifolia','Pennisetum','Pennisetum villosum','Pentaglottis','Pentaglottis sempervirens','Pentaphylloides','Pentaphylloides fruticosa','Pentaphylloides fruticosa floribunda','Periballia','Periballia involucrata','Periploca','Periploca graeca','Periploca laevigata laevigata','Persea','Persea americana','Persica','Persica vulgaris','Pessopteris','Pessopteris crassifolia','Petasites','Petasites fragans','Petasites hybridus','Petasites hybridus hybridus','Petasites paradoxus','Petrocallis','Petrocallis pyrenaica','Petrocoptis','Petrocoptis albaredae','Petrocoptis albaredae albaredae','Petrocoptis albaredae guinochetti','Petrocoptis crassifolia','Petrocoptis crassifolia crassifolia','Petrocoptis crassifolia guarensis','Petrocoptis crassifolia montsicciana','Petrocoptis glaucifolia','Petrocoptis grandiflora','Petrocoptis hispanica','Petrocoptis pardoi','Petrocoptis pardoi pardoi','Petrocoptis pseudoviscosa','Petrocoptis pyrenaica','Petrocoptis pyrenaica pyrenaica','Petrocoptis viscosa','Petrocoptis wiedmannii','Petrorhagia','Petrorhagia atapuercae','Petrorhagia nanteuilii','Petrorhagia prolifera','Petrorhagia saxifraga','Petrorhagia velutina','Petroselinum','Petroselinum crispum','Petroselinum segetum','Petunia','Petunia axillaris','Petunia x hybrida hort.','Petunia violacea','Peucedanum','Peucedanum aragonense','Peucedanum carvifolia','Peucedanum cervaria','Peucedanum gallicum','Peucedanum hispanicum','Peucedanum lancifolium','Peucedanum officinale','Peucedanum officinale officinale','Peucedanum officinale stenocarpum','Peucedanum oreoselinum','Peucedanum oreoselinum bourgaei','Peucedanum oreoselinum oreoselinum','Peucedanum ostruthium','Peucedanum venetum','Phagnalon','Phagnalon rupestre','Phagnalon saxatile','Phagnalon sordidum','Phalacrocarpum','Phalacrocarpum hoffmannseggii','Phalacrocarpum oppositifolium','Phalacrocarpum oppositifolium isthmocatpus','Phalacrocarpum oppositifolium sativus','Phalaris','Phalaris aquatica','Phalaris arundinacea','Phalaris arundinacea arundinacea','Phalaris arundinacea rotgesii','Phalaris brachystachys','Phalaris canariensis','Phalaris coerulescens','Phalaris minor','Phalaris paradoxa','Phalaris truncata','Phaseolus','Phaseolus coccineus','Phaseolus vulgaris','Philadelphus','Philadelphus coronarius','Phillyrea','Phlebodium','Phlebodium aureum','Phleum','Phleum alpinum','Phleum alpinum alpinum','Phleum alpinum rhaeticum','Phleum arenarium','Phleum paniculatum','Phleum phleoides','Phleum pratense','Phleum pratense bertolonii','Phleum pratense pratense','Phleum pratense trabutii','Phleum pseudocommutatum','Phleum subulatum','Phleum subulatum subulatum','Phlomis','Phlomis x composita','Phlomis crinita','Phlomis herba-venti','Phlomis herba-venti herba-venti','Phlomis herba-venti pungens','Phlomis italica','Phlomis lychnitis','Phlomis purpurea almeriensis','Phlox','Phlox drummondii','Phoenix','Pholiurus','Pholiurus pannonicus','Phormium','Phormium tenax','Photinia','Photinia serrulata','Phragmites','Phyllitis','Phyllitis sagittata','Phyllitis scolopendrium','Phyllostachys','Phyllostachys aurea','Phyllostachys bambusoides','Phyllostachys nigra','Phyllostachys viridiglaucescens','Physalis','Physalis alkekengi','Physalis peruviana','Physalis phyladelphica','Physospermun','Physospermun cornubiense','Phyteuma','Phyteuma charmelii','Phyteuma globulariifolium','Phyteuma globulariifolium pedemontanum','Phyteuma hemisphaericum','Phyteuma hispanicum','Phyteuma orbiculare','Phyteuma pyrenaicum','Phyteuma rupicola','Phyteuma serratoides','Phyteuma spicatum','Phyteuma spicatum spicatum','Phytolacca','Phytolacca americana','Phytolacca dioica','Picea','Picea abies abies','Picnomon','Picnomon acarna','Picris','Picris comosa','Picris echioides','Picris hieracioides','Picris hieracioides hieracioides','Picris hieracioides longifolia','Picris hieracioides spinulosa','Picris hispanica','Picris pauciflora','Picris sprengerana','Picris villarsii','Picris willkommii','Pilea','Pilea cadierei','Pilularia','Pilularia globulifera','Pilularia minuta','Pimpinella','Pimpinella anisum','Pimpinella bicknellii','Pimpinella gracilis','Pimpinella gracilis catalaunica','Pimpinella gracilis gracilis','Pimpinella gracilis puberula','Pimpinella major','Pimpinella peregrina','Pimpinella procumbens','Pimpinella saxifraga','Pimpinella siifolia','Pimpinella tragium','Pimpinella tragium lithophila','Pimpinella villosa','Pinguicula','Pinguicula alpina','Pinguicula grandiflora','Pinguicula grandiflora coenocantabrica','Pinguicula grandiflora grandiflora','Pinguicula longifolia','Pinguicula longifolia longifolia','Pinguicula lusitanica','Pinguicula nevadensis','Pinguicula vallisneriifolia','Pinguicula vulgaris','Pinus','Pinus x bougetii','Pinus clusiana','Pinus clusiana clusiana','Pinus clusiana salzmannii','Pinus pinaster atlantica','Pinus pinaster pinaster','Pinus sylvestris iberica','Pinus sylvestris nevadensis','Pinus sylvestris pyrenaica','Pistacia','Pistacia x saportae','Pistacia vera','Pistorinia','Pistorinia brevifolia','Pistorinia hispanica','Pisum','Pisum sativum','Pisum sativum elatius','Pisum sativum sativus','Pittosporum','Pittosporum tobira','Pittosporum undulatum','Plantago','Plantago afra','Plantago albicans','Plantago alpina','Plantago amplexicaulis','Plantago arenaria','Plantago argentea','Plantago asperrima','Plantago atrata','Plantago atrata atrata','Plantago atrata discolor','Plantago bellardii','Plantago bellardii bellardii','Plantago cornuti','Plantago coronopus','Plantago coronopus coronopus','Plantago coronopus purpurascens','Plantago crassifolia','Plantago holosteum','Plantago holosteum algarbiensis','Plantago holosteum holosteum','Plantago lagopus','Plantago lanceolata','Plantago loeflingii','Plantago macrorhiza','Plantago major','Plantago major intermedia','Plantago major major','Plantago maritima','Plantago maritima loscosii','Plantago maritima maritima','Plantago maritima serpentina','Plantago media','Plantago media media','Plantago media nevadensis','Plantago monosperma','Plantago nivalis','Plantago notata','Plantago ovata','Plantago sempervirens','Plantago serraria','Plantago subulata','Plantago subulata granatensis','Platanthera','Platanthera bifolia','Platanthera chlorantha','Platanus','Platanus orientalis','Platycapnos','Platycapnos saxicola','Platycapnos saxicola grandiflora','Platycapnos spicata','Platycapnos spicata echeandiae','Platycapnos spicata spicata','Platycerium','Platycerium bifurcatum','Pleurosorus','Pleurosorus hispanicus','Pleurosorus nevadensis','Plumbago','Plumbago europaea','Plumeria','Plumeria alba','Plumeria rubra','Poa','Poa alpina','Poa angustifolia','Poa annua','Poa bulbosa','Poa cenisia','Poa cenisia sardoa','Poa chaixii','Poa compressa','Poa feratiana','Poa flaccidula','Poa infirma','Poa laxa','Poa ligulata','Poa maroccana','Poa minor','Poa minor minor','Poa minor nevadensis','Poa molinerii','Poa nemoralis','Poa pratensis','Poa pratensis legionensis','Poa pratensis pratensis','Poa subcaerulea','Poa supina','Poa trivialis','Poa trivialis sylvicola','Poa trivialis trivialis','Poinsettia','Poinsettia pulcherrima','Polianthes','Polianthes tuberosa','Polycarpon','Polycarpon alsinifolium','Polycarpon diphyllum','Polycarpon polycarpoides','Polycarpon tetraphyllum','Polycnemum','Polycnemum arvense','Polycnemum majus','Polygala','Polygala alpestris','Polygala alpestris alpestris','Polygala alpina','Polygala baetica','Polygala boissieri','Polygala calcarea','Polygala comosa','Polygala edmundii','Polygala exilis','Polygala lusitanica','Polygala microphylla','Polygala monspeliaca','Polygala nicaeensis','Polygala nicaeensis caesalpinii','Polygala rupestris','Polygala serpyllifolia','Polygala varyredae','Polygala vulgaris','Polygala vulgaris mediterranea','Polygala vulgaris vulgaris','Polygonatum','Polygonatum multiflorum','Polygonatum odoratum','Polygonatum verticillatum','Polygonum','Polygonum alpinum','Polygonum amphibium','Polygonum arenarium','Polygonum arenarium pulchellum','Polygonum arenastrum','Polygonum aviculare','Polygonum aviculare aviculare','Polygonum aviculare battandieri','Polygonum aviculare rhizoxylon','Polygonum bistorta','Polygonum equisetiforme','Polygonum hydropiper','Polygonum lapathifolium','Polygonum lapathifolium lapathifolium','Polygonum lapathifolium pallidum','Polygonum maritimum','Polygonum minus','Polygonum mite','Polygonum orientale','Polygonum oxyspermum','Polygonum oxyspermum oxyspermum','Polygonum oxyspermum raii','Polygonum patulum','Polygonum persicaria','Polygonum robertii','Polygonum romanum','Polygonum rurivagum','Polygonum salicifolium','Polygonum tomentosum','Polygonum viviparum','Polypodium','Polypodium australe','Polypodium interjectum','Polypodium vulgare','Polypogon','Polypogon maritimus','Polypogon maritimus maritimus','Polypogon maritimus subspathaceus','Polypogon monspeliensis','Polypogon viridis','Polystichum','Polystichum aculeatum','Polystichum x bicknellii','Polystichum braunii','Polystichum x illyricum','Polystichum lonchitis','Polystichum setiferum','Populus','Populus deltoides','Populus euphratica','Portulaca','Portulaca grandiflora','Portulaca oleracea','Portulaca oleracea oleracea','Portulaca oleracea sativa','Posidonia','Posidonia oceanica','Potamogeton','Potamogeton alpinus','Potamogeton coloratus','Potamogeton compressus','Potamogeton x cooperi','Potamogeton crispus','Potamogeton filiformis','Potamogeton gramineus','Potamogeton lucens','Potamogeton natans','Potamogeton nodosus','Potamogeton pectinatus','Potamogeton perfoliatus','Potamogeton polygonifolius','Potamogeton pusillus','Potamogeton trichoides','Potentilla','Potentilla alchimilloides','Potentilla anglica','Potentilla anserina','Potentilla anserina anserina','Potentilla argentea','Potentilla aurea','Potentilla aurea aurea','Potentilla brauniana','Potentilla caulescens','Potentilla cinerea','Potentilla crantzii','Potentilla crantzii crantzii','Potentilla crantzii latestipula','Potentilla erecta','Potentilla frigida','Potentilla fruticosa','Potentilla grandiflora','Potentilla guarensis','Potentilla hirta','Potentilla inclinata','Potentilla mascuinii','Potentilla micrantha','Potentilla montana','Potentilla multifida','Potentilla neglecta','Potentilla nevadensis','Potentilla nivalis','Potentilla oscensis','Potentilla palustris','Potentilla pennsylvanica','Potentilla pennsylvanica hispanica','Potentilla pennsylvanica pennsylvanica','Potentilla petrophyla','Potentilla pyrenaica','Potentilla recta','Potentilla reptans','Potentilla reuteri','Potentilla rupestris','Potentilla scoparioides','Potentilla sterilis','Potentilla tabernaemontani','Potentilla thuringiaca','Prasium','Prasium majus','Prenanthes','Prenanthes purpurea','Primula','Primula elatior','Primula elatior elatior','Primula elatior intricata','Primula elatior lofthousei','Primula farinosa','Primula farinosa farinosa','Primula hirsuta','Primula integrifolia','Primula latifolia','Primula pedemontana','Primula pedemontana iberica','Primula pedemontana pedemontana','Primula veris','Primula veris canescens','Primula veris columnae','Primula veris veris','Primula vulgaris','Primula vulgaris balearica','Primula vulgaris vulgaris','Prolonga','Prolonga hispanica','Prolonga pectinata','Prunella','Prunella grandiflora','Prunella grandiflora grandiflora','Prunella grandiflora pyrenaica','Prunella hyssopifolia','Prunella laciniata','Prunella vulgaris','Prunus','Prunus cerasifera','Prunus cerasus','Prunus domestica','Prunus domestica domestica','Prunus domestica insititia','Prunus lusitanica','Prunus mahaleb','Prunus padus','Prunus padus padus','Prunus prostrata','Pseudarrhenatherum','Pseudarrhenatherum longifolium','Pseudorchis','Pseudorchis albida','Pseudorchis albida albida','Pseudorlaya','Pseudorlaya minuscula','Pseudorlaya pumila','Pseudosasa','Pseudosasa japonica','Pseudotsuga','Psidium','Psidium guajava','Psilotum','Psilotum nudum','Psilurus','Psilurus incurvus','Psoralea','Psoralea americana','Psoralea bituminosa','Pteridium','Pteridium aquilinum aquilinum','Pteridium aquilinum brevipes','Pteris','Pteris argyraea','Pteris cretica','Pteris multifida','Pteris serrulata','Pteris tremula','Pteris vittata','Pterocephalus','Pterocephalus diandrus','Pterocephalus intermedius','Pterocephalus papposus','Pterocephalus spathulatus','Ptilostemon','Ptilostemon casabonae','Ptilostemon hispanicus','Ptychotis','Ptychotis saxifraga','Puccinellia','Puccinellia distans','Puccinellia distans distans','Puccinellia fasciculata','Puccinellia fasciculata fasciculata','Puccinellia fasciculata pungens','Puccinellia festuciformis','Puccinellia festuciformis convoluta','Puccinellia festuciformis festuciformis','Puccinellia festuciformis tenuifolia','Puccinellia maritima','Puccinellia rupestris','Pulicaria','Pulicaria arabica','Pulicaria dysenterica','Pulicaria microcephala','Pulicaria odora','Pulicaria paludosa','Pulicaria sicula','Pulicaria vulgaris','Pulmonaria','Pulmonaria affinis','Pulmonaria longifolia','Pulsatilla','Pulsatilla alpina','Pulsatilla alpina alpina','Pulsatilla alpina apiifolia','Pulsatilla alpina cantabrica','Pulsatilla alpina fontqueri','Pulsatilla rubra','Pulsatilla rubra hispanica','Pulsatilla rubra rubra','Pulsatilla vernalis','Punica','Punica granatum','Putoria','Putoria calabrica','Pycnocomon','Pycnocomon rutifolium','Pyracantha','Pyracantha coccinea','Pyrola','Pyrola chlorantha','Pyrola minor','Pyrola rotundifolia','Pyrola rotundifolia rotundifolia','Pyrus','Pyrus amygadaliformis','Pyrus bourgaeana','Pyrus communis','Pyrus cordata','Pyrus pyraster','Pyrus salvifolia','Quercus','Quercus x andegavensis','Quercus x anselmi','Quercus x aruciensis','Quercus x auzendi','Quercus x canariensis x faginea faginea','Quercus x canariensis x pyrenaica x petraea','Quercus x canariensis x pyrenaica x mas','Quercus x cantabrica','Quercus x clementi','Quercus x costae','Quercus x desmotricha','Quercus faginea alpestris','Quercus faginea broteri','Quercus faginea faginea','Quercus x faginea alpestris x canariensis','Quercus x faginea broteri x pyrenaica','Quercus x fontanesii','Quercus x fontqueri','Quercus x hispanica','Quercus ilex','Quercus x legionensis','Quercus x marianica','Quercus mas','Quercus x montserrati','Quercus x morisii','Quercus x numantina','Quercus x paui','Quercus x petraea x pyrenaica','Quercus x pseudo-morisii','Quercus x pseudosuber','Quercus pubescens palensis','Quercus pubescens pubescens','Quercus x pubescens palensis x mas','Quercus x pubescens palensis x mas x robur robur','Quercus x pubescens palensis x petraea','Quercus x pubescens palensis x pyrenaica','Quercus x pubescens palensis x robur robur','Quercus x rechinii','Quercus robur broteroana','Quercus robur estremadurensis','Quercus robur robur','Quercus x rosacea','Quercus x rouxii','Quercus x salcedoi','Quercus x senneniana','Quercus x subalbescens','Quercus x subpyrenaica','Quercus x teriana','Quercus x viveri','Radiola','Radiola linoides','Ramonda','Ramonda myconi','Ranunculus','Ranunculus abnormis','Ranunculus acetosellifolius','Ranunculus aconitifolius','Ranunculus acris','Ranunculus acris acris','Ranunculus acris friesianus','Ranunculus acris granatensis','Ranunculus aduncus','Ranunculus alpestris','Ranunculus amplexicaulis','Ranunculus aquatilis','Ranunculus aquatilis aquatilis','Ranunculus aquatilis saniculifolius','Ranunculus arvensis','Ranunculus auricomus','Ranunculus baudotii','Ranunculus bulbosus','Ranunculus bulbosus adscendens','Ranunculus bulbosus aleae','Ranunculus bulbosus bulbifer','Ranunculus bulbosus bulbosus','Ranunculus bulbosus castellanus','Ranunculus bulbosus gallecicus','Ranunculus bullatus','Ranunculus bupleroides','Ranunculus carinthiacus','Ranunculus circinatus','Ranunculus cortusifolius','Ranunculus demissus','Ranunculus ficaria','Ranunculus ficaria bulbifer','Ranunculus ficaria ficaria','Ranunculus ficaria ficariiformis','Ranunculus flammula','Ranunculus flammula flammula','Ranunculus fluitans','Ranunculus glacialis','Ranunculus gouanii','Ranunculus gramineus','Ranunculus gregarius','Ranunculus hederaceus','Ranunculus henriquesii','Ranunculus lateriflorus','Ranunculus lingua','Ranunculus longipes','Ranunculus lusitanicus','Ranunculus macrophyllus','Ranunculus malessanus','Ranunculus monspeliacus','Ranunculus muricatus','Ranunculus nemorosus','Ranunculus nemorosus nemorosus','Ranunculus nigrescens','Ranunculus nodiflorus','Ranunculus ololeucos','Ranunculus omiophyllus','Ranunculus ophioglossifolius','Ranunculus paludosus','Ranunculus parnassifolius','Ranunculus parnassifolius cabrerensis','Ranunculus parnassifolius favargeri','Ranunculus parnassifolius heterocarpus','Ranunculus parviflorus','Ranunculus peltatus','Ranunculus platanifolius','Ranunculus pseuofluitans','Ranunculus pyrenaeus','Ranunculus pyrenaeus alismoides','Ranunculus pyrenaeus pyrenaeus','Ranunculus repens','Ranunculus reptans','Ranunculus rupestris','Ranunculus ruscinonensis','Ranunculus sardous','Ranunculus sceleratus','Ranunculus sceleratus sceleratus','Ranunculus seguieri','Ranunculus seguieri seguieri','Ranunculus thora','Ranunculus trichophyllus','Ranunculus trichophyllus lutulentus','Ranunculus trichophyllus trichophyllus','Ranunculus trilobus','Ranunculus tripartitus','Ranunculus weylery','Raphanus','Raphanus raphanistrum','Raphanus raphanistrum landra','Raphanus raphanistrum maritimus','Raphanus raphanistrum microcarpos','Raphanus raphanistrum raphanistrum','Rapistrum','Rapistrum rugosum','Rapistrum rugosum linnaeanum','Rapistrum rugosum orientale','Rapistrum rugosum rugosum','Reichardia','Reichardia gaditana','Reichardia intermedia','Reichardia picroides','Reichardia tingitana','Reichardia tingitana discolor','Reichardia tingitana tingitana','Reseda','Reseda alba','Reseda barrelieri','Reseda complicata','Reseda decursiva','Reseda glauca','Reseda gredensis','Reseda jacquinii','Reseda lanceolata','Reseda lutea','Reseda luteola','Reseda media','Reseda odorata','Reseda paui','Reseda paui almijarensis','Reseda paui paui','Reseda phyteuma','Reseda phyteuma collina','Reseda stricta','Reseda stricta funkii','Reseda suffruticosa','Reseda undata','Reseda virgata','Reseda vivantii','Retama','Reynoutria','Reynoutria japonica','Reynoutria sachalinensis','Rhagadiolus','Rhagadiolus stellatus','Rhamnus','Rhamnus alpinus','Rhamnus alpinus alpinus','Rhamnus ludovici-salvatoris','Rhamnus lycioides','Rhamnus oleoides','Rhamnus lycioides velutinus','Rhamnus myrtifolius','Rhamnus pumilus','Rhamnus saxatilis','Rhamnus saxatilis saxatilis','Rhinanthus','Rhinanthus angustifolius','Rhinanthus mediterraneus','Rhinanthus minor','Rhodiola','Rhodiola rosea','Rhododendron','Rhododendron ponticum','Rhododendron ponticum baeticum','Rhus','Rhynchosinapis','Rhynchosinapis cheiranthos','Rhynchosinapis cheiranthos cheiranthiflora','Rhynchosinapis cheiranthos cheiranthos','Rhynchosinapis cheiranthos montana','Rhynchosinapis cheiranthos nevadensis','Rhynchosinapis granatensis','Rhynchosinapis hispida','Rhynchosinapis hispida hispida','Rhynchosinapis johnstonni','Rhynchosinapis longirostra','Rhynchosinapis pseuderucastrum','Rhynchosinapis pseuderucastrum pseuderucastrum','Rhynchosinapis pseuderucastrum setigera','Rhynchospora','Rhynchospora alba','Rhynchospora fusca','Rhynchospora rugosa','Ribes','Ribes alpinum','Ribes petraeum','Ribes rubrum','Ribes uva-crispa','Ricinus','Ridolfia','Ridolfia segetum','Robinia','Rochelia','Rochelia disperma','Rochelia disperma retorta','Roemeria','Roemeria hybrida','Romulea','Romulea bulbocodium','Romulea clusiana','Romulea columnae','Romulea columnae columnae','Romulea ramiflora','Romulea ramiflora gaditana','Romulea ramiflora ramiflora','Rorippa','Rorippa amphibia','Rorippa hispanica','Rorippa islandica','Rorippa pyrenaica','Rorippa sylvestris','Rorippa sylvestris sylvestris','Rosa agrestis','Rosa andegavensis','Rosa arvensis','Rosa caesia','Rosa canina','Rosa corymbifera','Rosa deseglisei','Rosa eglanteria','Rosa elliptica','Rosa foetida','Rosa gallica','Rosa glauca','Rosa majalis','Rosa micrantha','Rosa mollis','Rosa montana','Rosa moschata','Rosa myriacantha','Rosa nitidula','Rosa pendulina','Rosa pimpinellifolia','Rosa pimpinellifolia caviniacensis','Rosa pimpinellifolia pimpinellifolia','Rosa pouzinii','Rosa rubiginosa','Rosa scabriuscula','Rosa sempervirens','Rosa sherardii','Rosa sicula','Rosa squarrosa','Rosa stylosa','Rosa stylosa cantabrica','Rosa stylosa nevadensis','Rosa stylosa stylosa','Rosa subcollina','Rosa tomentosa','Rosa villosa','Rosa villosa pomifera','Rosa vosagiaca','Rosmarinus','Rosmarinus eriocalix','Rosmarinus tomentosus','Rothmaleria','Rothmaleria granatensis','Rubia','Rubia angustifolia','Rubia peregrina','Rubia tinctorum','Rubus affinis','Rubus alnicola','Rubus arduennensis','Rubus bifrons','Rubus caesius','Rubus candicans','Rubus canescens','Rubus chaerophyllus','Rubus chaerophyllus brachythyrsus','Rubus chaerophyllus chaerophyllus','Rubus chloocladus','Rubus collinus','Rubus discolor','Rubus dummoniensis','Rubus geniculatus','Rubus glandulosus','Rubus godronii','Rubus godronii amplistipulus','Rubus godronii godronii','Rubus hebetatus','Rubus henriquesii','Rubus hirtus','Rubus idaeus','Rubus incanescens','Rubus interruptus','Rubus lejeunei','Rubus lespinassei','Rubus lloydianus','Rubus lusitanicus','Rubus minutidentatus','Rubus minutiflorus','Rubus miostilus','Rubus pedatifolius','Rubus phyllostachys','Rubus portuensis','Rubus pyramidalis','Rubus rhombifolius','Rubus sampaianus','Rubus saxatilis','Rubus serpens','Rubus silvaticus','Rubus subincertus','Rubus tenuidentatus','Rubus tereticualis','Rubus timbal-lagravei','Rudbeckia','Rudbeckia laciniata','Rumex','Rumex acetosa','Rumex acetosa acetosa','Rumex acetosa biformis','Rumex acetosella','Rumex alpinus','Rumex amplexicaulis','Rumex angiocarpus','Rumex aquaticus','Rumex arifolius','Rumex bucephalophorus','Rumex bucephalophorus bucephalophorus','Rumex bucephalophorus graecus','Rumex bucephalophorus hispanicus','Rumex cantabricus','Rumex conglomeratus','Rumex conglomeratus conglomeratus','Rumex conglomeratus nevadensis','Rumex crispus','Rumex cristatus','Rumex hydrolapathum','Rumex induratus','Rumex intermedius','Rumex longifolius','Rumex maritimus','Rumex obtusifolius','Rumex obtusifolius obtusifolius','Rumex obtusifolius sylvestris','Rumex obtusifolius transiens','Rumex palustris','Rumex papillaris','Rumex patientia','Rumex pulcher','Rumex pulcher divaricatus','Rumex pulcher pulcher','Rumex rupestris','Rumex sanguineus','Rumex scutatus','Rumex suffruticosus','Rumex thyrsoides','Rumex tingitanus','Rumex vinealis','Rupicapnos','Rupicapnos africana','Ruppia','Ruppia cirrhosa','Ruppia maritima','Ruscus','Ruscus aculeatus','Ruscus hypophyllum','Ruta','Ruta angustifolia','Ruta chalepensis','Ruta graveolens','Ruta montana','Saccharum','Saccharum barberi','Saccharum officinarum','Saccharum ravennae','Saccharum sinense','Sagina','Sagina apetala','Sagina apetala apetala','Sagina maritima','Sagina nevadensis','Sagina nodosa','Sagina procumbens','Sagina procumbens muscosa','Sagina procumbens procumbens','Sagina sabuletorum','Sagina saginoides','Sagina subulata','Sagittaria','Sagittaria latifolia','Sagittaria sagittifolia','Salicornia','Salicornia europaea','Salicornia fragilis','Salicornia nitens','Salicornia ramosissima','Salix','Salix alba alba','Salix alba coerulea','Salix alba micans','Salix alba vitellina','Salix appendiculata','Salix atrocinerea atrocinerea','Salix atrocinerea catalaunica','Salix aurita','Salix babylonica','Salix breviserrata','Salix cantabrica','Salix cinerea','Salix daphnoides','Salix elaeagnos angustifolia','Salix elaeagnos elaeagnos','Salix foetida','Salix hastata','Salix hastata hastata','Salix herbacea','Salix lapponum','Salix lapponum ceretanum','Salix lapponum lapponum','Salix matritensis','Salix myrsinifolia','Salix netricha','Salix pentandra','Salix phylicifolia','Salix phylicifolia bicolor','Salix purpurea lambertiana','Salix purpurea purpurea','Salix pyrenaica','Salix repens','Salix reticulata','Salix retusa','Salix salviifolia','Salix secalliana','Salix tarraconensis','Salix triandra','Salix triandra discolor','Salix triandra triandra','Salix viciosorum','Salpichroa','Salpichroa origanifolia','Salsola','Salsola collina','Salsola hispanica','Salsola kali kali','Salsola kali ruthenica','Salsola kali tragus','Salsola masclansii','Salsola papillosa','Salsola soda','Salsola triandra','Salsola triandra triandra','Salsola webbii','Salvia','Salvia aethiopis','Salvia argentea','Salvia bicolor','Salvia blancoana','Salvia candelabrum','Salvia glutinosa','Salvia x hegelmaieri','Salvia lavandulifolia lavandulifolia','Salvia lavandulifolia oxyodon','Salvia lavandulifolia vellerea','Salvia officinalis','Salvia phlomoides','Salvia pratensis','Salvia sclarea','Salvia sclareoides','Salvia triloba','Salvia valentina','Salvia verbenaca','Salvia verticillata','Salvia viridis','Salvinia','Salvinia auriculata','Salvinia natans','Salvinia rotundifolia','Sambucus','Sambucus ebulus','Sambucus racemosa','Samolus','Samolus valerandi','Sanguisorba','Sanguisorba ancistroides','Sanguisorba ancistroides ancistroides','Sanguisorba ancistroides parviflora','Sanguisorba hybrida','Sanguisorba mauritanica','Sanguisorba minor','Sanguisorba minor lateriflora','Sanguisorba minor magnolii','Sanguisorba minor minor','Sanguisorba minor muricata','Sanguisorba minor rupicola','Sanguisorba officinalis','Sanicula','Sanicula europaea','Sansevieria','Sansevieria trifasciata','Santolina','Santolina chamaecyparissus','Santolina chamaecyparissus chamaecyparissus','Santolina chamaecyparissus insularis','Santolina chamaecyparissus magonica','Santolina chamaecyparissus squarrosa','Santolina chamaecyparissus tomentosa','Santolina elegans','Santolina magontina','Santolina oblongifolia','Santolina rosmarinifolia canescens','Santolina rosmarinifolia rosmarinifolia','Santolina viscosa','Saponaria','Saponaria bellidifolia','Saponaria caespitosa','Saponaria glutinosa','Saponaria ocymoides','Saponaria officinalis','Sarcocapnos','Sarcocapnos baetica','Sarcocapnos crassifolia','Sarcocapnos enneaphylla','Sarcocapnos integrifolia','Satureja','Satureja cuneifolia','Satureja hortensis','Satureja intricata','Satureja montana','Satureja montana montana','Satureja obovata','Satureja salzmannii','Saussurea','Saussurea alpina','Saussurea alpina alpina','Saxifraga','Saxifraga adscendens','Saxifraga adscendens adscendens','Saxifraga aizoides','Saxifraga androsacea','Saxifraga aquatica','Saxifraga aretioides','Saxifraga aspera','Saxifraga babiana','Saxifraga biternata','Saxifraga boissieri','Saxifraga bryoides','Saxifraga caesia','Saxifraga callosa','Saxifraga callosa catalaunica','Saxifraga camposii','Saxifraga camposii camposii','Saxifraga camposii leptophylla','Saxifraga canaliculata','Saxifraga x capitata','Saxifraga carpetana','Saxifraga clusii','Saxifraga clusii clusii','Saxifraga clusii lepismigena','Saxifraga conifera','Saxifraga continentalis','Saxifraga corbariensis','Saxifraga corbariensis corbariensis','Saxifraga corbariensis valentina','Saxifraga corsica','Saxifraga corsica cossoniana','Saxifraga corsica font-queri','Saxifraga cotyledon','Saxifraga cuneata','Saxifraga cuneifolia','Saxifraga dichotoma','Saxifraga dichotoma albarracinensis','Saxifraga dichotoma dichotoma','Saxifraga erioblasta','Saxifraga exarata','Saxifraga exarata suaveolens','Saxifraga gemmulosa','Saxifraga geranioides','Saxifraga x geum','Saxifraga globulifera','Saxifraga granulata','Saxifraga granulata graniticola','Saxifraga granulata granulata','Saxifraga haenseleri','Saxifraga hariotii','Saxifraga hirsuta','Saxifraga hirsuta hirsuta','Saxifraga hirsuta paucicrenata','Saxifraga hypnoides','Saxifraga latepetiolata','Saxifraga longifolia','Saxifraga losana','Saxifraga media','Saxifraga moncayensis','Saxifraga moschata','Saxifraga nervosa','Saxifraga nevadensis','Saxifraga oppositifolia','Saxifraga paniculata','Saxifraga pentadactylis','Saxifraga x polita','Saxifraga praetermissa','Saxifraga pubescens','Saxifraga pubescens iratiana','Saxifraga pubescens pubescens','Saxifraga retusa','Saxifraga retusa retusa','Saxifraga reuterana','Saxifraga rigoi','Saxifraga rotundifolia','Saxifraga spathularis','Saxifraga stellaris','Saxifraga stellaris alpigena','Saxifraga tridactylites','Saxifraga trifurcata','Saxifraga umbrosa','Saxifraga vayredana','Saxifraga willkommiana','Scabiosa','Scabiosa atropurpurea','Scabiosa cinerea','Scabiosa cinerea cinerea','Scabiosa columbaria','Scabiosa columbaria columbaria','Scabiosa cretica','Scabiosa graminifolia','Scabiosa graminifolia arizagae','Scabiosa graminifolia graminifolia','Scabiosa monspeliensis','Scabiosa pulsatilloides','Scabiosa pulsatilloides macropoda','Scabiosa pulsatilloides pulsatilloides','Scabiosa saxatilis','Scabiosa saxatilis grosii','Scabiosa saxatilis saxatilis','Scabiosa semipapposa','Scabiosa sicula','Scabiosa stellata','Scabiosa stellata simplex','Scabiosa stellata stellata','Scabiosa triandra','Scabiosa turolensis','Scandix','Scandix australis','Scandix australis australis','Scandix australis brevirostris','Scandix australis microcarpa','Scandix pecten-veneris','Scandix pecten-veneris macrorhyncha','Scandix pecten-veneris pecten-veneris','Scandix stellata','Scandix stellata stellata','Scandix stellata velutina','Schinus','Schinus molle','Schinus terebinthifolia','Schismus','Schismus barbatus','Schkuhria','Schkuhria pinnata','Schoenus','Schoenus nigricans','Sciadopitys','Sciadopitys verticillata','Scilla','Scilla autumnalis','Scilla bifolia','Scilla hyacinthoides','Scilla lilio-hyacinthus','Scilla monophyllos','Scilla numidica','Scilla obtusifolia','Scilla odorata','Scilla paui','Scilla peruviana','Scilla ramburei','Scilla reverchonii','Scilla verna','Scirpus','Scirpus cernuus','Scirpus cespitosus','Scirpus cespitosus cespitosus','Scirpus cespitosus germanicus','Scirpus fluitans','Scirpus holoschoenus','Scirpus hudsonianus','Scirpus lacustris','Scirpus lacustris lacustris','Scirpus lacustris tabernaemontani','Scirpus litoralis','Scirpus maritimus','Scirpus maritimus maritimus','Scirpus mucronatus','Scirpus pseudosetaceus','Scirpus pungens','Scirpus setaceus','Scirpus supinus','Scirpus sylvaticus','Scirpus triqueter','Scleranthus','Scleranthus annuus','Scleranthus annuus annuus','Scleranthus annuus polycarpos','Scleranthus annuus ruscinonensis','Scleranthus annuus verticillatus','Scleranthus perennis','Scleranthus perennis perennis','Scleranthus perennis polycnemoides','Scleranthus uncinatus','Sclerochloa','Sclerochloa dura','Scolymus','Scolymus hispanicus','Scolymus maculatus','Scorpiurus','Scorpiurus muricatus','Scorpiurus vermiculatus','Scorzonera','Scorzonera albicans','Scorzonera angustifolia','Scorzonera aristata','Scorzonera baetica','Scorzonera brevicaulis','Scorzonera crispatula','Scorzonera fistulosa','Scorzonera graminifolia','Scorzonera hirsuta','Scorzonera hispanica','Scorzonera humilis','Scorzonera laciniata','Scorzonera parviflora','Scorzonera purpurea','Scorzonera purpurea purpurea','Scorzonera transtagana','Scorzonera tuberosa','Scrophularia','Scrophularia alpestris','Scrophularia arguta','Scrophularia auriculata','Scrophularia canina','Scrophularia canina canina','Scrophularia crithmifolia','Scrophularia crithmifolia alpina','Scrophularia crithmifolia burundana','Scrophularia crithmifolia crithmifolia','Scrophularia frutescens','Scrophularia grandiflora','Scrophularia grandiflora reuteri','Scrophularia herminii','Scrophularia laevigata','Scrophularia lyrata','Scrophularia nodosa','Scrophularia oblongifolia','Scrophularia oxyrhyncha','Scrophularia peregrina','Scrophularia pseudoauriculata','Scrophularia pyrenaica','Scrophularia ramosissima','Scrophularia sambucifolia','Scrophularia schousboei','Scrophularia sciophila','Scrophularia scorodonia','Scrophularia sublyrata','Scrophularia vernalis','Scutellaria','Scutellaria alpina','Scutellaria alpina alpina','Scutellaria balearica','Scutellaria galericulata','Scutellaria javalambrensis','Scutellaria minor','Scutellaria orientalis','Scutellaria orientalis hispanica','Scutellaria orientalis orientalis','Secale','Secale cereale','Secale montanum','Securigera','Securigera securidaca','Securinega','Sedum','Sedum acre','Sedum aetnense','Sedum album','Sedum alpestre','Sedum anacampseros','Sedum andegavense','Sedum anglicum','Sedum anglicum anglicum','Sedum anglicum melanantherum','Sedum anglicum pyrenaicum','Sedum annuum','Sedum arenarium','Sedum atratum','Sedum atratum atratum','Sedum brevifolium','Sedum caespitosum','Sedum cepaea','Sedum dasyphyllum','Sedum forsteranum','Sedum gypsicola','Sedum hirsutum','Sedum hirsutum baeticum','Sedum hirsutum hirsutum','Sedum lagascae','Sedum maireanum','Sedum nevadense','Sedum ochroleucum','Sedum ochroleucum montanum','Sedum ochroleucum ochroleucum','Sedum pedicellatum','Sedum pruinatum','Sedum reflexum','Sedum rivasgodayi','Sedum rubens','Sedum sediforme','Sedum sexangulare','Sedum spurium','Sedum stellatum','Sedum telephium','Sedum telephium fabaria','Sedum telephium maximum','Sedum tenuifolium','Sedum villosum','Sedum willkommianum','Selaginella','Selaginella denticulata','Selaginella kraussiana','Selaginella pallescens','Selaginella selaginoides','Selinum','Selinum carvifolia','Selinum pyrenaeum','Sempervivum','Sempervivum andreanum','Sempervivum arachnoideum','Sempervivum arachnoideum arachnoideum','Sempervivum arachnoideum tomentosum','Sempervivum calcareum','Sempervivum cantabricum','Sempervivum giuseppii','Sempervivum minutum','Sempervivum montanum','Sempervivum montanum montanum','Sempervivum nevadense','Sempervivum tectorum','Sempervivum vicentei','Senecio','Senecio adonidifolius','Senecio alboranicus','Senecio angulatus','Senecio aquaticus','Senecio aquaticus aquaticus','Senecio aquaticus barbareifolius','Senecio auricula','Senecio bayonnensis','Senecio bicolor','Senecio bicolor cineraria','Senecio boissieri','Senecio cacaliaster','Senecio carpetanus','Senecio coincy','Senecio doria','Senecio doria doria','Senecio doria legionensis','Senecio doronicum','Senecio doronicum doronicum','Senecio doronicum gerardii','Senecio elegans','Senecio elodes','Senecio eriopus','Senecio erucifolius','Senecio flavus','Senecio fluviatilis','Senecio gallicus','Senecio glaberrimus','Senecio harveianus','Senecio helenitis','Senecio helenitis helenitis','Senecio helenitis macrochaetus','Senecio incanus','Senecio jacobaea','Senecio lagascanus','Senecio lapeyrousii','Senecio leucanthemifolius','Senecio leucophyllus','Senecio linifolius','Senecio lividus','Senecio lopezii','Senecio mikanioides','Senecio minutus','Senecio nebrodensis','Senecio nemorensis','Senecio nemorensis fuchsii','Senecio nevadensis','Senecio paludosus','Senecio petraeus','Senecio pyrenaicus','Senecio pyrenaicus aragonensis','Senecio pyrenaicus granatensis','Senecio pyrenaicus pyrenaicus','Senecio quinqueradiatus','Senecio rodriguezii','Senecio sylvaticus','Senecio viscosus','Senecio vulgaris','Sequoia','Sequoia sempervirens','Sequoiadendron','Sequoiadendron giganteum','Serapias','Serapias cordigera','Serapias lingua','Serapias parviflora','Serapias vomeracea','Serapias vomeracea vomeracea','Serratula','Serratula abulensis','Serratula alcalae','Serratula baetica','Serratula cichoracea','Serratula cichoracea mucronata','Serratula flavescens','Serratula legionensis','Serratula leucantha','Serratula neglecta','Serratula nudicaulis','Serratula nudicaulis nudicaulis','Serratula nudicaulis subinermis','Serratula pauana','Serratula peixoteanum','Serratula pinnatifida','Serratula seoanei','Serratula tinctoria','Sesamoides','Sesamoides canescens','Sesamoides canescens canescens','Sesamoides canescens suffruticosa','Sesamoides minor','Sesamoides pygmaea','Sesamoides spathulifolium','Sesamum','Sesamum indicum','Seseli','Seseli annuum','Seseli annuum annuum','Seseli cantabricum','Seseli elatum','Seseli elatum elatum','Seseli farrenyi','Seseli granatense','Seseli hippomarathrum','Seseli intricatum','Seseli intricatum libanotis','Seseli montanum','Seseli montanum montanum','Seseli nanum','Seseli tortuosum','Seseli vayredanum','Sesleria','Sesleria albicans','Sesleria albicans albicans','Sesleria argentea','Sesleria argentea argentea','Sesleria argentea hispanica','Sesleria insularis','Sesleria insularis insularis','Setaria','Setaria adhaerens','Setaria geniculata','Setaria italica','Setaria pumila','Setaria verticillata','Setaria x verticillata x viridis','Setaria viridis','Sherardia','Sherardia arvensis','Sibbaldia','Sibbaldia procumbens','Sibthorpia','Sibthorpia africana','Sibthorpia europaea','Sideritis','Sideritis angustifolia','Sideritis x aragonensis','Sideritis arborescens','Sideritis arborescens arborescens','Sideritis arborescens camerae','Sideritis arborescens luteola','Sideritis arborescens paulii','Sideritis bubanii','Sideritis chamaedrifolia','Sideritis endressii','Sideritis foetens','Sideritis funkiana','Sideritis giennensis','Sideritis grandiflora','Sideritis hirsuta','Sideritis hirsuta hirsuta','Sideritis hirsuta maritima','Sideritis hyssopifolia','Sideritis hyssopifolia aranensis','Sideritis hyssopifolia guillonii','Sideritis hyssopifolia hyssopifolia','Sideritis ilicifolia','Sideritis incana','Sideritis incana glauca','Sideritis incana incana','Sideritis incana sericea','Sideritis incana virgata','Sideritis javalambrensis','Sideritis lacaitae','Sideritis laxespicata','Sideritis leucantha','Sideritis linearifolia','Sideritis montana','Sideritis montana ebracteata','Sideritis mugronensis','Sideritis osteoxyla','Sideritis ovata','Sideritis pusilla','Sideritis pusilla almeriensis','Sideritis pusilla flavovirens','Sideritis pusilla pusilla','Sideritis pusilla salina','Sideritis reverchonii','Sideritis romana','Sideritis romana romana','Sideritis scordioides','Sideritis scordioides cavanillesii','Sideritis scordioides scordioides','Sideritis serrata','Sideritis spinulosa','Sideritis stachydioides','Sideritis tragoriganum','Silaum','Silaum silaus','Silene','Silene acaulis','Silene adscendens','Silene alba','Silene alba alba','Silene alba divaricata','Silene almolae','Silene apetala','Silene armeria','Silene bellidifolia','Silene boissieri','Silene borderi','Silene boryi','Silene boryi barduliensis','Silene boryi boryi','Silene boryi duriensis','Silene cambessedessi','Silene cerastoides','Silene ciliata','Silene ciliata arvatica','Silene ciliata ciliata','Silene coeli-rosa','Silene colorata','Silene conica','Silene conica conica','Silene conoidea','Silene crassicaulis','Silene cretica','Silene diclinis','Silene dioica','Silene disticha','Silene divaricata','Silene elegans','Silene foetida','Silene fuscata','Silene gaditana','Silene gallica','Silene germana','Silene gibraltarica','Silene hifacensis','Silene inaperta','Silene inaperta inaperta','Silene inaperta murcica','Silene italica','Silene italica coutinhoi','Silene italica italica','Silene italica nemoralis','Silene italica puberula','Silene italica sennenii','Silene laeta','Silene legionensis','Silene littorea','Silene longicaulis','Silene macrorhiza','Silene mariana','Silene mellifera','Silene micropetala','Silene mollissima','Silene muscipula','Silene nicaeensis','Silene noctiflora','Silene nocturna','Silene nocturna nocturna','Silene nutans','Silene nutans nutans','Silene obtusifolia','Silene otites','Silene pendula','Silene portensis','Silene psammitis','Silene psammitis lasiostyla','Silene psammitis psammitis','Silene pseudatocion','Silene pseudovelutina','Silene pusilla','Silene ramosissima','Silene rubella','Silene rubella rubella','Silene rupestris','Silene saxifraga','Silene scabriflora','Silene secundiflora','Silene sedoides','Silene sericea','Silene stockenii','Silene stricta','Silene tomentosa','Silene tridentata','Silene vallesia','Silene vallesia penyalarensis','Silene vallesia tejendensis','Silene vallesia vallesia','Silene viridiflora','Silene vulgaris','Silene vulgaris angustifolia','Silene vulgaris commutata','Silene vulgaris glareosa','Silene vulgaris maritima','Silene vulgaris prostrata','Silene vulgaris thorei','Silene vulgaris vulgaris','Silybum','Silybum eburneum','Silybum eburneum eburneum','Silybum eburneum hispanicus','Silybum marianum','Simethis','Simethis planifolia','Sinapis','Sinapis alba','Sinapis alba alba','Sinapis alba dissecta','Sinapis alba mairei','Sinapis arvensis','Sinapis flexuosa','Sison','Sison amomum','Sisymbrella','Sisymbrella aspera','Sisymbrella aspera aspera','Sisymbrella aspera boissieri','Sisymbrella aspera praeteria','Sisymbrella aspera pseudoboissieri','Sisymbrium','Sisymbrium altissimum','Sisymbrium arundanum','Sisymbrium assoanum','Sisymbrium austriacum','Sisymbrium austriacum austriacum','Sisymbrium austriacum chrysanthum','Sisymbrium austriacum contortum','Sisymbrium austriacum hispanicum','Sisymbrium cavanillesianum','Sisymbrium crassifolium','Sisymbrium erysimoides','Sisymbrium irio','Sisymbrium laxiflorum','Sisymbrium leoselii','Sisymbrium matritense','Sisymbrium officinale','Sisymbrium orientale','Sisymbrium orientale gaussenii','Sisymbrium orientale orientale','Sisymbrium polyceratium','Sisymbrium runcinatum','Sisymbrium strictissimum','Sisymbrium supinum','Sisyrinchium','Sisyrinchium angustifolium','Sium','Sium latifolium','Smilax','Smilax aspera','Smilax aspera aspera','Smilax aspera balearica','Smilax aspera mauritanica','Smyrnium','Smyrnium olusatrum','Smyrnium perfoliatum','Solanum','Solanum americanum','Solanum bonariense','Solanum dulcamara','Solanum luteum','Solanum luteum alatum','Solanum luteum luteum','Solanum melongena','Solanum nigrum','Solanum nigrum nigrum','Solanum nigrum schultesii','Solanum sodomeum','Solanum sublobatum','Solanum tuberosum','Soldanella','Soldanella alpina','Soldanella villosa','Soleirolia','Soleirolia soleirolii','Solenanthus','Solenanthus reverchonii','Solidago','Solidago altissima','Solidago canadensis','Solidago gigantea','Solidago gigantea gigantea','Solidago gigantea serotina','Solidago virgaurea','Solidago virgaurea macrorrhiza','Solidago virgaurea minuta','Solidago virgaurea virgaurea','Soliva','Soliva pterosperma','Sonchus','Sonchus arvensis','Sonchus arvensis arvensis','Sonchus arvensis uliginosus','Sonchus asper','Sonchus asper asper','Sonchus asper glaucescens','Sonchus crassifolius','Sonchus maritimus','Sonchus maritimus aquatilis','Sonchus maritimus maritimus','Sonchus oleraceus','Sonchus palustris','Sonchus pustulatus','Sonchus tenerrimus','Sophora','Sophora japonica','Sorbus','Sorbus aria aria','Sorbus aucuparia aucuparia','Sorbus chamaemespilus','Sorbus sudetica','Sorghum','Sorghum bicolor','Sorghum halepense','Sparganium','Sparganium angustifolium','Sparganium emersum','Sparganium erectum','Sparganium erectum erectum','Sparganium erectum microcarpum','Sparganium erectum neglectum','Sparganium erectum oocarpum','Sparganium minimum','Spartina','Spartina alterniflora','Spartina densiflora','Spartina maritima','Spartina versicolor','Spartium','Spathodea','Spathodea campanulata','Spergula','Spergula arvensis','Spergula morisonii','Spergula pentandra','Spergula viscosa','Spergula viscosa pourretii','Spergula viscosa viscosa','Spergularia','Spergularia australis','Spergularia bocconii','Spergularia capillacea','Spergularia diandra','Spergularia fimbriata','Spergularia heldreichii','Spergularia marina','Spergularia media','Spergularia nicaeensis','Spergularia purpurea','Spergularia rubra','Spergularia rubra alpina','Spergularia rubra oreophila','Spergularia rubra rubra','Spergularia rupicola','Spergularia segetalis','Spergularia tangerina','Sphenopus','Sphenopus divaricatus','Spinacia','Spinacia oleracea','Spiraea','Spiraea crenata','Spiraea hypericifolia','Spiraea hypericifolia obovata','Spiranthes','Spiranthes aestivalis','Spiranthes spiralis','Spirodela','Spirodela polyrhiza','Sporobolus','Sporobolus indicus','Sporobolus poiretii','Sporobolus pungens','Sporobolus vaginiflorus','Stachys','Stachys alopecuros','Stachys alpina','Stachys annua','Stachys arenaria','Stachys arvensis','Stachys brachyclada','Stachys circinata','Stachys germanica','Stachys germanica germanica','Stachys germanica lusitanica','Stachys heraclea','Stachys maritima','Stachys monieri','Stachys ocymastrum','Stachys officinalis','Stachys palustris','Stachys recta','Stachys recta recta','Stachys recta sylvatica','Staehelina','Staehelina baetica','Staehelina dubia','Stapelia','Stapelia variegata','Staphylea','Staphylea pinnata','Stauracanthus','Stauracanthus genistoides','Stauracanthus genistoides genistoides','Stellaria','Stellaria alsine','Stellaria graminea','Stellaria holostea','Stellaria media','Stellaria media cupaniana','Stellaria media media','Stellaria neglecta','Stellaria nemorum','Stellaria nemorum glochidisperma','Stellaria nemorum nemorum','Stellaria pallida','Stenochlaena','Stenochlaena tenuifolia','Stenotaphrum','Stenotaphrum secundatum','Sternbergia','Sternbergia colchiciflora','Sternbergia lutea','Sternbergia lutea lutea','Stipa','Stipa apertifolia','Stipa barbata','Stipa bromoides','Stipa capensis','Stipa capillata','Stipa celakovskyi','Stipa dasyvaginata','Stipa hyalina','Stipa iberica iberica','Stipa iberica pauneroana','Stipa neesiana','Stipa papposa','Stipa parviflora','Stipa pennata eriocaulis','Stipa tirsa','Stipa tirsa tirsa','Stratiotes','Stratiotes aloides','Streptopus','Streptopus amplexifolius','Streptorhamphus','Streptorhamphus singularis','Suaeda','Suaeda altissima','Suaeda maritima maritima','Suaeda maritima pannonica','Suaeda maritima salsa','Suaeda pruinosa','Suaeda splendens','Suaeda vera longifolia','Subularia','Subularia aquatica','Succisa','Succisa pinnatifida','Succisa pratensis','Succisella','Succisella carvalhoana','Succisella microcephala','Succowia','Succowia balearica','Swertia','Swertia perennis','Symphoricarpos','Symphoricarpos albus','Symphoricarpos orbiculatus','Symphytum','Symphytum officinale','Symphytum officinale officinale','Symphytum tuberosum','Symphytum tuberosum tuberosum','Syringa','Syringa vulgaris','Taeniatherum','Taeniatherum caput-medusae','Tagetes','Tagetes minuta','Tagetes patula','Tamarix','Tamarix aphylla','Tamarix parviflora','Tamus','Tamus communis','Tanacetum','Tanacetum annuum','Tanacetum cinerariifolium','Tanacetum corymbosum','Tanacetum corymbosum corymbosum','Tanacetum funkii','Tanacetum microphyllum','Tanacetum parthenium','Tanacetum vahlii','Tanacetum vulgare','Tanacetum willkommii','Taraxacum','Taraxacum acutangulum','Taraxacum adamii gr.','Taraxacum aequilobum','Taraxacum apenninum gr.','Taraxacum aragonicum','Taraxacum asturiense','Taraxacum balearicum','Taraxacum bithynicum gr.','Taraxacum bithynicum','Taraxacum chelelabatum','Taraxacum cordatum','Taraxacum dissectum','Taraxacum ekmanii','Taraxacum erythrospermum gr.','Taraxacum erythrospermum','Taraxacum fulvum gr.','Taraxacum gasparrinii gr.','Taraxacum gasparrinii','Taraxacum hamatiforme','Taraxacum lainzii','Taraxacum lambinonii','Taraxacum lividum','Taraxacum marklundii','Taraxacum megalorhizon','Taraxacum minimum','Taraxacum montesignum','Taraxacum nevadense','Taraxacum nordstedtii','Taraxacum obovatum gr.','Taraxacum obovatum','Taraxacum officinale gr.','Taraxacum pacheri gr.','Taraxacum panalpinum','Taraxacum piceatum','Taraxacum placidum','Taraxacum praestans gr.','Taraxacum pyropappum','Taraxacum schroeteranum','Taraxacum serotinum gr.','Taraxacum spectabile gr.','Taraxacum stenospermum','Taraxacum vinosum','Taxodium','Taxodium ascendens','Taxodium distichum','Taxodium dubium','Taxodium mucronatum','Taxus','Tecoma','Tecoma stans','Tecomaria','Tecomaria capensis','Teesdalia','Teesdalia coronopifolia','Teesdalia nudicaulis','Teesdaliopsis','Teesdaliopsis conferta','Telephium','Telephium imperati','Telephium imperati imperati','Teline','Tetraclinis','Tetragonia','Tetragonia tetragonoides','Tetragonolobus','Tetragonolobus conjugatus','Tetragonolobus maritimus','Tetragonolobus purpureus','Tetragonolobus requienii','Teucrium','Teucrium amplexicaule','Teucrium aragonense','Teucrium aristatum','Teucrium asiaticum','Teucrium balthazaris','Teucrium belion','Teucrium botrys','Teucrium buxifolium','Teucrium campanulatum','Teucrium capitatum','Teucrium capitatum capitatum','Teucrium capitatum gracillimum','Teucrium carolipaui','Teucrium carolipaui carolipaui','Teucrium carolipaui fontqueri','Teucrium carthaginense','Teucrium chamaedrys','Teucrium chamaedrys albarracinense','Teucrium chamaedrys chamaedrys','Teucrium chamaedrys pinnatifidum','Teucrium charidemi','Teucrium chrysotrichum','Teucrium cinereum','Teucrium compactum','Teucrium cossonii','Teucrium cossonii cossonii','Teucrium cossonii fontqueri','Teucrium eriocephalum','Teucrium expansum','Teucrium flavum','Teucrium flavum glaucum','Teucrium fragile','Teucrium franchetianum','Teucrium fruticans','Teucrium gnaphalodes','Teucrium gnaphalodes gnaphalodes','Teucrium gnaphalodes jäennense','Teucrium haenseleri','Teucrium hervieri','Teucrium hifacense','Teucrium intricatum','Teucrium lanigerum','Teucrium lepicephalum','Teucrium leptophyllum','Teucrium libanitis','Teucrium mairei','Teucrium marum','Teucrium marum marum','Teucrium marum spinescens','Teucrium massiliense','Teucrium minus','Teucrium montanum','Teucrium oxylepis','Teucrium oxylepis marianum','Teucrium oxylepis oxylepis','Teucrium polium','Teucrium polium aguilasense','Teucrium polium aureum','Teucrium polium dunense','Teucrium polium lerrouxii','Teucrium polium pii-fontii','Teucrium polium polium','Teucrium polium purpurascens','Teucrium polium turdetanum','Teucrium polium vicentinum','Teucrium pseudo-chamaepitys','Teucrium pseudo-scorodonia','Teucrium pumilum','Teucrium pyrenaicum','Teucrium quadratulum','Teucrium resupinatum','Teucrium reverchonii','Teucrium rixanense','Teucrium rotundifolium','Teucrium salviastrum','Teucrium scordium','Teucrium scordium scordioides','Teucrium scordium scordium','Teucrium scorodonia','Teucrium scorodonia scorodonia','Teucrium serrano','Teucrium spinosum','Teucrium subspinosum','Teucrium thymifolium','Teucrium trifoliatum','Teucrium turredanum','Teucrium webbianum','Thalictrum','Thalictrum alpinum','Thalictrum aquilegifolium','Thalictrum flavum','Thalictrum flavum columnare','Thalictrum flavum flavum','Thalictrum flavum glaucum','Thalictrum flavum gracile','Thalictrum foetidum','Thalictrum foetidum valentinum','Thalictrum macrocarpum','Thalictrum minus','Thalictrum minus majus','Thalictrum minus minus','Thalictrum minus pubescens','Thalictrum minus pyrenaicum','Thalictrum morisonii','Thalictrum morisonii mediterraneum','Thalictrum morisonii morisonii','Thalictrum simplex','Thalictrum simplex simplex','Thalictrum tuberosum','Thapsia','Thapsia garganica','Thapsia maxima','Thapsia villosa','Theligonum','Theligonum cynocrambe','Thelypteris','Thelypteris limbosperma','Thelypteris palustris','Thelypteris phegopteris','Thelypteris pozoi','Thesium','Thesium alpinum','Thesium hispanicum','Thesium humifusum','Thesium humifusum divaricatum','Thesium humifusum humifusum','Thesium humifusum nevadense','Thesium humile','Thesium pyrenaicum','Thesium pyrenaicum alpestre','Thesium pyrenaicum pyrenaicum','Thevetia','Thevetia peruviana','Thlaspi','Thlaspi alliaceum','Thlaspi alpestre','Thlaspi alpestre alpestre','Thlaspi arvense','Thlaspi brachypetalum','Thlaspi montanum','Thlaspi nevadense','Thlaspi perfoliatum','Thlaspi stenopterum','Thuja','Thuja plicata','Thymbra','Thymelaea','Thymelaea broterana','Thymelaea calycina','Thymelaea coridifolia','Thymelaea dioica','Thymelaea elliptica','Thymelaea granatensis','Thymelaea lanuginosa','Thymelaea myrtifolia','Thymelaea nitida','Thymelaea nivalis','Thymelaea passerina','Thymelaea procumbens','Thymelaea pubescens','Thymelaea ruizii','Thymelaea sanamunda','Thymelaea subrepens','Thymelaea tartonraira','Thymelaea tartonraira tartonraira','Thymelaea tartonraira valentina','Thymelaea thesioides','Thymelaea villosa','Thymus','Thymus antoninae','Thymus bracteatus','Thymus caespititius','Thymus camphoratus','Thymus capitellatus','Thymus carnosus','Thymus granatensis','Thymus hirtus','Thymus lacaitae','Thymus leptocephalus','Thymus leptophyllus','Thymus leptophyllus leptophyllus','Thymus leptophyllus paui','Thymus longiflorus ciliatus','Thymus longiflorus longiflorus','Thymus loscosii','Thymus loscosii fontqueri','Thymus loscosii loscosii','Thymus mastichina donyanae','Thymus mastichina mastichina','Thymus mastigophorus','Thymus nervosus','Thymus orospedanus','Thymus piperella','Thymus praecox','Thymus praecox arcticus','Thymus praecox polytrichus','Thymus praecox praecox','Thymus pulegioides','Thymus richardii','Thymus richardii ebusitanus','Thymus richardii richardii','Thymus ruiz-latorrei','Thymus serpyllioides gadorensis','Thymus serpyllioides serpyllioides','Thymus tomentosus','Thymus villosus','Thymus villosus lusitanicus','Thymus willkommii','Tilia','Tilia platyphyllos platyphyllos','Tilia x vulgaris','Tofieldia','Tofieldia calyculata','Tolpis','Tolpis barbata','Tolpis umbellata','Tordylium','Tordylium apulum','Tordylium maximum','Torilis','Torilis arvensis','Torilis arvensis arvensis','Torilis arvensis elongata','Torilis arvensis neglecta','Torilis arvensis purpurea','Torilis japonica','Torilis leptophylla','Torilis nodosa','Tozzia','Tozzia alpina','Tozzia alpina alpina','Trachelium','Trachelium caeruleum','Trachelium caeruleum caeruleum','Trachycarpus','Trachycarpus fortunei','Tradescantia','Tradescantia fluminensis','Tragopogon','Tragopogon crocifolius','Tragopogon crocifolius crocifolius','Tragopogon dubius','Tragopogon floccosus','Tragopogon hybridus','Tragopogon porrifolius','Tragopogon porrifolius australis','Tragopogon porrifolius porrifolius','Tragopogon pratensis','Tragopogon pratensis minor','Tragopogon pratensis orientalis','Tragopogon pratensis pratensis','Tragus','Tragus racemosus','Trapa','Trapa natans','Traunsteinera','Traunsteinera globosa','Tribulus','Tribulus terrestris','Trichomanes','Trichomanes speciosum','Trifolium','Trifolium alexandrinum','Trifolium alpestre','Trifolium alpinum','Trifolium angustifolium','Trifolium arvense','Trifolium aureum','Trifolium badium','Trifolium bocconei','Trifolium boissieri','Trifolium campestre','Trifolium cernuum','Trifolium cherleri','Trifolium diffusum','Trifolium dubium','Trifolium fragiferum','Trifolium fragiferum bonannii','Trifolium fragiferum fragiferum','Trifolium gemellum','Trifolium glomeratum','Trifolium hirtum','Trifolium hybridum','Trifolium hybridum elegans','Trifolium hybridum hybridum','Trifolium incarnatum','Trifolium incarnatum incarnatum','Trifolium incarnatum molinerii','Trifolium isthmocarpum','Trifolium isthmocarpum isthmocarpum','Trifolium lappaceum','Trifolium leucanthum','Trifolium ligusticum','Trifolium medium','Trifolium medium medium','Trifolium michelianum','Trifolium micranthum','Trifolium montanum','Trifolium nigrescens','Trifolium nigrescens nigrescens','Trifolium obscurum','Trifolium obscurum aequidentatum','Trifolium occidentale','Trifolium ochroleucon','Trifolium ornithopodioides','Trifolium pallescens','Trifolium patens','Trifolium phleoides','Trifolium pratense','Trifolium pratense hirsutum','Trifolium pratense pratense','Trifolium repens','Trifolium repens nevadense','Trifolium repens prostratum','Trifolium repens repens','Trifolium resupinatum','Trifolium retusum','Trifolium rubens','Trifolium scabrum','Trifolium smyrnaeum','Trifolium spadiceum','Trifolium spumosum','Trifolium squamosum','Trifolium squarrosum','Trifolium stellatum','Trifolium striatum','Trifolium strictum','Trifolium subterraneum','Trifolium suffocatum','Trifolium thalii','Trifolium tomentosum','Trifolium xatardii','Triglochin','Triglochin bulbosa','Triglochin bulbosa barrelieri','Triglochin bulbosa laxiflora','Triglochin maritima','Triglochin palustris','Trigonella','Trigonella corniculata','Trigonella foenum-graecum','Trigonella gladiata','Trigonella monspeliaca','Trigonella polyceratia','Trigonella polyceratia amandiana','Trigonella polyceratia polyceratia','Triguera','Triguera ambrosiaca','Triguera inodora','Triguera osbeckii','Trinia','Trinia esteparia','Trinia glauca','Trinia glauca glauca','Triplachne','Triplachne nitens','Trisetaria','Trisetaria dufourei','Trisetum','Trisetum aureum','Trisetum baregense','Trisetum cavanillesii','Trisetum distichophyllum','Trisetum flavescens','Trisetum flavescens flavescens','Trisetum glaciale','Trisetum hispidum','Trisetum loeflingianum','Trisetum macrochaetum','Trisetum ovatum','Trisetum paniceum','Trisetum scabriusculum','Trisetum spicatum','Trisetum spicatum ovatipaniculatum','Trisetum velutinum','Triticum','Triticum aestivum','Triticum compactum','Triticum durum','Triticum monococcum','Triticum polonicum','Triticum spelta','Triticum turgidum','Tritonia','Tritonia x crocosmiflora','Trollius','Trollius europaeus','Trollius europaeus europaeus','Tropaeolum','Tropaeolum majus','Tuberaria','Tuberaria brevipes','Tuberaria bupleurifolia','Tuberaria echioides','Tuberaria globularifolia','Tuberaria guttata','Tuberaria lignosa','Tuberaria macrosepala','Tulipa','Tulipa clusiana','Tulipa gesnerana','Tulipa sylvestris','Tulipa sylvestris australis','Turgenia','Turgenia latifolia','Tussilago','Tussilago farfara','Typha','Typha domingensis','Typha minima','Typha shuttleworthii','Tyrimnus','Tyrimnus leucographus','Ulex','Ulex almijarensis','Ulex argenteus','Ulex argenteus argenteus','Ulex argenteus erinaceus','Ulex borgiae','Ulex europaeus europaeus','Ulex europaeus latebracteatus','Ulex micranthus','Ulex parviflorus eriocladus','Ulex parviflorus funkii','Ulex parviflorus jussiaei','Ulex parviflorus parviflorus','Ulmus','Ulmus laevis','Ulmus procera','Umbilicus','Umbilicus erectus','Umbilicus gaditanus','Umbilicus heylandianus','Umbilicus horizontalis','Umbilicus rupestris','Urginea','Urginea fugax','Urginea maritima','Urginea undulata','Urospermum','Urospermum dalechampii','Urospermum picroides','Urtica','Urtica atrovirens','Urtica atrovirens atrovirens','Urtica atrovirens bianorii','Urtica dioica','Urtica dioica dioica','Urtica membranacea','Urtica pilulifera','Urtica urens','Utricularia','Utricularia australis','Utricularia gibba','Utricularia minor','Utricularia vulgaris','Vaccaria','Vaccaria pyramidata','Vaccinium','Vaccinium uliginosum','Vaccinium uliginosum uliginosum','Valantia','Valantia hispida','Valantia muralis','Valeriana','Valeriana dioica','Valeriana dioica dioica','Valeriana dioica simplicifolia','Valeriana globulariifolia','Valeriana longiflora','Valeriana longiflora longiflora','Valeriana longiflora paui','Valeriana montana','Valeriana officinalis','Valeriana officinalis collina','Valeriana officinalis hispidula','Valeriana officinalis officinalis','Valeriana phu','Valeriana pyrenaica','Valeriana repens','Valeriana tripteris','Valeriana tuberosa','Valerianella','Valerianella carinata','Valerianella coronata','Valerianella costata','Valerianella dentata','Valerianella discoidea','Valerianella divaricata','Valerianella echinata','Valerianella eriocarpa','Valerianella eriocarpa eriocarpa','Valerianella eriocarpa truncata','Valerianella gadayana','Valerianella locusta','Valerianella lusitanica','Valerianella martinii','Valerianella microcarpa','Valerianella multidentata','Valerianella muricata','Valerianella platiloba','Valerianella pumila','Valerianella rimosa','Vallisneria','Vallisneria spiralis','Velezia','Velezia rigida','Vella','Vella pseudocytisus','Ventenata','Ventenata dubia','Veratrum','Veratrum album','Verbascum','Verbascum barnadesii','Verbascum blattaria','Verbascum boerhavii','Verbascum chaixii','Verbascum chaixii chaixii','Verbascum charidemi','Verbascum x commixtum','Verbascum creticum','Verbascum densiflorum','Verbascum dentifolium','Verbascum hervieri','Verbascum laciniatum','Verbascum lychnitis','Verbascum masguindali','Verbascum nevadense','Verbascum nigrum','Verbascum nigrum nigrum','Verbascum phlomoides','Verbascum pulverulentum','Verbascum rotundifolium','Verbascum rotundifolium haenseleri','Verbascum sinuatum','Verbascum thapsus','Verbascum thapsus crassifolium','Verbascum thapsus giganteum','Verbascum thapsus thapsus','Verbascum virgatum','Verbena','Verbena officinalis','Verbena supina','Veronica','Veronica acinifolia','Veronica agrestis','Veronica alpina','Veronica anagallis-aquatica','Veronica anagalloides','Veronica aphylla','Veronica aragonensis','Veronica arvensis','Veronica austriaca','Veronica austriaca teucrium','Veronica austriaca vahlii','Veronica beccabunga','Veronica bellidioides','Veronica bellidioides bellidioides','Veronica bellidioides lilacina','Veronica bellidioides townsendi','Veronica catenata','Veronica chamaedrys','Veronica chamaedrys chamaedrys','Veronica chamaedrys micrantha','Veronica chamaepithyoides','Veronica cymbalaria','Veronica dillenii','Veronica filiformis','Veronica fruticans','Veronica fruticans cantabrica','Veronica fruticans fruticans','Veronica fruticulosa','Veronica hederifolia','Veronica hederifolia hederifolia','Veronica hederifolia sibthorpioides','Veronica hederifolia triloba','Veronica jabalambrensis','Veronica langei','Veronica longifolia','Veronica mampodrensis','Veronica montana','Veronica nummularia','Veronica nummularia cantabria','Veronica nummularia nummularia','Veronica officinalis','Veronica peregrina','Veronica persica','Veronica polita','Veronica ponae','Veronica praecox','Veronica prostrata','Veronica prostrata scheereri','Veronica repens','Veronica rosea','Veronica scutellata','Veronica serpyllifolia','Veronica serpyllifolia humifusa','Veronica serpyllifolia parvifolia','Veronica serpyllifolia serpyllifolia','Veronica spicata','Veronica spicata spicata','Veronica tenuifolia','Veronica triphyllos','Veronica urticifolia','Veronica verna','Viburnum','Viburnum lantana','Viburnum opulus','Viburnum tinus tinus','Vicia','Vicia argentea','Vicia argentea argentea','Vicia argentea serinica','Vicia articulata','Vicia benghalensis','Vicia bifoliolata','Vicia bithynica','Vicia cassubica','Vicia cracca','Vicia disperma','Vicia durandii','Vicia ervilia','Vicia faba','Vicia hirsuta','Vicia hybrida','Vicia incana','Vicia lathyroides','Vicia leucantha','Vicia lutea','Vicia lutea lutea','Vicia lutea vestita','Vicia melanops','Vicia monantha','Vicia monantha monantha','Vicia narbonensis','Vicia onobrychioides','Vicia orobus','Vicia pannonica','Vicia pannonica striata','Vicia peregrina','Vicia pubescens','Vicia pyrenaica','Vicia sativa','Vicia sativa amphicarpa','Vicia sativa cordata','Vicia sativa nigra','Vicia sativa sativa','Vicia sepium','Vicia sylvatica','Vicia tenuifolia','Vicia tenuissima','Vicia tetrasperma','Vicia vicioides','Vicia villosa','Vicia villosa pseudocracca','Vicia villosa varia','Vicia villosa villosa','Vigna','Vigna unguiculata','Vinca','Vinca difformis','Vinca difformis difformis','Vinca major','Vinca minor','Vincetoxicum','Vincetoxicum hirundinaria','Vincetoxicum hirundinaria intermedium','Vincetoxicum hirundinaria lusitanicum','Vincetoxicum nigrum','Viola','Viola alba','Viola alba dehnhardtii','Viola arborescens','Viola arvensis','Viola biflora','Viola bubanii','Viola cadevallii','Viola canina','Viola canina canina','Viola canina montana','Viola catalonica','Viola cazorlensis','Viola collina','Viola cornuta','Viola crassiuscula','Viola demetria','Viola diversifolia','Viola hirta','Viola hirta hirta','Viola hirta longifimbriata','Viola jaubertiana','Viola kitaibeliana','Viola lactea','Viola langeana','Viola lutea','Viola lutea lutea','Viola mirabilis','Viola montcaunica','Viola odorata','Viola palentina','Viola palustris','Viola palustris juresii','Viola palustris palustris','Viola parvula','Viola persicifolia','Viola pyrenaica','Viola reichenbachiana','Viola riviniana','Viola rupestris','Viola rupestris rupestris','Viola suavis','Viola tricolor','Viola tricolor subalpina','Viola tricolor tricolor','Viola trinitatis','Viola willkommii','Viscum','Viscum album','Viscum album abietis','Viscum album album','Viscum album austriacum','Viscum cruciatum','Vitaliana','Vitaliana primuliflora','Vitaliana primuliflora assoana','Vitaliana primuliflora canescens','Vitaliana primuliflora cineraea','Vitex','Vitex agnus-castus','Vitis','Vitis vinifera','Vitis vinifera vinifera','Volutaria','Volutaria lippii','Volutaria maroccana','Vulpia','Vulpia alopecuros','Vulpia bromoides','Vulpia ciliata','Vulpia ciliata ciliata','Vulpia fasciculata','Vulpia fontquerana','Vulpia geniculata','Vulpia membranacea','Vulpia muralis','Vulpia myuros','Vulpia unilateralis','Vulpiella','Vulpiella tenuis','Wahlenbergia','Wahlenbergia hederacea','Wahlenbergia nutabunda','Wangenheimia','Wangenheimia lima','Washingtonia','Washingtonia filifera','Wigandia','Wigandia caracasana','Wisteria','Wisteria sinensis','Withania','Withania somnifera','Wolffia','Wolffia arrhiza','Woodsia','Woodsia alpina','Woodsia pulchella','Woodwardia','Woodwardia radicans','Xanthium','Xanthium spinosum','Xanthium strumarium','Xanthium strumarium italicum','Xanthium strumarium strumarium','Xatardia','Xatardia scabra','Xeranthemum','Xeranthemum annuum','Xeranthemum cylindraceum','Xeranthemum inapertum','Yucca','Yucca aloifolia','Yucca gloriosa','Zannichellia','Zannichellia palustris','Zantedeschia','Zantedeschia aethiopica','Zea','Zea mays','Zebrina','Zebrina pendula','Zinnia','Zinnia elegans','Ziziphora','Ziziphora acinoides','Ziziphora capitata','Ziziphora hispanica','Ziziphus','Ziziphus jujuba','Zostera','Zostera marina','Zostera noltii','Zygophyllum','Zygophyllum album','Zygophyllum fabago','Pinus jeffreyi mugo aggregatum','Pinus uncinata nigra aggregatum','barrillar','bosque mixto caducifolio','Brezal de gándara','Brezal-carpazal','Brezal-helechar','Brezal-jaral','Brezal-tojar','Brezal-tojar-helechar','Cambronal de Echinospartum','Coridothymus capitatus','Desierto de yesos, cantiles yesosos','Echinospartium sp.','Echinospartum sempervirens/granatensis','en alternancia con bandas rocosas','Genistella sagittalis','Genistella tridentata','Helianthemum, especies rastreras, excluida gr. Croceum','Herbazal higrófilo','Herbazal suprasílvico','Herbazal vivaz infraalísico','Jaral con predominio de Cistus monspeliensis','Jaramagal Canarias','Jaramagal claro','Koeleria castellana','Matas leñosas y herbáceas en fisuras de roquedo compacto','Matorral mixto con predominio de Anthyllis ternifolia','Matorral mixto con predominio de cistaceas','Matorral mixto con predominio de leguminosas','Matorral mixto con predominio de Ulex (una o varias especies)','matorral mixto sobre pteridotitas','Matorral suprasílvico, claro','Pastizal o herbazal vivaz con encharcamiento temporal de aguas salinas','Platanus hispanica','Quercus gr. Faginea','Sarcocornia fruticosa','Sarcocornia perennis','Semidesierto de arenales y jables','Semidesierto de jables','Terreno improductivo','Tojar de Ulex eriocladus','Tojar mezclado','tojar mixto','Tojar mixto','Tojar-brezal','Tojo-brezo-helechar','Tojo-carpazal','vegetación de canutos','Tojo-helechar']
metadatos=pd.DataFrame({'MFE_1985_R':codigo,'Nombre':nombre})

unido=pd.merge(shp, metadatos, on='MFE_1985_R', how='inner')

def asignar_etiqueta(x):
    if x in ['Sin información']:
        return 'Sin información'
    elif x in ['Desierto por incendios','Semidesierto por incendio reiterado']:
        return 'Desierto por incendios'
    elif x in ['Genista scorpius', 'Pastizal estacional denso','Césped denso de altura, "tasca"','Bosque mixto de subsclerófilos y esclerófilos','Mancha degradada', 'Ulex parviflorus','Matorral mixto con predominio de Ulex parviflorus','Buxus sempervirens','Erica arborea', 'Cultivos agrícolas', 'Romeral mixto','Brezal xerófilo mixto', 'Matorral mixto calcícola','Cytisus purgans', 'Pastizal leñoso mixto: especies ± hidrófilas, en dominios de bosque caducifolio','Lasto-timo-aliagar', 'Rosmarinus officinalis','Cistus albidus', 'Juniperus communis communis','Matorral mixto, s.l.', 'Matorral mixto con predominio de romero','Arbutus unedo','Pteridium aquilinum, o helechar de altura','Jaral mezclado.- Cistus, varias especies, en mezcla','Matorral mixto silicícola (composición dependiente de la comarca y la altitud)','Prado de siega', 'Pastizal leñoso mixto: Especies ± xerófilas','Cistus monspeliensis', 'Artemisia herba-alba', 'Juniperus communis hemisphaerica','Lastonar mixto','Mancha alta y densa', 'Prado de diente', 'Juniperus oxycedrus']:
        return 'Cult_Arb_Past'
    elif x in ['Bosque de elevada heterogeneidad','Soto mixto arbóreo','Bosque mixto caducifolio (fraga) en enclaves en España Mediterránea','Galería arbustiva mixta','Bosque mixto de pie de cantil','Galería arbórea mixta', 'Bosque mixto de caducifolios y subsclerófilos']:
        return 'Mixto'
    elif x in ['Garriga media degradada', 'Quercus faginea', 'Quercus, varias especies en mezcla', 'Quercus suber','Mezcla de Quercus ilex ilex y Quercus ilex rotundifolia', 'Quercus pubescens', 'Quercus coccifera', 'Garriga clara, muy degradada o incipiente','Quercus ilex rotundifolia', 'Quercus ilex ilex', 'Quercus gr. faginea. Varias estirpes infraspecíficas o de difícil adscripción']:
        return 'Quercus'
    elif x in ['Pinus uncinata','Pinus radiata', 'Pinus halepensis','Pinus nigra', 'Pinus sylvestris', 'Pinus pinea','Pinus pinaster', 'mezcla de varias especies del género Pinus','Mezcla de varias especies de pinos']:
        return 'Pinus'
    elif x in ['Populus x canadensis']:
        return 'Populus'
    elif x in ['Platanus hybrida','Alnus glutinosa','Eucalyptus sp.','Fraxinus excelsior','Betula pendula', 'Fagus sylvatica','Corylus avellana','Fraxinus angustifolia']:
        return 'Otras Frondosas'
#     elif x in []:
#         return 'Otras Coniferas'
    elif x in ['Desierto kárstico','Semidesierto de erosión','Agua','áreas en proceso de urbanización o urbanizadas','Desierto de roca compacta','Desierto rocoso, no kárstico, roquedo compacto','Semidesierto rocoso, no kárstico']:
        return 'Otros'
    else:
        return None

unido['Label'] = unido['Nombre'].apply(asignar_etiqueta)

def asignar_etiqueta_MFEact(x):
    if x in ['sin datos']:
        return 'Sin información'
    elif x in ['Arbutus unedo','Tamarix spp.','Juniperus oxycedrus',]:
        return 'Cult_Arb_Past'
    elif x in ['Quercus humilis (Q. Pubescens)','Quercus ilex','Quercus faginea','Quercus robur','Quercus pyrenaica','Quercus suber','Quercus petraea']:
        return 'Quercus'
    elif x in ['Pinus nigra', 'Pinus radiata','Pinus halepensis','Pinus pinaster','Pinus canariensis','Pinus uncinata','Pinus pinea','Pinus sylvestris']:
        return 'Pinus'
    elif x in ['Populus x canadensis','Populus alba','Populus tremula','Populus nigra']:
        return 'Populus'
    elif x in ['Prunus spp.', 'Eucalyptus camaldulensis','Platanus hispanica','Salix elaeagnos','Olea europaea','Otras frondosas', 'Ceratonia siliqua','Fraxinus excelsior','Betula pendula', 'Ulmus minor','Betula spp.','Salix atrocinerea', 'Castanea sativa','Salix spp.', 'Corylus avellana','Fagus sylvatica','Salix caprea', 'Alnus glutinosa','Eucalyptus globulus','Ulmus pumila', 'Fraxinus angustifolia','Robinia pseudoacacia']:
        return 'Otras Frondosas'
    elif x in ['Mezcla de árboles de ribera']:
        return 'Mixto'
    elif x in ['Cupressus sempervirens','Cedrus atlantica']:
        return 'Otras Coniferas'
    else:
        return None

unido['Label_MFEact'] = unido['Especie1'].apply(asignar_etiqueta_MFEact)

coinciden=unido.loc[(unido['Label_MFEact']==unido['Label'])]

coinciden.to_file("exported_data_cat.shp")
