,Row,ID,Rate_5,Rate_20,FECHA,NBR_mean,latitude,longitude,Coef_1_1,Coef_1_2,Coef_1_3,Coef_1_4,Coef_1_5,Coef_1_6,Coef_1_7,Coef_1_8,Coef_2_1,Coef_2_2,Coef_2_3,Coef_2_4,Coef_2_5,Coef_2_6,Coef_2_7,Coef_2_8,Coef_3_1,Coef_3_2,Coef_3_3,Coef_3_4,Coef_3_5,Coef_3_6,Coef_3_7,Coef_3_8,Coef_4_1,Coef_4_2,Coef_4_3,Coef_4_4,Coef_4_5,Coef_4_6,Coef_4_7,Coef_4_8,Coef_5_1,Coef_5_2,Coef_5_3,Coef_5_4,Coef_5_5,Coef_5_6,Coef_5_7,Coef_5_8,Coef_6_1,Coef_6_2,Coef_6_3,Coef_6_4,Coef_6_5,Coef_6_6,Coef_6_7,Coef_6_8,t1,t2,t3,t4,t5,t6,Ts1,Ts2,Ts3,Ts4,Ts5,Ts6,mag1,mag2,mag3,mag4,mag5,mag6,F_1,F_2,F_3,F_4,F_5,F_6,geom,Unnamed: 0,1983,1984,1985,1986,1987,1988,1989,1990,1991,1992,1993,1994,1995,1996,1997,1998,1999,2000,2001,2002,2003,2004,2005,2006,2007,2008,2009,2010,2011,2012,2013,2014,2015,2016,2018,2019,2020,2021,2022,2023,2017,NBR_pre_fire,NBR_post_fire,CCAA,Prec_5,Prec_20,Tmax_5,Tmax_20,Tmin_5,Tmin_20,SPEI6_5,SPEI6_20
0,[5702 6992],394_N,0.0035716202337786,0.0066419622335858,1994,0.417832564759914,42.463307127400974,-1.11556911238076,0.3076858,0.0,-0.05738333,-0.065293856,0.045936912,-0.024852585,-0.00050677074,0.02103431,-14.6765375,0.0074481135,-0.082222186,-0.0775729,0.039890125,-0.035465434,0.001876674,0.032018192,0.0,0.0,0.0,0.0,0.0,0.0,0.0,0.0,0.0,0.0,0.0,0.0,0.0,0.0,0.0,0.0,0.0,0.0,0.0,0.0,0.0,0.0,0.0,0.0,0.0,0.0,0.0,0.0,0.0,0.0,0.0,0.0,1994.5104,2023.9287,0.0,0.0,0.0,0.0,1984.2134,1994.5542,0.0,0.0,0.0,0.0,-0.4616783,0.0,0.0,0.0,0.0,0.0,1994,2023,0,0,0,0,"c(-1.11556911238076, 42.463307127401)",NBR_year,,0.4642852496398351,0.4641565676909552,0.4639615242880772,0.4637000670150693,0.4633721934102219,0.4629779510093924,0.4625485776544596,0.4629990226796805,0.4633857330160824,0.4637082223418295,0.3611024087994476,0.3816777639927265,0.3780974482120252,0.3932430117998632,0.4012639006796893,0.3995358651616197,0.4189489259939881,0.4141602897282251,0.4310894685100141,0.4378881712940771,0.4379166222424908,0.4561583657779695,0.4501666324632938,0.4688767785050725,0.4744516876911199,0.4762439149852177,0.4933060020334933,0.4861171007170067,0.5066045195088402,0.5109547502791422,0.5145170086644436,0.5303917900539109,0.5220123507275739,0.5473976949667682,0.5527351994436334,0.5674157217648456,0.5578530701662936,0.581879780476736,0.5837808928987659,0.5442723041947801,0.4635469776789559,0.3816777639927265,N,1330.9000170230865,6600.4001121521,23.25723934173584,23.286839946111044,10.807293287913005,11.047195374965668,-0.50546875,-0.3210652683628723
1,[5736 7052],394_N,0.005328319513594,0.005604186819778,1994,0.537983983411372,42.45414431150122,-1.099399437263541,23.842747,-0.011779491,0.077354945,0.028651608,0.039238166,0.014556728,-0.0047675157,0.020165097,-4.762981,0.002656984,0.07766256,-0.0067439876,0.0651425,0.016217658,0.009114672,-0.0010389887,-12.356185,0.0062672603,-0.029106554,-0.040320035,0.052582912,-0.019383246,0.0,0.021231541,0.0,0.0,0.0,0.0,0.0,0.0,0.0,0.0,0.0,0.0,0.0,0.0,0.0,0.0,0.0,0.0,0.0,0.0,0.0,0.0,0.0,0.0,0.0,0.0,1986.7568,1994.5104,2023.9944,0.0,0.0,0.0,1984.4597,1987.0005,1994.5542,0.0,0.0,0.0,0.24297652,-0.47739097,0.0,0.0,0.0,0.0,1986,1994,2023,0,0,0,"c(-1.09939943726354, 42.4541443115012)",NBR_year,,,0.559509022988642,0.5477275728980828,0.6390126470913865,0.6416362810191039,0.6446760760404578,0.6472893641053623,0.6494655281295924,0.652410269474431,0.6553348851775305,0.6578298773395067,0.2726273331836467,0.2728594900534191,0.2870008664123062,0.2802148883298261,0.2992689307516167,0.2990776098124895,0.3094772576116945,0.315928233624427,0.3177250673937871,0.3306910955586872,0.32416130468767,0.3433460853489565,0.3419283680005636,0.3539287837102938,0.3591578122334044,0.3625287686490513,0.3743093169691949,0.3692861624620389,0.387352449778075,0.384711069579207,0.3983125827472347,0.402316404466104,0.4178555132933969,0.4143544281726397,0.4312876577686175,0.4274264569982361,0.4426279548594279,0.4454044104138586,0.407269533405666,0.6538725773259808,0.2726273331836467,N,1311.2000274658203,6818.400172472,23.136512406667073,23.088657959302267,10.729057550430298,10.975056517124177,-0.50546875,-0.3210652683628723
2,[5727 6971],394_N,0.0066628505344478,0.0095720921515859,1994,0.461781427597137,42.4565697627688,-1.121228498671787,6.4988027,-0.0030644531,-0.060840234,-0.06899622,0.033612747,-0.019995218,-0.0052382867,0.009477606,-20.536709,0.010373173,-0.05317968,-0.06766821,0.034307264,-0.030903913,0.0,0.031232174,0.0,0.0,0.0,0.0,0.0,0.0,0.0,0.0,0.0,0.0,0.0,0.0,0.0,0.0,0.0,0.0,0.0,0.0,0.0,0.0,0.0,0.0,0.0,0.0,0.0,0.0,0.0,0.0,0.0,0.0,0.0,0.0,1994.5104,2023.9287,0.0,0.0,0.0,0.0,1984.3037,1994.5542,0.0,0.0,0.0,0.0,-0.67419046,0.0,0.0,0.0,0.0,0.0,1994,2023,0,0,0,0,"c(-1.12122849867179, 42.4565697627688)",NBR_year,,0.5548451845100509,0.5519113878684262,0.5494363363819639,0.5463234816966632,0.54257630253642,0.5396636501292493,0.5371814959422916,0.5340615466360527,0.5303073429344328,0.5274158334615595,0.3015387907953258,0.3210300075834323,0.3189870377803149,0.3400583907935994,0.3483044989252226,0.3543442602556715,0.3727903368856669,0.3696825930108984,0.3923341019666468,0.3994911450004515,0.4071020332758814,0.4244956366970545,0.420329182508302,0.4445566363918604,0.4506243007221936,0.4598114426866172,0.476145891251806,0.4709274440033963,0.4967256556690776,0.5017043065191521,0.5124718506151521,0.5277411191762159,0.5237622278596445,0.5527315356521403,0.5650826489785856,0.5792813734666827,0.5768167892729779,0.6009019617178881,0.6037063939149168,0.5488408546595761,0.5288615881979961,0.3210300075834323,N,1330.9000170230865,6600.4001121521,23.25723934173584,23.286839946111044,10.807293287913005,11.047195374965668,-0.50546875,-0.3210652683628723
3,[5725 6977],394_N,0.0082235168378494,0.0119400219857977,1994,0.580857507138635,42.457108751939366,-1.119611531160065,4.601645,-0.0020885607,-0.12087171,-0.101175755,0.023403576,-0.017746069,-0.015576764,0.039365876,-25.66134,0.012961599,-0.101666674,-0.0991184,0.035233937,-0.034998044,-0.001402325,0.038884494,0.0,0.0,0.0,0.0,0.0,0.0,0.0,0.0,0.0,0.0,0.0,0.0,0.0,0.0,0.0,0.0,0.0,0.0,0.0,0.0,0.0,0.0,0.0,0.0,0.0,0.0,0.0,0.0,0.0,0.0,0.0,0.0,1994.5104,2023.9287,0.0,0.0,0.0,0.0,1984.3037,1994.5542,0.0,0.0,0.0,0.0,-0.7945325,0.0,0.0,0.0,0.0,0.0,1994,2023,0,0,0,0,"c(-1.11961153116006, 42.4571087519394)",NBR_year,,0.6819156327486822,0.681380082613062,0.679625970688873,0.6766488646193428,0.6735853429783467,0.6730362969349399,0.6712685611266513,0.6682778623984829,0.6652549041706898,0.664692359924249,0.4053547041858188,0.4302536616289548,0.4281083668028498,0.4538037703224978,0.4645522354078988,0.471371245818202,0.4949515586161985,0.4914739246274818,0.5191498373571892,0.5285315631345489,0.5373271803634041,0.5595804173096002,0.5547783091974255,0.5844288726606197,0.5924439975320387,0.6032217170667036,0.6241402450562336,0.6180223161622947,0.6496404897973892,0.6562899773629202,0.6690541013449091,0.688631091014782,0.6828201460890262,0.7200699809620185,0.73482361536388,0.7530530460967388,0.7491542657278051,0.7798601277136328,0.7837845258400394,0.7147843430583107,0.6649736320474694,0.4302536616289548,N,1330.9000170230865,6600.4001121521,23.25723934173584,23.286839946111044,10.807293287913005,11.047195374965668,-0.50546875,-0.3210652683628723
4,[5732 7072],394_N,0.0081569480933964,0.0081272178133429,1994,0.647704924974665,42.45522228984237,-1.094009545557801,-4.7677107,0.002739751,-0.035327796,-0.001167714,-0.107664436,0.035768066,-0.076974496,0.016957404,13.917682,-0.006645707,0.068079375,-0.0032353147,0.02965363,0.013062551,0.0027508968,-0.009368043,-16.155926,0.0081723,-0.019574821,-0.037109207,0.050212428,-0.020054344,0.004660983,0.019491827,0.0,0.0,0.0,0.0,0.0,0.0,0.0,0.0,0.0,0.0,0.0,0.0,0.0,0.0,0.0,0.0,0.0,0.0,0.0,0.0,0.0,0.0,0.0,0.0,1986.7568,1994.5104,2023.9287,0.0,0.0,0.0,1984.3037,1987.0005,1994.5789,0.0,0.0,0.0,0.29547933,-0.8541379,0.0,0.0,0.0,0.0,1986,1994,2023,0,0,0,"c(-1.0940095455578, 42.4552222898424)",NBR_year,,0.875495717416968,0.8781792776837712,,0.7985417116672041,0.7918283934565944,0.7854470198666607,0.7787894292018309,0.7718509447429528,0.7653447467642449,0.7588885763761783,0.7521547457302643,0.2542221215348582,0.2682376215356046,0.2769979414779206,0.2779199094885907,0.2950068620018406,0.2963786131862585,0.308344856303228,0.3184271116009267,0.3174054687371189,0.3357032113784543,0.3384254784284632,0.3483502857092996,0.3597426491859463,0.35680478927903,0.3762893607710205,0.380361615240062,0.3882559335807743,0.4009446027380273,0.39761841185287,0.4167664778017175,0.4221860969702842,0.4280639663550626,0.4400428036230875,0.4571358937373264,0.4638981734652416,0.467776688373562,0.4830088335901794,0.4823610776420308,0.4420331973453082,0.7621166615702116,0.2542221215348582,N,1311.2000274658203,6818.400172472,23.136512406667073,23.088657959302267,10.729057550430298,10.975056517124177,-0.50546875,-0.3210652683628723
5,[5709 6984],394_N,0.0051105529270657,0.0078372867705714,1994,0.561463618993111,42.46142066530397,-1.117725069063056,2.3205822,-0.00093797134,-0.062585786,-0.08547769,0.044768564,-0.0214145,0.0,0.019394761,-16.8122,0.008566587,-0.08706652,-0.10312118,0.035820015,-0.039493687,0.0,0.027528036,0.0,0.0,0.0,0.0,0.0,0.0,0.0,0.0,0.0,0.0,0.0,0.0,0.0,0.0,0.0,0.0,0.0,0.0,0.0,0.0,0.0,0.0,0.0,0.0,0.0,0.0,0.0,0.0,0.0,0.0,0.0,0.0,1994.5104,2023.9287,0.0,0.0,0.0,0.0,1984.2134,1994.5542,0.0,0.0,0.0,0.0,-0.40436408,0.0,0.0,0.0,0.0,0.0,1994,2023,0,0,0,0,"c(-1.11772506906306, 42.461420665304)",NBR_year,,0.6267801822882211,0.625493042043451,0.6241409458365093,0.6232095914673692,0.6226769631971856,0.6220830176478765,0.621427206620986,0.6207090248261066,0.6199280104490962,0.6190837456792107,0.4708923665683605,0.4891732971633717,0.4844391573787312,0.5044726675326325,0.5107702913421088,0.5147260617987003,0.5318942710400943,0.5260118774560797,0.5477422842389649,0.5528765345218554,0.5585088496698968,0.5745565272023264,0.5675308274001861,0.5909553501289708,0.5949250787686023,0.6022400555821451,0.6171600077735755,0.6089965771672584,0.6341115011989727,0.6369162066337049,0.6459190325748008,0.6597046876159947,0.6529774405295087,0.6788502322284047,0.6895451617977161,0.7021905743337302,0.697077822514574,0.7202517605372519,0.7207275009738299,0.6772104049330381,0.6195058780641534,0.4891732971633717,N,1330.9000170230865,6600.4001121521,23.25723934173584,23.286839946111044,10.807293287913005,11.047195374965668,-0.50546875,-0.3210652683628723
6,[5715 6992],394_N,0.005723539400966,0.009787240862165,1994,0.560465149436746,42.459803697792246,-1.11556911238076,0.4216141,0.0,-0.1011225,-0.08355631,0.02820256,-0.012793741,-0.012785677,0.034126833,-21.445639,0.0108762765,-0.12224404,-0.10921396,0.028845597,-0.039277174,-0.0003152872,0.042316034,0.0,0.0,0.0,0.0,0.0,0.0,0.0,0.0,0.0,0.0,0.0,0.0,0.0,0.0,0.0,0.0,0.0,0.0,0.0,0.0,0.0,0.0,0.0,0.0,0.0,0.0,0.0,0.0,0.0,0.0,0.0,0.0,1994.5104,2023.9287,0.0,0.0,0.0,0.0,1984.2134,1994.5542,0.0,0.0,0.0,0.0,-0.4845186,0.0,0.0,0.0,0.0,0.0,1994,2023,0,0,0,0,"c(-1.11556911238076, 42.4598036977922)",NBR_year,,0.6185256857087282,0.6180433214580368,0.6175923976656501,0.6181384766025807,0.6186057319400211,0.618993746013411,0.6193021682064779,0.61953071531817,0.6196791718543722,0.6197473902451958,0.479919846119978,0.5071374917851693,0.5057339219914379,0.5245754513335815,0.5369024520530603,0.5357551887899996,0.5615934582621267,0.5587621182752265,0.5797139184037085,0.5905927521078312,0.5915279843952462,0.6159762721553933,0.611723845444537,0.6347821752001227,0.6442112788677196,0.6472373172395293,0.6702858549274636,0.6646198712698612,0.6897797273535082,0.6977584145543103,0.7028823090284703,0.7245221724631719,0.7174510011788869,0.7512345839274083,0.7584621195337007,0.7786852350568585,0.7702180775832165,0.7995609544875578,0.8046402539074105,0.744706123277078,0.619713281049784,0.5071374917851693,N,1330.9000170230865,6600.4001121521,23.25723934173584,23.286839946111044,10.807293287913005,11.047195374965668,-0.50546875,-0.3210652683628723
7,[5734 6962],394_N,0.008952360205765,0.0118063551854055,1994,0.438800752535264,42.45468330067178,-1.12365394993937,-4.314955,0.0023626972,-0.028210204,-0.026595527,0.01611371,-0.01197764,-0.013306142,0.0,-25.037409,0.0126414215,-0.0034365763,-0.027394924,0.03260112,-0.027053207,0.0,0.019933077,0.0,0.0,0.0,0.0,0.0,0.0,0.0,0.0,0.0,0.0,0.0,0.0,0.0,0.0,0.0,0.0,0.0,0.0,0.0,0.0,0.0,0.0,0.0,0.0,0.0,0.0,0.0,0.0,0.0,0.0,0.0,0.0,1994.5104,2023.9287,0.0,0.0,0.0,0.0,1984.3037,1994.5542,0.0,0.0,0.0,0.0,-0.58503366,0.0,0.0,0.0,0.0,0.0,1994,2023,0,0,0,0,"c(-1.12365394993937, 42.4546833006718)",NBR_year,,0.4378762999319397,0.4406738606307266,0.443122520149852,0.445209781079756,0.4473337979119211,0.4501275549510947,0.4525722509754377,0.4546554308593607,0.4567912545519922,0.4595812059306455,0.2499593327864792,0.2690500775966817,0.2737145051280928,0.293016604473487,0.3045792794610599,0.3138118786255069,0.3322038833056315,0.3361543818468558,0.356515590675676,0.3673483403002829,0.37763267519165,0.3953207951999513,0.398561472182563,0.4199790009529498,0.4300815264447646,0.441421257614904,0.4584007982458703,0.4609362132264949,0.4834065976419043,0.492779068892913,0.5051771813047922,0.5214439011443619,0.5239768542599897,0.5554412213573648,0.5689000222828321,0.5844501363186937,0.5879948034880732,0.6101535145425471,0.6180682600669071,0.5467981660359201,0.4581862302413189,0.2690500775966817,N,1330.9000170230865,6600.4001121521,23.25723934173584,23.286839946111044,10.807293287913005,11.047195374965668,-0.50546875,-0.3210652683628723
8,[5737 6952],394_N,0.0054660538596545,0.0070694068440961,1994,0.581370446435711,42.45387481691593,-1.12634889579224,-20.490845,0.010556367,0.01974504,-0.056532532,0.04277388,-0.0069928295,-0.00029782386,0.0074382904,-14.7987585,0.0074936277,-0.056228686,-0.054468475,0.052062068,-0.01791286,0.0,0.025277846,0.0,0.0,0.0,0.0,0.0,0.0,0.0,0.0,0.0,0.0,0.0,0.0,0.0,0.0,0.0,0.0,0.0,0.0,0.0,0.0,0.0,0.0,0.0,0.0,0.0,0.0,0.0,0.0,0.0,0.0,0.0,0.0,1994.5104,2023.9287,0.0,0.0,0.0,0.0,1984.4352,1994.5542,0.0,0.0,0.0,0.0,-0.71364856,0.0,0.0,0.0,0.0,0.0,1994,2023,0,0,0,0,"c(-1.12634889579224, 42.4538748169159)",NBR_year,,0.5344265167478789,0.5454549635318259,0.5559876778787035,0.565999316602789,0.5768874029733876,0.587731281830103,0.598069245539355,0.60813554678659,0.6192796584486698,0.629934897768389,0.3007218743285954,0.3115095254130556,0.307197744493992,0.3275227267623674,0.3273397577167789,0.3388397947113285,0.3485920953385397,0.3457530384043406,0.3651069443190138,0.3638796018133426,0.3769087042833009,0.385621929734702,0.384265025023207,0.4026387012280927,0.4003696194278179,0.4149281389680594,0.4225991612739461,0.422732999872617,0.4401178384251116,0.4368102589115981,0.4528976622949786,0.4595239533836364,0.4611562816772624,0.4732019974016206,0.4908168657633053,0.4963965001659859,0.4995342129049001,0.5149177694186847,0.5095453405054285,0.47754422721688,0.6246072781085295,0.3115095254130556,N,1330.9000170230865,6600.4001121521,23.25723934173584,23.286839946111044,10.807293287913005,11.047195374965668,-0.49884440898895266,-0.3467488618567586
9,[5850 6763],394_N,0.0085493875318125,0.0071595942189915,1994,0.401856171391756,42.423421928778495,-1.17728337241148,0.91780543,-0.0003078767,-0.08849693,-0.106786914,0.031852912,-0.043617476,-0.013453896,0.03329552,-14.004482,0.0071196165,-0.07406857,-0.09702713,0.02673681,-0.054067824,0.0,0.026452238,0.0,0.0,0.0,0.0,0.0,0.0,0.0,0.0,0.0,0.0,0.0,0.0,0.0,0.0,0.0,0.0,0.0,0.0,0.0,0.0,0.0,0.0,0.0,0.0,0.0,0.0,0.0,0.0,0.0,0.0,0.0,0.0,1994.5104,2023.9944,0.0,0.0,0.0,0.0,1984.3037,1994.598,0.0,0.0,0.0,0.0,-0.48321557,0.0,0.0,0.0,0.0,0.0,1994,2023,0,0,0,0,"c(-1.17728337241148, 42.4234219287785)",NBR_year,,0.5204905297999078,0.5207886371382393,0.5198892049838746,0.5178008882411027,0.5192723626263303,0.5195571326304881,0.5186443862712345,0.5165894474789621,0.5180540473130508,0.5183254794265325,0.3862311948018617,0.3782101283904914,0.3998293534658007,0.4015907029925591,0.4093561270583415,0.4209570660495543,0.4150729777185037,0.436168109419336,0.4341083916526846,0.4472512295783757,0.455056662361979,0.4544036764785281,0.4718846929585713,0.4660359306041841,0.4845538878777067,0.4885352877537378,0.4931960860562503,0.5069744523476594,0.498109204970119,0.521249581546246,0.5214020127703234,0.5314264473945209,0.5414366150340483,0.557327570602266,0.5536695757341923,0.5690744743655081,0.5752742687884558,0.5768471901310565,0.5927809589861088,0.537739695685566,0.5181897633697916,0.3782101283904914,N,1330.9000170230865,6600.4001121521,23.25723934173584,23.286839946111044,10.807293287913005,11.047195374965668,-0.49884440898895266,-0.3467488618567586
10,[5874 6837],394_N,0.0039785670534013,0.0060344036134098,1994,0.484961027810446,42.41695405873162,-1.157340773100243,-3.6990106,0.0020664653,-0.030235536,-0.11816696,0.047705997,-0.03922322,-0.008045397,0.03416621,-12.646451,0.0064641656,-0.043279357,-0.107456245,0.026258595,-0.06838654,-0.0028085716,0.024123283,0.0,0.0,0.0,0.0,0.0,0.0,0.0,0.0,0.0,0.0,0.0,0.0,0.0,0.0,0.0,0.0,0.0,0.0,0.0,0.0,0.0,0.0,0.0,0.0,0.0,0.0,0.0,0.0,0.0,0.0,0.0,0.0,1994.5104,2023.9944,0.0,0.0,0.0,0.0,1984.3037,1994.5542,0.0,0.0,0.0,0.0,-0.34622443,0.0,0.0,0.0,0.0,0.0,1994,2023,0,0,0,0,"c(-1.15734077310024, 42.4169540587316)",NBR_year,,0.5879591448725191,0.589485285472993,0.5929190066068681,0.5951515044418132,0.5962073971055643,0.5977730431490544,0.601193298999127,0.6034125311461807,0.6044555079436887,0.606060650306356,0.4060006892970011,0.4262366379689446,0.4218921314975708,0.4373727217759529,0.4409132180015999,0.4461294732359511,0.4574799918905934,0.4526590474482444,0.4715481992710187,0.4657552968527061,0.4831354348004421,0.4852199078106306,0.4923217932873094,0.5022449612293262,0.4992484665618304,0.5167750156521408,0.509539037832798,0.528816137072471,0.5294432754836658,0.5384369250954878,0.5469247102371411,0.5457674905695329,0.5619168156388262,0.5744141642139532,0.5735838942538103,0.5844738255200926,0.5915194333128557,0.5922147244571412,0.6069734008091497,0.5532442805729848,0.6052580791250224,0.4262366379689446,N,1330.9000170230865,6600.4001121521,23.25723934173584,23.286839946111044,10.807293287913005,11.047195374965668,-0.49884440898895266,-0.3467488618567586
11,[5757 6954],394_N,0.0166690792588868,0.0180997276939949,1994,0.620177765812308,42.4484849252102,-1.125809906621666,-2.7444925,0.0016627605,0.0061985515,-0.08321202,0.024460334,-0.048431005,-0.011390285,-0.0011664485,-5.872766,0.0032665199,0.053067133,-0.008306654,0.051276598,0.024630958,0.0,0.014565219,-36.41018,0.018382415,0.057765633,-0.062956005,0.14246479,-0.014093887,0.050045673,0.04390009,0.0,0.0,0.0,0.0,0.0,0.0,0.0,0.0,0.0,0.0,0.0,0.0,0.0,0.0,0.0,0.0,0.0,0.0,0.0,0.0,0.0,0.0,0.0,0.0,1988.8595,1994.5789,2023.9287,0.0,0.0,0.0,1984.3037,1988.9033,1994.598,0.0,0.0,0.0,-0.14749303,-0.45001057,0.0,0.0,0.0,0.0,1988,1994,2023,0,0,0,"c(-1.12580990662167, 42.4484849252102)",NBR_year,,0.6415818431327074,0.6433490282773403,0.6450551475768067,0.6467003799956726,0.6482849814100915,0.7009926498573898,0.7042960308675754,0.7076756283395694,0.7109814164066234,0.7142110814950103,0.7173623907267391,0.4191052307342304,0.4504540269714206,0.4509281593546691,0.4826829292993182,0.5024506270286645,0.5057624370081498,0.5420387565189163,0.5489356737610139,0.5710778638011939,0.5965248834044058,0.591733047313251,0.6325256056479658,0.6456598315023588,0.6586012030791946,0.6893924661698893,0.6891615009893405,0.7219798098067847,0.7411134976165753,0.7453383199902929,0.7810997846141293,0.7873084183199184,0.8104741430791844,0.8313789049227825,0.8717026431769147,0.8841712877668921,0.8980879313961189,0.9283172605995068,0.9273797434052702,0.835320932960988,0.7125962489508169,0.4191052307342304,N,1330.9000170230865,6600.4001121521,23.25723934173584,23.286839946111044,10.807293287913005,11.047195374965668,-0.49884440898895266,-0.3467488618567586
12,[5854 6850],394_N,0.0009955010178205991,0.0046820643643851,1994,0.536491829335786,42.42234395043735,-1.153837343491512,-3.8383846,0.0021395115,-0.08864574,-0.12386561,0.037750088,-0.026342567,-0.017850569,0.047314312,-10.95026,0.0056328666,-0.10091896,-0.115362525,0.020506622,-0.06058126,-0.0019947307,0.032818448,0.0,0.0,0.0,0.0,0.0,0.0,0.0,0.0,0.0,0.0,0.0,0.0,0.0,0.0,0.0,0.0,0.0,0.0,0.0,0.0,0.0,0.0,0.0,0.0,0.0,0.0,0.0,0.0,0.0,0.0,0.0,0.0,1994.5104,2023.9287,0.0,0.0,0.0,0.0,1984.3037,1994.5542,0.0,0.0,0.0,0.0,-0.36784086,0.0,0.0,0.0,0.0,0.0,1994,2023,0,0,0,0,"c(-1.15383734349151, 42.4223439504374)",NBR_year,,0.6460161634531005,0.6476189232627881,0.6513879699298911,0.6536949187439791,0.6545520343197698,0.6562031676748165,0.6599559260482772,0.6622466264714301,0.6630877288312205,0.6647872311629635,0.4933860803475122,0.5168120117153923,0.5163452511777682,0.5219946293465829,0.533727853152486,0.5217895168044953,0.5452854572722919,0.5435342953965027,0.5510619467238002,0.5615205989053251,0.5513980342017099,0.573694555476101,0.5706617585681055,0.5800687076587372,0.5892486568986512,0.5809529169492744,0.6020390987373138,0.5977281461468323,0.609014360647329,0.6169122049808139,0.6104532990030946,0.6303189164093083,0.6247339959467518,0.6445114568729293,0.639898345366456,0.6585338748199326,0.6516798776439553,0.6667203132213648,0.6720466619081856,0.6378983894160638,0.663937479997092,0.5168120117153923,N,1330.9000170230865,6600.4001121521,23.25723934173584,23.286839946111044,10.807293287913005,11.047195374965668,-0.49884440898895266,-0.3467488618567586
13,[4307 5537],382_N,0.008156495293246,0.0073146984966164,1991,0.6290993002393631,42.83925207387632,-1.507683733973323,12.846609,-0.0061310073,0.056607332,-0.008606062,0.019032741,0.005442911,-0.018684119,-0.0124243675,-15.2149515,0.0077273916,-0.019747384,-0.032078676,0.04753167,-0.030703396,0.0,0.008116585,0.0,0.0,0.0,0.0,0.0,0.0,0.0,0.0,0.0,0.0,0.0,0.0,0.0,0.0,0.0,0.0,0.0,0.0,0.0,0.0,0.0,0.0,0.0,0.0,0.0,0.0,0.0,0.0,0.0,0.0,0.0,0.0,1991.6193,2023.8821,0.0,0.0,0.0,0.0,1984.3475,1991.9259,0.0,0.0,0.0,0.0,-0.5252478,0.0,0.0,0.0,0.0,0.0,1991,2023,0,0,0,0,"c(-1.50768373397332, 42.8392520738763)",NBR_year,,0.70969577744387,0.7543737976372049,0.7480709627398159,0.741838096219128,0.7359059843977701,0.729916612851597,0.7238697340197819,0.7177651864756011,0.2698186966587625,0.2884188464045083,0.2913505358921034,0.301284888189437,0.3106011731249927,0.3119229588796542,0.3274746972170811,0.3260234535285622,0.3419573251663518,0.3468652289103318,0.3541177994414026,0.3653875547926983,0.3641042259859782,0.3815196485119194,0.3820204531840009,0.3952733604748477,0.4021577338335846,0.4067424655216591,0.4199449647963548,0.4161126665910913,0.4353367655145915,0.4378044484073032,0.4483705518747665,0.4572251178762032,0.4591647245492306,0.4723654465842896,0.4889280010257378,0.4933708883982025,0.5012532126878503,0.5120651928423143,0.5113910588894236,0.4742729053026506,0.7268931734356895,0.2698186966587625,N,1726.6000356674194,7034.9001269340515,22.21490281422933,22.526436805725098,10.95898265838623,11.286854251225789,-0.13647461030632257,-0.2897176109778229
14,[5740 7075],394_N,0.0098938502746962,0.0112435395402093,1994,0.671745674599707,42.45306633316007,-1.09320106180194,6.627347,-0.0029772157,0.03860165,-0.016312134,0.0,0.0021357173,-0.007495677,-0.009637502,-23.072334,0.0116568515,0.036531895,-0.03610294,0.068388425,-0.008449897,0.014228863,0.02299494,0.0,0.0,0.0,0.0,0.0,0.0,0.0,0.0,0.0,0.0,0.0,0.0,0.0,0.0,0.0,0.0,0.0,0.0,0.0,0.0,0.0,0.0,0.0,0.0,0.0,0.0,0.0,0.0,0.0,0.0,0.0,0.0,1994.5104,2023.9287,0.0,0.0,0.0,0.0,1984.3037,1994.5542,0.0,0.0,0.0,0.0,-0.73536485,0.0,0.0,0.0,0.0,0.0,1994,2023,0,0,0,0,"c(-1.09320106180194, 42.4530663331601)",NBR_year,,,0.7613389653121013,0.7585864307450799,0.7556116782487619,0.7524018344625942,0.7494337737888197,0.7466788457741845,0.7437015401451434,0.7404890169633507,0.7375285566008732,0.7347712331863245,0.2640758540964885,0.2740971243503237,0.2907291624627505,0.2906166165035388,0.3135451054699695,0.3217736411154485,0.3329652716939443,0.348848450403387,0.3495975569730196,0.3720508884156467,0.3794259638176954,0.3918024142879819,0.4069246248476109,0.4086956901435391,0.4305182663490879,0.4370327257771846,0.4506077669451768,0.4649573206812684,0.4677699939169998,0.4889466449006749,0.4945938604613947,0.5093805594489611,0.5268195851721718,0.547335451530055,0.5521093314546361,0.5681200372570331,0.5808909500216087,0.5858435895326802,0.5229461994983657,0.739008786782112,0.2640758540964885,N,1311.2000274658203,6818.400172472,23.136512406667073,23.088657959302267,10.729057550430298,10.975056517124177,-0.50546875,-0.3210652683628723
15,[5749 7065],394_N,0.0053461550816912,0.0037965137586207,1994,0.412100697735302,42.45064088189249,-1.09589600765481,-20.673218,0.010587852,0.06384273,-0.048277687,0.080229595,-0.0046340576,0.010183981,0.023226237,-7.6966558,0.003967334,-0.008234145,-0.054185387,0.059000254,-0.028954653,0.0,0.023440039,0.0,0.0,0.0,0.0,0.0,0.0,0.0,0.0,0.0,0.0,0.0,0.0,0.0,0.0,0.0,0.0,0.0,0.0,0.0,0.0,0.0,0.0,0.0,0.0,0.0,0.0,0.0,0.0,0.0,0.0,0.0,0.0,1994.5542,2023.9944,0.0,0.0,0.0,0.0,1984.3037,1994.5789,0.0,0.0,0.0,0.0,-0.46008804,0.0,0.0,0.0,0.0,0.0,1994,2023,0,0,0,0,"c(-1.09589600765481, 42.4506408818925)",NBR_year,,0.4173258257170352,0.4282931911522146,0.4391433067840673,0.4498784857872603,0.4605012133108774,0.4710141394478437,0.4814200719319513,0.4917219685722491,0.501922929451358,0.5124808454685447,0.523096661824384,0.3330921743655249,0.3503727868803463,0.3462667912021079,0.3556779876275306,0.359822949773981,0.3581671893233228,0.3702759780117872,0.3604732894295285,0.3776412876034545,0.3761173140555012,0.3820439360815441,0.3887124692061928,0.3837120987008949,0.3981973350476708,0.3909634001040783,0.4046218757948424,0.4056715195403007,0.4081441683416272,0.4172997065262733,0.4090224495379392,0.4258212767862111,0.4211675382255952,0.4349263894282243,0.4339874847374583,0.4455850213851287,0.435239956044265,0.4531514919439524,0.4510804079146731,0.4313204286974366,0.5072018874599513,0.3330921743655249,N,1311.2000274658203,6818.400172472,23.136512406667073,23.088657959302267,10.729057550430298,10.975056517124177,-0.50546875,-0.3210652683628723
16,[5919 6736],394_N,0.0010961962672121,0.0023529122033191,1994,0.436202338289907,42.404826802393686,-1.184559726214228,22.939316,-0.011360271,-0.041238368,-0.12642798,0.048462283,-0.04476218,-0.006171306,0.026917238,-8.833369,0.0046200007,-0.035592593,-0.10695126,0.055060014,-0.036736947,0.00061009487,0.040383786,-4.945365,0.0026374245,-0.07455146,-0.11111863,0.022856934,-0.05378958,-0.00205696,0.027455932,0.0,0.0,0.0,0.0,0.0,0.0,0.0,0.0,0.0,0.0,0.0,0.0,0.0,0.0,0.0,0.0,0.0,0.0,0.0,0.0,0.0,0.0,0.0,0.0,1988.9471,1994.5104,2023.9944,0.0,0.0,0.0,1984.2134,1988.9717,1994.5542,0.0,0.0,0.0,0.16153131,-0.25167304,0.0,0.0,0.0,0.0,1988,1994,2023,0,0,0,"c(-1.18455972621423, 42.4048268023937)",NBR_year,,0.5884035391244601,0.5771405637234736,0.5657764913538093,0.5543120102129575,0.542747903528195,0.551816841245592,0.5568809696335012,0.5617089891092232,0.5662981082087509,0.5706460376236101,0.4971688389904979,0.5123514833702846,0.5021646263956758,0.5163296081305944,0.5142133710587862,0.5178324647063455,0.5237721809726062,0.5169991341656416,0.5307751064175613,0.5191128005987447,0.5352204287547141,0.5316091164834961,0.5371716779125167,0.5416344790425215,0.5367564214620704,0.5491113646923422,0.5359812891533993,0.5540260535761875,0.5489204647274625,0.5564300533391878,0.5594097274366681,0.5564393010489218,0.567360101663757,0.5727459151036004,0.5661481354549038,0.5756066259149439,0.5770982543925111,0.5760464374582048,0.5855212370155903,0.554231142485817,0.5684720729161805,0.5123514833702846,N,1330.9000170230865,6600.4001121521,23.25723934173584,23.286839946111044,10.807293287913005,11.047195374965668,-0.49884440898895266,-0.3467488618567586
17,[4313 5535],382_N,0.0091793465900803,0.0100234503494259,1991,0.625385972318632,42.837635106364594,-1.508222723143897,-4.9125004,0.0027926636,0.04707322,-0.0104479985,0.02824486,-0.006807684,-0.007226134,-0.007674488,-20.788027,0.010535772,0.011668125,-0.026319297,0.044640705,-0.031306874,0.00017427451,0.0001010871,0.0,0.0,0.0,0.0,0.0,0.0,0.0,0.0,0.0,0.0,0.0,0.0,0.0,0.0,0.0,0.0,0.0,0.0,0.0,0.0,0.0,0.0,0.0,0.0,0.0,0.0,0.0,0.0,0.0,0.0,0.0,0.0,1991.6193,2023.8821,0.0,0.0,0.0,0.0,1984.3037,1991.9259,0.0,0.0,0.0,0.0,-0.4029888,0.0,0.0,0.0,0.0,0.0,1991,2023,0,0,0,0,"c(-1.5082227231439, 42.8376351063646)",NBR_year,,,0.7057717321117976,0.7082808185949715,0.7113053764189191,0.714041068403278,0.7167561772250979,0.7197193922262362,0.7221241111875476,0.2585746887666477,0.2748969600013625,0.28005633130603,0.295054812421988,0.3044714217170497,0.3137235621064234,0.3272959049795704,0.3310205244539642,0.3485293482488872,0.3550081857802893,0.3682168371742859,0.3789344344183762,0.3864471854484892,0.4012650270652552,0.4047977181978638,0.4220137131721281,0.429810335165796,0.4412393463146522,0.4532446587502873,0.4590436957551657,0.475082680843052,0.4799318987064085,0.4953522487441416,0.5044613563383342,0.5141257743323775,0.5315176546642405,0.5487501555121449,0.554918707766904,0.5685475424099317,0.5789602462244156,0.5868799177957554,0.5274020339807094,0.718237784725667,0.2585746887666477,N,1726.6000356674194,7034.9001269340515,22.21490281422933,22.526436805725098,10.95898265838623,11.286854251225789,-0.13647461030632257,-0.2897176109778229
18,[2817 4893],305_N,0.002011299119613,0.0013110846651476,1989,0.6762689214102039,43.24079900595392,-1.681238246898141,-24.176338,0.0123657305,-0.23979871,-0.11239599,0.014077995,-0.017461564,-0.029604048,0.042232838,-3.047747,0.0017305779,-0.26717594,-0.12944186,0.010842657,-0.038286835,0.000284969,0.016258817,0.0,0.0,0.0,0.0,0.0,0.0,0.0,0.0,0.0,0.0,0.0,0.0,0.0,0.0,0.0,0.0,0.0,0.0,0.0,0.0,0.0,0.0,0.0,0.0,0.0,0.0,0.0,0.0,0.0,0.0,0.0,0.0,1989.8671,2023.9014,0.0,0.0,0.0,0.0,1984.498,1990.086,0.0,0.0,0.0,0.0,-0.1978161,0.0,0.0,0.0,0.0,0.0,1989,2023,0,0,0,0,"c(-1.68123824689814, 43.2407990059539)",NBR_year,,0.6940798260066491,0.7063759571465306,0.7186242635244207,0.7308250085245476,0.7429784725697423,0.7551865980888781,0.728292988004395,0.7254533741601311,0.7259617005614744,0.7324463621775932,0.7383494836024601,0.7436552208247215,0.7483501895358434,0.7524235363027677,0.7558669905428334,0.7586748970034505,0.760844228628489,0.7623745798703131,0.7632681406833379,0.763529651608959,0.7631663405329167,0.7621878418541261,0.7606060989647664,0.7584352510815926,0.7556915056047966,0.7545146813073484,0.7610966890734828,0.7671000956606341,0.7725086463626373,0.777308532165763,0.7814884641500418,0.7850397287601136,0.7879562236218108,0.7918736281853024,0.7928754372469046,0.7932442108122808,0.7929867581443171,0.7921123100000891,0.790632423884481,0.7902344737508127,0.736901740547145,0.728292988004395,N,3005.7000484466553,11650.500235557556,21.780928134918213,22.15673137505849,13.225488599141439,13.45493069489797,-0.2714192677289248,-0.37399495523422954
19,[5731 6960],394_N,0.0026523949788855,0.005205698104706,1994,0.588241396361997,42.45549178442765,-1.124192939109944,12.715579,-0.0061390647,-0.09866107,-0.05142471,0.014847885,0.0010428698,-0.0009411426,0.032523476,-11.305741,0.0058625466,-0.103489876,-0.0868112,0.015583671,-0.023238456,-0.0018646672,0.03720685,0.0,0.0,0.0,0.0,0.0,0.0,0.0,0.0,0.0,0.0,0.0,0.0,0.0,0.0,0.0,0.0,0.0,0.0,0.0,0.0,0.0,0.0,0.0,0.0,0.0,0.0,0.0,0.0,0.0,0.0,0.0,0.0,1994.5104,2023.9287,0.0,0.0,0.0,0.0,1984.3037,1994.5542,0.0,0.0,0.0,0.0,-0.22054975,0.0,0.0,0.0,0.0,0.0,1994,2023,0,0,0,0,"c(-1.12419293910994, 42.4554917844277)",NBR_year,,0.6878565039850983,0.6814295513351953,0.6741500128401722,0.6688809759436396,0.6633017606336362,0.6568652666326568,0.6495762977383498,0.6443356627429948,0.6387469108232479,0.632300876068247,0.5721869155948607,0.5893105618153741,0.5838390899883288,0.5984383965023469,0.6037414402956727,0.602572536709802,0.6185958147248598,0.6120119282486445,0.6282654178664225,0.6324260088473487,0.6329078013445665,0.647823331832095,0.6401338921627096,0.6580364583061363,0.6610547174928335,0.6631920172759874,0.6769931197668762,0.6682056738619846,0.6877511796102349,0.6896279493252172,0.6934245239094957,0.7061052217282888,0.6962279952666932,0.7181461218429056,0.7236046927973232,0.7351597174195519,0.7250462779042038,0.7470104906063049,0.746609686576759,0.7174092792513054,0.6355238934457474,0.5893105618153741,N,1330.9000170230865,6600.4001121521,23.25723934173584,23.286839946111044,10.807293287913005,11.047195374965668,-0.50546875,-0.3210652683628723
20,[3019 4995],305_N,0.0009910988660578157,0.0042296225731688,1989,0.701317448898997,43.18636109972596,-1.653749799198869,-22.512096,0.01152576,-0.2618042,-0.07252518,-0.0064289244,0.07414717,-0.03575515,0.07138449,-10.088787,0.005266871,-0.171181,-0.1138306,0.042091712,-0.022847619,0.0027277626,0.020314502,0.0,0.0,0.0,0.0,0.0,0.0,0.0,0.0,0.0,0.0,0.0,0.0,0.0,0.0,0.0,0.0,0.0,0.0,0.0,0.0,0.0,0.0,0.0,0.0,0.0,0.0,0.0,0.0,0.0,0.0,0.0,0.0,1989.8671,2023.8821,0.0,0.0,0.0,0.0,1984.5227,1990.0422,0.0,0.0,0.0,0.0,-0.2368154,0.0,0.0,0.0,0.0,0.0,1989,2023,0,0,0,0,"c(-1.65374979919887, 43.186361099726)",NBR_year,,0.6700920287848933,0.6816634119591855,0.6928407947640012,0.7040078300364195,0.7160966505696983,0.7277947001739153,0.66567451844398,0.6681103839054932,0.6697344664729135,0.6705661724060521,0.670630012774269,0.6746010889409604,0.6851235067774961,0.6949364321084512,0.70400703192464,0.7123068797672661,0.7198122558249866,0.7265044017651129,0.7323697272460837,0.7373999656138196,0.7415922768715444,0.7449492966250156,0.7474791303329675,0.7491952928290694,0.7501165937219437,0.7502669699073578,0.7529586292799535,0.7635600167580121,0.7734559380164926,0.7826130764713157,0.791002484989032,0.7985998909478188,0.8053859564185655,0.8164726101829113,0.8207608509550558,0.8242132204600385,0.8268371997843925,0.828645689077297,0.829656899096969,0.8113464903480508,0.7100522403030589,0.66567451844398,N,2669.300033569336,10320.300218582153,22.026339880625407,22.41362637678782,12.944137001037598,13.133110427856446,-0.2714192677289248,-0.37399495523422954
21,[5154 6736],368_N,0.0039579858703247,0.0033771103730929,1989,0.5770551680576971,42.61099016013824,-1.184559726214228,81.38158,-0.0407467,-0.050325,-0.17449185,0.0,0.0,0.0,0.0,0.5088714,0.0,-0.11700486,-0.061597522,0.0,-0.033732064,0.0055531044,0.042735107,-6.8079605,0.003638559,-0.09074265,-0.11848162,0.051753342,-0.06257248,0.02160927,0.039302286,0.0,0.0,0.0,0.0,0.0,0.0,0.0,0.0,0.0,0.0,0.0,0.0,0.0,0.0,0.0,0.0,0.0,0.0,0.0,0.0,0.0,0.0,0.0,0.0,1986.2996,1989.5413,2023.8821,0.0,0.0,0.0,1984.2134,1986.3872,1989.585,0.0,0.0,0.0,0.21888201,-0.34011367,0.0,0.0,0.0,0.0,1986,1989,2023,0,0,0,"c(-1.18455972621423, 42.6109901601382)",NBR_year,,0.6996454793250937,0.6589047917414954,0.7059336461651607,0.7058627140130235,0.7059961731313945,0.6873351731520521,0.6855122589760705,0.6708153771351273,0.6787719922383506,0.6979393821261362,0.7053021883276941,0.6998319255232117,0.6816346859785307,0.7024223706524835,0.718436696703152,0.7222478493168699,0.7131386159096692,0.7014968576224685,0.7252429863375682,0.7379629435825956,0.7381651703461796,0.7254512505549815,0.726332269498989,0.7471864433735496,0.7564930172606223,0.7530544664379291,0.7367958246804207,0.7504221733576605,0.7682111423304383,0.7740087623023332,0.7669233741548626,0.7484364948324255,0.7737110569633304,0.7904991607648245,0.7797868061483849,0.773661283498094,0.7961484874375231,0.8073691757468623,0.805960455308452,0.7882816769080484,0.705929443572209,0.6855122589760705,N,1841.700026512146,7384.200138092041,22.571997197469077,22.440771786371865,10.193367179234823,10.632575341065724,-0.30449218563735486,-0.36642252686433496
22,[5752 6970],394_N,0.0038294352162587,0.0075622036418873,1994,0.531364779674711,42.44983239813664,-1.121497993257074,-17.612436,0.009125671,0.06546617,-0.019240368,0.015097444,-0.00455697,-0.010242823,0.0014772316,21.950764,-0.010737503,0.107067876,-0.028748158,0.07206563,-0.0050659743,0.024556028,-0.0026961032,-18.097559,0.009146528,0.05782728,-0.036725063,0.12148945,-0.034485064,0.061633706,0.01005781,0.0,0.0,0.0,0.0,0.0,0.0,0.0,0.0,0.0,0.0,0.0,0.0,0.0,0.0,0.0,0.0,0.0,0.0,0.0,0.0,0.0,0.0,0.0,0.0,1988.928,1994.5104,2023.9287,0.0,0.0,0.0,1984.3037,1988.9471,1994.5542,0.0,0.0,0.0,0.59297687,-0.4358415,0.0,0.0,0.0,0.0,1988,1994,2023,0,0,0,"c(-1.12149799325707, 42.4498323981366)",NBR_year,,,0.5845741803135565,0.5936951303800831,0.602815919634716,0.6119365480723574,0.7425858342979216,0.7315034715899386,0.721105809003186,0.7100527216502589,0.6996248905966687,0.6886011323867312,0.3213461196728329,0.3268517641137823,0.3289800275090555,0.3510116586893881,0.3404932957541268,0.3677138838933086,0.3715756571378193,0.3762326765309247,0.3964613428228981,0.3845759888856909,0.4139905107939307,0.4162306099893207,0.4233913699672822,0.4418291351921001,0.4286076731838364,0.4601766175715054,0.4608181919170837,0.4704561366901288,0.4871162140670373,0.4725901925105802,0.5062728796187362,0.5053400057827945,0.5323238046331361,0.5201716495355406,0.5522800296403099,0.5497976865384637,0.5643043266928501,0.5774531777105455,0.5174270699016377,0.7048388061234638,0.3213461196728329,N,1330.9000170230865,6600.4001121521,23.25723934173584,23.286839946111044,10.807293287913005,11.047195374965668,-0.50546875,-0.3210652683628723
23,[5749 6978],394_N,0.0026045357399839,0.0038259909149256,1994,0.449430426762907,42.45064088189249,-1.119342036574778,-4.310943,0.0023660732,0.013511903,-0.037223484,0.064641975,-0.011518236,-0.0040959814,0.0091383,-8.015786,0.004145374,-0.015356811,-0.04196873,0.050900437,-0.029022383,0.00475828,0.007300958,0.0,0.0,0.0,0.0,0.0,0.0,0.0,0.0,0.0,0.0,0.0,0.0,0.0,0.0,0.0,0.0,0.0,0.0,0.0,0.0,0.0,0.0,0.0,0.0,0.0,0.0,0.0,0.0,0.0,0.0,0.0,0.0,1994.5104,2023.9287,0.0,0.0,0.0,0.0,1984.3037,1994.5542,0.0,0.0,0.0,0.0,-0.37860096,0.0,0.0,0.0,0.0,0.0,1994,2023,0,0,0,0,"c(-1.11934203657478, 42.4506408818925)",NBR_year,,0.4748073170955043,0.4778702654484029,0.4802503169439638,0.4819605632980202,0.4842831625459781,0.4873384562915873,0.4897109634549981,0.4914138472725525,0.493758922398235,0.4968065623637978,0.4531497071790307,0.3572592808561032,0.3521173410818651,0.3652162613571835,0.366516172832881,0.3702819595560229,0.377845538147186,0.3727296735896259,0.3861181686346023,0.386743551424527,0.3914772766900709,0.3983977967604267,0.3941846287615586,0.4069876755060981,0.406936857797214,0.412643111176053,0.4189159713116721,0.4156141387237741,0.4278245486653768,0.4270961809505337,0.4337790991546152,0.4393999926945781,0.4370177328401083,0.4472216266930179,0.4548848894894819,0.4598498081786316,0.4583949504404432,0.4693995352048352,0.4673133176341215,0.4486285696856914,0.4952827423810164,0.3572592808561032,N,1330.9000170230865,6600.4001121521,23.25723934173584,23.286839946111044,10.807293287913005,11.047195374965668,-0.50546875,-0.3210652683628723
24,[5154 6701],368_N,0.0071362870324465,0.0072161568833769,1989,0.5107130997391018,42.61099016013824,-1.193992036699273,-23.429455,0.012051798,0.085972555,-0.09321845,0.0732388,-0.05407426,0.0,0.0076185483,-14.864696,0.007667025,0.060296487,-0.07077157,0.0697358,-0.044842314,0.03597915,0.020313539,0.0,0.0,0.0,0.0,0.0,0.0,0.0,0.0,0.0,0.0,0.0,0.0,0.0,0.0,0.0,0.0,0.0,0.0,0.0,0.0,0.0,0.0,0.0,0.0,0.0,0.0,0.0,0.0,0.0,0.0,0.0,0.0,1989.5413,2023.8821,0.0,0.0,0.0,0.0,1984.2134,1989.585,0.0,0.0,0.0,0.0,-0.4238379,0.0,0.0,0.0,0.0,0.0,1989,2023,0,0,0,0,"c(-1.19399203669927, 42.6109901601382)",NBR_year,,0.6253996718976513,0.6377308116128643,0.6495350658324528,0.6618144188087599,0.6737481205542623,0.6858669886597719,0.4789002726542758,0.4811130455900123,0.4911755509514663,0.506500125558262,0.5145817078165084,0.513983066720623,0.5193117640919834,0.532284640882697,0.5457596550681109,0.5515126157787198,0.5498443240995403,0.5573093229792274,0.5729324071120685,0.5844044812934853,0.5877314998132038,0.5884270204886575,0.5967877162030155,0.6130712208041856,0.6224007761106547,0.6232234103218145,0.6267531668675572,0.6381320148833141,0.6526567257144912,0.6597195840438853,0.6579793500144325,0.6648583708792681,0.6790427419094155,0.6963371864259497,0.6956614344447215,0.7027780698629454,0.7194706679762156,0.7300096624280904,0.7322354199848061,0.6916483289771226,0.6677812696815111,0.4789002726542758,N,1841.700026512146,7384.200138092041,22.571997197469077,22.440771786371865,10.193367179234823,10.632575341065724,-0.30449218563735486,-0.36642252686433496
25,[5854 6783],394_N,0.0046186350926626,0.0063415244098051,1994,0.451902755403304,42.42234395043735,-1.17189348070574,-6.5825853,0.0034896794,-0.05604309,-0.10847824,0.032354124,-0.031105416,-0.01576296,0.047119528,-13.464901,0.00687327,-0.061018262,-0.09093016,0.029110815,-0.0447698,-0.0005232801,0.031167712,0.0,0.0,0.0,0.0,0.0,0.0,0.0,0.0,0.0,0.0,0.0,0.0,0.0,0.0,0.0,0.0,0.0,0.0,0.0,0.0,0.0,0.0,0.0,0.0,0.0,0.0,0.0,0.0,0.0,0.0,0.0,0.0,1994.5104,2023.9944,0.0,0.0,0.0,0.0,1984.3037,1994.5542,0.0,0.0,0.0,0.0,-0.45247495,0.0,0.0,0.0,0.0,0.0,1994,2023,0,0,0,0,"c(-1.17189348070574, 42.4223439504374)",NBR_year,,0.5406735903568398,0.5448964159505552,0.5494786899853833,0.5527091409611341,0.5546073630523549,0.5588747726603661,0.5634419440125374,0.5666574173144303,0.5685409748135091,0.5728529611597404,0.4103973296744802,0.4288991036491656,0.4213896679213101,0.4417217021234021,0.4424387970829166,0.4519922791124787,0.4609706065240112,0.4598471294773858,0.4768970264218575,0.4678902725126125,0.4902002121892411,0.4893891582170289,0.500933737960638,0.5083944139036332,0.5092212935214601,0.5248053301290689,0.5152529143504916,0.5385909330392652,0.5362543341485126,0.5497916343855485,0.5557295918452678,0.5585183900214256,0.5726239439871224,0.5868933439305629,0.5830352117122262,0.5985650123252766,0.6029765998698329,0.6077370575856491,0.620352880633694,0.5649493788069379,0.5706969679866247,0.4288991036491656,N,1330.9000170230865,6600.4001121521,23.25723934173584,23.286839946111044,10.807293287913005,11.047195374965668,-0.49884440898895266,-0.3467488618567586
26,[4300 5534],382_N,0.0079701812296551,0.0086867015941759,1991,0.6433668200485122,42.84113853597333,-1.508492217729184,0.6772963,0.0,0.087474376,0.0068621878,0.028017579,0.02648729,-0.008964049,-0.011599212,-17.96036,0.009119561,0.006003394,-0.03598123,0.06431171,-0.025736883,0.0042542084,0.012788235,0.0,0.0,0.0,0.0,0.0,0.0,0.0,0.0,0.0,0.0,0.0,0.0,0.0,0.0,0.0,0.0,0.0,0.0,0.0,0.0,0.0,0.0,0.0,0.0,0.0,0.0,0.0,0.0,0.0,0.0,0.0,0.0,1991.6193,2023.8821,0.0,0.0,0.0,0.0,1984.3037,1991.9259,0.0,0.0,0.0,0.0,-0.6108696,0.0,0.0,0.0,0.0,0.0,1991,2023,0,0,0,0,"c(-1.50849221772918, 42.8411385359733)",NBR_year,,,0.7791083280738063,0.779269637659162,0.7788952293179209,0.779283539989463,0.7790449787739328,0.7792146547163065,0.7792043923355179,0.2995806306535207,0.3170690723944793,0.3143648105110405,0.3344175207778621,0.3394315368017966,0.3490833099231804,0.361626777964141,0.3613229456308004,0.3809288322489341,0.3806129218370955,0.3974261911764292,0.4048011483270684,0.411310554213749,0.4260991953653413,0.4228652751927947,0.4445198716952547,0.4465935790393591,0.4601845408346636,0.4698938073052627,0.4733146625370403,0.490295909804803,0.4870311113983112,0.507846865204639,0.5123026980424198,0.522700096934727,0.535105593258859,0.5542194421285361,0.5533414172651108,0.5709154070728031,0.5777372200319659,0.5849811882618132,0.5347087585122876,0.7791298167451196,0.2995806306535207,N,1726.6000356674194,7034.9001269340515,22.21490281422933,22.526436805725098,10.95898265838623,11.286854251225789,-0.13647461030632257,-0.2897176109778229
27,[5752 7104],394_N,0.0053417700753547,0.0054174443313578,1994,0.411130535867049,42.44983239813664,-1.085385718828618,0.38652605,0.0,0.08156633,-0.0272849,0.08920436,-0.0006137237,0.01617454,0.009523294,-11.274657,0.0057177735,-0.037458304,-0.042101968,0.046398193,-0.025627663,0.008427916,0.012582528,0.0,0.0,0.0,0.0,0.0,0.0,0.0,0.0,0.0,0.0,0.0,0.0,0.0,0.0,0.0,0.0,0.0,0.0,0.0,0.0,0.0,0.0,0.0,0.0,0.0,0.0,0.0,0.0,0.0,0.0,0.0,0.0,1994.5104,2023.9944,0.0,0.0,0.0,0.0,1984.3037,1994.5789,0.0,0.0,0.0,0.0,-0.33793387,0.0,0.0,0.0,0.0,0.0,1994,2023,0,0,0,0,"c(-1.08538571882862, 42.4498323981366)",NBR_year,,,0.5194141795742984,0.5187166747869155,0.5184868368526157,0.5193243765521887,0.5194108481902999,0.5187043007789356,0.5185001337231843,0.5193295587575425,0.5194074183662372,0.5186918238578672,0.2513566251171732,0.256943236427459,0.2658998639339838,0.263199738029498,0.2780654754939469,0.2764293045150042,0.2879111459780966,0.2926038503795335,0.2955665195287076,0.3064052311877175,0.3012260461461541,0.3178389123626544,0.3181807026837337,0.326985581329828,0.3336204892238841,0.3339959508213908,0.3466805573613125,0.3426499741366338,0.3573901669750626,0.3597055117443296,0.3658525008681351,0.3744059088133176,0.3867275231004226,0.3846719493079183,0.3967231069779304,0.4010014816622655,0.404517744819154,0.4149602044626971,0.3722385639619418,0.5193684885618899,0.2513566251171732,N,1311.2000274658203,6818.400172472,23.136512406667073,23.088657959302267,10.729057550430298,10.975056517124177,-0.50546875,-0.3210652683628723
28,[5739 7092],394_N,0.011446829745295,0.0140772032545963,1994,0.657065876579311,42.45333582774536,-1.088619653852062,3.6615832,-0.0015042013,0.14063342,-0.035957277,0.06852592,-0.025635839,0.022640066,0.0,-29.352741,0.014823447,0.024869746,-0.05902952,0.04182604,-0.017347045,0.0017755497,0.01191279,0.0,0.0,0.0,0.0,0.0,0.0,0.0,0.0,0.0,0.0,0.0,0.0,0.0,0.0,0.0,0.0,0.0,0.0,0.0,0.0,0.0,0.0,0.0,0.0,0.0,0.0,0.0,0.0,0.0,0.0,0.0,0.0,1994.5104,2023.9287,0.0,0.0,0.0,0.0,1984.3037,1994.5789,0.0,0.0,0.0,0.0,-0.4619872,0.0,0.0,0.0,0.0,0.0,1994,2023,0,0,0,0,"c(-1.08861965385206, 42.4533358277454)",NBR_year,,,0.8505350441425457,0.8494808308237146,0.8485353774482838,0.8468935248366461,0.8445040874176079,0.8434738865594976,0.8425209729093267,0.8408710678260019,0.8384730321153449,0.83746686260516,0.3007462868629934,0.3165656684557464,0.3261655747635136,0.3468928295161547,0.3579804355894688,0.3743596027830865,0.3909889133610623,0.3994498568462016,0.4208503123217135,0.4328288159276434,0.4479164107101393,0.4653372619566883,0.4726919294796998,0.4947412965581234,0.5075986516516671,0.521418760370062,0.5396117333798052,0.5475066078943814,0.5685674221917866,0.5822903519549211,0.5948687628522226,0.6138134504303175,0.6423304123702619,0.6569044412076464,0.6682685863145155,0.6879436368673594,0.6976768741878194,0.7160320697164296,0.6226312664989996,0.8396720499706734,0.3007462868629934,N,1311.2000274658203,6818.400172472,23.136512406667073,23.088657959302267,10.729057550430298,10.975056517124177,-0.50546875,-0.3210652683628723
29,[5898 6823],394_N,0.0027732777277247,0.0024700201485235,1994,0.426100341683998,42.41048618868473,-1.161113697294261,36.587833,-0.018244518,-0.020314397,-0.08586317,0.02557602,-0.03302446,0.0,0.003631307,240.28035,-0.12059334,0.032096352,-0.08362579,0.054114133,0.0,-0.029966282,0.046500724,-17.532633,0.00900954,0.053370345,-0.07417257,0.07503396,-0.0031367382,0.015642792,0.051753428,-5.5694246,0.0029684987,0.0014611771,-0.09819186,0.03684102,-0.047690243,0.0,0.017915443,0.0,0.0,0.0,0.0,0.0,0.0,0.0,0.0,0.0,0.0,0.0,0.0,0.0,0.0,0.0,0.0,1988.4652,1990.2421,1994.5104,2023.9944,0.0,0.0,1984.2134,1988.509,1990.3735,1994.5542,0.0,0.0,0.17229007,0.1794245,-0.41606024,0.0,0.0,0.0,1988,1990,1994,2023,0,0,"c(-1.16111369729426, 42.4104861886847)",NBR_year,,0.4838614421353288,0.4656064604139466,0.4473509203176217,0.4290948227420822,0.6129888947567675,0.4924238389740732,0.5203887352381578,0.5291925807954118,0.538355654163173,0.5473298001732894,0.5069578802086341,0.4758174450037545,0.4746273802920384,0.4837204422514886,0.475279215556068,0.4896838336423781,0.4857577550578381,0.4938050600937542,0.496017162249558,0.4962274628129701,0.5042850597852048,0.4971357260339889,0.5106006510251728,0.5055214899941314,0.5150525195463792,0.5161488524568894,0.5177758328367987,0.5247829899994977,0.5189480477458452,0.5314538084767282,0.5252178479742251,0.5362409385637275,0.53621245702611,0.5452138565362507,0.5407147108094527,0.5522426236540103,0.5448471480852329,0.5573693504314262,0.5562079765048055,0.5392712272445676,0.5428427271682312,0.4758174450037545,N,1330.9000170230865,6600.4001121521,23.25723934173584,23.286839946111044,10.807293287913005,11.047195374965668,-0.49884440898895266,-0.3467488618567586
30,[4236 4920],294_N,0.0278305149937898,0.0317556041538343,2000,0.5836103880323432,42.8583861894317,-1.673961893095392,-29.386091,0.0149806375,-0.004037216,-0.0077612405,0.02677065,-0.012339102,0.011720399,-0.02344371,-69.36351,0.03463479,0.021036457,-0.16482815,0.17645264,-0.06747301,0.06414074,0.09827576,0.0,0.0,0.0,0.0,0.0,0.0,0.0,0.0,0.0,0.0,0.0,0.0,0.0,0.0,0.0,0.0,0.0,0.0,0.0,0.0,0.0,0.0,0.0,0.0,0.0,0.0,0.0,0.0,0.0,0.0,0.0,0.0,2000.6432,2023.8821,0.0,0.0,0.0,0.0,1984.3037,2000.7965,0.0,0.0,0.0,0.0,-0.75414664,0.0,0.0,0.0,0.0,0.0,2000,2023,0,0,0,0,"c(-1.67396189309539, 42.8583861894317)",NBR_year,,,0.3996606735308343,0.4146651316065871,0.4271521557236341,0.4448602137409812,0.4592456709387692,0.4728544521453696,0.489942923125697,0.5037137367950745,0.5184426143137543,0.5349089767518012,0.5480710598061604,0.5639155262348308,0.5797588464051291,0.5923196483539886,0.6092723669258566,0.6244932987878326,0.3121263526270962,0.3472064878700124,0.3820908867337654,0.416781126162753,0.4512789275960453,0.4855861548580426,0.5197048119367986,0.5536370406346772,0.5873851181026725,0.6209514542580318,0.6543385890901837,0.6875491898520301,0.7205860481491076,0.753452076920132,0.7861503073168816,0.8186838854892011,0.8832702247639989,0.9153298228737212,0.9472384357037836,0.978999732912334,,,0.8510560692689304,0.6007960076399226,0.3121263526270962,N,1477.8000330924988,6216.700133919716,23.91165402730306,23.855032912890117,11.927323404947916,12.259393676122029,-0.4656738266348839,-0.422401258846124
31,[5756 7068],394_N,0.0044374708826053,0.0077619672911542,1994,0.556076914348066,42.44875441979548,-1.095087523898949,-13.825086,0.0072548077,0.09209245,-0.02191354,0.0,0.024021832,-0.03262246,0.021539945,-16.081131,0.00816422,0.09032744,-0.03186861,0.119493954,-0.018607588,0.035751626,0.031856727,0.0,0.0,0.0,0.0,0.0,0.0,0.0,0.0,0.0,0.0,0.0,0.0,0.0,0.0,0.0,0.0,0.0,0.0,0.0,0.0,0.0,0.0,0.0,0.0,0.0,0.0,0.0,0.0,0.0,0.0,0.0,0.0,1994.5104,2023.9944,0.0,0.0,0.0,0.0,1984.3037,1994.5542,0.0,0.0,0.0,0.0,-0.7574078,0.0,0.0,0.0,0.0,0.0,1994,2023,0,0,0,0,"c(-1.09508752389895, 42.4487544197955)",NBR_year,,,0.6897289567043118,0.6971878460109132,0.7039730578053232,0.7106409373878964,0.7187541356444817,0.7262055693537913,0.7329832480296085,0.7396733021329259,0.7477792323856385,0.7552232090073566,0.3705379233006798,0.3727277402570041,0.383181444082634,0.3934685438775466,0.3927252777137064,0.412022731045644,0.4060105901060897,0.4280453869275219,0.428853129570092,0.4412390270974302,0.4499571555035438,0.4513684936314956,0.4689421770013123,0.4617985514275051,0.4854562419544896,0.4849192218761687,0.4991919487684774,0.5063734550064739,0.5099015777276568,0.5257772691237642,0.5175431323070423,0.5427722225222666,0.5570415140538433,0.562719788636234,0.5683253273353805,0.5825301321980214,0.5764347572574862,0.5999951324132604,0.5409284823216058,0.7437262672592821,0.3705379233006798,N,1311.2000274658203,6818.400172472,23.136512406667073,23.088657959302267,10.729057550430298,10.975056517124177,-0.50546875,-0.3210652683628723
32,[5900 6810],394_N,0.0003003871198874686,0.0025791628432163,1994,0.537355804223726,42.40994719951415,-1.164617126902991,-1.4920284,0.0009714377,-0.04316824,-0.14407445,0.065873355,-0.057391573,0.0,0.035425387,-5.054397,0.0027373922,-0.084629394,-0.15336774,0.016350115,-0.08158551,0.0,0.027295984,0.0,0.0,0.0,0.0,0.0,0.0,0.0,0.0,0.0,0.0,0.0,0.0,0.0,0.0,0.0,0.0,0.0,0.0,0.0,0.0,0.0,0.0,0.0,0.0,0.0,0.0,0.0,0.0,0.0,0.0,0.0,0.0,1994.5104,2023.9944,0.0,0.0,0.0,0.0,1984.2134,1994.5542,0.0,0.0,0.0,0.0,-0.17497762,0.0,0.0,0.0,0.0,0.0,1994,2023,0,0,0,0,"c(-1.16461712690299, 42.4099471995141)",NBR_year,,0.6690621104855062,0.6696174896503694,0.6700669832237492,0.6704103116699786,0.6707871395407508,0.6724540661193276,0.6740233354967605,0.6754938085846044,0.6768644209525706,0.6781341839368658,0.6210741153690226,0.6410478332003673,0.6352894883301102,0.6431446754844751,0.6466369713781491,0.6425497687998046,0.6550488055201651,0.6394801997542858,0.6605256747380177,0.6530502268555755,0.6631381275454141,0.6649342993370613,0.6630257288473658,0.6738901598224429,0.660393923599062,0.6799056823290742,0.6707137000171297,0.6830385118522737,0.6831316216622404,0.6834156392119456,0.6926310900646945,0.6812306846706062,0.6991872320470746,0.7028447746882512,0.7012292726090854,0.7037180419842288,0.7112714948494928,0.701988660180402,0.7183697809787507,0.6882806579717592,0.6774993024447182,0.6410478332003673,N,1330.9000170230865,6600.4001121521,23.25723934173584,23.286839946111044,10.807293287913005,11.047195374965668,-0.49884440898895266,-0.3467488618567586
33,[5876 6845],394_N,0.0032360143552818,0.0055949594798933,1994,0.573050119049783,42.41641506956104,-1.155184816417947,-10.381449,0.005445811,-0.049974546,-0.19223382,0.07499341,0.0,0.0,0.0,8.483882,-0.004041617,-0.117928684,-0.15412462,0.044752546,-0.044521425,-0.020341557,0.045520812,-11.715937,0.0060270224,-0.12190444,-0.1419095,0.020169253,-0.06455754,-0.0040392205,0.03552375,0.0,0.0,0.0,0.0,0.0,0.0,0.0,0.0,0.0,0.0,0.0,0.0,0.0,0.0,0.0,0.0,0.0,0.0,0.0,0.0,0.0,0.0,0.0,0.0,1986.2312,1994.5104,2023.9944,0.0,0.0,0.0,1984.3037,1986.3872,1994.5542,0.0,0.0,0.0,0.20816459,-0.324776,0.0,0.0,0.0,0.0,1986,1994,2023,0,0,0,"c(-1.15518481641795, 42.416415069561)",NBR_year,,0.6832001844811245,0.6886500279982324,0.7464326040189758,0.7413325353999883,0.7385183440315588,0.7325558521371842,0.7304503301940166,0.7250334681290199,0.7222288310707784,0.7175265832861388,0.5496506212307598,0.5739302797209238,0.5663724267530695,0.5835754340161645,0.5861327090872054,0.5901103514973332,0.6027754650386573,0.5937048760036395,0.6162155461705136,0.6068094450748527,0.6264472324421843,0.6271299340584767,0.6335459303399724,0.6443569953533357,0.6376670581254724,0.6583912195341516,0.6471467384274222,0.6692120113371238,0.6680215048807772,0.6768797984483139,0.6858294693187903,0.6815354393596459,0.7004571283788379,0.7118690872212579,0.7088083324322549,0.7201107746028315,0.7271933160724291,0.7253083726437268,0.7424131959500803,0.6873856591645535,0.7198777071784586,0.5739302797209238,N,1330.9000170230865,6600.4001121521,23.25723934173584,23.286839946111044,10.807293287913005,11.047195374965668,-0.49884440898895266,-0.3467488618567586
34,[5748 6970],394_N,0.013247643394187,0.0151633637887561,1994,0.662109811707817,42.450910376477765,-1.121497993257074,0.8681652,-0.00010536819,0.033363454,-0.025975823,0.0004286818,0.0,0.0,-0.0016244317,-1.6408768,0.001152719,0.03763611,-0.028851612,0.027806474,0.0,0.0,-0.0013571465,-31.302485,0.015767762,0.0026322952,-0.051971372,0.05295941,-0.021456977,0.0,0.019218197,0.0,0.0,0.0,0.0,0.0,0.0,0.0,0.0,0.0,0.0,0.0,0.0,0.0,0.0,0.0,0.0,0.0,0.0,0.0,0.0,0.0,0.0,0.0,0.0,1987.7206,1994.5104,2023.9287,0.0,0.0,0.0,1984.3037,1987.8766,1994.5542,0.0,0.0,0.0,-0.19984931,-0.70150965,0.0,0.0,0.0,0.0,1987,1994,2023,0,0,0,"c(-1.12149799325707, 42.4509103764778)",NBR_year,,0.6995062828627046,0.6994063403874773,0.6992985854425577,0.6991844341130727,0.6954923407319499,0.696729286130448,0.6978921394878516,0.6989830195854493,0.7000415780519663,0.7013120410537673,0.702507530525266,0.2645948261657233,0.2789572358531408,0.2996360756874629,0.3035315353990192,0.3308330431366584,0.3428381375251316,0.358408575746974,0.378288933318103,0.3827689879747831,0.4098835116171107,0.4210385237008326,0.4378241398163405,0.4568988646927692,0.462499024490393,0.4888933110774752,0.499196119276205,0.5172033636795683,0.5354657616136934,0.5421988043453142,0.5678621019408472,0.5773110844203153,0.5965457025007562,0.6218676162901353,0.6467895680017404,0.6553836048221566,0.6758506314238348,0.6924701458631428,0.7015047644453327,0.6139895411732962,0.7006768095528668,0.2645948261657233,N,1330.9000170230865,6600.4001121521,23.25723934173584,23.286839946111044,10.807293287913005,11.047195374965668,-0.50546875,-0.3210652683628723
35,[5753 7087],394_N,0.008408584872626,0.0081722598344238,1994,0.438481581916815,42.44956290355134,-1.089967126778497,0.5197769,0.0,0.06627805,-0.0194778,0.021209402,-0.016634919,-0.0142936995,-0.009322714,45.695,-0.022718953,0.08346939,-0.03302372,0.03550529,-0.0013338539,0.0,0.0035452666,-17.138117,0.008623071,-0.0014035784,-0.035151266,0.04715141,-0.026737247,0.0030403838,0.012866009,0.0,0.0,0.0,0.0,0.0,0.0,0.0,0.0,0.0,0.0,0.0,0.0,0.0,0.0,0.0,0.0,0.0,0.0,0.0,0.0,0.0,0.0,0.0,0.0,1986.7568,1994.4912,2023.9944,0.0,0.0,0.0,1984.3037,1987.0005,1994.5789,0.0,0.0,0.0,0.10709616,-0.33858874,0.0,0.0,0.0,0.0,1986,1994,2023,0,0,0,"c(-1.0899671267785, 42.4495629035513)",NBR_year,,,0.6215265321825949,0.6215638948555581,0.6362071544589394,0.6132458185209976,0.5907645699093631,0.5679787344485395,0.5452313812684114,0.5226169397782754,0.4996783748991964,0.4771625878316729,0.1489267620854985,0.1648178468631959,0.1710159979287964,0.179155754710194,0.1909696864486287,0.1916500901799003,0.2087729465876007,0.2110211257092732,0.2244830332229384,0.2324515049967778,0.238225930741607,0.2517338836417046,0.2501901879167281,0.2688760284445474,0.2729130733740887,0.2839570909402207,0.2936782832413502,0.297123316477407,0.3122901150544308,0.3123719587739753,0.3287788478006719,0.3345998847502275,0.3546958123075809,0.3558547366200656,0.3726400490643148,0.374508830649189,0.3884851612315998,0.3960795201447526,0.3432451121435333,0.5111476573387359,0.1489267620854985,N,1311.2000274658203,6818.400172472,23.136512406667073,23.088657959302267,10.729057550430298,10.975056517124177,-0.50546875,-0.3210652683628723
36,[5158 5234],344_N,0.0074852920031008,0.0076530787088655,2002,0.6414424547224813,42.60991218179709,-1.589340593315279,-0.66907907,0.00060434034,-0.030476667,-0.07887418,0.08629323,-0.05337237,0.044254687,0.031378694,-15.703316,0.008050863,-0.08151361,-0.12336928,0.05236635,-0.077031896,0.021631837,0.014429838,0.0,0.0,0.0,0.0,0.0,0.0,0.0,0.0,0.0,0.0,0.0,0.0,0.0,0.0,0.0,0.0,0.0,0.0,0.0,0.0,0.0,0.0,0.0,0.0,0.0,0.0,0.0,0.0,0.0,0.0,0.0,0.0,2002.505,2023.8821,0.0,0.0,0.0,0.0,1984.3037,2003.2058,0.0,0.0,0.0,0.0,-0.29942545,0.0,0.0,0.0,0.0,0.0,2002,2023,0,0,0,0,"c(-1.58934059331528, 42.6099121817971)",NBR_year,,0.730444216311437,0.7341278491773575,0.7292006547708666,0.7318921140991761,0.7359947294538305,0.7314511864214481,0.733319993470657,0.7378426127244919,0.7336849188602557,0.7347278380130232,0.7396714236510891,0.7359017259899907,0.7361156341955672,0.7414810895016072,0.738101483845887,0.7374833713773147,0.7432715401669507,0.7402840706231432,,0.6570822046244466,0.6617822869616012,0.673503419494317,0.684426063015406,0.6945086646399508,0.7037148478284124,0.7120138061179575,0.7193806490076532,0.7257966961028915,0.7312497161548298,0.7357341082021854,0.7441740074706715,0.7555120496037075,0.7660307607316896,0.7844592204050389,0.7923072893027817,0.7992133600258683,0.8051618643674169,0.8101437788017566,0.8146402177505138,0.7756910550456683,0.741777805395047,0.6570822046244466,N,1521.200023651123,6507.200112819672,23.001209704081216,23.02191268603007,11.02336147626241,10.530284031232197,-0.4415201666764915,-0.3808405950593834
37,[4318 5520],382_N,0.0093945344117641,0.0141290488254668,1991,0.6584071340257961,42.83628763343816,-1.512265141923202,6.8420453,-0.003092136,0.06294093,-0.0010661994,0.030829426,0.0,-0.021946596,0.0065991497,-30.219221,0.015271824,0.016947147,-0.0334469,0.06857785,-0.027730422,0.0006563001,0.018381378,0.0,0.0,0.0,0.0,0.0,0.0,0.0,0.0,0.0,0.0,0.0,0.0,0.0,0.0,0.0,0.0,0.0,0.0,0.0,0.0,0.0,0.0,0.0,0.0,0.0,0.0,0.0,0.0,0.0,0.0,0.0,0.0,1991.6193,2023.8821,0.0,0.0,0.0,0.0,1984.3037,1992.1449,0.0,0.0,0.0,0.0,-0.6844316,0.0,0.0,0.0,0.0,0.0,1991,2023,0,0,0,0,"c(-1.5122651419232, 42.8362876334382)",NBR_year,,,0.7911920433531178,0.7884098964741684,0.785217187519074,0.7820933321533409,0.7791494881086326,0.7756894318310159,0.7729901278592994,0.3080503756316316,0.3095184227725161,0.3375949757728386,0.3533741410031436,0.3550230476904522,0.383963779205469,0.3986121500252859,0.4022694015374648,0.4302532264455018,0.4437644970313401,0.4494552622498263,0.476462310162919,0.4888313679837114,0.4965787475684232,0.5225901052181802,0.5338130404674315,0.5436380325779111,0.5686357700358465,0.5787098835670651,0.5906313521409691,0.6145985478773008,0.6235223576299295,0.6375570032649205,0.6604777680081256,0.6682510139129382,0.7062728467609006,0.7128964941146301,0.7311988126560802,0.7519832884894095,0.7574595297941032,0.7779118959620565,0.6844133473985726,0.7774194599698243,0.3080503756316316,N,1726.6000356674194,7034.9001269340515,22.21490281422933,22.526436805725098,10.95898265838623,11.286854251225789,-0.13647461030632257,-0.2897176109778229
38,[5754 7053],394_N,0.0149949953220969,0.016007282713151,1994,0.677107490064235,42.44929340896605,-1.099129942678254,-66.042145,0.03363571,0.120172255,-0.039265364,0.020261735,0.0,0.009438202,-0.016090617,11.377087,-0.0053555444,0.08170312,-0.002563973,0.02481417,0.015611394,0.0051674615,0.0,-32.75041,0.016477624,0.034834664,-0.04964989,0.057120577,-0.012712137,0.0,0.020161226,0.0,0.0,0.0,0.0,0.0,0.0,0.0,0.0,0.0,0.0,0.0,0.0,0.0,0.0,0.0,0.0,0.0,0.0,0.0,0.0,0.0,0.0,0.0,0.0,1986.7377,1994.5104,2023.9944,0.0,0.0,0.0,1984.3037,1986.7568,1994.5542,0.0,0.0,0.0,-0.12953761,-0.87900627,0.0,0.0,0.0,0.0,1986,1994,2023,0,0,0,"c(-1.09912994267825, 42.449293408966)",NBR_year,,,0.8530349334068598,0.8866716800565624,0.8200191800727757,0.8147729816216472,0.8092958407491715,0.8037832367544573,0.7986732358070914,0.79332598345203,0.7877528215033383,0.7824967950603642,0.203521048576296,0.2309077703471568,0.2417780506680512,0.2619894397331674,0.2784960251867807,0.2915716148435742,0.3133559806951075,0.3198521699408257,0.3464195584959768,0.3562218599247057,0.3777969268063481,0.3932855395659305,0.4076420499253171,0.428485406430079,0.4361465995564183,0.4618737455788547,0.4706019819512083,0.4935520780231764,0.5080113756865388,0.5236667028393169,0.5435529441793997,0.552402842652467,0.5849186140901608,0.6092538175213312,0.6226733958061341,0.6396442773677897,0.6585581330556993,0.6686194306403872,0.5772695176753012,0.7905394024776842,0.203521048576296,N,1311.2000274658203,6818.400172472,23.136512406667073,23.088657959302267,10.729057550430298,10.975056517124177,-0.50546875,-0.3210652683628723
39,[5847 6792],394_N,0.0050074483535009,0.0040672297620883,1994,0.429727993514834,42.42423041253437,-1.169468029438157,-8.813009,0.0045962417,-0.06700548,-0.10919805,0.037167028,-0.03343755,-0.019288015,0.034994904,-8.53579,0.0044308286,-0.05530091,-0.1168505,0.026577637,-0.05272195,-0.0013286415,0.031785198,0.0,0.0,0.0,0.0,0.0,0.0,0.0,0.0,0.0,0.0,0.0,0.0,0.0,0.0,0.0,0.0,0.0,0.0,0.0,0.0,0.0,0.0,0.0,0.0,0.0,0.0,0.0,0.0,0.0,0.0,0.0,0.0,1994.5104,2023.9944,0.0,0.0,0.0,0.0,1984.3037,1994.598,0.0,0.0,0.0,0.0,-0.20192693,0.0,0.0,0.0,0.0,0.0,1994,2023,0,0,0,0,"c(-1.16946802943816, 42.4242304125344)",NBR_year,,0.5121240952705398,0.5154357374470553,0.5216893842819725,0.5267075681877663,0.5304932977635259,0.533845939871739,0.5400858620907201,0.5450902755428383,0.5488623493752846,0.5522559902667802,0.4875389586599172,0.4825745481876954,0.4987011335273515,0.4903637218870228,0.5054974987388561,0.5076117899552004,0.5081605515433835,0.5204881865348459,0.5081323725067248,0.5289597754812027,0.5270256223743324,0.5331857055594573,0.5416112155715882,0.5335107654195032,0.5517820165070141,0.5457901243608374,0.5576228240004198,0.5620687239683338,0.5594079388691082,0.5739515065066899,0.5639191434294631,0.5814485552808895,0.5818635846353276,0.5954598448090526,0.5842754059203883,0.6046435621082531,0.6010029948386749,0.6095427114689366,0.6163029961510655,0.584761691982557,0.5505591698210324,0.4825745481876954,N,1330.9000170230865,6600.4001121521,23.25723934173584,23.286839946111044,10.807293287913005,11.047195374965668,-0.49884440898895266,-0.3467488618567586
40,[4305 5525],382_N,0.0088226809887885,0.0109579699816649,1991,0.6176464255523642,42.839791063046896,-1.510917668996766,-7.9499354,0.004330813,0.07518259,-0.050872184,0.05047831,-0.010036045,0.008650897,0.02192948,-22.726025,0.011543805,0.078408316,-0.044689998,0.07650899,-0.019409515,-0.0019255584,0.02128159,0.0,0.0,0.0,0.0,0.0,0.0,0.0,0.0,0.0,0.0,0.0,0.0,0.0,0.0,0.0,0.0,0.0,0.0,0.0,0.0,0.0,0.0,0.0,0.0,0.0,0.0,0.0,0.0,0.0,0.0,0.0,0.0,1991.6193,2023.8821,0.0,0.0,0.0,0.0,1984.3037,1992.1449,0.0,0.0,0.0,0.0,-0.31787926,0.0,0.0,0.0,0.0,0.0,1991,2023,0,0,0,0,"c(-1.51091766899677, 42.8397910630469)",NBR_year,,,0.7266111466585976,0.7308757160923137,0.7353042923978048,0.73945506843501,0.7439607490501765,0.7482162947440604,0.7525821642783338,0.3757703053156756,0.3847876526829284,0.4001578940824496,0.4100892897079883,0.4198837102596181,0.4348597788982886,0.4443767387788339,0.4549507947181485,0.4695319169105276,0.4786325318679906,0.4899889325836426,0.5041741758844869,0.5128565578578539,0.5249981351161235,0.5387864177436235,0.5470487165141471,0.5599783986418688,0.5733684996298329,0.5812089198308594,0.5949297049489741,0.6079202750033446,0.6153370933693246,0.6298520217449602,0.6424415947793759,0.6494331775975929,0.6769323084973272,0.6834971292176041,0.6996094904102992,0.7113922655210314,0.7176887705217575,0.7344445122686681,0.664745303176826,0.7460885218971185,0.3757703053156756,N,1726.6000356674194,7034.9001269340515,22.21490281422933,22.526436805725098,10.95898265838623,11.286854251225789,-0.13647461030632257,-0.2897176109778229
41,[5771 7151],394_N,0.0080387833078653,0.0075549264668096,1994,0.483855258135159,42.44471200101617,-1.07271947332013,-20.977911,0.010774814,0.0,-0.03612791,-0.017367413,0.016073879,-0.054402784,0.035116974,16.346119,-0.007954769,0.140183,-0.024229456,0.07177381,0.0,0.0,0.0075312085,-15.783987,0.007975974,-0.016939586,-0.025643898,0.04681629,-0.022989204,0.00017791163,0.021643398,0.0,0.0,0.0,0.0,0.0,0.0,0.0,0.0,0.0,0.0,0.0,0.0,0.0,0.0,0.0,0.0,0.0,0.0,0.0,0.0,0.0,0.0,0.0,0.0,1986.7568,1994.535,2023.9944,0.0,0.0,0.0,1984.3037,1987.0443,1994.5789,0.0,0.0,0.0,0.15912388,-0.4715936,0.0,0.0,0.0,0.0,1986,1994,2023,0,0,0,"c(-1.07271947332013, 42.4447120010162)",NBR_year,,0.486147993193546,0.4969413931808681,0.5077075960185827,0.70269263019262,0.6951870669256962,0.6869890495096769,0.679121795286348,0.6712973711249373,0.6628632981475147,0.6554041915766154,0.647254620313326,0.2262436677966481,0.2413806888206397,0.2476222057384978,0.253234201416433,0.2664375843359747,0.2627470025386619,0.2826208129063767,0.284031633946312,0.2962005230775657,0.3046254187915619,0.307301140820615,0.3226241673720246,0.319272448031794,0.3379892138594438,0.3415804949780645,0.3507794130341262,0.3613764009227793,0.3611479641492597,0.3785547631462928,0.3773421971328407,0.3931073553826079,0.3988851841521246,0.4178729644631451,0.4147827924600981,0.4342301443399151,0.4351801319385882,0.4479789193580147,0.4559415144407217,0.4051229464835518,0.6591337448620651,0.2262436677966481,N,1311.2000274658203,6818.400172472,23.136512406667073,23.088657959302267,10.729057550430298,10.975056517124177,-0.50546875,-0.3210652683628723
42,[5742 6967],394_N,0.0047023036971012,0.0069855318861637,1994,0.453558580822166,42.452527343989495,-1.122306477012935,0.5671671,-0.00012180252,-0.055697445,-0.055981513,0.032915775,-0.024446731,-0.008881863,0.009889458,-14.997499,0.007606035,-0.05634318,-0.048814826,0.039171368,-0.02515647,0.00022895489,0.01996776,0.0,0.0,0.0,0.0,0.0,0.0,0.0,0.0,0.0,0.0,0.0,0.0,0.0,0.0,0.0,0.0,0.0,0.0,0.0,0.0,0.0,0.0,0.0,0.0,0.0,0.0,0.0,0.0,0.0,0.0,0.0,0.0,1994.5104,2023.9287,0.0,0.0,0.0,0.0,1984.4352,1994.5542,0.0,0.0,0.0,0.0,-0.3542921,0.0,0.0,0.0,0.0,0.0,1994,2023,0,0,0,0,"c(-1.12230647701293, 42.4525273439895)",NBR_year,,0.4542943159188425,0.4533619897694819,0.4537442970531188,0.4540494306227044,0.4535890396502205,0.4527282336762155,0.4535091169451102,0.4535237442765901,0.452774891940363,0.4526730910099426,0.3060217994921799,0.3213232961526291,0.3191313814769092,0.3350201181083275,0.341158321086963,0.3448348146381354,0.3592802851620483,0.3562273301444891,0.3733964202925803,0.3786513730808284,0.383608149733077,0.3971926900557022,0.3932835936295749,0.4117292689276672,0.41610121246869,0.4223413378569617,0.4350605229573678,0.4303006613514321,0.4500184399404528,0.4535081113244696,0.4610339338759045,0.4728838211066579,0.4683638139577709,0.4908723656870276,0.4996855147722391,0.5106626468360395,0.5073857376773929,0.5264649750466149,0.5281942953474663,0.4882637336756742,0.4527239914751528,0.3213232961526291,N,1330.9000170230865,6600.4001121521,23.25723934173584,23.286839946111044,10.807293287913005,11.047195374965668,-0.50546875,-0.3210652683628723
43,[5742 7069],394_N,0.0079852312800205,0.0093667753930311,1994,0.4890363059895,42.452527343989495,-1.094818029313662,-3.6822946,0.0021040638,0.040579345,-0.030088557,-0.0061128167,-0.0143846525,-0.046707116,0.0013447289,10.707775,-0.005117303,0.07929951,-0.030101074,0.033090588,-0.0095444955,0.0005970346,0.0,-19.978718,0.010066842,-0.0026365602,-0.042543434,0.04378035,-0.03111721,0.0023899644,0.010574417,0.0,0.0,0.0,0.0,0.0,0.0,0.0,0.0,0.0,0.0,0.0,0.0,0.0,0.0,0.0,0.0,0.0,0.0,0.0,0.0,0.0,0.0,0.0,0.0,1986.7568,1994.5104,2023.9944,0.0,0.0,0.0,1984.3037,1987.0005,1994.5542,0.0,0.0,0.0,0.12222993,-0.45273414,0.0,0.0,0.0,0.0,1986,1994,2023,0,0,0,"c(-1.09481802931366, 42.4525273439895)",NBR_year,,,0.5985627658699908,0.60063769999782,0.6317537448388252,0.6263734793972683,0.6215153690383305,0.6164703188166766,0.6112320139690931,0.6059931402375155,0.6010846884232645,0.5959875168874781,0.1987760308035538,0.2016794569570689,0.2194869442840286,0.2223967719106118,0.2387021872036567,0.2464456275355651,0.2564918367501836,0.2689704251755213,0.2729588592107719,0.2899623655084163,0.2919781854657483,0.3094495033328475,0.3163045134826706,0.3274955482523216,0.3391124651780661,0.3441976214586125,0.3603863920171821,0.3615095316314842,0.3801476026974746,0.3861115386641767,0.3984533625488092,0.4092021107266557,0.4307587532135044,0.4310940602170716,0.4507959945073673,0.4558669400784346,0.4693645853922097,0.4792393648877519,0.4153948380380875,0.60353891433039,0.1987760308035538,N,1311.2000274658203,6818.400172472,23.136512406667073,23.088657959302267,10.729057550430298,10.975056517124177,-0.50546875,-0.3210652683628723
44,[2556 4936],306_N,0.0021255739336372,0.004622399153974,1989,0.696596462917121,43.31113709271383,-1.669649979730801,-3.64784,0.002034241,-0.22941901,-0.15004507,0.018135706,0.017524924,-0.004981697,0.026127892,-11.405675,0.0059204586,-0.20717601,-0.117390834,0.012801003,-0.014064602,0.0071922867,0.034276385,0.0,0.0,0.0,0.0,0.0,0.0,0.0,0.0,0.0,0.0,0.0,0.0,0.0,0.0,0.0,0.0,0.0,0.0,0.0,0.0,0.0,0.0,0.0,0.0,0.0,0.0,0.0,0.0,0.0,0.0,0.0,0.0,1989.8671,2023.9014,0.0,0.0,0.0,0.0,1984.4543,1990.0422,0.0,0.0,0.0,0.0,-0.22884831,0.0,0.0,0.0,0.0,0.0,1989,2023,0,0,0,0,"c(-1.6696499797308, 43.3111370927138)",NBR_year,,0.7018190235634019,0.7035971660618567,0.7056572000101046,0.7079189406160614,0.7095801817808185,0.7118513837541587,0.6709394154204221,0.6751808699954174,0.6783497660363436,0.6804680532947439,0.6815672850886085,0.6816881831012008,0.6832094102781222,0.6954700387360017,0.7068250112753761,0.7172215474919836,0.7266152002695221,0.7349704682021578,0.7422612854335483,0.7484713816102365,0.7535945066106798,0.7576345167413844,0.760605321184691,0.7625306895843554,0.7634439237498889,0.7633873984999028,0.7673455201723529,0.77944144378247,0.790621257420741,0.8008336845383718,0.810035905115059,0.8181941458372548,0.8252841461865396,0.8362118219961243,0.8400508729710291,0.8428244151332956,0.8445580265631711,0.8452867415403894,0.8450545676750787,0.8312914934940443,0.70874956119844,0.6709394154204221,N,3289.500062942505,12728.000219345093,21.82689151763916,22.23771503766378,13.953900496164957,14.207904887199401,-0.23092447519302367,-0.3939290308044292
45,[5748 7117],394_N,0.0106090945266055,0.0113066465675728,1994,0.661292856634077,42.450910376477765,-1.081882289219887,7.7716136,-0.0035654884,0.063209936,-0.028484503,0.024535857,-0.0014028363,0.0,-0.0045685777,-22.824436,0.011523264,0.012661092,-0.04783705,0.04670961,-0.030238278,0.0032014453,0.00492781,0.0,0.0,0.0,0.0,0.0,0.0,0.0,0.0,0.0,0.0,0.0,0.0,0.0,0.0,0.0,0.0,0.0,0.0,0.0,0.0,0.0,0.0,0.0,0.0,0.0,0.0,0.0,0.0,0.0,0.0,0.0,0.0,1994.5104,2023.9287,0.0,0.0,0.0,0.0,1984.3037,1994.5789,0.0,0.0,0.0,0.0,-0.46460962,0.0,0.0,0.0,0.0,0.0,1994,2023,0,0,0,0,"c(-1.08188228921989, 42.4509103764778)",NBR_year,,,0.763427483633195,0.7602612699704789,0.7568416939828178,0.7531455244867975,0.7491638921035524,0.7460024093280149,0.7425798352523331,0.7388805045686969,0.734907813582814,0.7317435162756838,0.2401166055112796,0.2585452294923789,0.2673378562369138,0.2789138457919189,0.2931620781443072,0.2970918242337485,0.3159275932466068,0.3255865677103525,0.3358862948675497,0.3509296816765618,0.3557519839961143,0.3732432248993841,0.3837603168417173,0.3928011850960961,0.4086252407579018,0.4143377894845526,0.4304933456143177,0.4418593012442314,0.449660167033748,0.4662495368627356,0.4728489148328253,0.4876792495678669,0.5064649472167,0.5238034358135718,0.5312851302472015,0.5448023015571521,0.5578342309386829,0.5632172852691415,0.4998838116538707,0.7368941590757554,0.2401166055112796,N,1311.2000274658203,6818.400172472,23.136512406667073,23.088657959302267,10.729057550430298,10.975056517124177,-0.50546875,-0.3210652683628723
46,[5754 6949],394_N,0.0083798800458053,0.0094723416270495,1994,0.473304026898769,42.44929340896605,-1.1271573795481,148.3621,-0.07450751,0.038148828,-0.06444904,0.033359982,-0.021593424,-0.015639775,0.013782427,-5.3498416,0.0028873757,-0.0016069614,-0.05402078,0.03680733,-0.010041394,0.0011036026,0.012103567,-19.018225,0.009608862,-0.052855246,-0.08222742,0.05507826,-0.024846585,0.0033235115,0.026955046,0.0,0.0,0.0,0.0,0.0,0.0,0.0,0.0,0.0,0.0,0.0,0.0,0.0,0.0,0.0,0.0,0.0,0.0,0.0,0.0,0.0,0.0,0.0,0.0,1987.3071,1994.5789,2023.9287,0.0,0.0,0.0,1984.3037,1987.3263,1994.598,0.0,0.0,0.0,0.16384391,-0.2731899,0.0,0.0,0.0,0.0,1987,1994,2023,0,0,0,"c(-1.1271573795481, 42.449293408966)",NBR_year,,,0.5227492862380003,0.4482907371356546,0.4730122719616312,0.4759263738452097,0.478839370481064,0.4817512632301177,0.4846620534759119,0.487571742624777,0.4904803321062088,0.3179339313555673,0.3267546876932685,0.3429487994379911,0.3386433764573123,0.3606044965312014,0.3686540879222954,0.371384098705062,0.3912807525320886,0.3909507240415438,0.4066470890893269,0.4186057608754502,0.4153983596936828,0.4388572075507211,0.4425131639327127,0.4520015280880457,0.4677869419933128,0.463052482535418,0.4856941618766165,0.4933162592975764,0.4966999333718825,0.51620152023426,0.5154394715392193,0.5318130820378338,0.5407789588804613,0.5638592035601925,0.5670834668472963,0.5772406542463422,0.5926160696347921,0.5874530960856941,0.5433514444549059,0.4890260373654929,0.3267546876932685,N,1330.9000170230865,6600.4001121521,23.25723934173584,23.286839946111044,10.807293287913005,11.047195374965668,-0.49884440898895266,-0.3467488618567586
47,[5685 7002],394_N,0.005225927431858,0.007421939933783,1994,0.419966534435482,42.467888535350845,-1.11287416652789,-17.472658,0.008953337,0.012605277,-0.057769407,0.05176777,-0.020501474,-0.009255383,0.016655173,-15.268513,0.00777773,-0.021384567,-0.077583514,0.037287347,-0.03791906,0.0,0.020064797,0.0,0.0,0.0,0.0,0.0,0.0,0.0,0.0,0.0,0.0,0.0,0.0,0.0,0.0,0.0,0.0,0.0,0.0,0.0,0.0,0.0,0.0,0.0,0.0,0.0,0.0,0.0,0.0,0.0,0.0,0.0,0.0,1994.5104,2023.9287,0.0,0.0,0.0,0.0,1984.2134,1994.6418,0.0,0.0,0.0,0.0,-0.34684917,0.0,0.0,0.0,0.0,0.0,1994,2023,0,0,0,0,"c(-1.11287416652789, 42.4678885353508)",NBR_year,,0.3984163835883801,0.4072633899573253,0.4160532988166745,0.424785906094238,0.4334610539847003,0.4420786311175581,0.4506385726793924,0.4599677424569522,0.4692522956427424,0.4784829446756646,0.4248979247102076,0.3810238761682499,0.3798392872325387,0.3977920557337254,0.4019276310563897,0.4071535133275402,0.4215756024851159,0.4217636329172051,0.4335929323335344,0.4443026427870943,0.4405548063604183,0.459090969928726,0.465956524923004,0.4666881223402571,0.4835934661360838,0.4865352951707735,0.4937450880439383,0.5070596154865769,0.506051728611017,0.5199058350983033,0.5294626748439109,0.5258232398669833,0.5451074371058087,0.5534614952933726,0.5692996903732231,0.5710453853824554,0.5802543507543385,0.5924459853306109,0.5902447566677571,0.5507904260537138,0.4738676201592035,0.3810238761682499,N,1330.9000170230865,6600.4001121521,23.25723934173584,23.286839946111044,10.807293287913005,11.047195374965668,-0.50546875,-0.3210652683628723
48,[3049 4795],304_N,0.0052221852086179,0.0027534438602175,1989,0.7015511605488394,43.178276262167344,-1.707648716256265,18.725376,-0.0091620255,-0.1752721,-0.19805661,0.018836603,-0.0695214,-0.0021691145,-0.0071458705,-4.936677,0.0027213304,-0.18131055,-0.1404301,0.03486359,-0.057024848,0.018045902,0.03378203,0.0,0.0,0.0,0.0,0.0,0.0,0.0,0.0,0.0,0.0,0.0,0.0,0.0,0.0,0.0,0.0,0.0,0.0,0.0,0.0,0.0,0.0,0.0,0.0,0.0,0.0,0.0,0.0,0.0,0.0,0.0,0.0,1989.8671,2023.9014,0.0,0.0,0.0,0.0,1984.4543,1990.086,0.0,0.0,0.0,0.0,-0.127157,0.0,0.0,0.0,0.0,0.0,1989,2023,0,0,0,0,"c(-1.70764871625627, 43.1782762621673)",NBR_year,,0.8365982434311063,0.8274803527445875,0.8179396323891033,0.8091543586174559,0.7999533682745279,0.7905496387654471,0.7772295597134681,0.7778816332886445,0.7870927076788277,0.7955930897569723,0.803340485756558,0.810296610850405,0.8164275086349356,0.8217038356428059,0.8261011082979174,0.8295999100713907,0.8321860569718518,0.8338507198844786,0.8345905026736149,0.8344074753756627,0.8333091622260729,0.8313084846769356,0.8284236599890127,0.8246780563829613,0.8229707424888124,0.8322984369178186,0.8409230210689006,0.8488015522429551,0.85589503895519,0.8621687660976245,0.8675925856045087,0.8721411699723937,0.8757942263437443,0.8803587502003107,0.8812561437648182,0.8812299880673736,0.8802868806993305,0.8784388293415253,0.8757031578665263,0.8785366692116531,0.8045538634459919,0.7772295597134681,N,2519.700078010559,9929.700184822083,21.05417947769165,21.363773783047993,11.75977217356364,12.062874456246695,-0.2714192677289248,-0.37399495523422954
49,[5741 6978],394_N,0.0078178703155847,0.010109330651859,1994,0.452342372148283,42.452796838574784,-1.119342036574778,-20.69281,0.010594378,0.031858094,-0.060758684,0.06899474,-0.014883328,0.007958573,0.013492901,-20.96721,0.01059785,-0.031548914,-0.062181033,0.055464122,-0.020217372,0.007253167,0.019003114,0.0,0.0,0.0,0.0,0.0,0.0,0.0,0.0,0.0,0.0,0.0,0.0,0.0,0.0,0.0,0.0,0.0,0.0,0.0,0.0,0.0,0.0,0.0,0.0,0.0,0.0,0.0,0.0,0.0,0.0,0.0,0.0,1994.5789,2023.9287,0.0,0.0,0.0,0.0,1984.3037,1994.6418,0.0,0.0,0.0,0.0,-0.45171592,0.0,0.0,0.0,0.0,0.0,1994,2023,0,0,0,0,"c(-1.11934203657478, 42.4527968385748)",NBR_year,,0.4262969533053472,0.4369139373798056,0.4475300236395617,0.4581452134465106,0.4687595081732251,0.479372909202408,0.4899854179279949,0.5005970357537796,0.5112077640940031,0.521817604373805,,0.3170571117348632,0.3205541049749175,0.3404575774545965,0.3459678316814506,0.3561464633127869,0.3723712384771898,0.373761325241169,0.3908250274277203,0.4031846378098775,0.4021889053454016,0.4245229034300593,0.4328788605756836,0.4383731989553324,0.4571847625818163,0.4614497911298351,0.4736964623949871,0.4887680058268666,0.4889084336870936,0.5080845249299352,0.5192437247720441,0.5201813364217303,0.5414738616953263,0.5561132265765891,0.5738128858173,0.5768295887672,0.5911605795943198,0.6050630537123,0.6039557844043866,0.5485974383686698,0.5165126842339041,0.3170571117348632,N,1330.9000170230865,6600.4001121521,23.25723934173584,23.286839946111044,10.807293287913005,11.047195374965668,-0.50546875,-0.3210652683628723
50,[5917 6763],394_N,0.0046947217337418,0.0030183840539682,1994,0.566363178522031,42.40536579156427,-1.17728337241148,10.91703,-0.005293826,-0.087841235,-0.20078675,0.034946427,-0.01604334,-0.036963925,-0.0008077084,-2.238316,0.001340367,-0.11583868,-0.1690532,0.03080861,-0.057149924,-0.014363169,0.045102466,-5.126232,0.002776426,-0.14185089,-0.15579668,0.010171644,-0.07433504,0.0,0.0303162,0.0,0.0,0.0,0.0,0.0,0.0,0.0,0.0,0.0,0.0,0.0,0.0,0.0,0.0,0.0,0.0,0.0,0.0,0.0,0.0,0.0,0.0,0.0,0.0,1986.2312,1994.5542,2023.9944,0.0,0.0,0.0,1984.2134,1986.3872,1994.598,0.0,0.0,0.0,0.18273634,-0.25235543,0.0,0.0,0.0,0.0,1986,1994,2023,0,0,0,"c(-1.17728337241148, 42.4053657915643)",NBR_year,,0.6888970751451331,0.6836571307677344,0.7121196227393815,0.712257383696773,0.7142249943075202,0.7162202732166608,0.7167692437849242,0.7177907068052874,0.7202020960229247,0.7211639916535717,0.6910504719689371,0.6814031995182754,0.6932602990228407,0.6956503449259549,0.6906350786691458,0.7048768081869848,0.6906095329808195,0.7090280186344002,0.7067488147649946,0.7082401355606585,0.7179383820620449,0.7028382652897263,0.7240514569237998,0.7171015426844478,0.725149899040507,0.7302350298898626,0.7214864460690615,0.7383192411488693,0.7267232698825167,0.7413420776446149,0.7417708805976408,0.7394826775489404,0.7518243431269871,0.7567985391285728,0.7525542733373648,0.7567983870800556,0.7645640870698184,0.7521187560472343,0.7715054104705266,0.7356325851424758,0.7206830438382482,0.6814031995182754,N,1330.9000170230865,6600.4001121521,23.25723934173584,23.286839946111044,10.807293287913005,11.047195374965668,-0.49884440898895266,-0.3467488618567586
51,[5782 7179],394_N,0.0081099160638937,0.010325932397943,1994,0.500802539712611,42.441747560578015,-1.065173624932094,-21.020357,0.0107818665,-0.019598728,-0.021507164,-0.017997677,0.006831102,-0.041848924,0.0023354557,-12.119679,0.006329582,0.054876786,-0.04155591,0.046489544,-0.012216585,0.006299999,0.0,-21.576845,0.010971271,0.065304056,-0.059552696,0.062583946,-0.025288517,0.0031087508,0.013235092,0.0,0.0,0.0,0.0,0.0,0.0,0.0,0.0,0.0,0.0,0.0,0.0,0.0,0.0,0.0,0.0,0.0,0.0,0.0,0.0,0.0,0.0,0.0,0.0,1987.8766,1994.535,2023.9287,0.0,0.0,0.0,1984.4352,1987.9642,1994.5789,0.0,0.0,0.0,0.24649346,-0.36816806,0.0,0.0,0.0,0.0,1987,1994,2023,0,0,0,"c(-1.06517362493209, 42.441747560578)",NBR_year,,0.435542236980092,0.4463057682825239,0.4570980787153191,0.4678785779187952,0.538588570903846,0.5448570280077117,0.5513505029653777,0.5576226885151054,0.5637784706668394,0.5703208775695429,0.5766446579811202,0.4028169219451462,0.4127660095412375,0.4228659167033315,0.4359696126778964,0.443366502264615,0.4574971866958696,0.4679223147975497,0.4772712654914779,0.4908731900743109,0.4987257078404304,0.5121359300313342,0.5230405718652169,0.5316332053593461,0.545736777303737,0.5540488635502588,0.5667328705616717,0.578120460580911,0.5859514310974437,0.6005600943489955,0.6093355699040065,0.6212877242352133,0.6331616705232053,0.6553428629615252,0.6645854451638545,0.6758002038232155,0.6881638996446567,0.6948859198126187,0.7100848056705962,0.6402256333005649,0.5670496741181912,0.4028169219451462,N,1311.2000274658203,6818.400172472,23.136512406667073,23.088657959302267,10.729057550430298,10.975056517124177,-0.50546875,-0.3210652683628723
52,[5675 7012],394_N,0.0090308107603744,0.0092575554194362,1994,0.589642752855287,42.470583481203725,-1.110179220675021,-25.235302,0.01291104,-0.029798571,-0.07260173,0.047447316,-0.021908022,-0.006338169,0.02370461,-18.55545,0.009440883,-0.07090815,-0.08459572,0.038965564,-0.034446284,0.0,0.024019249,0.0,0.0,0.0,0.0,0.0,0.0,0.0,0.0,0.0,0.0,0.0,0.0,0.0,0.0,0.0,0.0,0.0,0.0,0.0,0.0,0.0,0.0,0.0,0.0,0.0,0.0,0.0,0.0,0.0,0.0,0.0,0.0,1994.5104,2023.9287,0.0,0.0,0.0,0.0,1984.2134,1994.5789,0.0,0.0,0.0,0.0,-0.5837808,0.0,0.0,0.0,0.0,0.0,1994,2023,0,0,0,0,"c(-1.11017922067502, 42.4705834812037)",NBR_year,,0.5309862239754795,0.5442818307059517,0.5575120651027683,0.57067638698026,0.583774308350213,0.5968053939524471,0.6097692617318854,0.6226655832616341,0.6354940841114328,0.6482545441613657,0.454751405993016,0.4565359628004997,0.4694895039066887,0.4820508930039806,0.478827642682163,0.5016900166023721,0.5051377614256991,0.5155620194086938,0.5297558626191976,0.5241477002517165,0.5484913608802598,0.5536042139135572,0.5615082245339349,0.5773208133192279,0.5733374259619675,0.5951565947033628,0.6019340501516209,0.6073305004838577,0.624745787523516,0.6223998883182562,0.6416870711892255,0.6501261977971444,0.6530314022536132,0.671332963895292,0.6880843381012282,0.6981797843954315,0.6986136537080775,0.7191769984324103,0.7201347128856169,0.6720310322015622,0.6418743141363993,0.4565359628004997,N,1330.9000170230865,6600.4001121521,23.25723934173584,23.286839946111044,10.807293287913005,11.047195374965668,-0.50546875,-0.3210652683628723
53,[5763 7128],394_N,0.0137918489875937,0.0158334910199532,1994,0.680704039602939,42.44686795769847,-1.07891784878173,-31.420837,0.01613331,-0.076410376,-0.0536999,-0.07749226,-0.048045352,-0.01781709,-0.030261004,5.021388,-0.0021908856,0.01860128,-0.077091716,-0.030541983,-0.053186767,-0.03977092,-0.048872128,9.6904955,-0.0045187147,0.0339502,0.0,0.009753462,0.032048542,0.003678315,0.014648134,-32.62571,0.016444493,0.021748312,-0.042299397,0.043530095,-0.01145513,0.0061812717,0.014929715,0.0,0.0,0.0,0.0,0.0,0.0,0.0,0.0,0.0,0.0,0.0,0.0,0.0,0.0,0.0,0.0,1987.1073,1988.9717,1994.5104,2023.9287,0.0,0.0,1984.3037,1987.2195,1989.0347,1994.5789,0.0,0.0,-0.16474879,0.32994655,-0.65197444,0.0,0.0,0.0,1987,1988,1994,2023,0,0,"c(-1.07891784878173, 42.4468679576985)",NBR_year,,0.7626704438545656,0.7787956614835516,0.794919807069034,0.7791737730580943,0.776980544394308,,0.7524651228517176,0.74786294935854,0.7434759490580616,0.7386883030395353,0.7344411435172,0.2522338028281566,0.2732303169043056,0.2835230244685288,0.3048188626673602,0.3211930477661254,0.3336822231020584,0.3554503961706329,0.3667087886220129,0.3865855376106492,0.4038434809252428,0.4150802721012533,0.4375961598305457,0.449811599447837,0.4682894028150879,0.4864133859036694,0.4964304094884082,0.5196691075939291,0.5328314615936279,0.5499325629760792,0.5689036232272219,0.5777351425531485,0.6016708439662506,0.631517198728843,0.6513151767648501,0.6601484331823111,0.6836030742406319,0.6986230390360664,0.7130455617030323,0.6157685160906647,0.7410821260487984,0.2522338028281566,N,1311.2000274658203,6818.400172472,23.136512406667073,23.088657959302267,10.729057550430298,10.975056517124177,-0.50546875,-0.3210652683628723
54,[5673 7017],394_N,0.005458315519512,0.0053295831750869,1994,0.419351253076954,42.4711224703743,-1.108831747748586,-32.39787,0.016450226,-0.011660212,-0.025585402,0.046770595,-0.010601321,-0.001901196,0.03463775,166.56006,-0.08355799,0.0,-0.04044311,0.042803824,-0.017255977,0.00038392583,0.028105726,-79.251816,0.039948396,-0.014167066,-0.03952875,0.039260235,-0.011190899,-0.00848353,0.026751565,-10.5376,0.005396606,-0.036980987,-0.05162558,0.040373154,-0.032324016,0.0,0.02283071,0.0,0.0,0.0,0.0,0.0,0.0,0.0,0.0,0.0,0.0,0.0,0.0,0.0,0.0,0.0,0.0,1988.5337,1991.006,1994.5104,2023.9287,0.0,0.0,1984.4352,1988.5529,1991.0743,1994.5789,0.0,0.0,0.115084924,0.1658938,-0.45230246,0.0,0.0,0.0,1988,1991,1994,2023,0,0,"c(-1.10883174774859, 42.4711224703743)",NBR_year,,0.3556491637066625,0.3722976654447723,0.388752753770913,0.4050154598872271,0.4890629387508472,0.4054898569661667,0.3218944855340314,0.4153483246950274,0.455337007071543,0.4951692614089407,0.3584868177798265,0.357872255355676,0.3651350818881486,0.3741398852333651,0.3669783126628292,0.3851638329532361,0.3860331744307188,0.391039733928196,0.4015013956987712,0.3943003295503139,0.4117182757879247,0.4140736849122252,0.4168320609758431,0.4287378718969085,0.4229826888146951,0.438151217904098,0.4419925518071996,0.4425143030924933,0.4558493255866967,0.4515524407035913,0.4644639188574159,0.4697887277711578,0.4680888662526262,0.4800075416600463,0.4906578237212843,0.4974613552000367,0.4935583176926249,0.5096981849452262,0.5083461219494316,0.4828359630917127,0.47525313424024185,0.357872255355676,N,1330.9000170230865,6600.4001121521,23.25723934173584,23.286839946111044,10.807293287913005,11.047195374965668,-0.50546875,-0.3210652683628723
55,[4293 5533],382_N,0.0073906072237465,0.0109840180361643,1991,0.6747805156644817,42.843024998070334,-1.508761712314471,4.318,-0.0018379017,0.027027924,-0.0010242128,0.013863991,0.027984437,-0.01712682,-0.010526217,-22.770237,0.011547141,0.019489806,-0.04648745,0.055407505,-0.023039807,-0.0039177528,0.016803442,0.0,0.0,0.0,0.0,0.0,0.0,0.0,0.0,0.0,0.0,0.0,0.0,0.0,0.0,0.0,0.0,0.0,0.0,0.0,0.0,0.0,0.0,0.0,0.0,0.0,0.0,0.0,0.0,0.0,0.0,0.0,0.0,1991.6193,2023.8821,0.0,0.0,0.0,0.0,1984.3037,1991.9259,0.0,0.0,0.0,0.0,-0.528455,0.0,0.0,0.0,0.0,0.0,1991,2023,0,0,0,0,"c(-1.50876171231447, 42.8430249980703)",NBR_year,,0.7153930409449095,0.7139062127311925,0.7119564568282378,0.7100762817010977,0.7084133987949144,0.7061452096423567,0.7047649227457076,0.7025967350126808,0.3260892973020146,0.3385180767634723,0.3439626698602059,0.3636831261642957,0.3630423334207472,0.3859745858929864,0.3931138457998351,0.4055607524590829,0.42030035108829,0.4227195361061152,0.4445662395352318,0.4463299435947585,0.465998169205699,0.475520893746465,0.4847995984058214,0.5018026906577615,0.5012795372513362,0.5251777375109971,0.529350221487345,0.5457696580253023,0.5576491005982953,0.563815992958068,0.5830264279641973,0.581821833798373,0.6055224977626454,0.6252971985402856,0.6394972798416436,0.6426209137055233,0.6639740104701548,0.6651714991367751,0.6856064456818212,0.6120983718284251,0.7054550661940322,0.3260892973020146,N,1726.6000356674194,7034.9001269340515,22.21490281422933,22.526436805725098,10.95898265838623,11.286854251225789,-0.13647461030632257,-0.2897176109778229
56,[5739 6984],394_N,0.0068651702546804,0.0050370365730216,1994,0.471932921267691,42.45333582774536,-1.117725069063056,34.301796,-0.017094193,0.13830896,-0.06710993,0.1010544,-0.04493668,0.0156126395,0.010495691,-51.806858,0.026248902,0.07171472,-0.047676932,0.053153228,0.0,0.010011231,0.019094883,-9.01321,0.0046158666,0.10382459,-0.05572855,0.14181581,-0.058133863,0.058970347,0.0,0.0,0.0,0.0,0.0,0.0,0.0,0.0,0.0,0.0,0.0,0.0,0.0,0.0,0.0,0.0,0.0,0.0,0.0,0.0,0.0,0.0,0.0,0.0,0.0,1987.7206,1994.5104,2023.9287,0.0,0.0,0.0,1984.3037,1987.8766,1994.5542,0.0,0.0,0.0,-0.23020354,-0.496071,0.0,0.0,0.0,0.0,1987,1994,2023,0,0,0,"c(-1.11772506906306, 42.4533358277454)",NBR_year,,,0.556249262235153,0.5391833837861003,0.522015122512096,0.4455661338299774,0.4717779043800639,0.4979812156842628,0.524297869643768,0.5505665052656948,0.5767942286071601,0.602987871077143,0.3991964584177734,0.4239168769621108,0.4132174792953441,0.4284986277223477,0.4335223096911756,0.4242285264678023,0.4469975813575498,0.4347905574352375,0.4524749408121927,0.4557344407595597,0.4491588344512616,0.4699892995548016,0.4563055250010034,0.4763533724880352,0.4778722007400253,0.4739874577797713,0.4928932283262865,0.4777642058452893,0.5001346333630544,0.4999371898782062,0.4987145355551727,0.5157106093934685,0.5238194898255499,0.5219310385300651,0.5233402700270605,0.538442728125442,0.5205200776828572,0.5474087630479697,0.4991684391187571,0.5636803669364274,0.3991964584177734,N,1330.9000170230865,6600.4001121521,23.25723934173584,23.286839946111044,10.807293287913005,11.047195374965668,-0.50546875,-0.3210652683628723
57,[4231 4908],294_N,0.0081755641851416,0.0101547849199677,2000,0.4093959628664726,42.85973366235813,-1.677195828118836,-29.64934,0.0150849335,-0.0052858917,-0.0014218427,0.034664992,-0.017194396,0.014270846,-0.016125731,-21.00824,0.010637802,0.04911968,0.005789935,0.03287008,-0.024064407,-0.0034880438,-0.0089106,0.0,0.0,0.0,0.0,0.0,0.0,0.0,0.0,0.0,0.0,0.0,0.0,0.0,0.0,0.0,0.0,0.0,0.0,0.0,0.0,0.0,0.0,0.0,0.0,0.0,0.0,0.0,0.0,0.0,0.0,0.0,0.0,2000.6432,2023.8821,0.0,0.0,0.0,0.0,1984.3037,2000.7965,0.0,0.0,0.0,0.0,-0.5895551,0.0,0.0,0.0,0.0,0.0,2000,2023,0,0,0,0,"c(-1.67719582811884, 42.8597336623581)",NBR_year,,,0.3497309214036845,0.3633167096381007,0.3787538325022261,0.3949468012576491,0.4079465302369646,0.424462126309194,0.4400504578428491,0.4524720559683856,0.4700571922199966,0.4850428255881227,0.4979262976157174,0.5155388162008452,0.5299250959179893,0.5438981457838369,0.5609070510991622,0.5746987131629335,0.3755851490657604,0.3858542462493586,0.3960901358243318,0.406292982589546,0.4164629699914685,0.426600299982097,0.4367051928630449,0.4467778871158961,0.4571029755867434,0.4683099606548438,0.4794870566133947,0.4906338956291262,0.5017501265861367,0.5128354153430966,0.5238894449774643,0.5349119160176994,0.5568610729832028,0.5677872491220713,0.5786808474651151,0.5895416588101688,0.6003694925176787,0.61116417664791,0.5459025466619293,0.5524025984414995,0.3755851490657604,N,1477.8000330924988,6216.700133919716,23.91165402730306,23.855032912890117,11.927323404947916,12.259393676122029,-0.4656738266348839,-0.422401258846124
58,[4252 4917],294_N,0.0155842615808791,0.0177348864358507,2000,0.5117282891144531,42.8540742760671,-1.674770376851253,674.62164,-0.3396753,-0.1513391,-0.12621671,0.0,0.0,0.0,0.0,-35.955368,0.018223632,-0.02496201,-0.039665513,0.04421884,-0.04045815,0.0,0.0035681378,-37.21909,0.018699588,-0.007610612,-0.035282455,0.032431107,-0.019907618,0.0008184611,0.018642927,0.0,0.0,0.0,0.0,0.0,0.0,0.0,0.0,0.0,0.0,0.0,0.0,0.0,0.0,0.0,0.0,0.0,0.0,0.0,0.0,0.0,0.0,0.0,0.0,1985.7931,2000.6432,2023.8821,0.0,0.0,0.0,1984.3037,1986.1436,2001.1908,0.0,0.0,0.0,-0.36225614,-0.4578375,0.0,0.0,0.0,0.0,1985,2000,2023,0,0,0,"c(-1.67477037685125, 42.8540742760671)",NBR_year,,0.6931849766554309,0.3535174247721803,0.3507517483568359,0.3707391688850823,0.3868977197394866,0.4072038329962493,0.4231739471363948,0.4436443453479622,0.4599389655695993,0.4800607448189924,0.4966799988427085,0.5164530780464134,0.5333969891700564,0.5528213994082775,0.5700898864846167,0.5891657710032284,,0.2889074217557363,0.3112422024670661,0.3288425128205275,0.3432176968227559,0.3668287296601321,0.3856951910608149,0.4000020052545935,0.4220670148381593,0.4422132415058073,0.4577104088696925,0.4769585041378809,0.4983900865171029,0.5151121212971613,0.5315068332768336,0.5542212742107875,0.5721951399641173,0.6097045179574475,0.6289494023767531,0.6436051504727519,0.6648397195099742,0.6853668678274765,0.7012239753532891,0.5857178058114023,0.5796278287439225,0.2889074217557363,N,1477.8000330924988,6216.700133919716,23.91165402730306,23.855032912890117,11.927323404947916,12.259393676122029,-0.4656738266348839,-0.422401258846124
59,[4222 4889],294_N,0.0229399057452007,0.0176123940351855,2000,0.4605342051117499,42.86215911362572,-1.682316225239289,-19.476475,0.009946067,-0.0026066762,-0.020304106,0.0,-0.024908582,0.0,0.017516883,-31.306686,0.01575354,0.03722708,0.0010026246,0.039472315,-0.022209145,-0.0057500782,0.003028824,0.0,0.0,0.0,0.0,0.0,0.0,0.0,0.0,0.0,0.0,0.0,0.0,0.0,0.0,0.0,0.0,0.0,0.0,0.0,0.0,0.0,0.0,0.0,0.0,0.0,0.0,0.0,0.0,0.0,0.0,0.0,0.0,2000.6432,2023.8821,0.0,0.0,0.0,0.0,1984.3037,2001.1908,0.0,0.0,0.0,0.0,-0.5114763,0.0,0.0,0.0,0.0,0.0,2000,2023,0,0,0,0,"c(-1.68231622523929, 42.8621591136257)",NBR_year,,0.3064213163207707,0.3163965659255685,0.3272174139989063,0.3358526123467308,0.3465659390905324,0.356974525262233,0.3652118803180351,0.3766584378462514,0.3866553197191222,0.3948882539606911,0.4066737565666536,0.4162604895105891,0.4252358819084698,0.4366117795847342,0.4457909054594061,0.4555081017388421,,0.2440739140235971,0.3106531790218981,0.3272394573383203,0.3444420972031783,0.358773442749601,0.373611534242344,0.3915975648258196,0.4066947627864422,0.4197744168041867,0.4385415702569789,0.4544131926390344,0.4674670798778003,0.4852735944366017,0.5019254444694962,0.515724596181987,0.5317939414486603,0.563786316965534,0.5781037636858751,0.5963217947273087,0.6116478575915517,0.624205082754969,0.6432029598515886,0.5492289292945026,0.4506495035991241,0.2440739140235971,N,1477.8000330924988,6216.700133919716,23.91165402730306,23.855032912890117,11.927323404947916,12.259393676122029,-0.4656738266348839,-0.422401258846124
60,[5726 6963],394_N,0.0083087804402627,0.0117675960215508,1994,0.595595607360985,42.45683925735409,-1.123384455354083,7.169535,-0.0033693663,-0.1129033,-0.08215368,0.023648852,-0.021608585,-0.009680093,0.019125182,-25.187275,0.012727772,-0.09747523,-0.08841622,0.039687034,-0.032653086,-0.001045926,0.030936984,0.0,0.0,0.0,0.0,0.0,0.0,0.0,0.0,0.0,0.0,0.0,0.0,0.0,0.0,0.0,0.0,0.0,0.0,0.0,0.0,0.0,0.0,0.0,0.0,0.0,0.0,0.0,0.0,0.0,0.0,0.0,0.0,1994.5104,2023.9287,0.0,0.0,0.0,0.0,1984.4597,1994.5542,0.0,0.0,0.0,0.0,-0.5768542,0.0,0.0,0.0,0.0,0.0,1994,2023,0,0,0,0,"c(-1.12338445535408, 42.4568392573541)",NBR_year,,0.6724854321187581,0.6694112885067912,0.6658843985733195,0.6619077051634539,0.6578817479586172,0.6554228091306871,0.6525109225442967,0.6491458103238154,0.6453295717232552,0.6410666506909776,0.4002670381346005,0.4234367515602701,0.4223087802549227,0.4469047589636858,0.4573456330669779,0.4649806537615837,0.4869615187170963,0.4846383122020288,0.5110121243519804,0.520226019765247,0.5296392330367249,0.5504243405944724,0.5469128474764493,0.5750591241289121,0.5830464225383013,0.5942421155846139,0.6138252366932034,0.6091330758630757,0.6390454429778314,0.6458072274074248,0.6587886719912869,0.6771642620344404,0.6734172056332877,0.7085088540337798,0.7232783042752572,0.7404415071075192,0.7384203185072675,0.7668349501548052,0.7711517553887975,0.7029708002471969,0.6431981112071163,0.4234367515602701,N,1330.9000170230865,6600.4001121521,23.25723934173584,23.286839946111044,10.807293287913005,11.047195374965668,-0.50546875,-0.3210652683628723
61,[5752 7067],394_N,0.0055609262871238,0.0060201762377366,1994,0.542018153165455,42.44983239813664,-1.095357018484236,4.8758965,-0.0021394524,0.124607265,-0.016264899,0.029680908,0.0026071272,-0.003847264,0.0,-13.19604,0.0066826777,-0.013892673,-0.035992734,0.05180517,-0.023388973,0.0,0.022011725,0.0,0.0,0.0,0.0,0.0,0.0,0.0,0.0,0.0,0.0,0.0,0.0,0.0,0.0,0.0,0.0,0.0,0.0,0.0,0.0,0.0,0.0,0.0,0.0,0.0,0.0,0.0,0.0,0.0,0.0,0.0,0.0,1994.5104,2023.9944,0.0,0.0,0.0,0.0,1984.3037,1994.5542,0.0,0.0,0.0,0.0,-0.73450166,0.0,0.0,0.0,0.0,0.0,1994,2023,0,0,0,0,"c(-1.09535701848424, 42.4498323981366)",NBR_year,,,0.760034254132883,0.7579338748634313,0.7554717475217313,0.7532297372422525,0.7514788430349052,0.749374477214099,0.7469082807437066,0.7446781662884392,0.7429233880672275,0.7408150346577244,0.2486140090169833,0.2483685304966653,0.2635582033494654,0.2580505443535889,0.2764186404526024,0.27746550797853,0.2872512614630293,0.2948725078356563,0.2961665287887582,0.3102030400409292,0.3035017424558373,0.3234456605448852,0.3232755005288002,0.334645940067022,0.3410600656712381,0.3439045293966076,0.3567765457648246,0.3513734124784797,0.3704029084452806,0.3690175337717166,0.3819742878499997,0.3871769688255326,0.4032786449129831,0.3993670966763209,0.4172899518261362,0.4146923129421599,0.4292355327552645,0.4332235700291009,0.3915813950254438,0.7438007771778333,0.2486140090169833,N,1311.2000274658203,6818.400172472,23.136512406667073,23.088657959302267,10.729057550430298,10.975056517124177,-0.50546875,-0.3210652683628723
62,[5742 7089],394_N,0.0097196089071197,0.011037265482444,1994,0.569023766857194,42.452527343989495,-1.089428137607923,-42.99363,0.021933751,0.0,-0.06578593,-0.05384748,0.0,-0.024215328,0.0,-24.435823,0.012642629,0.1925319,0.012489744,0.09596397,0.03182438,0.007331736,0.02441549,1.8118924,-0.00060115574,0.106450416,-0.007976354,0.0018891789,0.024013588,-0.009294589,0.009195409,-22.682688,0.01149169,0.07834435,-0.061020084,0.072522685,-0.018479742,0.0129488595,0.01567534,0.0,0.0,0.0,0.0,0.0,0.0,0.0,0.0,0.0,0.0,0.0,0.0,0.0,0.0,0.0,0.0,1986.7377,1988.8157,1994.5104,2023.9287,0.0,0.0,1984.3037,1986.7568,1988.8595,1994.5789,0.0,0.0,0.546877,-0.35000372,-0.314387,0.0,0.0,0.0,1986,1988,1994,2023,0,0,"c(-1.08942813760792, 42.4525273439895)",NBR_year,,0.6143880192292469,0.6363228796436158,0.6582577089746922,0.9155198270158316,0.9281487071762612,0.7121679250003847,0.7116187600475489,0.7109843423782213,0.7104042115643365,0.7097979885707009,0.7091868292712546,0.3368324764228489,0.350226097362973,0.3617590455420834,0.3703670451833539,0.3854305209584477,0.3946557245626057,0.4073976881786468,0.4194155929215556,0.4271680109359678,0.4428555801255199,0.4524570295783924,0.4645172473550181,0.4770410259007281,0.4847928081699046,0.5002385975427769,0.5102351189681401,0.5215829398530113,0.5346337595236572,0.5426835942696404,0.5575777860717299,0.5679886672155692,0.5785929361309063,0.6005564552560722,0.6148713405669203,0.6257162972634266,0.6355454168066358,0.6497145934194004,0.6584103125386066,0.592192169177822,0.7101011000675187,0.3368324764228489,N,1311.2000274658203,6818.400172472,23.136512406667073,23.088657959302267,10.729057550430298,10.975056517124177,-0.50546875,-0.3210652683628723
63,[4320 5504],382_N,0.0094828921594644,0.0076705037540011,1991,0.6593045290692974,42.83574864426759,-1.516577055287793,-5.696355,0.003194907,0.018656064,-0.024191428,0.07443002,-0.012027455,0.019561136,0.013743378,-15.81942,0.0081169605,-0.098465666,-0.063535266,0.059138384,-0.023128277,0.0036991707,0.01823129,0.0,0.0,0.0,0.0,0.0,0.0,0.0,0.0,0.0,0.0,0.0,0.0,0.0,0.0,0.0,0.0,0.0,0.0,0.0,0.0,0.0,0.0,0.0,0.0,0.0,0.0,0.0,0.0,0.0,0.0,0.0,0.0,1991.6193,2023.8821,0.0,0.0,0.0,0.0,1984.3037,1991.9259,0.0,0.0,0.0,0.0,-0.47992036,0.0,0.0,0.0,0.0,0.0,1991,2023,0,0,0,0,"c(-1.51657705528779, 42.8357486442676)",NBR_year,,0.725329895080808,0.7280697314125485,0.7317862444040967,0.7344562083830393,0.7381043768177482,0.7411613894815877,0.7442873240179553,,0.5363955707407843,0.5603163169440355,0.5619327792319099,0.5719702039651465,0.5838100315381063,0.5800686399369206,0.6018758766347979,0.5964663082004039,0.6161138100413309,0.6208963627462911,0.6266410148431186,0.6416054283457994,0.63370068848977,0.6584835049966212,0.6562037598417931,0.671555850841802,0.6795034701869163,0.6809797081954362,0.6990338154850609,0.6898056458208068,0.7147265607827041,0.7155994502944962,0.7266484121788107,0.7377494670801872,0.7349957524067813,0.7499534095424525,0.7706083892236858,0.7746460623269532,0.7813985922700596,0.7956309484531181,0.7886996006549508,0.7560945636287575,0.7427243567497714,0.5363955707407843,N,1726.6000356674194,7034.9001269340515,22.21490281422933,22.526436805725098,10.95898265838623,11.286854251225789,-0.13647461030632257,-0.2897176109778229
64,[5756 7078],394_N,0.0066623380376581,0.0077268477669414,1994,0.560095538827121,42.44875441979548,-1.092392578046079,0.5422788,4.948308e-05,0.065535665,-0.0037299006,0.0133653125,0.032626607,0.0,0.0080208415,-2.751376,0.0016657582,0.12907016,-0.024451144,0.056682028,0.0,0.01660513,-0.023172164,-15.985392,0.008117612,0.028195523,-0.048069905,0.0611875,-0.019325424,0.007086176,0.016407728,0.0,0.0,0.0,0.0,0.0,0.0,0.0,0.0,0.0,0.0,0.0,0.0,0.0,0.0,0.0,0.0,0.0,0.0,0.0,0.0,0.0,0.0,0.0,0.0,1990.4802,1994.5104,2023.9944,0.0,0.0,0.0,1984.3037,1990.5049,1994.5789,0.0,0.0,0.0,-0.1760644,-0.5708515,0.0,0.0,0.0,0.0,1990,1994,2023,0,0,0,"c(-1.09239257804608, 42.4487544197955)",NBR_year,,0.6819630912252828,0.6981599718458652,0.6982282847780077,0.6982804275203057,0.6983166999415377,0.6983374080699969,0.6983428638448114,0.7373998908909329,0.739307641719817,0.7408788911551527,0.7425103927473372,0.2923685569250115,0.3060432538261363,0.3033942265030322,0.3219465834873415,0.3256802471133022,0.335738310745994,0.3455321212604351,0.3476701966005713,0.3630022246926146,0.3623618916173901,0.3782248990396318,0.3838896768165828,0.3914078685149461,0.4029904476433972,0.4028208062118495,0.4197428253456501,0.4210943791376356,0.4343050620415801,0.4418632375254904,0.4469055122638397,0.4602205719604599,0.4578304302318656,0.4795905543697686,0.4901946544756397,0.4996024424434608,0.502240435204045,0.5172264991385287,0.5161614024568666,0.4762706325312412,0.7400932664374849,0.2923685569250115,N,1311.2000274658203,6818.400172472,23.136512406667073,23.088657959302267,10.729057550430298,10.975056517124177,-0.50546875,-0.3210652683628723
65,[4298 5530],382_N,0.0102896385892511,0.0123580874995588,1991,0.6780168817221458,42.8416775251439,-1.509570196070332,16.979074,-0.008190626,0.06907264,-0.033790585,0.030088603,0.037520017,-0.012173015,0.0019295361,-25.555399,0.0129783135,0.04152253,-0.039164558,0.08359222,-0.025296222,0.0069348174,0.028678035,0.0,0.0,0.0,0.0,0.0,0.0,0.0,0.0,0.0,0.0,0.0,0.0,0.0,0.0,0.0,0.0,0.0,0.0,0.0,0.0,0.0,0.0,0.0,0.0,0.0,0.0,0.0,0.0,0.0,0.0,0.0,0.0,1991.6193,2023.8821,0.0,0.0,0.0,0.0,1984.3037,1991.9259,0.0,0.0,0.0,0.0,-0.49604064,0.0,0.0,0.0,0.0,0.0,1991,2023,0,0,0,0,"c(-1.50957019607033, 42.8416775251439)",NBR_year,,0.7959970562652738,0.7874803643482525,0.7795757087371847,0.7712937625925265,0.7630743384603855,0.7550195525382043,0.7464959355233391,0.7386603727033928,0.3985676673128847,0.4203442767712999,0.4150816298057991,0.4462140216405874,0.4500158602591407,0.4682251071575244,0.4829001868898875,0.4867971628099934,0.5115965336614943,0.5076959448124623,0.536238108114689,0.5434530701359516,0.5571344288815511,0.5750398560789226,0.5747504658585904,0.6024601018484852,0.6020112904645939,0.6259032301273326,0.6364904425303785,0.6457294173040614,0.666780090114356,0.6624462510704042,0.6929424411772844,0.6959372309046504,0.7152217055949476,0.7340264766146793,0.7581246648249628,0.7534127404264901,0.7830525820260479,0.7894680160809632,0.8042072078383544,0.7291261508691911,0.7507577440307718,0.3985676673128847,N,1726.6000356674194,7034.9001269340515,22.21490281422933,22.526436805725098,10.95898265838623,11.286854251225789,-0.13647461030632257,-0.2897176109778229
66,[5681 7014],394_N,0.0119727549449165,0.0117433017989729,1994,0.607112970765493,42.468966513692,-1.109640231504446,-19.307165,0.009950854,-0.044939853,-0.07945144,0.0328049,-0.008899724,-0.024565864,0.042473003,-22.997805,0.011685633,-0.046534255,-0.10141741,0.04060397,-0.0349681,0.0,0.024451628,0.0,0.0,0.0,0.0,0.0,0.0,0.0,0.0,0.0,0.0,0.0,0.0,0.0,0.0,0.0,0.0,0.0,0.0,0.0,0.0,0.0,0.0,0.0,0.0,0.0,0.0,0.0,0.0,0.0,0.0,0.0,0.0,1994.5104,2023.9287,0.0,0.0,0.0,0.0,1984.2134,1994.5789,0.0,0.0,0.0,0.0,-0.550195,0.0,0.0,0.0,0.0,0.0,1994,2023,0,0,0,0,"c(-1.10964023150445, 42.468966513692)",NBR_year,,0.6104874572689258,0.6204988839170247,0.6304192646146325,0.6402483678202082,0.649986049428228,0.6596322529620359,0.6691870096667569,0.6786504385018127,0.6880227460340113,0.6978698628329092,0.4807805599892935,0.4795238681577378,0.5028957478597381,0.5123752798823511,0.5195889048532605,0.5393876428823207,0.5397835941147237,0.5606350770601461,0.5717463312263649,0.5765489573710122,0.5978574989132144,0.5999096379466389,0.6182474681327871,0.6309780868068119,0.6333999915484312,0.6561911712989459,0.6599005760570679,0.6757352130714418,0.6900704567209535,0.6901453540586443,0.7143899041371976,0.7197551856520583,0.7331007811710065,0.7467885309616007,0.7724551398114681,0.7794724469511499,0.7903468140554958,0.8078377197924473,0.8057600557620137,0.7490235591161257,0.6929463044334603,0.4795238681577378,N,1330.9000170230865,6600.4001121521,23.25723934173584,23.286839946111044,10.807293287913005,11.047195374965668,-0.50546875,-0.3210652683628723
67,[5732 6991],394_N,0.0045450066133486,0.0054405762796173,1994,0.481735278155295,42.45522228984237,-1.115838606966047,-46.89567,0.023773855,0.06977734,-0.059441008,0.06921206,-0.007975153,0.0055783927,0.014125665,-11.132852,0.005661471,-0.017318523,-0.05977875,0.060430218,-0.029826978,9.335408e-05,0.020336684,0.0,0.0,0.0,0.0,0.0,0.0,0.0,0.0,0.0,0.0,0.0,0.0,0.0,0.0,0.0,0.0,0.0,0.0,0.0,0.0,0.0,0.0,0.0,0.0,0.0,0.0,0.0,0.0,0.0,0.0,0.0,0.0,1994.5104,2023.9287,0.0,0.0,0.0,0.0,1984.3037,1994.5542,0.0,0.0,0.0,0.0,-0.5534724,0.0,0.0,0.0,0.0,0.0,1994,2023,0,0,0,0,"c(-1.11583860696605, 42.4552222898424)",NBR_year,,0.3558648960387654,0.3810031805907805,0.4046387224520956,0.4281440223379988,0.4522290927773187,0.4760984008425297,0.4997311898996264,0.523244024439546,0.5473268015593884,0.5711935917639878,0.5948236253052672,0.2983373554047106,0.2967952646235774,0.3119371932135559,0.3075293451022704,0.3210623884714537,0.3261399528649839,0.3260001503152261,0.3402185781641015,0.3348114925307426,0.3498050724182936,0.353892109233469,0.3551638957977045,0.368449968688159,0.3620456839029096,0.3785007109592548,0.3815939270107105,0.3842858304512928,0.3966311975406815,0.3892323155774977,0.4071488809970575,0.4092455372133065,0.4133653051330431,0.4163718108704899,0.4357491852279988,0.4368470993195199,0.4424016926632081,0.4528426415550633,0.4451273813221209,0.424762125510416,0.5592601966616881,0.2983373554047106,N,1330.9000170230865,6600.4001121521,23.25723934173584,23.286839946111044,10.807293287913005,11.047195374965668,-0.50546875,-0.3210652683628723
68,[5923 6753],394_N,0.0017419143668555,0.0054240358115202,1994,0.42557757890454,42.40374882405255,-1.17997831826435,62.053764,-0.03105845,-0.023959385,-0.06444903,0.019693468,-0.027052803,-0.013002726,0.010783201,200.46358,-0.100726515,-0.1293737,-0.08815541,0.0,-0.12929581,0.0,0.0,0.36318016,0.0,-0.055910934,-0.07911755,0.04643501,-0.048774753,0.020318326,0.039679985,-10.741898,0.0055280766,-0.058876112,-0.07767705,0.0297555,-0.06650817,0.0064691952,0.02514429,0.0,0.0,0.0,0.0,0.0,0.0,0.0,0.0,0.0,0.0,0.0,0.0,0.0,0.0,0.0,0.0,1986.2312,1987.7206,1994.5104,2023.9944,0.0,0.0,1984.2134,1986.3872,1987.9834,1994.5542,0.0,0.0,0.24509482,0.26733887,-0.41900414,0.0,0.0,0.0,1986,1987,1994,2023,0,0,"c(-1.17997831826435, 42.4037488240525)",NBR_year,,0.5138389078495279,0.482752173093604,0.6122043852038808,,0.5568601472446673,0.55771697422757,0.5576910450570504,0.5567702810160263,0.5576150832702363,0.5577678434903184,0.4539010970827512,0.4649044533887072,0.4705254953235445,0.4704512207501867,0.4844906200922946,0.4736140252229849,0.4957543059904298,0.4912863412383272,0.5043427406365486,0.5083917808364229,0.5103503664751715,0.5228530732562274,0.5139375401976684,0.5346156003450866,0.5285853804219561,0.5436928702544996,0.5461677504957765,0.5501668333530043,0.5611233417469357,0.5541859535101893,0.573385169619113,0.565799207352161,0.5829540736681725,0.5898994463127676,0.5993015969083437,0.5943577175529593,0.612062752164549,0.6029288847285674,0.6221256600075237,0.5838539982932371,0.5576914633802774,0.4649044533887072,N,1330.9000170230865,6600.4001121521,23.25723934173584,23.286839946111044,10.807293287913005,11.047195374965668,-0.49884440898895266,-0.3467488618567586
69,[4317 5514],382_N,0.0075960199325005,0.0120896359973311,1991,0.5917526530557814,42.83655712802345,-1.513882109434924,-11.87681,0.0062719723,0.06567603,-0.02596706,0.07218611,0.0,-0.018533532,-0.0003297650299999,-25.900658,0.013142715,-0.0023563937,-0.047125135,0.06430745,-0.024882538,0.0016733556,0.019140612,0.0,0.0,0.0,0.0,0.0,0.0,0.0,0.0,0.0,0.0,0.0,0.0,0.0,0.0,0.0,0.0,0.0,0.0,0.0,0.0,0.0,0.0,0.0,0.0,0.0,0.0,0.0,0.0,0.0,0.0,0.0,0.0,1991.6193,2023.8821,0.0,0.0,0.0,0.0,1984.5227,1992.1449,0.0,0.0,0.0,0.0,-0.43552494,0.0,0.0,0.0,0.0,0.0,1991,2023,0,0,0,0,"c(-1.51388210943492, 42.8365571280235)",NBR_year,,0.641018468476162,0.6831021146007477,0.6895645685544811,0.6959380304821423,0.7022228466932676,0.7084194759555038,0.7145284862939636,0.7205505516126196,0.4031992192177888,0.4024147435688498,0.4283272869440383,0.4421385795644483,0.4411793188802917,0.4683284103296041,0.4809904774510758,0.4820678183374358,0.5082491370996992,0.5197549500756987,0.5228952045500994,0.5480884129395539,0.5584321262300973,0.5636595754931307,0.5878452642526647,0.5970222264042497,0.6043590837771416,0.6275187996472364,0.6355255627726508,0.644991939164412,0.6671082113229623,0.6739425390652051,0.6855564110207344,0.7066127763530764,0.7122736503198751,0.7460318578627552,0.7505194825183699,0.7664735938651943,0.7853649060990926,0.7886807121065913,0.8068231627183028,0.7260508307010257,0.7114739811247337,0.4031992192177888,N,1726.6000356674194,7034.9001269340515,22.21490281422933,22.526436805725098,10.95898265838623,11.286854251225789,-0.13647461030632257,-0.2897176109778229
70,[5749 7051],394_N,0.010444403189149,0.0129733322743057,1994,0.685888006373947,42.45064088189249,-1.099668931848828,-7.6812444,0.0042498442,0.15511674,-0.019819666,0.06416482,0.0090141725,0.03942902,-0.013732065,10.712657,-0.0050283433,0.07541847,0.0051309657,0.036671396,0.017254082,0.011635699,-0.0035065,-26.769724,0.013519376,0.0825009,-0.04825501,0.09271591,-0.009620462,0.014490731,0.03243234,0.0,0.0,0.0,0.0,0.0,0.0,0.0,0.0,0.0,0.0,0.0,0.0,0.0,0.0,0.0,0.0,0.0,0.0,0.0,0.0,0.0,0.0,0.0,0.0,1987.8766,1994.5104,2023.9944,0.0,0.0,0.0,1984.3037,1987.9642,1994.5542,0.0,0.0,0.0,-0.31934303,-0.67212313,0.0,0.0,0.0,0.0,1987,1994,2023,0,0,0,"c(-1.09966893184883, 42.4506408818925)",NBR_year,,0.8352153450763786,0.954507544376334,0.958869948293159,0.962901141763845,0.8200310795578681,0.814587106668113,0.809970439564057,0.8046012396526837,0.7999029695727918,0.7946088556324292,0.7898286463395857,0.3049853856278293,0.3206543283781782,0.3283984373417335,0.3483015466340471,0.3572074015735743,0.3748639141764385,0.3864409456276363,0.4001127496760796,0.4150773310528424,0.4238306404947148,0.4428996278265883,0.4513885958816935,0.46967966272409,0.4807101287898242,0.4951878648479275,0.5094726139334353,0.5192039133640237,0.5374621839746571,0.54555737444536,0.5644520311139452,0.5749603139258889,0.5902120590839949,0.6145194152508132,0.6319906703858265,0.6397148531228312,0.6591824570644005,0.6691927790620045,0.6851866838826464,0.6038415852473293,0.7972559126026105,0.3049853856278293,N,1311.2000274658203,6818.400172472,23.136512406667073,23.088657959302267,10.729057550430298,10.975056517124177,-0.50546875,-0.3210652683628723
71,[5676 7005],394_N,0.0083460997357994,0.008706255981352,1994,0.569649077224725,42.47031398661844,-1.112065682772029,-22.86734,0.0117373895,-0.008828927,-0.044233955,0.030030599,0.0,-0.012267812,0.022670943,-17.831118,0.0090874685,-0.050851554,-0.07418159,0.04070304,-0.02464006,-0.010970213,0.01812993,0.0,0.0,0.0,0.0,0.0,0.0,0.0,0.0,0.0,0.0,0.0,0.0,0.0,0.0,0.0,0.0,0.0,0.0,0.0,0.0,0.0,0.0,0.0,0.0,0.0,0.0,0.0,0.0,0.0,0.0,0.0,0.0,1994.5104,2023.9287,0.0,0.0,0.0,0.0,1984.2134,1994.6418,0.0,0.0,0.0,0.0,-0.3950749,0.0,0.0,0.0,0.0,0.0,1994,2023,0,0,0,0,"c(-1.11206568277203, 42.4703139866184)",NBR_year,,0.5189358528084512,0.5304686037465788,0.5419481355864243,0.5533743922316491,0.5647473669398181,0.5768295646485014,0.588874770011311,0.6008699065035492,0.6128144468242529,0.6247079092411261,,0.449350213971488,0.4613258978429176,0.4742106096597833,0.4721875522007349,0.4910807126504852,0.4999140550395491,0.5001906935993538,0.5197612340039792,0.524526846898792,0.5316727612092866,0.5473431554816252,0.548078766016212,0.5621544072005523,0.5738168959988617,0.570613315241921,0.5915872445726171,0.5991876762142341,0.6015332065825613,0.6199368863372946,0.6234753335985286,0.6327181547235827,0.6471834627659805,0.662886587413394,0.6733218803062502,0.6709274694752861,0.691994288629011,0.6983618185837239,0.7027876582836364,0.6467138813838637,0.6187611780326895,0.449350213971488,N,1330.9000170230865,6600.4001121521,23.25723934173584,23.286839946111044,10.807293287913005,11.047195374965668,-0.50546875,-0.3210652683628723
72,[4244 4919],294_N,0.0061415774638165,0.0070721642389807,2000,0.6370043450807772,42.8562302327494,-1.674231387680679,-0.68317395,0.00066541426,-0.08731334,-0.06253742,0.0,0.0,0.0,0.0,-24.654806,0.012608733,-0.15213731,-0.10225213,0.03059364,-0.03357719,0.0,0.024413878,-14.994374,0.00768567,-0.12606817,-0.095510535,0.005002837,-0.045593098,-0.018273156,-0.00069646497,0.0,0.0,0.0,0.0,0.0,0.0,0.0,0.0,0.0,0.0,0.0,0.0,0.0,0.0,0.0,0.0,0.0,0.0,0.0,0.0,0.0,0.0,0.0,0.0,1985.6616,2000.6432,2023.8821,0.0,0.0,0.0,1984.3037,1985.7931,2000.7965,0.0,0.0,0.0,-0.25318334,-0.3767488,0.0,0.0,0.0,0.0,1985,2000,2023,0,0,0,"c(-1.67423138768068, 42.8562302327494)",NBR_year,,0.744837610692476,0.7455047765869655,0.6451234886793471,0.657239628760547,0.6690959751175908,0.6806940774585459,0.6920360561106653,0.7045379776178133,0.7184309297819592,0.7320691107903694,0.745450088392257,0.758572005888935,0.7714335870155212,0.7840341389099822,0.7963735531633908,0.8084523049509341,,0.5730992953052476,0.580820698731336,0.5885126596456437,0.5961749084602417,0.6038071826243304,0.6114092270854854,0.6189807947450318,0.6265216469120274,0.6340315537528014,0.6415102947363456,0.6489576590739776,0.6563734461555427,0.6637574659768896,0.6711095395627824,0.6784294993820016,0.6857171897543132,0.7001952010822129,0.707385273484205,0.7145425800848625,0.7221753665855888,0.7303423073760509,0.7384848979517177,0.6929724672502043,0.8024129290571624,0.5730992953052476,N,1477.8000330924988,6216.700133919716,23.91165402730306,23.855032912890117,11.927323404947916,12.259393676122029,-0.4656738266348839,-0.422401258846124
73,[5899 6829],394_N,0.0031214823506338,0.0021879988901862,1994,0.425412871621429,42.41021669409944,-1.159496729782539,35.824593,-0.017819004,0.18354417,-0.123944215,0.16724527,-0.081395276,0.059543606,-0.033104494,-178.80492,0.09002875,0.012515,-0.05887063,0.079984024,-0.050703414,0.023642369,0.0,-17.826035,0.009157384,0.07269473,-0.08560722,0.07748891,0.0011826917,0.010587731,0.07344164,-5.2841487,0.0028176445,-0.0064358786,-0.10252392,0.04633204,-0.03948412,0.0005592587,0.023479296,0.0,0.0,0.0,0.0,0.0,0.0,0.0,0.0,0.0,0.0,0.0,0.0,0.0,0.0,0.0,0.0,1988.8595,1991.4686,1994.5104,2023.9944,0.0,0.0,1984.2134,1988.8842,1991.4878,1994.5542,0.0,0.0,-0.34493402,-0.18880662,-0.32267478,0.0,0.0,0.0,1988,1991,1994,2023,0,0,"c(-1.15949672978254, 42.4102166940994)",NBR_year,,,0.7664395083047766,0.7479819793121409,0.7308865340726478,0.712839166308443,0.4370530411536933,0.5270752313278243,0.5457186676745769,0.5550578206294157,0.5641667593944535,0.5483480809065467,0.4785165363280676,0.4803865589938826,0.4874720449986104,0.4805565438596239,0.4941239480812368,0.4856565214196106,0.4985601420222014,0.4973719080337426,0.5009254152186497,0.5067575854992107,0.5014162817989152,0.5138299450196236,0.5040052837006379,0.5186659605849411,0.5161476938413563,0.5214002520211072,0.5259641014345509,0.5222202518152389,0.5334595494195133,0.5222765141317925,0.5386999889260431,0.5348440202399665,0.5450913314148069,0.5429668272928543,0.5530121231350008,0.5423970669401216,0.5586612357006899,0.5534610855304012,0.5418097059729668,0.5596122900119346,0.4785165363280676,N,1330.9000170230865,6600.4001121521,23.25723934173584,23.286839946111044,10.807293287913005,11.047195374965668,-0.49884440898895266,-0.3467488618567586
74,[3039 4797],304_N,0.0063168201269239,0.0037488655793743,1989,0.7457248659142427,43.18097120802022,-1.707109727085691,-9.565082,0.0050450675,-0.17273626,-0.19472142,0.043898217,0.039897554,-0.006063832,0.014646366,-5.958692,0.0032016817,-0.27426994,-0.19199881,0.033120155,-0.021115346,0.0,0.07207288,0.0,0.0,0.0,0.0,0.0,0.0,0.0,0.0,0.0,0.0,0.0,0.0,0.0,0.0,0.0,0.0,0.0,0.0,0.0,0.0,0.0,0.0,0.0,0.0,0.0,0.0,0.0,0.0,0.0,0.0,0.0,0.0,1989.7794,2023.9014,0.0,0.0,0.0,0.0,1984.3037,1989.8671,0.0,0.0,0.0,0.0,-0.3687019,0.0,0.0,0.0,0.0,0.0,1989,2023,0,0,0,0,"c(-1.70710972708569, 43.1809712080202)",NBR_year,,0.7707675054908826,0.7759432655394707,0.7806139137110033,0.7860905952860807,0.7906598091958839,0.7961375770598287,0.8374434711111822,0.821443745309758,0.8374069811685741,0.8560758328261788,0.8690275717458018,0.8758900602135911,0.8764883130724085,0.870852676943728,0.8592178115883318,0.8442409963592026,0.8669700957408714,0.8843956906264249,0.8960040723082102,0.9014662499553152,0.9006530122704911,0.8936410574746282,0.8807098977966713,0.874674210135092,0.8962645029066232,0.9124207826986696,0.9226691181577932,0.9267244295150568,0.9245035903463632,0.916129493413681,0.9019258858451686,0.9048646249172831,0.9252835825763672,0.949020334093216,0.9516645612921422,0.9480423528638,0.9383225340634234,0.922872369136615,0.9348042582994328,0.9401465065317808,0.7883752022409822,0.8374434711111822,N,2519.700078010559,9929.700184822083,21.05417947769165,21.363773783047993,11.75977217356364,12.062874456246695,-0.2714192677289248,-0.37399495523422954
75,[4306 5543],382_N,0.0072583610874832,0.0063800252399449,1991,0.5778689631756767,42.839521568461606,-1.506066766461601,-9.690997,0.005158703,0.03154354,-0.018876862,0.046548128,0.012274313,0.0,-0.003814665,-13.106722,0.0066899373,-0.040058896,-0.03603567,0.04006683,-0.024457106,-0.0019216321,0.008361119,0.0,0.0,0.0,0.0,0.0,0.0,0.0,0.0,0.0,0.0,0.0,0.0,0.0,0.0,0.0,0.0,0.0,0.0,0.0,0.0,0.0,0.0,0.0,0.0,0.0,0.0,0.0,0.0,0.0,0.0,0.0,0.0,1991.6193,2023.8821,0.0,0.0,0.0,0.0,1984.3037,1991.9259,0.0,0.0,0.0,0.0,-0.43370956,0.0,0.0,0.0,0.0,0.0,1991,2023,0,0,0,0,"c(-1.5060667664616, 42.8395215684616)",NBR_year,,0.5951563821565949,0.6086623634283065,0.6139127543580403,0.6187975047342783,0.6242660900574496,0.6291374856058878,0.6345405657103008,0.6396275169182601,0.3211931041624425,0.3388036835431199,0.3402610070506531,0.3499462223069913,0.3574849095998586,0.3589001577782016,0.372474605632679,0.3698113640452246,0.3851818203038069,0.3885113557259231,0.3956355523349916,0.4050543945927004,0.4039412478665937,0.4193401446195857,0.4185067216077778,0.4313440957181301,0.436555106134174,0.4411191266195568,0.452407659126779,0.4487936089613423,0.4659871099890151,0.4670061401057558,0.4772928635030244,0.4843885301195088,0.4864014967301581,0.4964535418681625,0.5124162773638307,0.5153044626355698,0.5230311712293925,0.5320085682766947,0.5314878595314523,0.49954318616408,0.6318390256580944,0.3211931041624425,N,1726.6000356674194,7034.9001269340515,22.21490281422933,22.526436805725098,10.95898265838623,11.286854251225789,-0.13647461030632257,-0.2897176109778229
76,[5554 6068],387_N,0.0077631864394201,0.0106910648999237,1992,0.4650065706516301,42.50319232602345,-1.364582109185934,3.8409495,-0.0016461561,0.12356101,-0.024835782,0.052295916,-0.009533704,0.0,0.0031377445,-22.440386,0.011387817,-0.017051125,-0.054556932,0.031083515,-0.030876463,0.0015604778,0.009524226,0.0,0.0,0.0,0.0,0.0,0.0,0.0,0.0,0.0,0.0,0.0,0.0,0.0,0.0,0.0,0.0,0.0,0.0,0.0,0.0,0.0,0.0,0.0,0.0,0.0,0.0,0.0,0.0,0.0,0.0,0.0,0.0,1992.5392,2023.9479,0.0,0.0,0.0,0.0,1984.2134,1992.6267,0.0,0.0,0.0,0.0,-0.402303,0.0,0.0,0.0,0.0,0.0,1992,2023,0,0,0,0,"c(-1.36458210918593, 42.5031923260235)",NBR_year,,,0.7185555763663845,0.7171642280596657,0.7150336780221813,0.7138958861226415,0.7118102140336328,0.710557458476013,0.7087334324557641,0.707149788504123,0.3552101662236556,0.3685502576641202,0.3790326941510321,0.3865632014382409,0.3940260984207561,0.4108300323472109,0.4251219273880754,0.4366227153211221,0.4451880945209873,0.4508186481058418,0.4661410769416584,0.4813504157176703,0.4938517839111795,0.5034520985697318,0.5101006489110793,0.5211588498590102,0.53724595923181,0.5507241318004642,0.5613531313818173,0.5690314642221309,0.5759005337938929,0.5928207512897524,0.6072461481647558,0.6188913309422375,0.6333801819917093,0.6480888416674941,0.6634263244267123,0.6760690495379125,0.6858170787824635,0.6926123946345254,0.6276049329086489,0.7096454454658886,0.3552101662236556,N,1418.900025010109,5787.800113499165,24.47205743789673,24.957279260953268,11.99361866315206,12.423774870236715,-0.24096680283546448,-0.3317749048117548
77,[5919 6757],394_N,0.0040791837274254,0.0017374374160088,1994,0.545987863950067,42.404826802393686,-1.178900339923202,31.717907,-0.015743459,-0.0025708713,-0.19345883,0.068880856,-0.0035735387,-0.011702915,0.0,-4.7707667,0.002633786,-0.055611555,-0.15918113,0.060089014,-0.056117408,-0.0009881567,0.04971827,-2.2671027,0.0013593063,-0.10365986,-0.16503099,0.026235903,-0.08027479,0.00898317,0.029274363,0.0,0.0,0.0,0.0,0.0,0.0,0.0,0.0,0.0,0.0,0.0,0.0,0.0,0.0,0.0,0.0,0.0,0.0,0.0,0.0,0.0,0.0,0.0,0.0,1986.2312,1994.5542,2023.9944,0.0,0.0,0.0,1984.2134,1986.3872,1994.598,0.0,0.0,0.0,0.21017897,-0.18640503,0.0,0.0,0.0,0.0,1986,1994,2023,0,0,0,"c(-1.1789003399232, 42.4048268023937)",NBR_year,,0.7125163932025479,0.6968289675014856,0.7224294009277286,0.7240458810652287,0.7267197066161322,0.7303379533509907,0.7323948850174244,0.7340473569370358,0.738118227204113,0.7406190061609093,0.7103868945945031,0.696419117812711,0.7103666202267962,0.7093533586307708,0.705317039401568,0.7168150364498383,0.6978132685522842,0.7188444407956199,0.7128344516472896,0.7156926089935703,0.7224245479431447,0.70780996861237,0.7265414789307056,0.7154971219690192,0.7253553229602736,0.7272092687535483,0.7192412574357084,0.7334393615304723,0.7173523673206197,0.7342754563180383,0.7311678661328884,0.7300147689648843,0.7395243828565418,0.7424275425001945,0.7343038283811372,0.7400945158821177,0.7447875968170865,0.7329444626862964,0.7497905604116257,0.721149858406506,0.7393686166825111,0.696419117812711,N,1330.9000170230865,6600.4001121521,23.25723934173584,23.286839946111044,10.807293287913005,11.047195374965668,-0.49884440898895266,-0.3467488618567586
78,[5917 6745],394_N,0.0014939419846903,0.0027758495418579,1994,0.411421406597347,42.40536579156427,-1.182134274946645,2.1548638,-0.00089577545,-0.029437553,-0.09299112,0.06457972,-0.047780566,0.009230542,0.018089948,-5.7585354,0.0030514335,-0.065476075,-0.108966716,0.020567482,-0.05465457,-0.0019503216,0.021629846,0.0,0.0,0.0,0.0,0.0,0.0,0.0,0.0,0.0,0.0,0.0,0.0,0.0,0.0,0.0,0.0,0.0,0.0,0.0,0.0,0.0,0.0,0.0,0.0,0.0,0.0,0.0,0.0,0.0,0.0,0.0,0.0,1994.5104,2023.9944,0.0,0.0,0.0,0.0,1984.2134,1994.5542,0.0,0.0,0.0,0.0,-0.27104643,0.0,0.0,0.0,0.0,0.0,1994,2023,0,0,0,0,"c(-1.18213427494665, 42.4053657915643)",NBR_year,,0.54726152075322,0.5464149036038335,0.5454934221839421,0.5444965144441043,0.5434236706148105,0.5422744338440008,0.541048400787217,0.539745222149496,0.5383646031784673,0.5374320268279127,0.4946146098964709,0.5091102126806113,0.5012922316604067,0.5139275738763844,0.5132492041176931,0.5165799226040628,0.5229872023613972,0.5171966664445982,0.5304638576779649,0.521335446419283,0.5356909159163896,0.5336932960092715,0.5387347915619521,0.5438457553372421,0.5397153118084251,0.5517406665577796,0.5413068763713665,0.5573796892625063,0.5540620683393178,0.5608191849600886,0.5646272035177711,0.5621692962282466,0.5729404247645825,0.5789933357440088,0.5743560456405685,0.5828322135912158,0.5853317399492977,0.5845574232259128,0.5940629816480444,0.5615912229821922,0.53789831500319,0.5091102126806113,N,1330.9000170230865,6600.4001121521,23.25723934173584,23.286839946111044,10.807293287913005,11.047195374965668,-0.49884440898895266,-0.3467488618567586
79,[3074 4827],304_N,0.0012367102798706,0.0041295289493775,1989,0.7028175446541903,43.17153889753517,-1.699024889527082,8.808719,-0.0041922745,-0.19426765,-0.17358704,0.027109366,-0.025470374,0.0,0.0,-9.663409,0.005049051,-0.23066798,-0.14476609,0.024219524,-0.044893105,0.0053372663,0.046902396,0.0,0.0,0.0,0.0,0.0,0.0,0.0,0.0,0.0,0.0,0.0,0.0,0.0,0.0,0.0,0.0,0.0,0.0,0.0,0.0,0.0,0.0,0.0,0.0,0.0,0.0,0.0,0.0,0.0,0.0,0.0,0.0,1989.8671,2023.8821,0.0,0.0,0.0,0.0,1984.3475,1990.0422,0.0,0.0,0.0,0.0,-0.22533552,0.0,0.0,0.0,0.0,0.0,1989,2023,0,0,0,0,"c(-1.69902488952708, 43.1715388975352)",NBR_year,,0.7811149305654118,0.7768731259083496,0.7726273914410283,0.7684041927159065,0.7642678952362061,0.760127591626816,0.751721764166436,0.7551298853717033,0.7572803871963317,0.7581950824955201,0.7579053155657894,0.7564515678754005,0.7538829636171854,0.7545883493730378,0.7677743334226851,0.7798895601257947,0.790877561470567,0.8006905412052872,0.8092898686611778,0.8166464690740027,0.8227411059451742,0.8275645523264523,0.8311176492825953,0.8334112511836544,0.8344660588749517,0.8343123431539864,0.8329895623309502,0.8305458789498114,0.8293267622980403,0.8426313964526645,0.8548722677421635,0.8659919510364519,0.87594163005384,0.8921816834622305,0.8984214983794674,0.9033906691005916,0.9070888843424592,0.9095258581093338,0.9107211756058634,0.8846816026937987,0.7663360439760563,0.751721764166436,N,2669.300033569336,10320.300218582153,22.026339880625407,22.41362637678782,12.944137001037598,13.133110427856446,-0.2714192677289248,-0.37399495523422954
80,[5761 6951],394_N,0.0109208691694286,0.0083209524712843,1994,0.676172628194317,42.44740694686904,-1.126618390377526,-22.844145,0.011844075,0.04852405,-0.056933343,0.10613714,0.014088509,0.045549188,0.04975899,0.6395101,0.0,-0.003991,-0.051100902,0.059443314,0.0,0.0017532755,0.03385044,-15.002378,0.007737539,0.0,-0.10471194,0.1287213,-0.033997074,0.059763968,0.023050988,0.0,0.0,0.0,0.0,0.0,0.0,0.0,0.0,0.0,0.0,0.0,0.0,0.0,0.0,0.0,0.0,0.0,0.0,0.0,0.0,0.0,0.0,0.0,0.0,1988.728,1994.5104,2023.9287,0.0,0.0,0.0,1984.3037,1988.8157,1994.598,0.0,0.0,0.0,-0.17065468,-0.33577535,0.0,0.0,0.0,0.0,1988,1994,2023,0,0,0,"c(-1.12661839037753, 42.447406946869)",NBR_year,,,0.7866368070810075,0.7986401753774954,0.8100471306975442,0.8335156657258807,0.7619112128637165,0.7619683253408666,0.7620219087399783,0.7620719535726457,0.7621184504997104,0.6348717821027009,0.6196448930636327,0.6489789918211758,0.6528258187357312,0.6538511803625753,0.674249238910776,0.6653508382702481,0.6851599746965119,0.6946674531138008,0.6875372817483211,0.7125329310444798,0.709798796988042,0.7204541251810443,0.7353170465398374,0.7205922381736377,0.7497823150907219,0.7529988455414385,0.7549398362193674,0.7748163192399838,0.765238885417786,0.7860639424893198,0.7949718150129217,0.7886995510269906,0.8098229286393133,0.8214505258109734,0.8357487835915969,0.8218187209455671,0.8505742591163988,0.8531574415307615,0.8132158455091367,0.762095202036178,0.6196448930636327,N,1330.9000170230865,6600.4001121521,23.25723934173584,23.286839946111044,10.807293287913005,11.047195374965668,-0.49884440898895266,-0.3467488618567586
81,[5574 6073],387_N,0.011625865229244,0.0151254098412537,1992,0.649363930792229,42.49780243431771,-1.363234636259499,-17.453281,0.009135796,0.0723893,-0.02483255,0.030224364,-0.004949759,0.0053852648,0.00381439,-31.761608,0.016073113,0.00072881405,-0.052783832,0.021116199,-0.031008018,0.0,0.013600167,0.0,0.0,0.0,0.0,0.0,0.0,0.0,0.0,0.0,0.0,0.0,0.0,0.0,0.0,0.0,0.0,0.0,0.0,0.0,0.0,0.0,0.0,0.0,0.0,0.0,0.0,0.0,0.0,0.0,0.0,0.0,0.0,1992.5392,2023.9479,0.0,0.0,0.0,0.0,1984.2134,1992.6267,0.0,0.0,0.0,0.0,-0.9195054,0.0,0.0,0.0,0.0,0.0,1992,2023,0,0,0,0,"c(-1.3632346362595, 42.4978024343177)",NBR_year,,,0.7597269103470349,0.7689317246715628,0.7779189837899381,0.7872207997124212,0.7961495547063645,0.8054823147146392,0.8145169013271765,0.8237171639973906,0.3544565666346673,0.3722334035330158,0.3872890646807404,0.3995371209208029,0.4125858927808873,0.4336234406797856,0.4523029049558091,0.4683291384302093,0.4815596102327214,0.4920132806413764,0.5125002033879572,0.5320459547263928,0.5490252176329368,0.563240451697326,0.5746537979134038,0.5911036021894238,0.6114732323784565,0.6293812064793829,0.6445765516751087,0.6569647634597429,0.6694522583920971,0.6905976455717647,0.7094034314603951,0.7255672600538147,0.7495284439753072,0.769434223245225,0.7891005927012013,0.8062143827307432,0.8205702999291522,0.8321223581824296,0.7389386513112768,0.8099996080209078,0.3544565666346673,N,1359.3000297546387,5615.30009573698,24.413520495096844,24.866845162709556,11.712131770451863,12.163728328545888,-0.24729817705228924,-0.3394653324736282
82,[5158 6745],368_N,0.0026702524651908,0.0029947451327357,1989,0.5939039247165578,42.60991218179709,-1.182134274946645,-98.35107,0.04982155,-0.09941397,-0.14248921,0.0,0.0,0.0,0.0,23.276772,-0.011422927,-0.096544355,0.006585344,-0.015598984,0.0,0.0043057036,0.032177605,-5.9010944,0.0031950723,-0.14807811,-0.14700317,0.03351895,-0.07797466,0.023457462,0.034983966,0.0,0.0,0.0,0.0,0.0,0.0,0.0,0.0,0.0,0.0,0.0,0.0,0.0,0.0,0.0,0.0,0.0,0.0,0.0,0.0,0.0,0.0,0.0,0.0,1985.9054,1989.5413,2023.8821,0.0,0.0,0.0,1984.2134,1986.3872,1989.585,0.0,0.0,0.0,-0.25834614,-0.15659173,0.0,0.0,0.0,0.0,1985,1989,2023,0,0,0,"c(-1.18213427494665, 42.6099121817971)",NBR_year,,0.6985340538900618,0.7483695751397078,0.6922058186104005,0.6808701077748823,0.6694551078879429,0.767087099556008,0.7713611252497833,0.7620911757235124,0.7458386900308366,0.7710923981192077,0.7847123875757375,0.7852048540027885,0.7721482454594784,0.7690668692268688,0.7912573896350239,0.8012934324320331,0.7979707260810571,0.7811831228551428,0.7915012407941207,0.8104557187252706,0.8168117979218062,0.809665451291677,0.7892269388709975,0.813086415130051,0.8286519919689075,0.8312560279044977,0.8203027991462258,0.8098532354470687,0.8337720880597266,0.8458172559860644,0.8446217489978565,0.829903478721956,0.8327367917465898,0.8619292550308264,0.8569117105522774,0.8384949576779628,0.8548013982790716,0.8722717611215692,0.8769726293451657,0.8535134856877624,0.6751626078314126,0.7713611252497833,N,1841.700026512146,7384.200138092041,22.571997197469077,22.440771786371865,10.193367179234823,10.632575341065724,-0.30449218563735486,-0.36642252686433496
83,[5682 7007],394_N,0.0082656837144168,0.0108151616474566,1994,0.555494655146899,42.46869701910671,-1.111526693601455,-16.26408,0.008402338,-0.030394636,-0.073154196,0.041692205,-0.011468033,-0.011362664,0.025668658,-22.350698,0.011334656,-0.054663554,-0.09656445,0.03819671,-0.035751306,-0.0031072032,0.025215453,0.0,0.0,0.0,0.0,0.0,0.0,0.0,0.0,0.0,0.0,0.0,0.0,0.0,0.0,0.0,0.0,0.0,0.0,0.0,0.0,0.0,0.0,0.0,0.0,0.0,0.0,0.0,0.0,0.0,0.0,0.0,0.0,1994.5104,2023.9287,0.0,0.0,0.0,0.0,1984.2134,1994.6418,0.0,0.0,0.0,0.0,-0.5572386,0.0,0.0,0.0,0.0,0.0,1994,2023,0,0,0,0,"c(-1.11152669360145, 42.4686970191067)",NBR_year,,0.5530797240993015,0.561527322404142,0.5699074719128914,0.5782198877691949,0.5864643421103519,0.5946406643606108,0.6027487414638508,0.6107885180551031,0.6187599965713584,0.6270920713955733,,0.4400717111995657,0.4428766546909669,0.4652427199367131,0.4707941407069857,0.4814001297716501,0.499399546251617,0.5002678859529747,0.5188214363248091,0.532284882723109,0.5297944040705347,0.5550731509636375,0.5638924701612474,0.5690386104358812,0.5901034049549646,0.5942334378755421,0.6072362323470968,0.6238767859005732,0.6233360768754443,0.6443096856993626,0.656374944148699,0.6561682374240829,0.680196146520237,0.695104445297347,0.7148486489016594,0.7175589984927684,0.7329690859603638,0.7482368987465864,0.7462946586557982,0.6875968930750573,0.6229260339834659,0.4400717111995657,N,1330.9000170230865,6600.4001121521,23.25723934173584,23.286839946111044,10.807293287913005,11.047195374965668,-0.50546875,-0.3210652683628723
84,[5908 6775],394_N,0.003840653385001,0.0009726580457061374,1994,0.529852890239895,42.407791242831856,-1.174049437388036,-3.0605724,0.0017814504,-0.0060378667,-0.12854792,0.08970364,-0.0405174,0.023375269,0.037695996,-0.5038048,0.00048151304,-0.049735792,-0.14369193,0.04764448,-0.069270164,0.026982572,0.037999105,0.0,0.0,0.0,0.0,0.0,0.0,0.0,0.0,0.0,0.0,0.0,0.0,0.0,0.0,0.0,0.0,0.0,0.0,0.0,0.0,0.0,0.0,0.0,0.0,0.0,0.0,0.0,0.0,0.0,0.0,0.0,0.0,1994.5542,2023.9944,0.0,0.0,0.0,0.0,1984.2134,1994.598,0.0,0.0,0.0,0.0,-0.20598896,0.0,0.0,0.0,0.0,0.0,1994,2023,0,0,0,0,"c(-1.17404943738804, 42.4077912428319)",NBR_year,,0.6817730067408614,0.681924879578039,0.684336864905874,0.6873649947819911,0.6893026793227323,0.690104454566261,0.6903132115775761,0.6939265642147835,0.6964787189159489,0.697919194195075,0.6873221758308824,0.670079972329459,0.6852934945575014,0.6828396685916962,0.6777366254319843,0.6892832392544643,0.6662377133978491,0.6895510134661319,0.6814220679606534,0.6840598652779618,0.6903132281618922,0.6734764492573956,0.692940393588628,0.6790556283002742,0.6896155874932535,0.6903988205841173,0.680912737744631,0.6954324930813293,0.675750349520433,0.6943606604718306,0.6895331332435818,0.6876591706363151,0.6970041321193853,0.6982571065633201,0.6877158101150325,0.6936652899062439,0.6976383191292217,0.6838570540251994,0.7012724518819873,0.676045664231291,0.6971989565555119,0.670079972329459,N,1330.9000170230865,6600.4001121521,23.25723934173584,23.286839946111044,10.807293287913005,11.047195374965668,-0.49884440898895266,-0.3467488618567586
85,[4219 4908],294_N,0.014354226606948,0.0169292509602437,2000,0.614565600278434,42.86296759738158,-1.677195828118836,-24.218927,0.012374598,-0.06790501,-0.05645505,0.015401524,-0.027908528,0.0,0.018789558,-35.306156,0.01778996,-0.03033102,-0.029268406,0.05610027,-0.029888397,-0.0013441484,0.01685312,0.0,0.0,0.0,0.0,0.0,0.0,0.0,0.0,0.0,0.0,0.0,0.0,0.0,0.0,0.0,0.0,0.0,0.0,0.0,0.0,0.0,0.0,0.0,0.0,0.0,0.0,0.0,0.0,0.0,0.0,0.0,0.0,2000.6432,2023.8821,0.0,0.0,0.0,0.0,1984.3037,2001.4098,0.0,0.0,0.0,0.0,-0.54781383,0.0,0.0,0.0,0.0,0.0,2000,2023,0,0,0,0,"c(-1.67719582811884, 42.8629675973816)",NBR_year,,0.471757423104786,0.4865097018469875,0.4976951913402112,0.5095933209699356,0.5236831267739898,0.5342024699141955,0.5473072990337569,0.5607311956293464,0.5705876965250891,0.5848982017922217,0.5976540180832708,0.606852215636266,0.6223651083366897,0.6344519397489575,0.6447252053065379,0.659707333932349,,0.4243614600997178,0.4376407274101218,0.4604087518925546,0.4712690677373759,0.4961325931344582,0.5071217846121877,0.531531999630056,0.5446041705713626,0.5666072627437195,0.5817836485229441,0.6013599483341573,0.6186535469034234,0.6357928894370257,0.6552083952262049,0.669910172735752,0.6914439512372952,0.7273572220731044,0.7372202568999476,0.7629464793045919,0.7747969415556664,0.798211267782253,0.8121545155103657,0.7037171189000004,0.6522162696194435,0.4243614600997178,N,1477.8000330924988,6216.700133919716,23.91165402730306,23.855032912890117,11.927323404947916,12.259393676122029,-0.4656738266348839,-0.422401258846124
86,[5752 7047],394_N,0.0074199952496779,0.0078839707219675,1994,0.543179527821212,42.44983239813664,-1.100746910189976,0.5764657,0.0,0.08451358,-0.037720762,0.066473536,0.0,0.010504319,0.005729279,-17.166065,0.008688657,0.0,-0.04224893,0.052757658,-0.017225258,0.0050604735,0.022699086,0.0,0.0,0.0,0.0,0.0,0.0,0.0,0.0,0.0,0.0,0.0,0.0,0.0,0.0,0.0,0.0,0.0,0.0,0.0,0.0,0.0,0.0,0.0,0.0,0.0,0.0,0.0,0.0,0.0,0.0,0.0,0.0,1994.5104,2023.9944,0.0,0.0,0.0,0.0,1984.3037,1994.5542,0.0,0.0,0.0,0.0,-0.6200154,0.0,0.0,0.0,0.0,0.0,1994,2023,0,0,0,0,"c(-1.10074691018998, 42.4498323981366)",NBR_year,,,0.6834766909134304,0.6837101838406481,0.6834260248737515,0.6827712129029475,0.6834820163206738,0.6837099322678019,0.6834198203893059,0.682781653839604,0.6834872817976234,0.6837096163997404,0.2713032728444559,0.2761740776757632,0.2908577257862817,0.2880925867616474,0.3084032490928456,0.3095396693358749,0.3240188073054689,0.3314994296889619,0.337835382538086,0.351429030748364,0.3500305483528156,0.3693411377744428,0.369294841512448,0.3853046501842017,0.3916262222149084,0.3994413066060265,0.4119314073239397,0.4119205575839739,0.4302124561175846,0.4289826872838073,0.4465280867597646,0.4516837853507155,0.4723646279151191,0.4737611530144744,0.4910166285290115,0.488603773060574,0.5076882195210365,0.5116723215817535,0.4609906190370057,0.6831344678186138,0.2713032728444559,N,1330.9000170230865,6600.4001121521,23.25723934173584,23.286839946111044,10.807293287913005,11.047195374965668,-0.50546875,-0.3210652683628723
87,[4220 4894],294_N,0.0238387477326132,0.0192251852043252,2000,0.5059184414367274,42.86269810279629,-1.680968752312854,-18.164206,0.009327942,0.0018105838,-0.01164675,0.0013863607,-0.015730908,0.0,0.0,-34.706455,0.017474277,0.04458999,0.0003966826,0.036364444,-0.012947692,-0.012701262,0.0053508338,0.0,0.0,0.0,0.0,0.0,0.0,0.0,0.0,0.0,0.0,0.0,0.0,0.0,0.0,0.0,0.0,0.0,0.0,0.0,0.0,0.0,0.0,0.0,0.0,0.0,0.0,0.0,0.0,0.0,0.0,0.0,0.0,2000.6432,2023.8821,0.0,0.0,0.0,0.0,1984.3037,2001.1908,0.0,0.0,0.0,0.0,-0.6512186,0.0,0.0,0.0,0.0,0.0,2000,2023,0,0,0,0,"c(-1.68096875231285, 42.8626981027963)",NBR_year,,0.364421516808061,0.3740290942992321,0.3830506890568088,0.3925006781745245,0.4020009844719303,0.4109105206457929,0.4205603402627172,0.4299521587909063,0.4387492192492785,0.4486002171372422,0.4578824772394497,0.4668699941532896,0.4766200493033706,0.4857918281002074,0.49497495219344,0.5046196041349889,0.5121533046277327,0.2882645721491993,0.3561555899700215,0.3758517600384503,0.3926075918837563,0.4074583108122657,0.4279717550347085,0.4455014866198116,0.460276661903824,0.479873037692437,0.4981936599201347,0.5136801058542715,0.5315534875369367,0.5506782216986535,0.5669017173276455,0.5830121494270498,0.6029502032961147,0.634249281393824,0.6550056325009165,0.6727682762357039,0.6877515079185913,0.7068416022206271,0.7253994617045729,0.6199335313392225,0.49979727816421443,0.2882645721491993,N,1477.8000330924988,6216.700133919716,23.91165402730306,23.855032912890117,11.927323404947916,12.259393676122029,-0.4656738266348839,-0.422401258846124
88,[5744 7106],394_N,0.011036083940135,0.012035754106467,1994,0.488759326902885,42.45198835481892,-1.084846729658044,-42.942623,0.02193192,0.04853802,-0.033872075,0.0,-0.0027211637,-0.009383369,0.002824069,-35.105747,0.01785537,0.059040565,-0.04320409,0.042331915,-0.01589879,-0.0017111548,-0.014298854,-24.671412,0.012420806,-0.007650876,-0.04653457,0.046652026,-0.03572081,0.001786623,0.0066547436,0.0,0.0,0.0,0.0,0.0,0.0,0.0,0.0,0.0,0.0,0.0,0.0,0.0,0.0,0.0,0.0,0.0,0.0,0.0,0.0,0.0,0.0,0.0,0.0,1990.4365,1994.5104,2023.9287,0.0,0.0,0.0,1984.3037,1990.4802,1994.5789,0.0,0.0,0.0,-0.18329512,-0.537628,0.0,0.0,0.0,0.0,1990,1994,2023,0,0,0,"c(-1.08484672965804, 42.4519883548189)",NBR_year,,,0.665443417166671,0.6872494856763123,0.7092675120569008,0.7312399312326718,0.7530490121568088,0.7750610720825419,0.5410283304032271,0.5587883558111617,0.576754863118451,0.5946653382201105,0.2058835554684456,0.2218182641257582,0.2352962633496846,0.2412934260521749,0.2610639751691207,0.2689275204933154,0.283301615662817,0.2977794304015005,0.3023050018407155,0.3229916974218348,0.3318860241786775,0.344708061299493,0.3601760295600053,0.3634030639702674,0.3848362797719641,0.3947585976023814,0.406039038284337,0.4224862971343348,0.4267407357042521,0.4465986375977858,0.4575448802514197,0.4672960715461037,0.4899954310920446,0.5082797856355558,0.5202446203175178,0.5284807711361279,0.5468493186588049,0.5531663067262202,0.4847105767696429,0.5677716094648064,0.2058835554684456,N,1311.2000274658203,6818.400172472,23.136512406667073,23.088657959302267,10.729057550430298,10.975056517124177,-0.50546875,-0.3210652683628723
89,[5754 7061],394_N,0.0071248525670132,0.0083118796636181,1994,0.521332600214027,42.44929340896605,-1.096973985995958,5.352752,-0.0024216056,0.108475216,-0.013565073,0.061886378,-0.002311234,0.011672007,0.0,-17.849451,0.009006367,0.0022622757,-0.04098395,0.057290822,-0.028658975,0.007407203,0.01526042,0.0,0.0,0.0,0.0,0.0,0.0,0.0,0.0,0.0,0.0,0.0,0.0,0.0,0.0,0.0,0.0,0.0,0.0,0.0,0.0,0.0,0.0,0.0,0.0,0.0,0.0,0.0,0.0,0.0,0.0,0.0,0.0,1994.5104,2023.9944,0.0,0.0,0.0,0.0,1984.3037,1994.5542,0.0,0.0,0.0,0.0,-0.54522395,0.0,0.0,0.0,0.0,0.0,1994,2023,0,0,0,0,"c(-1.09697398599596, 42.449293408966)",NBR_year,,,0.6883336585294946,0.6861052621360648,0.6832238795692892,0.6802680225908937,0.6786528674173137,0.6764173719469706,0.6735285471813303,0.6705938668460344,0.6689719993062806,0.6667294006612138,0.2217827833492779,0.2221138022754018,0.2405136293083726,0.2406274582076192,0.257407046184344,0.2635091200146796,0.2725668870684627,0.2844884029436742,0.2861382226269524,0.3035662879915161,0.3025681072893634,0.3207924350960547,0.3257971520189159,0.3362625862851912,0.3471290725660294,0.3501145776201343,0.3665556967028157,0.3644459274158166,0.384117848741925,0.3880203766216407,0.3999030232596692,0.4097046584442775,0.429481419731027,0.4267020538640975,0.4473825695883375,0.4501790310276367,0.4634872271692869,0.4722150840273003,0.414041643231511,0.6697829330761575,0.2217827833492779,N,1311.2000274658203,6818.400172472,23.136512406667073,23.088657959302267,10.729057550430298,10.975056517124177,-0.50546875,-0.3210652683628723
90,[5739 6970],394_N,0.009478877023461,0.0125641109528003,1994,0.460268675264488,42.45333582774536,-1.121497993257074,-14.1049185,0.007311504,-0.025997378,-0.047543313,0.024946965,-0.0064663454,-0.013842036,0.016162537,15.189076,-0.0074285488,-0.04822194,-0.053453278,0.02603056,-0.015566462,-0.01988182,0.017852083,-26.728525,0.013464841,-0.037444346,-0.04020683,0.032760847,-0.024097152,0.0,0.019355712,0.0,0.0,0.0,0.0,0.0,0.0,0.0,0.0,0.0,0.0,0.0,0.0,0.0,0.0,0.0,0.0,0.0,0.0,0.0,0.0,0.0,0.0,0.0,0.0,1990.0231,1994.5104,2023.9287,0.0,0.0,0.0,1984.3037,1990.0422,1994.5542,0.0,0.0,0.0,-0.09107658,-0.5325241,0.0,0.0,0.0,0.0,1990,1994,2023,0,0,0,"c(-1.12149799325707, 42.4533358277454)",NBR_year,,0.5038440149844164,0.5109009043674676,0.518353742598457,0.5257940485569423,0.5329272011330088,0.5402090686178984,0.5268036589868731,0.5193092166127975,0.5117260753817241,0.5043510230279505,0.2345019738850057,0.2551401386164988,0.2603159849920118,0.2805467899696457,0.2930975115823116,0.3025345237338041,0.3224190154082251,0.326832134252456,0.3481960276201359,0.35996543242414,0.3705323975909135,0.3896584340442683,0.3933131670227713,0.4158069644126366,0.4267950565370401,0.4384951504975372,0.4568583947660418,0.4597595279812843,0.4833793807760479,0.4935866262887891,0.5064223576725064,0.5240189212052538,0.5262356292292332,0.5603404063661265,0.574313614828601,0.5911400603642641,0.594450034443363,0.6184078876036749,0.6270566835747367,0.5509130798446512,0.5080385492048374,0.2551401386164988,N,1330.9000170230865,6600.4001121521,23.25723934173584,23.286839946111044,10.807293287913005,11.047195374965668,-0.50546875,-0.3210652683628723
91,[4228 4901],294_N,0.0133117256177447,0.0152522365502649,2000,0.5558771716081989,42.86054214611399,-1.679082290215845,-29.21079,0.014887354,0.0004818829,-0.010497706,0.010450371,-0.015576443,0.0056281993,-0.020345656,-31.516697,0.015902478,0.051379398,-0.019326739,0.033320375,-0.01462373,-0.0121919,0.003252125,0.0,0.0,0.0,0.0,0.0,0.0,0.0,0.0,0.0,0.0,0.0,0.0,0.0,0.0,0.0,0.0,0.0,0.0,0.0,0.0,0.0,0.0,0.0,0.0,0.0,0.0,0.0,0.0,0.0,0.0,0.0,0.0,2000.6432,2023.7726,0.0,0.0,0.0,0.0,1984.3037,2001.1908,0.0,0.0,0.0,0.0,-0.6800982,0.0,0.0,0.0,0.0,0.0,2000,2023,0,0,0,0,"c(-1.67908229021585, 42.860542146114)",NBR_year,,,0.3749437070555451,0.3894152345493523,0.4054799175294668,0.4192246336810863,0.4344793342857899,0.4500996935720394,0.4634324362218175,0.4794594077099345,0.4946390221883865,0.5075693100743482,0.5243556456406517,0.539099252838514,0.5525010059762998,0.569168461687946,0.5834819391851507,0.5976783229997794,0.3859144591116248,0.4049190138815615,0.4189714124757754,0.435459995863559,0.4524730872003488,0.4645924703709322,0.4842130463306832,0.4992311683344235,0.514171115718199,0.532160878749914,0.5452171672942969,0.5633142763715432,0.579306084629924,0.5926953249727603,0.6116564990828904,0.6256658294600428,0.6591929517433102,0.6712707452807524,0.6909591901169243,0.7059337897966064,0.7209433020783366,0.7388893325384372,0.6422237241604066,0.5763252004365483,0.3859144591116248,N,1477.8000330924988,6216.700133919716,23.91165402730306,23.855032912890117,11.927323404947916,12.259393676122029,-0.4656738266348839,-0.422401258846124
92,[3043 4788],304_N,-0.0053664076354635,0.0006483641334711742,1989,0.7392132692254125,43.17989322967907,-1.709535178353274,-2.0820851,0.0012868191,-0.17407812,-0.19118395,0.06491211,0.023337303,0.002292549,0.034099534,-3.1066597,0.0018030608,-0.22422326,-0.18263425,0.03227943,-0.03241947,0.0,0.06902303,0.0,0.0,0.0,0.0,0.0,0.0,0.0,0.0,0.0,0.0,0.0,0.0,0.0,0.0,0.0,0.0,0.0,0.0,0.0,0.0,0.0,0.0,0.0,0.0,0.0,0.0,0.0,0.0,0.0,0.0,0.0,0.0,1989.8671,2023.9014,0.0,0.0,0.0,0.0,1984.3037,1990.0422,0.0,0.0,0.0,0.0,-0.3199034,0.0,0.0,0.0,0.0,0.0,1989,2023,0,0,0,0,"c(-1.70953517835327, 43.1798932296791)",NBR_year,,0.8172641886658583,0.8189075719565899,0.8198662544245662,0.8214691476196724,0.8224673341178943,0.8240297615848843,0.8735727236441022,0.8690299867449501,0.86271451565277,0.8546978674292454,0.8467406854667845,0.8594252419074667,0.8706383832120068,0.8802703967507777,0.8882271991342884,0.8944316472854166,0.8988246130523101,0.901365805496885,0.902034328798984,0.9008289676902236,0.8977681964337111,0.8928899115257636,0.8862508924473118,0.8779259988775253,0.8741211412218238,0.8865400063135257,0.8974658554825109,0.9067917840454692,0.9144267784250624,0.9202969844461412,0.9243467359377276,0.9265393284634842,0.9268575268519764,0.9219002741309716,0.9166884222873084,0.909728467113256,0.9010985341283612,0.9014537559101592,0.9136026972644888,0.9253037991986462,0.8219682408687834,0.8735727236441022,N,2519.700078010559,9929.700184822083,21.05417947769165,21.363773783047993,11.75977217356364,12.062874456246695,-0.2714192677289248,-0.37399495523422954
93,[4291 5544],382_N,0.0070258760889664,0.0079232724988598,1991,0.5057921591150208,42.84356398724091,-1.505797271876314,4.2969966,-0.0018841784,0.05096015,0.01181369,0.032159552,0.001994835,-0.00017267896,0.004301743,-16.263672,0.008328838,0.0,-0.0007594732,0.034582302,-0.02953108,0.0,0.008067166,0.0,0.0,0.0,0.0,0.0,0.0,0.0,0.0,0.0,0.0,0.0,0.0,0.0,0.0,0.0,0.0,0.0,0.0,0.0,0.0,0.0,0.0,0.0,0.0,0.0,0.0,0.0,0.0,0.0,0.0,0.0,0.0,1991.6193,2023.8821,0.0,0.0,0.0,0.0,1984.3037,1992.4515,0.0,0.0,0.0,0.0,-0.5949171,0.0,0.0,0.0,0.0,0.0,1991,2023,0,0,0,0,"c(-1.50579727187631, 42.8435639872409)",NBR_year,,,0.6306537698040807,0.628917979293163,0.6268078501632788,0.6251397386367668,0.6231639599198517,0.6213114416080316,0.6194718806987857,0.3826085436615696,0.3883632663810889,0.4018269484528653,0.4116414906725227,0.4177379241064016,0.4203415549951347,0.4335823199857367,0.44482749255362,0.4523457999387609,0.4562506376257927,0.464808488893716,0.4774569437391218,0.4864141182771986,0.4916793215252372,0.4955275462483234,0.5095351469272266,0.5199311284058257,0.526600122545161,0.5297224872389455,0.5410739936387673,0.5528915794962941,0.560991366728717,0.5654407327746088,0.5720918323067491,0.5852968284394668,0.600666776424827,0.6030308087415918,0.6171548556117263,0.6281294546344277,0.6353754412275991,0.6390277160402218,0.5948375233754902,0.6222377007639417,0.3826085436615696,N,1726.6000356674194,7034.9001269340515,22.21490281422933,22.526436805725098,10.95898265838623,11.286854251225789,-0.13647461030632257,-0.2897176109778229
94,[4247 4925],294_N,0.0126618975865993,0.0147408446891043,2000,0.4571984484044493,42.855421748993535,-1.672614420168957,541.9609,-0.27276558,0.0297315,-0.029821157,0.0,0.0,0.0,0.0,-128.07886,0.06461133,-0.046257965,0.0061810524,0.0,0.0,0.0,0.0,-27.590271,0.014047234,-0.018453319,-0.028137282,0.019234193,-0.012118693,-0.0029580875,0.0064448877,-31.216274,0.015733339,0.042554993,-0.03512951,0.04685843,-0.042754747,0.0,0.0,0.0,0.0,0.0,0.0,0.0,0.0,0.0,0.0,0.0,0.0,0.0,0.0,0.0,0.0,0.0,0.0,1987.1073,1989.0785,2000.6432,2023.8821,0.0,0.0,1984.3037,1987.3263,1989.6041,2001.0813,0.0,0.0,0.26625693,-0.14624871,-0.505759,0.0,0.0,0.0,1987,1989,2000,2023,0,0,"c(-1.67261442016896, 42.8554217489935)",NBR_year,,,,,0.4014806046485484,0.4660913376894542,0.4185880972800998,0.4334046215542174,0.4467870022562974,0.4614892955026894,0.4749783663463069,0.4895663498886,0.5031621727958944,0.5176357927269993,0.5313384064763012,0.5456976336916081,0.5595070538896608,,0.3615909808950443,0.3748729564130857,0.3904127476987977,0.4086562411584342,0.4249004688280412,0.4390346941448946,0.451836125814109,0.4708275612066249,0.4878791041435009,0.5028575310112571,0.5156876708453271,0.5326947178118864,0.5505326748659288,0.5663435061606135,0.5800286123970082,0.5942683354318378,0.6294961612165012,0.6440301886624163,0.656407874677131,0.6748948716314769,0.6923205160398217,0.7076936383158805,0.6128683967462311,0.5526023437906344,0.3615909808950443,N,1477.8000330924988,6216.700133919716,23.91165402730306,23.855032912890117,11.927323404947916,12.259393676122029,-0.4656738266348839,-0.422401258846124
95,[4323 5508],382_N,0.0088352211459023,0.012935507336935,1991,0.6469225468376316,42.83494016051173,-1.515499076946645,0.6752745,0.0,0.011952285,-0.020897085,0.028577177,-0.01885612,-0.025533598,0.0,-27.289396,0.013851348,-0.033775788,-0.043108217,0.0468082,-0.010756196,-0.009948014,0.029018058,0.0,0.0,0.0,0.0,0.0,0.0,0.0,0.0,0.0,0.0,0.0,0.0,0.0,0.0,0.0,0.0,0.0,0.0,0.0,0.0,0.0,0.0,0.0,0.0,0.0,0.0,0.0,0.0,0.0,0.0,0.0,0.0,1991.9259,2023.8821,0.0,0.0,0.0,0.0,1984.3037,1992.1449,0.0,0.0,0.0,0.0,-0.5685742,0.0,0.0,0.0,0.0,0.0,1991,2023,0,0,0,0,"c(-1.51549907694664, 42.8349401605117)",NBR_year,,0.730427119090079,0.733641438978435,0.7332461691513942,0.7335892499304763,0.7334057980591979,0.7334980307204906,0.7335261302385961,0.7333679399773149,0.4403681712207543,0.4414003931838722,0.4697185934528753,0.4811426989628812,0.484544276950266,0.5116932975362917,0.5218232742176375,0.5276116363064001,0.5535732930282626,0.5624107177083881,0.5706005302826059,0.5953579907268461,0.6029059596260053,0.6135091040102927,0.6370469127702293,0.643310038396647,0.656335591443813,0.6786396934168324,0.6836240992943029,0.6990783179594556,0.7201360796663093,0.7238493929022396,0.7417357028266358,0.761535931718813,0.7639872734229503,0.802839223273241,0.8040391968409212,0.8267886080697524,0.8440460416627762,0.844006718941066,0.8691814568409093,0.7843062615487442,0.7335120804795434,0.4403681712207543,N,1726.6000356674194,7034.9001269340515,22.21490281422933,22.526436805725098,10.95898265838623,11.286854251225789,-0.13647461030632257,-0.2897176109778229
96,[5731 7077],394_N,0.0121439303581702,0.0130626077389593,1994,0.655556339501014,42.45549178442765,-1.092662072631366,8.566581,-0.003967542,0.023960197,-0.020252338,-0.0030611085,0.001107659,-0.019880295,0.0,-26.58984,0.013407924,-0.009207095,-0.038504243,0.036378,-0.020027017,0.0025917732,0.0174979,0.0,0.0,0.0,0.0,0.0,0.0,0.0,0.0,0.0,0.0,0.0,0.0,0.0,0.0,0.0,0.0,0.0,0.0,0.0,0.0,0.0,0.0,0.0,0.0,0.0,0.0,0.0,0.0,0.0,0.0,0.0,0.0,1994.5104,2023.9287,0.0,0.0,0.0,0.0,1984.3037,1994.5789,0.0,0.0,0.0,0.0,-0.71235955,0.0,0.0,0.0,0.0,0.0,1994,2023,0,0,0,0,"c(-1.09266207263137, 42.4554917844277)",NBR_year,,,0.734413703374961,0.7301782432551941,0.7259487165509599,0.7224195891686823,0.7185425693798576,0.7143030102317675,0.7100852797764875,0.7065523773023734,0.7026713903534256,0.698427731031542,0.247643951016041,0.2664549114480307,0.2799704925832383,0.2879890947250795,0.3083636028068923,0.3157833516725832,0.332904264221474,0.3475099724108341,0.3539286531315652,0.3752983213989628,0.3838323973257304,0.3992699056779896,0.4149556641812069,0.419797852828782,0.4421421573614342,0.4517901481804106,0.4655535688018915,0.48230760490526,0.4858520074730453,0.5088961057952273,0.5196558127408665,0.5317571098891497,0.5542120537942499,0.5755613025080282,0.5874287489889956,0.5978825045908075,0.6167311339212564,0.6224847303407661,0.5495659822749318,0.7046118838278995,0.247643951016041,N,1311.2000274658203,6818.400172472,23.136512406667073,23.088657959302267,10.729057550430298,10.975056517124177,-0.50546875,-0.3210652683628723
97,[5724 7021],394_N,0.0031808673682856,0.0042082106698056,1994,0.629207137496399,42.457378246524655,-1.107753769407438,1.0025439,-0.00018486439,0.02210494,-0.00683865,0.0,0.031816848,-0.0016969226,0.01712308,-8.733405,0.0046306066,0.009156435,-0.031133734,0.013995401,0.010574528,-0.0036327357,0.015250519,0.0,0.0,0.0,0.0,0.0,0.0,0.0,0.0,0.0,0.0,0.0,0.0,0.0,0.0,0.0,0.0,0.0,0.0,0.0,0.0,0.0,0.0,0.0,0.0,0.0,0.0,0.0,0.0,0.0,0.0,0.0,0.0,1994.5104,2023.9287,0.0,0.0,0.0,0.0,1984.3037,1994.5542,0.0,0.0,0.0,0.0,-0.18575352,0.0,0.0,0.0,0.0,0.0,1994,2023,0,0,0,0,"c(-1.10775376940744, 42.4573782465247)",NBR_year,,0.6677061686869232,0.6775816247141553,0.6779432693099314,0.6778047047115126,0.6771538610353104,0.6768509471651241,0.6772071104878125,0.6770628944712268,0.6764063018443797,0.6761202097604915,0.6764708895243928,0.5511047427628231,0.5559153292726741,0.5582574600214147,0.5659184689428219,0.5670090796042514,0.5744153420034442,0.5788939778795643,0.5816793267600353,0.5890683956885738,0.5897822824912121,0.5977122234556244,0.6018535720045314,0.6050911744503306,0.6122012793577682,0.6125355746490629,0.6209950299086003,0.624793964968169,0.6284925927629058,0.6353168588254713,0.6352689561589362,0.644263411700301,0.6477150233308795,0.6584148839203313,0.658492175195786,0.6675170270723675,0.6706166270805288,0.6752625201262515,0.6814951157047573,0.6518831753277752,0.6762632558024355,0.5511047427628231,N,1330.9000170230865,6600.4001121521,23.25723934173584,23.286839946111044,10.807293287913005,11.047195374965668,-0.50546875,-0.3210652683628723
98,[5722 6985],394_N,0.0021801783019166,0.0060857597696521,1994,0.643121408119633,42.457917235695234,-1.117455574477769,11.378411,-0.0054707467,-0.14519322,-0.10479929,0.023644434,-0.024585309,-0.0037782702,0.027804157,-13.779529,0.007105678,-0.14885928,-0.15200295,0.022387125,-0.062234305,-0.00075949385,0.028098559,0.0,0.0,0.0,0.0,0.0,0.0,0.0,0.0,0.0,0.0,0.0,0.0,0.0,0.0,0.0,0.0,0.0,0.0,0.0,0.0,0.0,0.0,0.0,0.0,0.0,0.0,0.0,0.0,0.0,0.0,0.0,0.0,1994.5104,2023.9287,0.0,0.0,0.0,0.0,1984.2134,1994.5542,0.0,0.0,0.0,0.0,-0.27731118,0.0,0.0,0.0,0.0,0.0,1994,2023,0,0,0,0,"c(-1.11745557447777, 42.4579172356952)",NBR_year,,0.7593850548185921,0.7540714632775576,0.7486806864884079,0.743212639988121,0.7376672958147863,0.7320446824711374,0.7263448848287262,0.7205680439725035,0.7147143569863124,0.7087840766795899,0.6582245238377724,0.6843738584418813,0.6842373495962536,0.692636888831762,0.7052676946204824,0.6952747499514645,0.7201830896061034,0.7186974692997786,0.729065261183127,0.740365088240867,0.7322694884263927,0.7559252007839488,0.7530920930499028,0.7654304670983136,0.7753945404109701,0.7692078702176264,0.7915999516180608,0.7874216468660247,0.8017319508682288,0.8103561684026799,0.8060890538349251,0.8272071358198753,0.8216865875883048,0.8452501230471471,0.8429122258872797,0.8627465812395071,0.8558874024737749,0.8741416902528323,0.8800765885447959,0.8379691889461601,0.7117492168329511,0.6843738584418813,N,1330.9000170230865,6600.4001121521,23.25723934173584,23.286839946111044,10.807293287913005,11.047195374965668,-0.50546875,-0.3210652683628723
99,[5899 6816],394_N,0.0010426093846935,0.0008339276199102741,1994,0.450651976545517,42.41021669409944,-1.16300015939127,0.39805695,0.0,0.033971246,-0.123051226,0.084063776,-0.033960883,-2.1008596e-05,0.016370011,-34.458523,0.017505882,0.01649712,-0.090375595,0.065688774,0.00072742434,0.0,0.04687088,-2.1211495,0.0012527994,-0.016322274,-0.10092862,0.04553675,-0.04272942,0.0058327443,0.027172796,0.0,0.0,0.0,0.0,0.0,0.0,0.0,0.0,0.0,0.0,0.0,0.0,0.0,0.0,0.0,0.0,0.0,0.0,0.0,0.0,0.0,0.0,0.0,0.0,1988.9033,1994.5104,2023.9944,0.0,0.0,0.0,1984.2134,1988.928,1994.5542,0.0,0.0,0.0,-0.24128813,-0.35905996,0.0,0.0,0.0,0.0,1988,1994,2023,0,0,0,"c(-1.16300015939127, 42.4102166940994)",NBR_year,,0.5566651428706131,0.5567341082967997,0.5567675369457065,0.5567651003966577,0.5567264822051855,0.5227751201864449,0.540674201207343,0.5581171866219464,0.5751165739043306,0.593022292612492,0.5258983277807585,0.5312606830321224,0.5225021473682908,0.5350971291468636,0.5232446705635267,0.53647372995559,0.532653728032167,0.5355398754429573,0.5395077479347612,0.5325045503200897,0.5438095736056018,0.5304644516510736,0.5456309668939366,0.5403400050999583,0.5451096436155455,0.5476676223419202,0.5424440976940504,0.5524372819990228,0.5378864066482075,0.5547081765688124,0.5479392354303279,0.5546061707288289,0.5557401089748895,0.5609796274118992,0.5480895390252081,0.563704326984427,0.5554517425921016,0.5640280578083782,0.5637250914225768,0.5523190216267031,0.5840694332584113,0.5312606830321224,N,1330.9000170230865,6600.4001121521,23.25723934173584,23.286839946111044,10.807293287913005,11.047195374965668,-0.49884440898895266,-0.3467488618567586
100,[5910 6788],394_N,0.0017660882959921,0.0024334811892845,1994,0.57159955265449,42.40725225366128,-1.170546007779305,0.47064778,0.0,-0.027579965,-0.14376254,0.04470009,0.034915093,0.0,0.0,-20.089415,0.010346124,-0.038507838,-0.114591815,0.09252513,-0.008329345,0.018527357,0.057321105,-5.5044847,0.0029861098,-0.056902178,-0.14451417,0.049462497,-0.043548845,0.015332007,0.05019802,0.0,0.0,0.0,0.0,0.0,0.0,0.0,0.0,0.0,0.0,0.0,0.0,0.0,0.0,0.0,0.0,0.0,0.0,0.0,0.0,0.0,0.0,0.0,0.0,1986.2312,1994.5104,2023.9944,0.0,0.0,0.0,1984.2134,1986.3872,1994.5542,0.0,0.0,0.0,0.16975562,-0.2765806,0.0,0.0,0.0,0.0,1986,1994,2023,0,0,0,"c(-1.17054600777931, 42.4072522536613)",NBR_year,,0.6706410253220225,0.670648647125607,0.7025588685534234,0.7109435409174046,0.7232705373484608,0.7321411280436108,0.7438219913742667,0.7534510261382594,0.7642151659382097,0.7745951534847725,0.6763989978776612,0.6908760973391911,0.6720519575644631,0.6971241558453362,0.6858135208452802,0.6997065388191518,0.7005096475167726,0.6988970110903983,0.7113117358266347,0.6950619872266838,0.7182584252095364,0.7046838949858193,0.7214999491438665,0.7200941216821688,0.7212916731594432,0.73161564177592,0.7179838793065878,0.7392661010980431,0.723424687326373,0.7431754992051383,0.7395457211248812,0.7435804529845859,0.751787279202128,0.7601459557803454,0.7420369279375987,0.764731320318912,0.7588647608897359,0.7657609145270449,0.7718262434394009,0.7408146480239652,0.769405159711491,0.6908760973391911,N,1330.9000170230865,6600.4001121521,23.25723934173584,23.286839946111044,10.807293287913005,11.047195374965668,-0.49884440898895266,-0.3467488618567586
101,[3053 4783],304_N,0.0007792326089493207,0.0048863006454161,1989,0.6821962313393586,43.1771982838262,-1.710882651279709,17.44989,-0.008529213,-0.14980581,-0.1923596,0.04740058,-0.018352969,-0.011763529,0.017872987,-11.845336,0.006143641,-0.17090052,-0.13567738,0.034678537,-0.035696093,0.0017907836,0.031720098,0.0,0.0,0.0,0.0,0.0,0.0,0.0,0.0,0.0,0.0,0.0,0.0,0.0,0.0,0.0,0.0,0.0,0.0,0.0,0.0,0.0,0.0,0.0,0.0,0.0,0.0,0.0,0.0,0.0,0.0,0.0,0.0,1989.8671,2023.9014,0.0,0.0,0.0,0.0,1984.4543,1990.0422,0.0,0.0,0.0,0.0,-0.2658654,0.0,0.0,0.0,0.0,0.0,1989,2023,0,0,0,0,"c(-1.71088265127971, 43.1771982838262)",NBR_year,,0.8331711214598266,0.8243322846352398,0.8158739431511726,0.8075756856629889,0.798606625261263,0.7903841775763725,0.6766389205369171,0.6793299799266335,0.6808532106763205,0.6812408946687135,0.6805350835816637,0.6870459494383812,0.699803192747926,0.7115560786347487,0.722247485048751,0.731829202748484,0.7402625430695027,0.747518824002791,0.7535797278541896,0.7584375256072478,0.7620951650436626,0.7645662216433767,0.7658747132693835,0.7660547816057373,0.7651502452378616,0.7743649334452397,0.7869394022638481,0.798498204867386,0.8089858316234264,0.8183558080397488,0.826571280409255,0.8336054783709574,0.8394420479981837,0.8475100266996514,0.8497619184491517,0.8508568620765805,0.8508308434725617,0.8497294282921041,0.8616507244197339,0.8440752508920077,0.803091155462126,0.6766389205369171,N,2519.700078010559,9929.700184822083,21.05417947769165,21.363773783047993,11.75977217356364,12.062874456246695,-0.2714192677289248,-0.37399495523422954
102,[5712 6998],394_N,0.0042987319149998,0.007660164259519,1994,0.474154061478299,42.46061218154811,-1.113952144869038,0.9582977,-0.00029321664,-0.065535866,-0.07759731,0.039717253,-0.021906596,-0.009532117,0.032809194,-16.816015,0.0085510425,-0.098745145,-0.10027226,0.034523103,-0.04288072,0.0,0.032622635,0.0,0.0,0.0,0.0,0.0,0.0,0.0,0.0,0.0,0.0,0.0,0.0,0.0,0.0,0.0,0.0,0.0,0.0,0.0,0.0,0.0,0.0,0.0,0.0,0.0,0.0,0.0,0.0,0.0,0.0,0.0,0.0,1994.5104,2023.9287,0.0,0.0,0.0,0.0,1984.2134,1994.5542,0.0,0.0,0.0,0.0,-0.36007154,0.0,0.0,0.0,0.0,0.0,1994,2023,0,0,0,0,"c(-1.11395214486904, 42.4606121815481)",NBR_year,,0.5526028272374462,0.5518485205084919,0.5510139690312132,0.5510451956098873,0.5512430252096872,0.5513622557814947,0.55140238112346,0.5513629616390926,0.5512436247960977,0.551044065513777,0.4460720877954965,0.4685929236798453,0.4658586731312921,0.4820943722074639,0.4914952702445562,0.4900865832548445,0.5113927725681193,0.5073931693935104,0.525495284459851,0.5336185856147933,0.5340459570767723,0.5541281182831159,0.5488682648945657,0.5688344015467404,0.5756782821515015,0.577949418731189,0.5967988690116516,0.5902845813526346,0.6121112842310045,0.6176746549543117,0.6217962088702262,0.6394049701340807,0.6316427726033473,0.6596080349993785,0.6655855998795308,0.6819464042330132,0.6729435240746588,0.6984767682004752,0.7014787888540919,0.6553255289716575,0.5511438451549373,0.4685929236798453,N,1330.9000170230865,6600.4001121521,23.25723934173584,23.286839946111044,10.807293287913005,11.047195374965668,-0.50546875,-0.3210652683628723
103,[4255 4909],294_N,0.0060210244736442,0.0075229117769977,2000,0.4122085934143614,42.85326579231124,-1.676926333533549,-11.580068,0.005983611,-0.0356711,-0.007871112,0.043115254,-0.019868428,0.01956723,0.014846768,-15.539538,0.007882173,-0.046846837,-0.02217083,0.03379615,-0.035264652,0.00012999271,0.0012595248,0.0,0.0,0.0,0.0,0.0,0.0,0.0,0.0,0.0,0.0,0.0,0.0,0.0,0.0,0.0,0.0,0.0,0.0,0.0,0.0,0.0,0.0,0.0,0.0,0.0,0.0,0.0,0.0,0.0,0.0,0.0,0.0,2000.6432,2023.8821,0.0,0.0,0.0,0.0,1984.3037,2000.7965,0.0,0.0,0.0,0.0,-0.2689392,0.0,0.0,0.0,0.0,0.0,2000,2023,0,0,0,0,"c(-1.67692633353355, 42.8532657923112)",NBR_year,,0.3967320300200178,0.4004198546920359,0.4092643975119313,0.4141775507132599,0.419193664353809,0.4273191842559448,0.4314826232282979,0.4378373575922641,0.4452348002534423,0.4486477590712448,0.4563486476388947,0.4630104532248479,0.4656737735625161,0.4747255134166671,0.480645646319156,0.483873462727826,,0.3384018935472237,0.3459713079672153,0.3535118726041005,0.3610237253370631,0.3685070159154448,0.3759619058893813,0.3833885685338636,0.3907871887675314,0.3981579630652915,0.4064003854150219,0.4147738846541026,0.4231195082280001,0.431437062294546,0.4397263644131765,0.4479872436403604,0.4562195406204727,0.4725978088547398,0.4807435200666879,0.4888601290871788,0.4969475356504634,0.5050056514985944,0.5130344004309434,0.4644231076696117,0.482259554523491,0.3384018935472237,N,1477.8000330924988,6216.700133919716,23.91165402730306,23.855032912890117,11.927323404947916,12.259393676122029,-0.4656738266348839,-0.422401258846124
104,[4894 2612],370_N,0.007417658174963,0.008405380852925,1987,0.5572376657032774,42.68105875231286,-2.295955395937753,-9.9773655,0.0052828416,-0.056293983,-0.095849134,0.026791342,-0.08135842,0.010674401,-0.05453158,-18.373087,0.00939684,0.009132132,-0.034577023,0.061541032,-0.033426795,0.011057087,0.0044386354,0.0,0.0,0.0,0.0,0.0,0.0,0.0,0.0,0.0,0.0,0.0,0.0,0.0,0.0,0.0,0.0,0.0,0.0,0.0,0.0,0.0,0.0,0.0,0.0,0.0,0.0,0.0,0.0,0.0,0.0,0.0,0.0,1987.6083,2023.8821,0.0,0.0,0.0,0.0,1984.3037,1988.4652,0.0,0.0,0.0,0.0,-0.7779679,0.0,0.0,0.0,0.0,0.0,1987,2023,0,0,0,0,"c(-2.29595539593775, 42.6810587523129)",NBR_year,,0.6561139799283029,0.6614154163341736,0.6667232706487941,,0.3975012232678552,0.3939477653514842,0.4167143159283029,0.4163037162031887,0.4345895141426704,0.4392014441869014,0.45107540821844,0.4610777399441044,0.4661475868550341,0.4818133029539487,0.4798104608794491,0.501306310545213,0.4998669202460133,0.5194758544142472,0.5229682857210519,0.5362649914546309,0.5450759392447582,0.5516432994719166,0.5660672833579988,0.5656088403263566,0.5858364164708219,0.5833900182987991,0.6042976374900307,0.6066886774740791,0.6213885895984953,0.629021950079121,0.6370729316829742,0.6502641171294355,0.6513424370479483,0.6668744431702296,0.6890553386470338,0.6903639451991364,0.7064464010365511,0.7129169523046943,0.7224363876635348,0.6703053622078026,0.6640693434914838,0.3975012232678552,N,1226.7000193595886,5500.700077533722,23.53647143046061,23.543959379196167,10.905242776870727,11.053899176915486,-0.25131836757063863,-0.3263753249659203
105,[4238 4898],294_N,0.0172989977977813,0.0132049186597894,2000,0.5705658843060124,42.85784720026112,-1.679890773971706,-26.374193,0.013463813,0.0,-0.008329903,0.040276848,-0.015351341,0.022926107,-0.010694436,-23.403824,0.0118720215,0.034676775,0.0,0.036768608,-0.014392742,0.0,0.006664898,0.0,0.0,0.0,0.0,0.0,0.0,0.0,0.0,0.0,0.0,0.0,0.0,0.0,0.0,0.0,0.0,0.0,0.0,0.0,0.0,0.0,0.0,0.0,0.0,0.0,0.0,0.0,0.0,0.0,0.0,0.0,0.0,2000.6432,2023.8821,0.0,0.0,0.0,0.0,1984.3037,2001.2346,0.0,0.0,0.0,0.0,-0.60070175,0.0,0.0,0.0,0.0,0.0,2000,2023,0,0,0,0,"c(-1.67989077397171, 42.8578472002611)",NBR_year,,0.3910787463072015,0.410488668782524,0.4230838329931145,0.4384665959516565,0.450321378281374,0.4641080422243022,0.4788197232343766,0.4900402751742096,0.5050060246821775,0.5190501588726611,0.5296481034222358,0.5457777940005308,0.5591594872278074,0.5701331429084504,0.5864236648547794,0.5991495712384072,0.611327058627282,0.3762481468382158,0.4272142002036252,0.4397148922343193,0.4522796616672396,0.4627431358271223,0.4753908776681639,0.4878820654722826,0.4982693208476372,0.511064296624436,0.5234817893598243,0.5337927534727809,0.5467351443650721,0.5590788300130715,0.569313431975214,0.5824034162053151,0.5946731841661064,0.6180691075133858,0.6302648486040653,0.6403465200340057,0.6537322137099908,0.6658538201633923,0.6758589264693016,0.6048313546937807,0.5927866180465933,0.3762481468382158,N,1477.8000330924988,6216.700133919716,23.91165402730306,23.855032912890117,11.927323404947916,12.259393676122029,-0.4656738266348839,-0.422401258846124
106,[5670 7012],394_N,0.010320832551106,0.0108153279665751,1994,0.509537503647306,42.47193095413016,-1.110179220675021,-35.289223,0.017931718,0.007441898,-0.05704598,0.04868516,-0.021422703,-0.009701107,0.01815732,-21.53324,0.010941084,0.00091854064,-0.065937415,0.048089594,-0.033591717,0.0,0.010637414,0.0,0.0,0.0,0.0,0.0,0.0,0.0,0.0,0.0,0.0,0.0,0.0,0.0,0.0,0.0,0.0,0.0,0.0,0.0,0.0,0.0,0.0,0.0,0.0,0.0,0.0,0.0,0.0,0.0,0.0,0.0,0.0,1994.5104,2023.9287,0.0,0.0,0.0,0.0,1984.2134,1994.5789,0.0,0.0,0.0,0.0,-0.47970018,0.0,0.0,0.0,0.0,0.0,1994,2023,0,0,0,0,"c(-1.11017922067502, 42.4719309541302)",NBR_year,,0.402357994543156,0.4202951409240486,0.4381745462008407,0.4559959611094001,0.4737591841168862,0.4914640616251258,0.5091104881258959,0.5266984063078051,0.5442384989339969,0.5625623814246811,0.5103753147963387,0.3972333788765087,0.4164439698297018,0.4227232059900624,0.4353055143114106,0.4488375416320388,0.450746977241263,0.4709261836311066,0.4783452753402737,0.4892293986762057,0.5038333589035648,0.5049475035562639,0.5253183465795009,0.533870908494912,0.5430738660059092,0.558733935747916,0.5609977142116631,0.5796217924463092,0.5892999320525744,0.5968409406628317,0.6135399382080112,0.6169538768137077,0.6338379693530982,0.6505327408932888,0.6682521578620793,0.6728152343674402,0.6879684371026646,0.699868109439351,0.7041514750741894,0.6446323031804949,0.553400440179339,0.3972333788765087,N,1330.9000170230865,6600.4001121521,23.25723934173584,23.286839946111044,10.807293287913005,11.047195374965668,-0.50546875,-0.3210652683628723
107,[5735 7007],394_N,0.0101686240411804,0.011986765018848,1994,0.528197249787564,42.45441380608651,-1.111526693601455,-14.441375,0.0075418,0.10911691,-0.03784211,0.049029574,-0.008726421,0.014556518,0.0,-24.861784,0.012542871,-0.03273386,-0.061115596,0.035514675,-0.017360095,0.0,0.01597274,0.0,0.0,0.0,0.0,0.0,0.0,0.0,0.0,0.0,0.0,0.0,0.0,0.0,0.0,0.0,0.0,0.0,0.0,0.0,0.0,0.0,0.0,0.0,0.0,0.0,0.0,0.0,0.0,0.0,0.0,0.0,0.0,1994.5104,2023.9287,0.0,0.0,0.0,0.0,1984.3037,1994.5542,0.0,0.0,0.0,0.0,-0.27533007,0.0,0.0,0.0,0.0,0.0,1994,2023,0,0,0,0,"c(-1.11152669360145, 42.4544138060865)",NBR_year,,,0.6522352651849338,0.6603643446021008,0.6680689782553068,0.6753096171094635,0.6824111941852862,0.6905357709399617,0.6982354505283387,0.7054707071629954,0.7125870755861115,0.7207071445484471,0.2841651733485514,0.2924214527900058,0.3112117442357889,0.3157996468085469,0.3350082935544536,0.3464807795926552,0.3557568078582836,0.3738748160995817,0.3777379147360958,0.3980066851361871,0.4087598022190293,0.4190621087787253,0.4365015843017087,0.4396414236968343,0.4609708447346107,0.4710023189020619,0.4823368807365736,0.4990919332344995,0.5015104617683773,0.5239004737255119,0.5332084277494661,0.5455806641461302,0.5644354920519274,0.5867952919072521,0.5953782472614553,0.6087930150104071,0.6241630113605371,0.6279269789677615,0.5616457673701509,0.7090288913745535,0.2841651733485514,N,1330.9000170230865,6600.4001121521,23.25723934173584,23.286839946111044,10.807293287913005,11.047195374965668,-0.50546875,-0.3210652683628723
108,[5738 6957],394_N,0.0056911613659837,0.0082385779721846,1994,0.461716067602409,42.453605322330645,-1.125001422865805,0.35706443,0.0,-0.0743668,-0.07457375,0.035633426,-0.020611955,-0.0100214705,0.020249482,-17.654978,0.008939379,-0.05615413,-0.060771044,0.04002599,-0.031681456,0.0,0.020498874,0.0,0.0,0.0,0.0,0.0,0.0,0.0,0.0,0.0,0.0,0.0,0.0,0.0,0.0,0.0,0.0,0.0,0.0,0.0,0.0,0.0,0.0,0.0,0.0,0.0,0.0,0.0,0.0,0.0,0.0,0.0,0.0,1994.5104,2023.9287,0.0,0.0,0.0,0.0,1984.3037,1994.5542,0.0,0.0,0.0,0.0,-0.5043455,0.0,0.0,0.0,0.0,0.0,1994,2023,0,0,0,0,"c(-1.1250014228658, 42.4536053223306)",NBR_year,,0.5224213738884348,0.5230940785643569,0.5237429041902526,0.5235117615225735,0.5224042502779037,0.5231061394123129,0.5237451774432438,0.523504236969431,0.5223870194321819,0.523118091672473,0.3180382655893974,0.3351050590155243,0.3336195478930291,0.3513812383348478,0.3587547555905854,0.3635608658454429,0.3797242954808036,0.3773201908643565,0.3964440968662288,0.4028805182135932,0.4090417957999008,0.4242962358386072,0.4209781732198244,0.4414610813295325,0.4469601565045079,0.4544805432062364,0.4688208674846027,0.4645939841959992,0.4864319323202508,0.4909939305444412,0.4998766184592175,0.5132982041086653,0.5094446847905366,0.5349821256207711,0.5452295549470405,0.5577282856811258,0.5551862916213484,0.5762343238065145,0.5789250520165236,0.5313564159087407,0.5227525555523275,0.3351050590155243,N,1330.9000170230865,6600.4001121521,23.25723934173584,23.286839946111044,10.807293287913005,11.047195374965668,-0.49884440898895266,-0.3467488618567586
109,[5718 7018],394_N,0.002913574630972,0.0056040691042946,1994,0.466810306807234,42.45899521403639,-1.108562253163299,-16.2366,0.00837449,0.03465204,-0.026048023,0.047133844,-0.005014236,0.0,0.012025969,8.810221,-0.0042076632,0.02424243,-0.041404337,0.04709819,-0.013458452,0.005047572,0.001966682,-12.528048,0.0063317753,-0.036819816,-0.037056964,0.03318432,-0.03130598,0.00355888,0.017110199,0.0,0.0,0.0,0.0,0.0,0.0,0.0,0.0,0.0,0.0,0.0,0.0,0.0,0.0,0.0,0.0,0.0,0.0,0.0,0.0,0.0,0.0,0.0,0.0,1988.2024,1994.5104,2023.9287,0.0,0.0,0.0,1984.3037,1988.4022,1994.5542,0.0,0.0,0.0,0.118488386,-0.50032055,0.0,0.0,0.0,0.0,1988,1994,2023,0,0,0,"c(-1.1085622531633, 42.4589952140364)",NBR_year,,0.4332366959427031,0.4416205361868204,0.4499940528439306,0.4583571781580309,0.4998492046979394,0.4956378603047519,0.4913560882183757,0.4872626718672827,0.4828256158683931,0.4788455785709282,0.4653897990655819,0.2198548870827181,0.2226745577303122,0.2287546320680893,0.2389618742597284,0.2344227602375786,0.2517104303943035,0.2537499048401119,0.2609675920656429,0.2704050668576496,0.2669594365969755,0.2835271129408589,0.2847876337615507,0.2931442105218619,0.301808933811682,0.2994641183103625,0.3153047836879687,0.3157880384677209,0.325284132274012,0.3331735605480345,0.3319362691686105,0.347043313901995,0.3467514339982984,0.3644990549543218,0.3643753705722437,0.3787425972431563,0.3776781562316338,0.3894525683726081,0.3957855473005694,0.3573870227824203,0.4808355972196606,0.2198548870827181,N,1330.9000170230865,6600.4001121521,23.25723934173584,23.286839946111044,10.807293287913005,11.047195374965668,-0.50546875,-0.3210652683628723
110,[5740 7159],394_N,0.0164990095863819,0.0176711133540248,1994,0.670464781514461,42.45306633316007,-1.070563516637834,-86.67774,0.04394238,-0.078088485,-0.08244634,-0.059232615,-0.011548165,-0.06593058,-0.0020220303,10.030225,-0.0047314204,-0.019823072,-0.05530821,0.031114405,0.013700245,0.0,0.01971727,-35.670708,0.01797738,-0.043928936,-0.09597902,0.03950558,-0.023061458,-0.006684038,0.031035578,0.0,0.0,0.0,0.0,0.0,0.0,0.0,0.0,0.0,0.0,0.0,0.0,0.0,0.0,0.0,0.0,0.0,0.0,0.0,0.0,0.0,0.0,0.0,0.0,1986.7377,1994.535,2023.9287,0.0,0.0,0.0,1984.3037,1986.7568,1994.5789,0.0,0.0,0.0,-0.15111461,-0.71510077,0.0,0.0,0.0,0.0,1986,1994,2023,0,0,0,"c(-1.07056351663783, 42.4530663331601)",NBR_year,,0.6490241681482262,0.6929675002010461,0.7369106909642854,0.7243352370018198,0.7191414685328877,0.7148179136157047,0.7099324008850278,0.7052058656684523,0.7006231636929636,0.6955011791591853,0.354341391911215,0.3624527764754814,0.3923221273935924,0.4016784700559068,0.4242015129547766,0.4449478244073913,0.4505295503174679,0.4819698856872442,0.4930938323630222,0.5129493798697173,0.535405474082401,0.53849587038618,0.5714737486465122,0.5843641958228071,0.6015678947084153,0.6257144352634667,0.6289202321869248,0.6608353493143223,0.675488334496777,0.6900600798650284,0.7158750435559785,0.7208297984106258,0.750056547470082,0.7784291504059809,0.8058878749522919,0.8126004831606555,0.8391394255996303,0.8572942220603379,0.8666785072744873,0.7664652597444199,0.6980621714260744,0.3624527764754814,N,1311.2000274658203,6818.400172472,23.136512406667073,23.088657959302267,10.729057550430298,10.975056517124177,-0.50546875,-0.3210652683628723
111,[5728 6979],394_N,0.0074941725866127,0.011237809749574,1994,0.556971432597013,42.45630026818351,-1.119072541989491,7.2569427,-0.0034403156,-0.1144292,-0.09535117,0.034159742,-0.015994947,-0.009936501,0.03255408,-24.279604,0.012259895,-0.10400702,-0.09361266,0.036213208,-0.03233845,0.0,0.039274674,0.0,0.0,0.0,0.0,0.0,0.0,0.0,0.0,0.0,0.0,0.0,0.0,0.0,0.0,0.0,0.0,0.0,0.0,0.0,0.0,0.0,0.0,0.0,0.0,0.0,0.0,0.0,0.0,0.0,0.0,0.0,0.0,1994.5104,2023.9287,0.0,0.0,0.0,0.0,1984.4597,1994.5542,0.0,0.0,0.0,0.0,-0.73949796,0.0,0.0,0.0,0.0,0.0,1994,2023,0,0,0,0,"c(-1.11907254198949, 42.4563002681835)",NBR_year,,0.6492024434331021,0.6454963121810251,0.6411772381459937,0.6370873169420675,0.6348210372023386,0.6319469197318663,0.6284603558654989,0.6243603348377103,0.6196494499879722,0.6172688722937331,0.3856976717219624,0.4107768276834558,0.4087852616500952,0.4324971536664282,0.4434332678125023,0.4482476906165193,0.4720110413203197,0.4686815314722973,0.4943793233467682,0.5039468714358519,0.5107374575926433,0.5331761211963896,0.5285161779349961,0.5561945809535452,0.5643932753231673,0.5731661603971591,0.5942720529144861,0.5882899849261402,0.6179425170422643,0.6247729006389156,0.6355330226749366,0.6552988641646665,0.6480037716608263,0.6850862086501618,0.6978373045731736,0.7162566246916098,0.710367243668573,0.7412349908778524,0.7453337003515986,0.6796227629102745,0.6184591611408526,0.4107768276834558,N,1330.9000170230865,6600.4001121521,23.25723934173584,23.286839946111044,10.807293287913005,11.047195374965668,-0.50546875,-0.3210652683628723
112,[5886 6839],394_N,0.0038607532576386,0.0062336509127568,1994,0.542385751431998,42.413720123708174,-1.156801783929669,0.9764792,-0.00027798084,-0.089673676,-0.13723955,0.032219563,-0.047999073,-0.010893674,0.035034243,-13.010092,0.006664674,-0.09251568,-0.120841295,0.009836178,-0.0636326,-0.007935893,0.034007937,0.0,0.0,0.0,0.0,0.0,0.0,0.0,0.0,0.0,0.0,0.0,0.0,0.0,0.0,0.0,0.0,0.0,0.0,0.0,0.0,0.0,0.0,0.0,0.0,0.0,0.0,0.0,0.0,0.0,0.0,0.0,0.0,1994.5104,2023.9944,0.0,0.0,0.0,0.0,1984.3037,1994.5542,0.0,0.0,0.0,0.0,-0.44534105,0.0,0.0,0.0,0.0,0.0,1994,2023,0,0,0,0,"c(-1.15680178392967, 42.4137201237082)",NBR_year,,0.6592721175980049,0.6599875386525771,0.6594368066154426,0.657635719705758,0.6581782515455186,0.6588795334583745,0.658314762388018,0.6564998897233011,0.6570842280208453,0.6577713710602476,0.4820875276359648,0.5054131172691375,0.500946323607718,0.5164296520733402,0.520745593088385,0.5247168835573306,0.5378568261765627,0.5304161937590053,0.5521877969732609,0.546122156453549,0.563717835063259,0.5664022391345815,0.5725005117028833,0.5840187654390422,0.5786636981914242,0.598866792335137,0.5912128339808465,0.6109121596967568,0.611967908795025,0.6201946476511174,0.6300861355242744,0.6268285272182963,0.6454500453245009,0.6580120964663828,0.6574435160451367,0.6677982969181163,0.6760594222558075,0.6749092447795151,0.6919375843228227,0.6362196545721134,0.6574277995405464,0.5054131172691375,N,1330.9000170230865,6600.4001121521,23.25723934173584,23.286839946111044,10.807293287913005,11.047195374965668,-0.49884440898895266,-0.3467488618567586
113,[5741 6955],394_N,0.0071901662769285,0.0091471053521227,1994,0.555414493593593,42.452796838574784,-1.125540412036379,-77.266426,0.039092135,-0.05881159,-0.066443115,0.0,0.007190623,-0.031581484,0.032911286,17.104841,-0.008349622,-0.040806554,-0.07080517,0.016435968,-0.007766732,-0.027220536,0.015774254,-19.183786,0.009704324,-0.050633185,-0.057139054,0.03058764,-0.020254495,-0.0028154973,0.021190148,0.0,0.0,0.0,0.0,0.0,0.0,0.0,0.0,0.0,0.0,0.0,0.0,0.0,0.0,0.0,0.0,0.0,0.0,0.0,0.0,0.0,0.0,0.0,0.0,1990.6364,1994.5104,2023.9287,0.0,0.0,0.0,1984.3037,1990.6555,1994.5542,0.0,0.0,0.0,-0.11525165,-0.48656598,0.0,0.0,0.0,0.0,1990,1994,2023,0,0,0,"c(-1.12554041203638, 42.4527968385748)",NBR_year,,0.4505624823799671,0.4901817259148363,0.5287508416460879,0.5683038438808955,0.6072320504022051,0.6463025807949766,0.6855906807050982,0.6024405568909715,0.5940880587671568,0.5857349549246215,0.3000710055846602,0.3131949016688476,0.3123870741710682,0.3330207590526092,0.3374981460187432,0.3491457330534904,0.3614537982986571,0.3618053954868929,0.3816750970788225,0.385329283758389,0.398181888692535,0.4096711244725377,0.411189763591645,0.4302880857417354,0.4331211568670763,0.447179097934733,0.4578469858063863,0.4605396067260075,0.4788595975164358,0.4808741193974955,0.4961370087113028,0.5059815123061835,0.5098543722691207,0.5285885478258754,0.5450552917195043,0.5540748582668638,0.5591335271592031,0.575877802460374,0.5762648407635316,0.5273895292943691,0.5899115068458891,0.3131949016688476,N,1330.9000170230865,6600.4001121521,23.25723934173584,23.286839946111044,10.807293287913005,11.047195374965668,-0.49884440898895266,-0.3467488618567586
114,[5715 7002],394_N,0.0028396388094031,0.0066272326062173,1994,0.421598157769148,42.459803697792246,-1.11287416652789,-2.5121164,0.0014176175,-0.07428982,-0.068291605,0.038940288,-0.023893906,-0.0075755543,0.02767436,-15.037676,0.0076310984,-0.07935411,-0.06697247,0.029128645,-0.04285736,0.0,0.032725696,0.0,0.0,0.0,0.0,0.0,0.0,0.0,0.0,0.0,0.0,0.0,0.0,0.0,0.0,0.0,0.0,0.0,0.0,0.0,0.0,0.0,0.0,0.0,0.0,0.0,0.0,0.0,0.0,0.0,0.0,0.0,0.0,1994.5104,2023.9287,0.0,0.0,0.0,0.0,1984.2134,1994.5542,0.0,0.0,0.0,0.0,-0.39798677,0.0,0.0,0.0,0.0,0.0,1994,2023,0,0,0,0,"c(-1.11287416652789, 42.4598036977922)",NBR_year,,0.4746484136619101,0.475850070476127,0.4769776759022751,0.4780314179380184,0.4790115438997551,0.4799183601226948,0.4818217034514965,0.4836796849705741,0.4854645660255678,0.4871760046551805,0.349226934842414,0.3728549179344035,0.3750283966906316,0.3824576731496492,0.3958198054081806,0.3870531119814192,0.4112998232070646,0.412302577377599,0.4214524293089455,0.4336404092244951,0.4265523141321209,0.4496854152503063,0.4495215199604496,0.4603909304871275,0.4714020897500868,0.46600139371208,0.4880115598287994,0.4866857858445396,0.499272705199386,0.5091050895915248,0.5053995700587501,0.5262781588839384,0.5237959678088638,0.5467496863472363,0.544746093064224,0.564485150553977,0.5608526894963332,0.5768643624963542,0.5843361923361365,0.5380973165457361,0.4863202853403742,0.3728549179344035,N,1330.9000170230865,6600.4001121521,23.25723934173584,23.286839946111044,10.807293287913005,11.047195374965668,-0.50546875,-0.3210652683628723
115,[5785 7185],394_N,0.0068996092067403,0.0080895036903948,1994,0.498985315800973,42.44093907682216,-1.063556657420372,5.5877333,-0.0026458616,0.022288805,-0.05814544,0.029466907,-0.019822568,-0.028245797,0.026018351,-27.361403,0.013979058,0.076154925,-0.05491525,0.06884087,0.0,0.022895254,0.013513137,-16.264423,0.008350901,0.03918817,-0.066840194,0.049317945,-0.0070526283,0.010323649,0.02872376,0.0,0.0,0.0,0.0,0.0,0.0,0.0,0.0,0.0,0.0,0.0,0.0,0.0,0.0,0.0,0.0,0.0,0.0,0.0,0.0,0.0,0.0,0.0,0.0,1986.7568,1994.535,2023.9287,0.0,0.0,0.0,1984.4352,1987.0005,1994.5789,0.0,0.0,0.0,0.20678139,-0.2886612,0.0,0.0,0.0,0.0,1986,1994,2023,0,0,0,"c(-1.06355665742037, 42.4409390768222)",NBR_year,,0.4303937617692634,0.4276734527984577,0.4250932152022199,0.5071365576629404,0.521334088724275,0.535478161530707,0.5495668847109594,0.5635984060420146,0.5775709157426847,0.591482649736353,0.6053318928702376,0.4791894051423744,0.4915880986299962,0.4891805011907237,0.5076900537686211,0.5136874511760761,0.5200743148982631,0.5335252690066586,0.532312929554215,0.5490000343039428,0.5562318321146194,0.5608939352966369,0.5753585219823142,0.575501602185241,0.590224787703283,0.5986620285563868,0.6016521791544953,0.6170903108573182,0.6185718840656067,0.6313677054577006,0.6409794789502719,0.6423530247413106,0.6587232536252958,0.6724322936247705,0.6831858186161098,0.6830005064748748,0.7002601260114315,0.7043586311033302,0.7134221642416604,0.6615240598024524,0.5845267827395189,0.4791894051423744,N,1311.2000274658203,6818.400172472,23.136512406667073,23.088657959302267,10.729057550430298,10.975056517124177,-0.50546875,-0.3210652683628723
116,[5759 7111],394_N,0.0114028622847524,0.0125198339115201,1994,0.678437069234306,42.447945936039616,-1.083499256731609,-13.151566,0.0069820224,0.07143962,-0.02341929,-0.010601521,0.0067007774,-0.02203303,0.0,18.166265,-0.008764291,0.05948834,-0.0045534065,0.016632652,0.004641054,0.0,-0.00879016,-26.084846,0.013159031,0.016899237,-0.039857287,0.057544522,-0.01681018,0.005014926,0.019825589,0.0,0.0,0.0,0.0,0.0,0.0,0.0,0.0,0.0,0.0,0.0,0.0,0.0,0.0,0.0,0.0,0.0,0.0,0.0,0.0,0.0,0.0,0.0,0.0,1988.928,1994.5104,2023.9944,0.0,0.0,0.0,1984.3037,1989.0785,1994.5789,0.0,0.0,0.0,0.27762017,-0.7063364,0.0,0.0,0.0,0.0,1988,1994,2023,0,0,0,"c(-1.08349925673161, 42.4479459360396)",NBR_year,,,0.8005322746485731,0.807512209219312,0.8144919315257483,0.821471441400769,0.8027411878294686,0.794025901738154,0.7853204395696597,0.7765954958384227,0.7678509157999763,0.7590865568256968,0.2550646480102402,0.2762664114800699,0.2801735875993046,0.3014462808278282,0.3120789594340025,0.3243730138845628,0.341436151739131,0.3453058880210019,0.3682795204737296,0.3742976915290429,0.3927344563111296,0.4054117616776693,0.4150094473350962,0.4339782647542875,0.4353846892242693,0.460060521010878,0.468177170397503,0.4838108147203919,0.4984969493755883,0.5054613262406428,0.526278939438531,0.5297375890804764,0.5618100957843971,0.5746831563692992,0.5913354792450919,0.5957383495962488,0.6183418988925763,0.6239132316982328,0.5516149100008078,0.7722232058191996,0.2550646480102402,N,1311.2000274658203,6818.400172472,23.136512406667073,23.088657959302267,10.729057550430298,10.975056517124177,-0.50546875,-0.3210652683628723
117,[5776 7154],394_N,0.008958239023647,0.0080370584412997,1994,0.653996598223834,42.44336452808974,-1.071910989564269,-33.49062,0.017188322,-0.006101821,-0.040793188,-0.067125164,0.0070577203,-0.03981625,-0.007572023,10.04533,-0.0047051646,0.06388013,-0.011126478,0.031375833,0.012617713,-0.011078439,0.0034777643,-16.7843,0.008487987,-0.009214488,-0.035778593,0.04365774,-0.01959719,0.0,0.024640724,0.0,0.0,0.0,0.0,0.0,0.0,0.0,0.0,0.0,0.0,0.0,0.0,0.0,0.0,0.0,0.0,0.0,0.0,0.0,0.0,0.0,0.0,0.0,0.0,1986.7377,1994.5104,2023.9944,0.0,0.0,0.0,1984.3037,1986.7568,1994.5789,0.0,0.0,0.0,0.29244837,-0.72838,0.0,0.0,0.0,0.0,1986,1994,2023,0,0,0,"c(-1.07191098956427, 42.4433645280897)",NBR_year,,0.7045644911757927,0.7217519531435341,,0.7645100579295758,0.7596993910298875,0.7549318806127949,0.750380176340013,0.7456644774188949,0.7407810040112078,0.7361972819635243,0.731575327334065,0.2421000871489733,0.2623162391871315,0.2657917926464996,0.2763098663393192,0.2868912822672084,0.2879029549224675,0.305312708394906,0.3038753437821411,0.3210741739667453,0.3267754225714817,0.3342959889947135,0.3470455048994835,0.3451942340220433,0.3646320028046999,0.3654100979875839,0.379585250204858,0.3875033887580087,0.3920562759695417,0.4069388583135158,0.4028412559749693,0.4236953303230469,0.4266985903894435,0.4479729869436896,0.4495990190846078,0.4665717907298993,0.4646666838019938,0.4825062434833586,0.4877359936369871,0.4378550556071469,0.7384891429873661,0.2421000871489733,N,1311.2000274658203,6818.400172472,23.136512406667073,23.088657959302267,10.729057550430298,10.975056517124177,-0.50546875,-0.3210652683628723
118,[5738 7001],394_N,0.0122502983744865,0.0143403386732745,1994,0.556292949635552,42.453605322330645,-1.113143661113177,-9.649595,0.005129964,0.049482405,-0.052314073,0.03989948,-0.007173589,0.0,0.0092728445,-29.682732,0.014984276,-0.0072827837,-0.065591976,0.040886413,-0.016074488,0.0045450935,0.024627885,0.0,0.0,0.0,0.0,0.0,0.0,0.0,0.0,0.0,0.0,0.0,0.0,0.0,0.0,0.0,0.0,0.0,0.0,0.0,0.0,0.0,0.0,0.0,0.0,0.0,0.0,0.0,0.0,0.0,0.0,0.0,0.0,1994.5104,2023.9287,0.0,0.0,0.0,0.0,1984.3037,1994.5542,0.0,0.0,0.0,0.0,-0.311279,0.0,0.0,0.0,0.0,0.0,1994,2023,0,0,0,0,"c(-1.11314366111318, 42.4536053223306)",NBR_year,,0.5827434273159856,0.5911525156674959,0.5963094642564396,0.6015763988317876,0.6066970257796193,0.6116698026591232,0.616831644079191,0.6220969600075965,0.6272159475238501,0.6321870711818653,0.6373538060181403,0.3283714939548057,0.339269969049978,0.3609075488503008,0.3658782699630029,0.3896229858272382,0.4027924785886323,0.4148698992172884,0.4357428325477367,0.4398401657728096,0.464847368996849,0.4771693215914993,0.4904371666942336,0.5105352955985191,0.5137594025482515,0.5400326271037904,0.5515020299133798,0.5659710633341131,0.5852846830260863,0.5888486810976272,0.6151782674202966,0.6257906387594311,0.6414708988842199,0.6646424886525388,0.6902838206101839,0.7000352116365354,0.7169360015791459,0.7346533450432863,0.7404086287671233,0.659990766591678,0.6297015093528577,0.3283714939548057,N,1330.9000170230865,6600.4001121521,23.25723934173584,23.286839946111044,10.807293287913005,11.047195374965668,-0.50546875,-0.3210652683628723
119,[2925 4997],305_N,0.0034105063659708,0.0026902989113377,1989,0.7306227014175779,43.21169359074293,-1.653210810028295,12.855835,-0.0061677643,-0.06198321,-0.101668805,0.013141714,0.003824972,-0.006639353,0.0,-4.354083,0.0024550846,-0.11400762,-0.07652027,-0.001664313,-0.047876824,0.012235435,0.01017858,0.0,0.0,0.0,0.0,0.0,0.0,0.0,0.0,0.0,0.0,0.0,0.0,0.0,0.0,0.0,0.0,0.0,0.0,0.0,0.0,0.0,0.0,0.0,0.0,0.0,0.0,0.0,0.0,0.0,0.0,0.0,0.0,1989.8671,2023.8821,0.0,0.0,0.0,0.0,1984.3037,1990.0422,0.0,0.0,0.0,0.0,-0.37447414,0.0,0.0,0.0,0.0,0.0,1989,2023,0,0,0,0,"c(-1.65321081002829, 43.2116935907429)",NBR_year,,0.7545157747102635,0.7481043357730239,0.7421806194570866,0.7357563980942331,0.7298451560764629,0.7234281447902733,0.7123045960899062,0.7174446788107205,0.7220143672504098,0.7259913051052292,0.7293571279197603,0.7320976271330432,0.734202872449235,0.7356672914155385,0.7364897055834642,0.7366733231314433,0.7362256883284377,0.735158588710368,0.733487921322692,0.736787509305579,0.7430432859206454,0.7487881161342911,0.7539919213281537,0.7586281384529573,0.7626739663465374,0.7661105743166615,0.7689232708658108,0.7711016309006732,0.7726395802517056,0.77353543682214,0.773791908187019,0.7734160459639576,0.7724191577729341,0.7731473817551844,0.7794596041884659,0.7852645368655322,0.7905317158934373,0.7952341624418953,0.799348633228461,0.7708166780830675,0.732800777085348,0.7123045960899062,N,3005.7000484466553,11650.500235557556,21.780928134918213,22.15673137505849,13.225488599141439,13.45493069489797,-0.2714192677289248,-0.37399495523422954
120,[5922 6759],394_N,0.0010079777022584,0.0037466006041224,1994,0.573096113529074,42.40401831863784,-1.178361350752628,-26.708029,0.013657695,-0.104864694,-0.19056907,-0.016081564,-0.02683232,-0.05245019,0.0,4.165255,-0.0018778729,-0.10573241,-0.1308248,0.032459352,-0.03920346,-0.016360926,0.053137425,-7.468814,0.0039419327,-0.11271016,-0.13856296,0.024418168,-0.07458265,0.0,0.028539088,0.0,0.0,0.0,0.0,0.0,0.0,0.0,0.0,0.0,0.0,0.0,0.0,0.0,0.0,0.0,0.0,0.0,0.0,0.0,0.0,0.0,0.0,0.0,0.0,1986.2312,1994.5104,2023.9944,0.0,0.0,0.0,1984.2134,1986.3872,1994.5542,0.0,0.0,0.0,0.19455725,-0.2925525,0.0,0.0,0.0,0.0,1986,1994,2023,0,0,0,"c(-1.17836135075263, 42.4040183186378)",NBR_year,,0.6400406245901112,0.6536674628400814,0.6956395642938855,0.6927395717062564,0.6916795312377881,0.6894779603307467,0.687570112534308,0.6860660653077115,0.6833119880977135,0.6825037649053023,0.6314354027127939,0.6521994599080329,0.6481806255178846,0.6561684277433556,0.6619376585023846,0.657239348419325,0.6726137120868609,0.6570777336054975,0.6801868307903469,0.6743591291174497,0.6847079231264759,0.6886769069863546,0.6863004255269547,0.6999256032971319,0.6851575702229128,0.708069962704235,0.700436426803477,0.7131473948258917,0.7153113415451059,0.7152680799145515,0.7271314719904816,0.7146126773013729,0.7358483470329664,0.7414858811261003,0.7418414514875082,0.744140920109009,0.7542313558070035,0.743981391683777,0.763521560172673,0.7264134355543859,0.682907876501508,0.6521994599080329,N,1330.9000170230865,6600.4001121521,23.25723934173584,23.286839946111044,10.807293287913005,11.047195374965668,-0.49884440898895266,-0.3467488618567586
121,[5651 6395],394_N,0.0013450701309035,0.0026981943081966,1994,0.586530359789658,42.47705135125061,-1.27645737979709,-0.79632115,0.0006333365,-0.06264406,-0.08234558,0.027332239,-0.028456468,-0.003794117,0.032603055,-6.209245,0.0032913857,-0.05748339,-0.09016777,0.028661987,-0.0530012,0.0056037866,0.014929905,0.0,0.0,0.0,0.0,0.0,0.0,0.0,0.0,0.0,0.0,0.0,0.0,0.0,0.0,0.0,0.0,0.0,0.0,0.0,0.0,0.0,0.0,0.0,0.0,0.0,0.0,0.0,0.0,0.0,0.0,0.0,0.0,1994.5104,2023.9479,0.0,0.0,0.0,0.0,1984.2134,1994.7294,0.0,0.0,0.0,0.0,-0.39060298,0.0,0.0,0.0,0.0,0.0,1994,2023,0,0,0,0,"c(-1.27645737979709, 42.4770513512506)",NBR_year,,0.6273570277673362,0.6279274619413324,0.6284233219417065,0.6288445193786685,0.6291910297251146,0.6294628923025619,0.6296602101981768,0.629783150112061,0.6308546586032214,0.6319306742759727,,0.5214731827775833,0.5187147483918667,0.5219724729696453,0.5313526088658415,0.5281985334321012,0.5322080225981536,0.5412200135766909,0.5376702567836404,0.5424331566843434,0.5510753704100627,0.5471299440489859,0.5526478026050232,0.5609186544491653,0.556577622404806,0.5628518890499222,0.570749842364725,0.5660133205982002,0.573045346033867,0.5805689124189306,0.5754370689415158,0.5832281049091211,0.590375844469158,0.593400098377186,0.6001706199712936,0.5942488451171622,0.6035612605006231,0.6099532219827537,0.6036369413474657,0.58484889930603,0.631392666439597,0.5214731827775833,N,1268.700027704239,6118.80007237196,23.746591567993164,23.905596566200256,11.225068378448487,11.436753137906392,-0.4817220062017441,-0.3858764662873
122,[5714 6986],394_N,0.0037092529348966,0.0072311360056587,1994,0.482042781311981,42.460073192377536,-1.117186079892482,5.2039585,-0.0024228583,-0.08748783,-0.07231028,0.027110768,-0.019439148,-0.01105604,0.027449483,-16.05419,0.008162649,-0.09638798,-0.08674939,0.03450379,-0.041685585,0.0,0.032642923,0.0,0.0,0.0,0.0,0.0,0.0,0.0,0.0,0.0,0.0,0.0,0.0,0.0,0.0,0.0,0.0,0.0,0.0,0.0,0.0,0.0,0.0,0.0,0.0,0.0,0.0,0.0,0.0,0.0,0.0,0.0,0.0,1994.5104,2023.9287,0.0,0.0,0.0,0.0,1984.2134,1994.5542,0.0,0.0,0.0,0.0,-0.39485344,0.0,0.0,0.0,0.0,0.0,1994,2023,0,0,0,0,"c(-1.11718607989248, 42.4600731923775)",NBR_year,,0.569639923344935,0.5669370658571249,0.5641650545552059,0.5613242082728155,0.5584918250668561,0.5565461953591021,0.5545316245928632,0.5524478103087361,0.5502945071056045,0.548071526834362,0.4222762947366016,0.4458645187721675,0.4446458978244328,0.4578408563746849,0.4685468272576482,0.4644107834466507,0.4868071236555955,0.4843449369179889,0.499373751376771,0.5088245497754851,0.5064912918796842,0.5276863496522065,0.5239856124910913,0.5408459911793154,0.5490397418756959,0.5485170300146723,0.5685021024088809,0.5635685397758091,0.5822571355815321,0.5891926941381895,0.5904872388853434,0.6092543245875814,0.6030943659069433,0.6292837328194267,0.6324011911287368,0.6499429958718571,0.6425637693955029,0.6648945553594741,0.6693132195653424,0.6236067799233462,0.5491830169699832,0.4458645187721675,N,1330.9000170230865,6600.4001121521,23.25723934173584,23.286839946111044,10.807293287913005,11.047195374965668,-0.50546875,-0.3210652683628723
123,[5896 6805],394_N,0.0009738834628885806,0.0015884145743279,1994,0.428592319211585,42.411025177855294,-1.165964599829426,-0.69255215,0.00054334186,0.00607603,-0.09672339,0.072963305,-0.037052706,0.012531372,0.02582505,-3.4530385,0.0019104057,-0.024818935,-0.08968447,0.02364203,-0.045416202,0.0,0.032338105,0.0,0.0,0.0,0.0,0.0,0.0,0.0,0.0,0.0,0.0,0.0,0.0,0.0,0.0,0.0,0.0,0.0,0.0,0.0,0.0,0.0,0.0,0.0,0.0,0.0,0.0,0.0,0.0,0.0,0.0,0.0,0.0,1994.5104,2023.9944,0.0,0.0,0.0,0.0,1984.2134,1994.5542,0.0,0.0,0.0,0.0,-0.28134334,0.0,0.0,0.0,0.0,0.0,1994,2023,0,0,0,0,"c(-1.16596459982943, 42.4110251778553)",NBR_year,,0.5385932104821788,0.5387667738398686,0.538858654990725,0.5388683235159177,0.5397170934982509,0.540728201475197,0.5416672737861414,0.5425331475305801,0.5433247120457547,0.5440409102528028,0.4906485356401538,0.5012353820860825,0.487624215432174,0.5048530535798806,0.4989240237597631,0.5061047994005254,0.5078695787582538,0.505133661240326,0.5143799541497759,0.5021472440279058,0.5184446337423301,0.5110896973572953,0.5201244431470072,0.5204780629367914,0.5195499300142292,0.5274409593593573,0.5169172331048604,0.5319547249653096,0.5231756995924325,0.5340670595164336,0.5330036735726424,0.5338958754233067,0.5404182805674915,0.5453827613616437,0.53518287401854,0.5479316506467593,0.5454468246811657,0.5481700999932638,0.55331188403078,0.5316256229274449,0.5436828111492787,0.5012353820860825,N,1330.9000170230865,6600.4001121521,23.25723934173584,23.286839946111044,10.807293287913005,11.047195374965668,-0.49884440898895266,-0.3467488618567586
124,[4216 4892],294_N,0.0115524160631406,0.0141707803712027,2000,0.6358638466719067,42.86377608113744,-1.681507741483428,438.0091,-0.2203404,0.06399106,-0.15577765,0.0,0.0,0.0,0.0,-37.107445,0.018853053,-0.03231636,-0.051112443,0.04981258,0.0,-0.006510503,0.01853776,-29.471123,0.0149246985,0.0,-0.03485824,0.04794693,-0.011359888,-0.0005905036,0.012280572,0.0,0.0,0.0,0.0,0.0,0.0,0.0,0.0,0.0,0.0,0.0,0.0,0.0,0.0,0.0,0.0,0.0,0.0,0.0,0.0,0.0,0.0,0.0,0.0,1986.6254,2000.6432,2023.7726,0.0,0.0,0.0,1984.3037,1986.7568,2001.0813,0.0,0.0,0.0,0.14498182,-0.5067887,0.0,0.0,0.0,0.0,1986,2000,2023,0,0,0,"c(-1.68150774148343, 42.8637760811374)",NBR_year,,0.9293173307705648,0.7089526031083094,0.4886326125877784,0.4911903031718141,0.5109447963333774,0.5277212596306887,0.548136942535009,0.5673458973584428,0.5835686927056003,0.6049843106036211,0.6236446008112627,0.640680135687584,0.6617315350932081,0.6798407641690383,0.6978615376074832,0.7183778754172522,,0.4851248455638405,0.4968471149219055,0.5128188328429614,0.5300402677028584,0.542886925879544,0.5562037855778272,0.574634900019209,0.5886357134096968,0.5992643287700239,0.6189046497571067,0.6340832777586414,0.6450355761953624,0.6628471961808141,0.6792209789711531,0.6912732017946587,0.7064620208489217,0.7372278698736822,0.7497504257268766,0.7685404529878962,0.7828883320285451,0.7930902475329866,0.8127133398559555,0.7240418089684372,0.7081197065123677,0.4851248455638405,N,1477.8000330924988,6216.700133919716,23.91165402730306,23.855032912890117,11.927323404947916,12.259393676122029,-0.4656738266348839,-0.422401258846124
125,[5736 7074],394_N,0.0092183845898581,0.0088350623303332,1994,0.628584149603499,42.45414431150122,-1.093470556387227,5.266955,-0.002320253,0.04953902,-0.006072427,0.012320735,0.017914018,0.0,0.0,-17.174814,0.008687082,0.0038414754,-0.04072235,0.049134567,-0.011649685,0.005979777,0.025223438,0.0,0.0,0.0,0.0,0.0,0.0,0.0,0.0,0.0,0.0,0.0,0.0,0.0,0.0,0.0,0.0,0.0,0.0,0.0,0.0,0.0,0.0,0.0,0.0,0.0,0.0,0.0,0.0,0.0,0.0,0.0,0.0,1994.5104,2023.9287,0.0,0.0,0.0,0.0,1984.3037,1994.5789,0.0,0.0,0.0,0.0,-0.68509465,0.0,0.0,0.0,0.0,0.0,1994,2023,0,0,0,0,"c(-1.09347055638723, 42.4541443115012)",NBR_year,,0.6910396118991732,0.7040811557278123,0.701685432730668,0.6991752112998889,0.6970544073032022,0.6948001075687578,0.6924027409847233,0.6898971191735388,0.6877748834474662,0.6855190416538247,0.6831200303858941,0.243195663219747,0.2630155898662455,0.2676938023547807,0.2760045742060185,0.2892875861690377,0.2863593248356265,0.3060561417612377,0.3120993807636436,0.3184035934876916,0.3329376016027088,0.3313958479896939,0.3489914131930045,0.3563881721095339,0.3607140349046148,0.3764736535129809,0.3763198543308599,0.3918235517313785,0.4005600605380659,0.4029389948477868,0.4198969098264117,0.4211301111335225,0.4345548675474949,0.445081690957475,0.4632087260211193,0.4658255875024835,0.4771878278081469,0.4885536767989296,0.4871454548504292,0.4446151327518212,0.6866469625506455,0.243195663219747,N,1311.2000274658203,6818.400172472,23.136512406667073,23.088657959302267,10.729057550430298,10.975056517124177,-0.50546875,-0.3210652683628723
126,[5576 6089],387_N,0.0103111340355378,0.0121687706785045,1992,0.5658533474801406,42.497263445147134,-1.358922722894907,-15.673349,0.008219129,0.0730856,-0.0035220785,0.01543296,0.0,0.010145553,0.007473177,-25.305088,0.012864821,0.03943527,-0.022557402,0.011880571,0.00037151275,-0.004740921,0.007960338,0.0,0.0,0.0,0.0,0.0,0.0,0.0,0.0,0.0,0.0,0.0,0.0,0.0,0.0,0.0,0.0,0.0,0.0,0.0,0.0,0.0,0.0,0.0,0.0,0.0,0.0,0.0,0.0,0.0,0.0,0.0,0.0,1992.5392,2023.9479,0.0,0.0,0.0,0.0,1984.2134,1992.6267,0.0,0.0,0.0,0.0,-0.68720007,0.0,0.0,0.0,0.0,0.0,1992,2023,0,0,0,0,"c(-1.35892272289491, 42.4972634451471)",NBR_year,,,0.7106024965930222,0.7188183552045275,0.726996096301428,0.7352860653739137,0.7433730630626585,0.7517315995341722,0.7598104859622151,0.7681564789237749,0.3846271951408734,0.396294170770727,0.4073906191073153,0.4222440526495928,0.4361828653185625,0.4491477755816757,0.4611418024462194,0.4722329814995982,0.4859713608827944,0.5002400509999528,0.5135488147680671,0.5258782575927051,0.5372737180101598,0.5495903346613188,0.5641790835565056,0.5778292815659739,0.5904997053118127,0.6022128575999711,0.6131059472261963,0.6280026087109649,0.6419891296207506,0.6550032825324206,0.6670448530135002,0.6781786474443732,0.7060292819298459,0.7193871103044353,0.7317650653597835,0.7432052207659802,0.7553180027078252,0.7699516046714612,0.6917141396601041,0.7557710427481936,0.3846271951408734,N,1359.3000297546387,5615.30009573698,24.413520495096844,24.866845162709556,11.712131770451863,12.163728328545888,-0.24729817705228924,-0.3394653324736282
127,[5745 6962],394_N,0.0114551072166099,0.0135085885197117,1994,0.61482558937814,42.45171886023363,-1.12365394993937,-6.404251,0.0035097362,0.016212003,-0.036066834,0.02695559,-0.0064255875,-1.3084879e-05,0.0017693131,-28.056433,0.014135391,-0.017147563,-0.049891025,0.03920704,-0.01817856,-0.0018227355,0.021978015,0.0,0.0,0.0,0.0,0.0,0.0,0.0,0.0,0.0,0.0,0.0,0.0,0.0,0.0,0.0,0.0,0.0,0.0,0.0,0.0,0.0,0.0,0.0,0.0,0.0,0.0,0.0,0.0,0.0,0.0,0.0,0.0,1994.5104,2023.9287,0.0,0.0,0.0,0.0,1984.3037,1994.5542,0.0,0.0,0.0,0.0,-0.6614505,0.0,0.0,0.0,0.0,0.0,1994,2023,0,0,0,0,"c(-1.12365394993937, 42.4517188602336)",NBR_year,,0.6049161085989069,0.6085406783106234,0.6119398165662084,0.6151246119561835,0.6189576101025374,0.6225796135466272,0.62597630056343,0.6291587766330101,0.6329990824552264,0.6366185208144735,0.2444226387730424,0.2581909679436006,0.2673478019480933,0.28869159059415,0.2937822989447372,0.3154665040266504,0.3284137373055149,0.338739422496079,0.3593113062419009,0.3635791746065679,0.3864713824092684,0.3985949313075872,0.4100966470484966,0.4298894080504472,0.4333372121497199,0.4574369079503847,0.4687346900742501,0.4814189024673919,0.5004257901077958,0.5030568146342992,0.5283627383378348,0.538833179506767,0.552705635707692,0.5738094980365364,0.5992485552043287,0.6088905911838965,0.623956314261369,0.6413731000971725,0.6453791598654143,0.5709203722396362,0.6348088016348499,0.2581909679436006,N,1330.9000170230865,6600.4001121521,23.25723934173584,23.286839946111044,10.807293287913005,11.047195374965668,-0.50546875,-0.3210652683628723
128,[5750 7078],394_N,0.0057366841268577,0.0049580232445991,1994,0.556885311435759,42.4503713873072,-1.092392578046079,6.650648,-0.003039142,0.1118739,-0.00864947,0.03940089,0.008967386,0.00400149,0.0037153934,-10.319476,0.0052400124,-0.019208634,-0.02520688,0.046186324,-0.018822849,0.0014435794,0.015061204,0.0,0.0,0.0,0.0,0.0,0.0,0.0,0.0,0.0,0.0,0.0,0.0,0.0,0.0,0.0,0.0,0.0,0.0,0.0,0.0,0.0,0.0,0.0,0.0,0.0,0.0,0.0,0.0,0.0,0.0,0.0,0.0,1994.5104,2023.9944,0.0,0.0,0.0,0.0,1984.4352,1994.5789,0.0,0.0,0.0,0.0,-0.7679793,0.0,0.0,0.0,0.0,0.0,1994,2023,0,0,0,0,"c(-1.09239257804608, 42.4503713873072)",NBR_year,,,0.7357857311171173,0.7323534332121241,0.7298057899626456,0.7268312703754285,0.723456799587288,0.7204349944099405,0.7177225217297056,0.7145931871287473,0.7110744873971031,0.7084529575418929,0.2237862544723211,0.236420450760853,0.2392096686221738,0.2438108942035824,0.2524696751066098,0.2492122222824109,0.263512859060874,0.2622309805305359,0.2723620479772667,0.2769911717752196,0.2791144333788203,0.2895631701711014,0.2842629480729805,0.299917304026122,0.3004732959618578,0.3080999036701225,0.3145600292524931,0.3142304322343849,0.3264411411104991,0.3229467193643048,0.3361107365197177,0.3385092405001832,0.3519145484472754,0.34916519799667,0.3631042072812131,0.3614337922689757,0.3720960340005453,0.3763355491993702,0.3436383693643204,0.7128338372629253,0.2237862544723211,N,1311.2000274658203,6818.400172472,23.136512406667073,23.088657959302267,10.729057550430298,10.975056517124177,-0.50546875,-0.3210652683628723
129,[5754 7125],394_N,0.0108886153958348,0.0117308431465533,1994,0.602328853639032,42.44929340896605,-1.079726332537591,-45.82741,0.023347827,-0.11422916,-0.005093954,-0.13815662,0.022598403,-0.083501644,0.0,-19.376793,0.010080596,0.061845616,-0.040683158,0.009719658,0.0040961984,0.006800762,0.0032186373,35.02233,-0.017275626,0.04464334,-0.008502731,0.02894873,0.0,0.0017095964,0.0,-24.57074,0.012364699,-0.020977093,-0.043276217,0.042401962,-0.02823194,0.005057369,0.011986792,0.0,0.0,0.0,0.0,0.0,0.0,0.0,0.0,0.0,0.0,0.0,0.0,0.0,0.0,0.0,0.0,1987.8766,1989.7794,1994.5104,2023.9944,0.0,0.0,1984.3037,1987.9834,1989.8041,1994.5789,0.0,0.0,0.48507825,-0.10724857,-0.51117253,0.0,0.0,0.0,1987,1989,1994,2023,0,0,"c(-1.07972633253759, 42.449293408966)",NBR_year,,0.7977148187565016,0.8206819973736125,0.8443552497647444,,0.7370953010111978,0.7471752931856314,0.7006132714764641,0.683244677668366,0.6660674315460359,0.6487581381076667,0.6314711584669334,0.2027146530427387,0.2176009874006648,0.23102513264985,0.2382065131033933,0.2571577300219129,0.2608247824051571,0.281140732541551,0.2906147569088307,0.3030707246765997,0.3182484149471512,0.3231075007826851,0.3437054784972172,0.3491802332310436,0.3670358809448854,0.3783053421567255,0.3883565540296321,0.4052602158015335,0.4078455320978628,0.4300466089318643,0.4373315159738061,0.4527357882170079,0.4657850582333564,0.4920613268019436,0.4953459160357923,0.5161839869573104,0.5252758108808172,0.5382452422673002,0.5530532235415009,0.4734644590153856,0.6574127848268513,0.2027146530427387,N,1311.2000274658203,6818.400172472,23.136512406667073,23.088657959302267,10.729057550430298,10.975056517124177,-0.50546875,-0.3210652683628723
130,[5762 7145],394_N,0.0082283137328619,0.0079289750222834,1994,0.405062132463272,42.44713745228376,-1.074336440831851,-13.978195,0.0072311386,0.09074289,-0.032997187,0.062242284,-0.0127018895,0.0,0.008806235,-15.411561,0.007814391,-0.0022361337,-0.05770166,0.045687832,-0.026951961,0.0025916803,0.014081621,0.0,0.0,0.0,0.0,0.0,0.0,0.0,0.0,0.0,0.0,0.0,0.0,0.0,0.0,0.0,0.0,0.0,0.0,0.0,0.0,0.0,0.0,0.0,0.0,0.0,0.0,0.0,0.0,0.0,0.0,0.0,0.0,1994.5104,2023.9287,0.0,0.0,0.0,0.0,1984.3037,1994.5789,0.0,0.0,0.0,0.0,-0.35558978,0.0,0.0,0.0,0.0,0.0,1994,2023,0,0,0,0,"c(-1.07433644083185, 42.4471374522838)",NBR_year,,,0.4929893302848661,0.4996804694951135,0.5073532352985366,0.5148254203698023,0.5219100799795247,0.5285967318201944,0.536282567830955,0.5437504976803903,0.5508307802893705,0.5575129435757351,0.2731949127513856,0.2906521670202989,0.2952182152720319,0.302479851330094,0.3143364814156955,0.3124674491478598,0.3293782306771906,0.3350982478112286,0.3406561196523573,0.3535783915349159,0.3528842122584033,0.3680147355419882,0.3748794838196603,0.378755424006421,0.3927240626705783,0.3932047621088136,0.406563308545052,0.4145619241119238,0.416780094527362,0.4317744131970543,0.4334283039686249,0.4450256955192922,0.4547325535487579,0.4707304963437347,0.4735541869521348,0.4834037575988655,0.4936311418318255,0.4926153108733738,0.4541457138597422,0.5472906389848804,0.2731949127513856,N,1311.2000274658203,6818.400172472,23.136512406667073,23.088657959302267,10.729057550430298,10.975056517124177,-0.50546875,-0.3210652683628723
131,[5906 6785],394_N,-0.0037297667477572,-0.0007225482925931781,1994,0.526693976211331,42.40833023200243,-1.171354491535166,-3.5408158,0.0020202813,0.06545527,-0.15749642,0.14110133,-0.05843525,0.02925448,0.003896622,-23.941952,0.012266218,0.08328791,-0.11344842,0.1878152,-0.01753142,0.073248126,0.05510357,2.2479422,-0.00088507734,0.0024316683,-0.14474215,0.10066457,-0.0802883,0.053362694,0.018154927,0.0,0.0,0.0,0.0,0.0,0.0,0.0,0.0,0.0,0.0,0.0,0.0,0.0,0.0,0.0,0.0,0.0,0.0,0.0,0.0,0.0,0.0,0.0,0.0,1988.8595,1994.5104,2023.9944,0.0,0.0,0.0,1984.2134,1988.8842,1994.5542,0.0,0.0,0.0,-0.22427775,-0.225983,0.0,0.0,0.0,0.0,1988,1994,2023,0,0,0,"c(-1.17135449153517, 42.4083302320024)",NBR_year,,0.6575058073392792,0.6598232794363479,0.6618389155578759,0.6635896431093266,0.6659228548792802,0.6770613018753854,0.6884586960621647,0.701526253812571,0.7141571229490098,0.7262468929931171,0.7020127835826528,0.6980031535834149,0.6914314929870841,0.690175367246782,0.6959436329050003,0.6793543198446285,0.6962232666386485,0.6738532623667606,0.6925591559097715,0.683597222108753,0.6853387902127815,0.6889135949361903,0.6750311800598316,0.6899561286699936,0.6650432673691706,0.6869937062087172,0.6756116769627326,0.6803968029021357,0.6817375508037127,0.6706207891926337,0.6835521877315514,0.6581867729263375,0.6813041285669293,0.6753462634087738,0.6744142198558798,0.666119667428125,0.6770094679481861,0.6541348409629054,0.6754878461835528,0.6674743441987737,0.7202020079710634,0.6980031535834149,N,1330.9000170230865,6600.4001121521,23.25723934173584,23.286839946111044,10.807293287913005,11.047195374965668,-0.49884440898895266,-0.3467488618567586
132,[5919 6751],394_N,-0.0003466224304171428,0.0020521785281187,1994,0.579980282660957,42.404826802393686,-1.180517307434923,4.225361,-0.0018848041,-0.025020566,-0.19352283,0.05751411,-0.009717011,-0.0054940116,0.0,-8.525578,0.0045341705,-0.044661507,-0.15880764,0.06421772,-0.055984974,0.0,0.054701753,-3.895094,0.002176776,-0.10295044,-0.1556284,0.029835071,-0.07534637,0.0072381916,0.027396899,0.0,0.0,0.0,0.0,0.0,0.0,0.0,0.0,0.0,0.0,0.0,0.0,0.0,0.0,0.0,0.0,0.0,0.0,0.0,0.0,0.0,0.0,0.0,0.0,1986.2312,1994.5104,2023.9944,0.0,0.0,0.0,1984.2134,1986.3872,1994.5542,0.0,0.0,0.0,0.20055833,-0.22729746,0.0,0.0,0.0,0.0,1986,1994,2023,0,0,0,"c(-1.18051730743492, 42.4048268023937)",NBR_year,,0.7153477538671142,0.7134730145323763,0.7421661431703078,0.7456709822473634,0.7509886524228528,0.7552656657491779,0.7596487600123387,0.7646923923788781,0.7681481723877903,0.7739520212207944,0.6865103194699312,0.7072443429567831,0.7004060477045854,0.7078288459111036,0.7111156852478144,0.7055112308046974,0.7185871270023839,0.7005440974671853,0.7228443357528785,0.7141187521555614,0.7239870690621496,0.7254228021361292,0.7221881537017492,0.7334925826071685,0.7176883799442516,0.7383379593041993,0.7277232526054803,0.7400448284467724,0.7396194585311531,0.7387728412065944,0.7482879135191588,0.7347507279231354,0.7537243925024957,0.7560008526342586,0.7537058774716859,0.7552636096970842,0.7629728611956971,0.7517290971869796,0.769002900396619,0.7412202433848413,0.7710500968042924,0.7072443429567831,N,1330.9000170230865,6600.4001121521,23.25723934173584,23.286839946111044,10.807293287913005,11.047195374965668,-0.49884440898895266,-0.3467488618567586
133,[3076 4820],304_N,0.0027907744936191,0.0054625051126887,1989,0.6894314259966317,43.1709999083646,-1.700911351624091,8.078856,-0.003827194,-0.21900669,-0.16903548,0.012628112,-0.041851547,-0.009075691,0.009355515,-12.22003,0.0063141836,-0.21923436,-0.13303609,0.02051488,-0.04700033,0.0050993585,0.045048505,0.0,0.0,0.0,0.0,0.0,0.0,0.0,0.0,0.0,0.0,0.0,0.0,0.0,0.0,0.0,0.0,0.0,0.0,0.0,0.0,0.0,0.0,0.0,0.0,0.0,0.0,0.0,0.0,0.0,0.0,0.0,0.0,1989.8671,2023.8821,0.0,0.0,0.0,0.0,1984.498,1990.0422,0.0,0.0,0.0,0.0,-0.16951121,0.0,0.0,0.0,0.0,0.0,1989,2023,0,0,0,0,"c(-1.70091135162409, 43.1709999083646)",NBR_year,,0.798099162936387,0.7943817772315367,0.790689482661747,0.786966488854411,0.7832127881276827,0.7794283790929043,0.6950949591559051,0.7003719854808061,0.7044426524718809,0.7073256449084234,0.7090488316240007,0.7096488983310952,0.7091708839740368,0.7076676267345844,0.7186407337880127,0.7322043058803358,0.7447026920216421,0.7560878509979865,0.7663204905515747,0.775370453772739,0.7832170019931425,0.789848991125286,0.7952649397081946,0.7994729882613666,0.8024907508897002,0.8043450614096798,0.8050716175613424,0.8047145281202196,0.8033257689019228,0.8124577600554375,0.8261398747926707,0.8387628427369683,0.8502776499089634,0.8698306154320001,0.8778157261448031,0.8845870643896817,0.8901420421535688,0.8944877035512936,0.897640588679953,0.8606439806137667,0.7850896384910468,0.6950949591559051,N,2519.700078010559,9929.700184822083,21.05417947769165,21.363773783047993,11.75977217356364,12.062874456246695,-0.2714192677289248,-0.37399495523422954
134,[2956 4899],305_N,0.0075948312392529,0.0032879566387814,1989,0.6790744406617817,43.20333925859904,-1.679621279386419,-38.546455,0.019600958,-0.27015564,-0.19744176,0.0136436485,0.013724703,-0.029310862,0.10092863,-6.6918855,0.0035530296,-0.2635098,-0.1755204,0.023787597,-0.06450015,0.00045082413,0.045524307,0.0,0.0,0.0,0.0,0.0,0.0,0.0,0.0,0.0,0.0,0.0,0.0,0.0,0.0,0.0,0.0,0.0,0.0,0.0,0.0,0.0,0.0,0.0,0.0,0.0,0.0,0.0,0.0,0.0,0.0,0.0,0.0,1989.8671,2023.8821,0.0,0.0,0.0,0.0,1984.3037,1990.086,0.0,0.0,0.0,0.0,-0.2549235,0.0,0.0,0.0,0.0,0.0,1989,2023,0,0,0,0,"c(-1.67962127938642, 43.203339258599)",NBR_year,,0.8030413863226694,0.8220282160777319,0.842263803038187,0.861178401443929,0.8814844764481817,0.9003268562563593,0.7622451298277059,0.7728414841384452,0.7827211184056223,0.7918554558808792,0.8002192860239707,0.8077909094045381,0.8145522586041852,0.8204889943340544,0.8255905761699245,0.8298503074989122,0.8332653544671855,0.8358367389127395,0.8375693054658752,0.8384716631875835,0.8385561023155286,0.8378384868618959,0.8363381239963246,0.8340776113123199,0.8310826632365057,0.828004262603335,0.8387638711804716,0.8488139157648826,0.8581250552619772,0.8666712775115798,0.874430049672065,0.8813824448143786,0.8875132439019235,0.8972681518265404,0.9008809237074816,0.9036494496739864,0.9055776840387209,0.9066733614581958,0.9069479194435772,0.8928110125085008,0.8713314389460554,0.7622451298277059,N,3005.7000484466553,11650.500235557556,21.780928134918213,22.15673137505849,13.225488599141439,13.45493069489797,-0.2714192677289248,-0.37399495523422954
135,[5922 6772],394_N,0.0053102736115507,0.0079088066113008,1994,0.436254768991844,42.40401831863784,-1.174857921143897,28.203197,-0.01402599,-0.014302508,-0.13234958,0.049904805,-0.0075676152,-0.027475154,0.0,120.903625,-0.060673475,-0.06411617,-0.043490496,0.02989616,0.0,0.01429447,0.07751472,1.963385,-0.0008085191,-0.04249267,-0.10077762,0.052070938,-0.052327663,0.0049998015,0.01147067,-16.478575,0.008384027,-0.0635052,-0.09839611,0.024669189,-0.05628997,0.00042108272,0.024065837,0.0,0.0,0.0,0.0,0.0,0.0,0.0,0.0,0.0,0.0,0.0,0.0,0.0,0.0,0.0,0.0,1986.2312,1988.4652,1994.5104,2023.9944,0.0,0.0,1984.2134,1986.3872,1988.5337,1994.5542,0.0,0.0,0.19535898,0.20832084,-0.37197363,0.0,0.0,0.0,1986,1988,1994,2023,0,0,"c(-1.1748579211439, 42.4040183186378)",NBR_year,,0.5561617883721216,0.5420981768707009,0.5462811332156698,0.4856250633701167,0.5255930428331878,0.5247495743017053,0.5238641112899473,0.5229364496786655,0.521966402344903,0.5209537992938996,0.4074871862211062,0.4311008769075958,0.43090697110934,0.4455234406915416,0.4530029459583201,0.4576522449653494,0.4726989684308956,0.4676442025904624,0.4899624013364563,0.4883553494728358,0.504821080571838,0.5108861458278198,0.5173632390751921,0.531029507883361,0.5277354125866671,0.5487417847939157,0.5457256601956235,0.5640395929762559,0.5686878017727143,0.577000112089573,0.5892770091336119,0.5877593619202183,0.6074386956515889,0.6231782684628667,0.6264084098145519,0.6365617951107286,0.6474415944395876,0.6477146527768098,0.6660528730374686,0.6030187515546376,0.5214601008194013,0.4311008769075958,N,1330.9000170230865,6600.4001121521,23.25723934173584,23.286839946111044,10.807293287913005,11.047195374965668,-0.49884440898895266,-0.3467488618567586
136,[5765 6969],394_N,0.0085134164333406,0.0125962698481994,1994,0.648582324093379,42.44632896852789,-1.121767487842361,10.97697,-0.0052381568,-0.03913634,-0.0337934,0.085119605,0.016901465,0.052604493,0.050601188,-12.655111,0.006657624,0.0,-0.076519854,0.06942148,0.000317712,0.003050485,0.054733135,-27.411364,0.013884145,0.07882588,-0.08740567,0.124478936,-0.004578623,0.010403527,0.039596498,0.0,0.0,0.0,0.0,0.0,0.0,0.0,0.0,0.0,0.0,0.0,0.0,0.0,0.0,0.0,0.0,0.0,0.0,0.0,0.0,0.0,0.0,0.0,0.0,1988.9033,1994.5789,2023.9287,0.0,0.0,0.0,1984.3037,1988.928,1994.598,0.0,0.0,0.0,-0.32586154,-0.34586915,0.0,0.0,0.0,0.0,1988,1994,2023,0,0,0,"c(-1.12176748784236, 42.4463289685279)",NBR_year,,0.7481495156091247,0.7430111300404981,0.7374861412139878,0.7326013066822309,0.7267656720710425,0.7541609585052076,0.7611683850036131,0.7673553949614584,0.7745184708221893,0.7805340823228731,,0.4471967198337547,0.4443426758412993,0.4723485874248975,0.4854502015142138,0.4897638020004578,0.5167209531036123,0.5191624758296055,0.5391972452858621,0.5570346873913645,0.5545184563667874,0.5853303287618611,0.592927769533766,0.6053022209098855,0.6276225520468043,0.6241877739904911,0.6530740149211788,0.665648416825814,0.6707286020115624,0.697248649120085,0.6991221167977443,0.720007025875664,0.7373427210867309,0.765954936572365,0.7730014041303267,0.7861895488024372,0.8080370744856828,0.8040204621162057,0.8337899101848193,0.7355451133716093,0.7775262765725313,0.4471967198337547,N,1330.9000170230865,6600.4001121521,23.25723934173584,23.286839946111044,10.807293287913005,11.047195374965668,-0.50546875,-0.3210652683628723
137,[4243 4925],294_N,0.0272888684024789,0.0311124145886516,2000,0.5694400325792143,42.856499727334686,-1.672614420168957,0.6107426,0.0,-0.04561025,-0.026567694,0.0,0.0,0.0,0.0,-156.33391,0.07879172,-0.14645566,-0.0016058923,0.057653155,-0.04034797,-0.0035832431,0.01230838,-70.730286,0.035696838,-0.08299792,-0.031750783,0.050146677,0.0,0.0,0.0049625197,-32.79801,0.016654054,-0.05977491,-0.060977444,0.011391855,-0.021532886,-0.0043612677,0.014100357,-69.25587,0.03457335,-0.02724753,-0.16835465,0.18443714,-0.06924755,0.07790366,0.11146042,0.0,0.0,0.0,0.0,0.0,0.0,0.0,0.0,1985.6616,1990.2174,1995.3865,2000.6432,2023.8821,0.0,1984.3037,1985.7931,1990.4802,1995.4303,2000.7965,0.0,-0.48660326,-0.20347689,-0.1252918,-0.4988514,0.0,0.0,1985,1990,1995,2000,2023,0,"c(-1.67261442016896, 42.8564997273347)",NBR_year,,0.6635254808089234,,0.4160587855814877,0.4949631843418244,0.5734870368938103,0.6525089372711281,0.4678426612763433,0.5034464050367017,0.5391629271539574,0.5749252441399387,0.6104170211234486,0.5547402859041497,0.5714185967646359,0.5880957816622874,0.6047718400929126,0.6214467715759435,,0.3625125173752723,0.3969490412165093,0.4311672280479891,0.4651691048680023,0.4989568593876671,0.5325328374505268,0.5658995403261899,0.5990596218617494,0.6320158855031817,0.6647712811867714,0.6973289021059244,0.729691981351944,0.7618638884402086,0.7938481257173453,0.8256483246571318,0.8572682420522699,0.9199828623588108,0.9510856696973036,0.9847608091483052,,,,0.888711756094803,0.6131093058344281,0.3625125173752723,N,1477.8000330924988,6216.700133919716,23.91165402730306,23.855032912890117,11.927323404947916,12.259393676122029,-0.4656738266348839,-0.422401258846124
138,[5566 6073],387_N,0.0113792039782891,0.0148881808423318,1992,0.6574837614459096,42.49995839100001,-1.363234636259499,-13.477152,0.0071214573,0.017425582,-0.019508658,0.014594629,0.0043744966,-0.0035299268,0.024649544,-31.515797,0.015950022,-0.015697556,-0.05445656,0.02021722,-0.021564133,0.0,0.021454003,0.0,0.0,0.0,0.0,0.0,0.0,0.0,0.0,0.0,0.0,0.0,0.0,0.0,0.0,0.0,0.0,0.0,0.0,0.0,0.0,0.0,0.0,0.0,0.0,0.0,0.0,0.0,0.0,0.0,0.0,0.0,0.0,1992.5392,2023.9479,0.0,0.0,0.0,0.0,1984.2134,1992.6267,0.0,0.0,0.0,0.0,-0.86877555,0.0,0.0,0.0,0.0,0.0,1992,2023,0,0,0,0,"c(-1.3632346362595, 42.499958391)",NBR_year,,0.692123358180724,0.6996299851922146,0.7061677041283085,0.7138667280155484,0.7206611882036743,0.7280304850613046,0.7350869712396507,0.7421201974828703,0.7456174259354167,0.3728493107243487,0.3903015674280999,0.4043864176973861,0.4150698426951871,0.4297453306157945,0.4513173742752652,0.4699006839298923,0.4851791463938629,0.4970434913973108,0.5069089138750364,0.5294176098401777,0.549093021628988,0.5655516319003504,0.5786099634013021,0.588298772048496,0.6071691714773527,0.6278894293788888,0.6455055795471255,0.6597616865551206,0.6706129275709862,0.6845938009556658,0.7063037930790377,0.7250459471914771,0.7404943062748666,0.7617156213601112,0.7843529035401217,0.8041808978665677,0.8208067264488231,0.8340364212142939,0.8438899248801388,0.7525289018899904,0.7386035843612605,0.3728493107243487,N,1418.900025010109,5787.800113499165,24.47205743789673,24.957279260953268,11.99361866315206,12.423774870236715,-0.24729817705228924,-0.3394653324736282
139,[4317 5531],382_N,0.015136397446725,0.0166540386933569,1991,0.6504872219389184,42.83655712802345,-1.509300701485045,7.6854625,-0.0035262278,0.0475191,-0.008732302,0.03384985,0.0074336776,-0.007646519,0.0,-34.726177,0.017513555,0.0018456028,-0.028403586,0.034959555,-0.02612335,0.0,0.0046735476,0.0,0.0,0.0,0.0,0.0,0.0,0.0,0.0,0.0,0.0,0.0,0.0,0.0,0.0,0.0,0.0,0.0,0.0,0.0,0.0,0.0,0.0,0.0,0.0,0.0,0.0,0.0,0.0,0.0,0.0,0.0,0.0,1991.6193,2023.8821,0.0,0.0,0.0,0.0,1984.3037,1991.9259,0.0,0.0,0.0,0.0,-0.34806114,0.0,0.0,0.0,0.0,0.0,1991,2023,0,0,0,0,"c(-1.50930070148505, 42.8365571280235)",NBR_year,,0.7135902621460443,0.7478686894942054,0.7441898989019091,0.7407750342814576,0.7372381087067265,0.733630232125794,0.730234664799581,0.7264488124833667,0.2263413237794501,0.2508717243786215,0.2639705414368026,0.2845453619709596,0.3020233110130753,0.3167036527764616,0.3384392647371161,0.3485199442267801,0.3732166187847088,0.3876730477938733,0.4064096165272323,0.4252234665490829,0.438126077371461,0.4611304807755259,0.4725566125494116,0.4954097489728218,0.5112220289463049,0.528132442047641,0.548266195849202,0.5594220976465889,0.5836657729251207,0.596445543201929,0.6174537780397291,0.6346157061298384,0.6497180080480018,0.6809173198290677,0.706046691839416,0.7201838413623424,0.739351850088605,0.7578528114971848,0.7711709164852515,0.6711513858071542,0.7319324484626875,0.2263413237794501,N,1726.6000356674194,7034.9001269340515,22.21490281422933,22.526436805725098,10.95898265838623,11.286854251225789,-0.13647461030632257,-0.2897176109778229
140,[5925 6733],394_N,-4.4611505066116666e-05,0.0026258333046031,1994,0.516300648145759,42.40320983488198,-1.185368209970089,19.023808,-0.009357787,-0.05648728,-0.18540777,0.03455128,-0.0038255749,-0.0301077,0.0,-3.0366974,0.0017467716,-0.061545268,-0.11571637,0.06822162,-0.012139525,0.0059932456,0.068660736,-4.967384,0.0026878559,-0.1092869,-0.14191213,0.013661563,-0.075503536,0.0,0.021858426,0.0,0.0,0.0,0.0,0.0,0.0,0.0,0.0,0.0,0.0,0.0,0.0,0.0,0.0,0.0,0.0,0.0,0.0,0.0,0.0,0.0,0.0,0.0,0.0,1986.2312,1994.5104,2023.9944,0.0,0.0,0.0,1984.2134,1986.3872,1994.5542,0.0,0.0,0.0,0.158306,-0.26260936,0.0,0.0,0.0,0.0,1986,1994,2023,0,0,0,"c(-1.18536820997009, 42.403209834882)",NBR_year,,0.6993959919220782,0.6900854367596199,0.6834265252291152,0.6833158042136527,0.6868263533455856,0.6875302871915665,0.6900543777954409,0.691567917734975,0.6931122655835884,0.6954293999078492,0.6205578968714978,0.6341590939130197,0.6328135459448244,0.6352710234531526,0.6424036799302654,0.6339360363876891,0.6492871383811011,0.6378179979810683,0.6534812190216556,0.6505567746061653,0.6550625021078541,0.6606438482351559,0.654165809248091,0.6680274998080321,0.654991210914385,0.6727141172167654,0.6682094586284143,0.6747693577398178,0.6787917007783122,0.674317453971392,0.6866757600050837,0.6720784053862632,0.6918571542386531,0.694390594178234,0.6968474172918582,0.6943896356119759,0.7052317272399713,0.6920244529626063,0.7109097642472101,0.6857721351114738,0.6942708327457188,0.6341590939130197,N,1330.9000170230865,6600.4001121521,23.25723934173584,23.286839946111044,10.807293287913005,11.047195374965668,-0.49884440898895266,-0.3467488618567586
141,[4223 4902],294_N,0.0213030175198491,0.0171316903822248,2000,0.4979226439116797,42.861889619040426,-1.678812795630558,368.31497,-0.18535092,-0.062240608,-0.002124914,0.0,0.0,0.0,0.0,-13.48156,0.006980992,-0.01153585,-0.014258995,0.028625665,-0.0042398465,-0.0077627255,0.0154498005,-31.578976,0.01591287,0.03919312,-0.0047145,0.044500902,-0.014553734,-0.0006188053,0.00423173,0.0,0.0,0.0,0.0,0.0,0.0,0.0,0.0,0.0,0.0,0.0,0.0,0.0,0.0,0.0,0.0,0.0,0.0,0.0,0.0,0.0,0.0,0.0,0.0,1987.414,2000.6432,2023.8821,0.0,0.0,0.0,1984.3037,1987.4576,2001.1908,0.0,0.0,0.0,0.19919705,-0.5953285,0.0,0.0,0.0,0.0,1987,2000,2023,0,0,0,"c(-1.67881279563056, 42.8618896190404)",NBR_year,,0.5101414769889464,0.3247910664571778,0.1394404064615202,0.4582861207853224,0.4651768497804572,0.4720141050582773,0.4787981199346327,0.4855291918503008,0.4922076819066664,0.498834014311171,0.5054086757323901,0.5127681484907693,0.5201092605198998,0.5273975037756248,0.5346325661936542,0.5418142000755743,,0.2958317882155716,0.3546068056240005,0.3689592687746627,0.3849296012674071,0.4023468758148171,0.4173623172900874,0.431867030840049,0.4499113817920944,0.4655850870915842,0.478801902540838,0.4973026018035269,0.5136282661765107,0.5275123829681376,0.5445232335654872,0.5614929778078084,0.576042427892174,0.6091807761048171,0.6243919733560408,0.6384655958600691,0.6566936417527518,0.6725613984509572,0.6859761945905481,0.5915763901531347,0.5382233831346143,0.2958317882155716,N,1477.8000330924988,6216.700133919716,23.91165402730306,23.855032912890117,11.927323404947916,12.259393676122029,-0.4656738266348839,-0.422401258846124
142,[5725 6992],394_N,0.0071255754126294,0.0108432684971539,1994,0.445145606526778,42.457108751939366,-1.11556911238076,0.3470079,0.0,-0.06364948,-0.08211216,0.039793942,-0.026402825,-0.0029498881,0.026305256,-23.526308,0.011870975,-0.066704124,-0.08339695,0.03254614,-0.043014687,-1.2143592e-05,0.031087615,0.0,0.0,0.0,0.0,0.0,0.0,0.0,0.0,0.0,0.0,0.0,0.0,0.0,0.0,0.0,0.0,0.0,0.0,0.0,0.0,0.0,0.0,0.0,0.0,0.0,0.0,0.0,0.0,0.0,0.0,0.0,0.0,1994.5104,2023.9287,0.0,0.0,0.0,0.0,1984.2134,1994.5542,0.0,0.0,0.0,0.0,-0.53527904,0.0,0.0,0.0,0.0,0.0,1994,2023,0,0,0,0,"c(-1.11556911238076, 42.4571087519394)",NBR_year,,0.5186128752116962,0.518390339922799,0.5180953073793623,0.5177277736210508,0.5172877918708424,0.5169548075823485,0.517436247626361,0.5178482719711823,0.5181903218475388,0.5184618929496339,0.3195205820664548,0.3444054061243792,0.3463097121203675,0.3647164548063067,0.3776818047795693,0.3800332831875265,0.4038172616839864,0.4045672438558001,0.4246747311708273,0.4364767193146228,0.4404963855749725,0.4631703584549528,0.4627705877132729,0.4845769457276282,0.4952135706518218,0.5009091273535791,0.5224645956642574,0.5209203205591775,0.5444226685678465,0.5538926252211891,0.5612707760674576,0.5816999078104402,0.5790170498088456,0.612514183531779,0.6215806292114716,0.6408762646780563,0.6370614129312197,0.6639430886619226,0.6710785799055159,0.6042115035684249,0.5183261073985863,0.3444054061243792,N,1330.9000170230865,6600.4001121521,23.25723934173584,23.286839946111044,10.807293287913005,11.047195374965668,-0.50546875,-0.3210652683628723
143,[2561 4934],306_N,0.0056636473584678,0.0057166787426397,1989,0.7045730934321899,43.3097896197874,-1.670188968901374,-41.804718,0.021258352,-0.24215667,-0.09127167,0.0,0.0,0.010358032,0.025574755,-11.1563225,0.005819088,-0.19763832,-0.08689134,0.00088951195,-0.029105885,0.015057096,0.017601285,0.0,0.0,0.0,0.0,0.0,0.0,0.0,0.0,0.0,0.0,0.0,0.0,0.0,0.0,0.0,0.0,0.0,0.0,0.0,0.0,0.0,0.0,0.0,0.0,0.0,0.0,0.0,0.0,0.0,0.0,0.0,0.0,1989.8671,2023.9014,0.0,0.0,0.0,0.0,1984.4543,1990.0422,0.0,0.0,0.0,0.0,-0.27145493,0.0,0.0,0.0,0.0,0.0,1989,2023,0,0,0,0,"c(-1.67018896890137, 43.3097896197874)",NBR_year,,0.6727638893966033,0.6936288428172072,0.715323604430357,0.7364755224774837,0.7575313657107375,0.7791205838914671,0.6848130547603857,0.6932164440429885,0.7007490660362251,0.7073914136860917,0.7131312915527249,0.7179639436911082,0.7218920847854516,0.7249258345039551,0.7270825564577689,0.7283866045395372,0.7288689807688645,0.7371368009839996,0.7478255797481549,0.7577354118025477,0.7668277142585004,0.7750703550883074,0.782438040861183,0.7889126153736263,0.7944832652066027,0.7991466296131812,0.8029068135457885,0.8057753040542337,0.8077707917024247,0.8089189000340197,0.8092518274582768,0.8195702942268309,0.8301168665300284,0.8488127430457173,0.8568937530843077,0.8640958692988363,0.8704022935075288,0.875803598145187,0.8802978181164299,0.8398768201295335,0.7470034440941107,0.6848130547603857,N,3289.500062942505,12728.000219345093,21.82689151763916,22.23771503766378,13.953900496164957,14.207904887199401,-0.23092447519302367,-0.3939290308044292
144,[5723 6971],394_N,0.0094080922637747,0.0125673213353434,1994,0.575083824863303,42.45764774110995,-1.121228498671787,-33.054924,0.016868455,-0.10187582,-0.090876475,0.019516641,-0.023656162,-0.009134368,0.024980111,0.22966538,0.00010378454,-0.11316896,-0.08776864,0.023430804,-0.0047056274,-0.019211404,0.022935376,-26.634993,0.013445899,-0.09461149,-0.08909975,0.03903507,-0.026581258,-0.0035352064,0.03820943,0.0,0.0,0.0,0.0,0.0,0.0,0.0,0.0,0.0,0.0,0.0,0.0,0.0,0.0,0.0,0.0,0.0,0.0,0.0,0.0,0.0,0.0,0.0,0.0,1990.6364,1994.5104,2023.9287,0.0,0.0,0.0,1984.3037,1990.6555,1994.5542,0.0,0.0,0.0,-0.09496779,-0.7548521,0.0,0.0,0.0,0.0,1990,1994,2023,0,0,0,"c(-1.12122849867179, 42.45764774111)",NBR_year,,0.6112847920249899,0.6285875807689192,0.6448795391395234,0.6622894645523164,0.6789276298404349,0.6958727808566408,,0.6328982257689386,0.633006380690082,0.6331138121800545,0.3893297635369034,0.4105143006350786,0.4054595218010142,0.4369903753017145,0.4443201515130019,0.4575547619539521,0.477436385581447,0.4726334184292883,0.5045465633134787,0.5105526593634837,0.5257186903186235,0.5442915997365627,0.5413457409380906,0.5720366385880473,0.5767217284999441,0.5938208870090717,0.6110800786256284,0.6100040261748091,0.6394603476177027,0.6428279119352315,0.6618607273419472,0.6778019986403139,0.6786073224632632,0.7088718004858309,0.7298376240656163,0.7444575768972789,0.7471547097523636,0.7741078560358701,0.7748540223033028,0.7068174774862799,0.6330600964350682,0.4105143006350786,N,1330.9000170230865,6600.4001121521,23.25723934173584,23.286839946111044,10.807293287913005,11.047195374965668,-0.50546875,-0.3210652683628723
145,[5725 7058],394_N,0.0085962653028364,0.008176348613149,1994,0.406925009871588,42.457108751939366,-1.097782469751819,40.03556,-0.019975659,0.03478548,-0.03663622,0.045614325,-0.015767299,0.0,0.0065148803,7.8489704,-0.0037485682,0.028254637,-0.009907985,0.045710057,0.0,0.0001967933,0.022659011,-17.090672,0.008629212,0.0,-0.021603076,0.045802552,-0.02232124,0.0,0.017891746,0.0,0.0,0.0,0.0,0.0,0.0,0.0,0.0,0.0,0.0,0.0,0.0,0.0,0.0,0.0,0.0,0.0,0.0,0.0,0.0,0.0,0.0,0.0,0.0,1987.2825,1994.5542,2023.9944,0.0,0.0,0.0,1984.3037,1987.3071,1994.5789,0.0,0.0,0.0,0.1289496,-0.54191715,0.0,0.0,0.0,0.0,1987,1994,2023,0,0,0,"c(-1.09778246975182, 42.4571087519394)",NBR_year,,0.4430457119578557,0.4359445885866539,0.415952135522431,0.4473683697775104,0.4436813752564689,0.4399788275517597,0.4362607968037694,0.4325273578866711,0.4287785903705935,0.4250145784819413,0.2020144569869638,0.2013644046026901,0.2185235491046007,0.2239683380615239,0.232817509466078,0.2443457311168722,0.2450524036656091,0.2624293279114564,0.263664326023547,0.2782368032506069,0.2855873543763808,0.2918693870076043,0.3052538672379464,0.3035068465620469,0.3226229726534923,0.3257570333283784,0.3377386797697956,0.3469870436458425,0.3507273725938195,0.3659387041423771,0.3648913768656716,0.3825976023234652,0.3876379043318116,0.4081652839336936,0.4093983486087683,0.4264006949329778,0.4272345724817808,0.4423562070052338,0.4493030804960317,0.3970338358389109,0.42689658442626743,0.2013644046026901,N,1311.2000274658203,6818.400172472,23.136512406667073,23.088657959302267,10.729057550430298,10.975056517124177,-0.50546875,-0.3210652683628723
146,[5559 6073],387_N,0.0139617824785025,0.0165506210641618,1992,0.6280062940492992,42.50184485309701,-1.363234636259499,-1.4980981,0.0011004821,0.06109674,-0.015867295,0.035748243,0.0,0.0060687643,0.0075772787,-34.910587,0.017646931,0.0,-0.04708766,0.015250041,-0.010635944,-0.005272846,0.01737258,0.0,0.0,0.0,0.0,0.0,0.0,0.0,0.0,0.0,0.0,0.0,0.0,0.0,0.0,0.0,0.0,0.0,0.0,0.0,0.0,0.0,0.0,0.0,0.0,0.0,0.0,0.0,0.0,0.0,0.0,0.0,0.0,1992.5392,2023.9479,0.0,0.0,0.0,0.0,1984.2134,1992.6267,0.0,0.0,0.0,0.0,-0.7191052,0.0,0.0,0.0,0.0,0.0,1992,2023,0,0,0,0,"c(-1.3632346362595, 42.501844853097)",NBR_year,,,0.7552503445227381,0.7563664783559938,0.7573679707114988,0.7586105500834704,0.759454204061054,0.7608185534839582,0.7617119750049847,0.7629917512319963,0.335647979584438,0.3508951212232363,0.3635817361816705,0.3845273574072033,0.4054568919769505,0.4241142016675603,0.4402642107964852,0.4538373338019749,0.4711428363896332,0.4927843372689385,0.5122717334457523,0.5293160256044175,0.5437882685985951,0.5575455686239934,0.579846630998204,0.60012848944434,0.6180511648676034,0.6334277345446863,0.6462401396013523,0.6666604008676751,0.687694814958482,0.7064728289048542,0.7227514907964859,0.7364526590661837,0.7749833797305654,0.7945867826361377,0.8117578978646356,0.8263593866959796,0.8396181964710636,0.8620090489657755,0.7532441750569798,0.7612652642444715,0.335647979584438,N,1418.900025010109,5787.800113499165,24.47205743789673,24.957279260953268,11.99361866315206,12.423774870236715,-0.24096680283546448,-0.3317749048117548
147,[5722 6990],394_N,0.0101907825344729,0.0119431289997706,1994,0.558936395875491,42.457917235695234,-1.116108101551334,-17.884832,0.00922744,-0.010598946,-0.07329901,0.045935947,-0.011737752,-0.008373955,0.028955845,-24.565851,0.012456943,-0.021571454,-0.09595954,0.042594213,-0.03464048,-0.0019523639,0.02683908,0.0,0.0,0.0,0.0,0.0,0.0,0.0,0.0,0.0,0.0,0.0,0.0,0.0,0.0,0.0,0.0,0.0,0.0,0.0,0.0,0.0,0.0,0.0,0.0,0.0,0.0,0.0,0.0,0.0,0.0,0.0,0.0,1994.5104,2023.9287,0.0,0.0,0.0,0.0,1984.2134,1994.5542,0.0,0.0,0.0,0.0,-0.47022974,0.0,0.0,0.0,0.0,0.0,1994,2023,0,0,0,0,"c(-1.11610810155133, 42.4579172356952)",NBR_year,,0.5603968017405777,0.5696644992900126,0.578863352751341,0.5879929110607766,0.5970527827149958,0.6060426362939616,0.6149622009202644,0.6238112666541298,0.6325896848241951,0.6418453392518763,0.4303420118772715,0.4421217928256471,0.448696825302977,0.4699462790000581,0.4707034658231115,0.4930757054980118,0.5038205707673205,0.5118583435586482,0.5321495094860682,0.5318513170426107,0.5557610144531084,0.5654660423150316,0.5749778751602785,0.5943002230094669,0.5929483315847632,0.6183974052435925,0.6270582923056865,0.6380546400700967,0.6563982013942042,0.6539949232507654,0.6809843728210604,0.688597437578658,0.7010878819208932,0.7172150410209359,0.7435214409844149,0.75008362690258,0.7640768686013881,0.7804352376626117,0.7805924968888308,0.7184432579568657,0.6372175120380357,0.4421217928256471,N,1330.9000170230865,6600.4001121521,23.25723934173584,23.286839946111044,10.807293287913005,11.047195374965668,-0.50546875,-0.3210652683628723
148,[5728 7060],394_N,0.0122448674048777,0.014121475986958,1994,0.587861630030154,42.45630026818351,-1.097243480581245,17.035566,-0.008234398,0.07048114,-0.012751422,0.031223606,0.0,0.008742693,0.0,-30.143438,0.015149506,-0.0018281431,-0.040611636,0.045142803,-0.028682843,0.0,0.017178884,0.0,0.0,0.0,0.0,0.0,0.0,0.0,0.0,0.0,0.0,0.0,0.0,0.0,0.0,0.0,0.0,0.0,0.0,0.0,0.0,0.0,0.0,0.0,0.0,0.0,0.0,0.0,0.0,0.0,0.0,0.0,0.0,1994.5104,2023.9944,0.0,0.0,0.0,0.0,1984.3037,1994.5542,0.0,0.0,0.0,0.0,-0.82329893,0.0,0.0,0.0,0.0,0.0,1994,2023,0,0,0,0,"c(-1.09724348058124, 42.4563002681835)",NBR_year,,,0.7710270014084305,0.7628000550472016,0.7542154849553213,0.7459867258090899,0.7380913821343957,0.7298605716182369,0.72127190133679,0.7130546697063944,0.7051557212211985,0.6969210437683463,0.1821581535940618,0.1908410486512326,0.2136596462389959,0.2188014668561878,0.2433824906184506,0.2541657925297637,0.271386142630299,0.2877864129685193,0.2977750943829904,0.3196190635060355,0.3237286029141201,0.349667207862976,0.359406289621592,0.3779817090420327,0.3933535915582886,0.4046589718747197,0.425517518968701,0.4298376243340783,0.4558927022692083,0.4645876733332229,0.484521348064106,0.4988598463112461,0.5313548676745643,0.5369347845950714,0.5620585330321355,0.5697104526942816,0.5910043386174151,0.6043053898004959,0.5114916604479767,0.7091051954637965,0.1821581535940618,N,1311.2000274658203,6818.400172472,23.136512406667073,23.088657959302267,10.729057550430298,10.975056517124177,-0.50546875,-0.3210652683628723
149,[5761 7075],394_N,0.0101646252896445,0.0099975954218903,1994,0.441523099523461,42.44740694686904,-1.09320106180194,-20.697104,0.010619993,0.102208905,-0.024520345,0.061575927,-0.004078841,0.005805299,0.004075616,-20.800694,0.010499465,0.002430932,-0.054672923,0.058001503,-0.018335978,0.008536486,0.022642236,0.0,0.0,0.0,0.0,0.0,0.0,0.0,0.0,0.0,0.0,0.0,0.0,0.0,0.0,0.0,0.0,0.0,0.0,0.0,0.0,0.0,0.0,0.0,0.0,0.0,0.0,0.0,0.0,0.0,0.0,0.0,0.0,1994.5104,2023.9944,0.0,0.0,0.0,0.0,1984.3037,1994.5789,0.0,0.0,0.0,0.0,-0.5548594,0.0,0.0,0.0,0.0,0.0,1994,2023,0,0,0,0,"c(-1.09320106180194, 42.447406946869)",NBR_year,,,0.5124742094958679,0.5228630533450551,0.5340367272303653,0.5447398161387051,0.554946761476056,0.5653516849263083,0.5765202656353327,0.587217965276676,0.5974192489941458,0.6078402614863481,0.2510888199704738,0.2728035032941902,0.2756838979239154,0.2916019384070871,0.3019119464186965,0.3079933145891065,0.3252851653601564,0.3229258407590362,0.3458892209236237,0.3511151148204665,0.3639080371951916,0.3764514463620889,0.3796127204231488,0.3989485835563721,0.3989629828071359,0.4187237246627302,0.4262690241318764,0.4359893070678393,0.4507149982637579,0.4510407284082811,0.4723474735071477,0.4747279358071155,0.5011449399846226,0.5078554759876446,0.52470510800354,0.5222889223544865,0.5454873296080176,0.5502177709639889,0.4913143808717446,0.592318607135411,0.2510888199704738,N,1311.2000274658203,6818.400172472,23.136512406667073,23.088657959302267,10.729057550430298,10.975056517124177,-0.50546875,-0.3210652683628723
150,[4223 4896],294_N,0.0229272336580412,0.0182340238586391,2000,0.5236335311810858,42.861889619040426,-1.68042976314228,-24.40602,0.012443847,-0.01421122,-0.030108707,0.009145195,-0.038168732,0.0053158053,-0.00361826,-33.150608,0.016700417,0.047404237,-0.004287875,0.033729352,-0.011787568,-0.0138177695,0.010200194,0.0,0.0,0.0,0.0,0.0,0.0,0.0,0.0,0.0,0.0,0.0,0.0,0.0,0.0,0.0,0.0,0.0,0.0,0.0,0.0,0.0,0.0,0.0,0.0,0.0,0.0,0.0,0.0,0.0,0.0,0.0,0.0,2000.6432,2023.8821,0.0,0.0,0.0,0.0,1984.3037,2001.2346,0.0,0.0,0.0,0.0,-0.58216274,0.0,0.0,0.0,0.0,0.0,2000,2023,0,0,0,0,"c(-1.68042976314228, 42.8618896190404)",NBR_year,,0.3507456700801842,0.3648662486538982,0.3771028595594067,0.3885247142657344,0.402307682067468,0.4141735931509153,0.4262437972851859,0.4396818766746515,0.4511725963901185,0.4639013716855485,0.4769877655948229,0.4880993768919577,0.5014959715705385,0.5142243830383452,0.5249535577552369,0.5390262165746185,,0.2975145037670597,0.3621300650016358,0.3765759151341183,0.396127468301057,0.412150672057266,0.4268419575666319,0.4462634605194677,0.4621673283079102,0.4771033155320678,0.4963949433594043,0.5121800602740613,0.5273599871018603,0.5465219313119586,0.562188894830145,0.5776119709802301,0.5966444393897312,0.6278592665013081,0.6467624831221837,0.6621949809398417,0.6781018736270275,0.696876078549855,0.7121922879499198,0.6121938591981727,0.5319898871649277,0.2975145037670597,N,1477.8000330924988,6216.700133919716,23.91165402730306,23.855032912890117,11.927323404947916,12.259393676122029,-0.4656738266348839,-0.422401258846124
151,[5746 7075],394_N,0.0086563371446733,0.0075558503385699,1994,0.512498821662559,42.45144936564835,-1.09320106180194,-67.83821,0.03440164,0.010196064,-0.08131211,-0.029756183,-0.05727049,-0.0664095,-0.020088824,-37.947952,0.019367501,0.13527542,0.0122054545,0.05741487,0.035628125,-0.010672264,0.0388047,-16.381012,0.008497492,0.05740336,-0.030512258,0.040482644,0.020428658,0.0,0.022296663,-15.651121,0.007934962,0.0,-0.041159008,0.05624642,-0.02228105,0.004759066,0.021290854,0.0,0.0,0.0,0.0,0.0,0.0,0.0,0.0,0.0,0.0,0.0,0.0,0.0,0.0,0.0,0.0,1986.7568,1989.0347,1994.5104,2023.9944,0.0,0.0,1984.3037,1987.0005,1989.0785,1994.5789,0.0,0.0,0.25740662,-0.24360517,-0.7304079,0.0,0.0,0.0,1986,1989,1994,2023,0,0,"c(-1.09320106180194, 42.4514493656484)",NBR_year,,,0.5959674291251651,0.6304114281215975,0.6720220911664737,0.6914003284862137,0.5687084449866188,0.5772593445744267,0.5857923320789017,0.5943067384860873,0.6028019015171633,0.611277166382906,0.274521250145219,0.2952022448213614,0.297521796017497,0.3082383957038124,0.3178029358685855,0.3188828719249895,0.3353216313201572,0.3325707420203506,0.350135896245158,0.3547354240084516,0.3624002816844687,0.3741563735073878,0.3723572031658046,0.3908222326320191,0.3903645221934983,0.4048217559903939,0.4116823701803219,0.4163379629253853,0.4302420394045794,0.4256382569166171,0.4460637077199987,0.4478981251546389,0.468361234215752,0.4700603461005928,0.4860615999862387,0.4828250870849361,0.5010506569325626,0.5051680312756995,0.4592663012479641,0.5985543200016252,0.274521250145219,N,1311.2000274658203,6818.400172472,23.136512406667073,23.088657959302267,10.729057550430298,10.975056517124177,-0.50546875,-0.3210652683628723
152,[4225 4891],294_N,0.014658256820861,0.0169704948066931,2000,0.5662842406167572,42.861350629869854,-1.681777236068715,-28.41182,0.014462703,-0.017019015,-0.025470035,0.005545216,-0.024131741,0.004584801,0.0025255017,-35.277313,0.017781777,0.022475729,-0.0046530575,0.03979231,-0.004178994,-0.0042078956,0.007594417,0.0,0.0,0.0,0.0,0.0,0.0,0.0,0.0,0.0,0.0,0.0,0.0,0.0,0.0,0.0,0.0,0.0,0.0,0.0,0.0,0.0,0.0,0.0,0.0,0.0,0.0,0.0,0.0,0.0,0.0,0.0,0.0,2000.6432,2023.8821,0.0,0.0,0.0,0.0,1984.3037,2001.1908,0.0,0.0,0.0,0.0,-0.65033156,0.0,0.0,0.0,0.0,0.0,2000,2023,0,0,0,0,"c(-1.68177723606872, 42.8613506298699)",NBR_year,,0.3439475105408383,0.3584388505531934,0.3717107563296134,0.3874609866534376,0.4016547531413716,0.4154528706580155,0.4309198434483252,0.4448140703001954,0.4591438975193165,0.4743235085420665,0.4879167382039127,0.5027828790151632,0.5176715025370944,0.5309627899872542,0.5463689427165236,0.5609634402182127,,0.3505918086537801,0.3707462590756569,0.3884626029151841,0.4048563958970513,0.4238830927580854,0.4419556870657407,0.4587073218239679,0.4769238460799567,0.4953524982373153,0.5124613408656018,0.5298685945760783,0.5486531066593445,0.566118692348032,0.5827174664672222,0.6018575594822395,0.6196795631775155,0.6549658971191157,0.6731440906807089,0.6900017047876432,0.7079781727901873,0.7265123692694335,0.7437270368398411,0.6361795422968284,0.5536661914673682,0.3505918086537801,N,1477.8000330924988,6216.700133919716,23.91165402730306,23.855032912890117,11.927323404947916,12.259393676122029,-0.4656738266348839,-0.422401258846124
153,[5757 7084],394_N,0.0079690919102414,0.0083331867262917,1994,0.412941630959943,42.4484849252102,-1.090775610534358,25.197073,-0.012472753,0.07144654,-0.040954456,0.015562557,-0.008166238,-0.0332724,0.0,4.5681624,-0.0020726088,0.077851675,-0.03433184,0.04376121,-0.012633476,0.0050092023,-0.00042153973,-17.457355,0.008786693,0.002006031,-0.028530227,0.035310004,-0.028362764,0.0018142526,0.013166932,0.0,0.0,0.0,0.0,0.0,0.0,0.0,0.0,0.0,0.0,0.0,0.0,0.0,0.0,0.0,0.0,0.0,0.0,0.0,0.0,0.0,0.0,0.0,0.0,1987.8766,1994.5104,2023.9944,0.0,0.0,0.0,1984.3037,1987.9642,1994.5789,0.0,0.0,0.0,0.11648042,-0.48545355,0.0,0.0,0.0,0.0,1987,1994,2023,0,0,0,"c(-1.09077561053436, 42.4484849252102)",NBR_year,,,0.5484270329521307,0.5360173166650114,0.52341780996412,0.5445037583929635,0.5424217092730409,0.540382913736313,0.5382453708258971,0.5362576781439602,0.5340643174079844,0.5321280235445578,0.1437013749120338,0.1552754393184807,0.164573939350134,0.1693365602035387,0.1835468344632413,0.1842896409410769,0.2006220481245614,0.2064363668282859,0.2158687100064628,0.2267213944689578,0.2294198931005965,0.2451000957995821,0.2474144685530391,0.2615955343226622,0.2689904289648154,0.2762972205794417,0.2886835822730496,0.2893570511673543,0.3064703343848223,0.3103651094378694,0.322394703389957,0.3313615093768409,0.3504604960858357,0.3508717060330083,0.3676595810951381,0.3731381439902707,0.383023529526645,0.3935481884193927,0.3365661856818111,0.5351609977759724,0.1437013749120338,N,1311.2000274658203,6818.400172472,23.136512406667073,23.088657959302267,10.729057550430298,10.975056517124177,-0.50546875,-0.3210652683628723
154,[4232 4917],294_N,0.014466625058376,0.0172171110422344,2000,0.6022078013046046,42.85946416777284,-1.674770376851253,-32.90347,0.016733816,-0.011517819,-0.011566462,0.027388977,-0.006943793,0.023574403,-0.008410161,-35.586033,0.017892031,0.022854468,-0.026092906,0.053597227,-0.04175881,0.0,0.0013597583,0.0,0.0,0.0,0.0,0.0,0.0,0.0,0.0,0.0,0.0,0.0,0.0,0.0,0.0,0.0,0.0,0.0,0.0,0.0,0.0,0.0,0.0,0.0,0.0,0.0,0.0,0.0,0.0,0.0,0.0,0.0,0.0,2000.6432,2023.8821,0.0,0.0,0.0,0.0,1984.3037,2000.7965,0.0,0.0,0.0,0.0,-0.7020089,0.0,0.0,0.0,0.0,0.0,2000,2023,0,0,0,0,"c(-1.67477037685125, 42.8594641677728)",NBR_year,,0.3520316263459455,0.3704431847845727,0.3871909271992386,0.4023761066259,0.420812954989144,0.4371431946414829,0.453039793330752,0.47110868155887,0.4870126535183793,0.5036403082310071,0.5213283069055183,0.5367983161127016,0.5541748970345087,0.571469957587448,0.5864994146598385,0.6046409496028912,,0.2929588338276503,0.3103151537341631,0.3285453207143941,0.3469319954973653,0.3652919591195307,0.3836248988605953,0.4019305133035603,0.4202085124620918,0.4384586179028861,0.4566805628639678,0.4748740923672782,0.4930389633269099,0.5111749446522382,0.5292818173462744,0.5473593745987586,0.5654074218747617,0.6014142702284727,0.6193727443370445,0.6373010546723391,0.6551990692246074,0.6730666686835559,0.6909037464913574,0.5834257769978739,0.5955701821313648,0.2929588338276503,N,1477.8000330924988,6216.700133919716,23.91165402730306,23.855032912890117,11.927323404947916,12.259393676122029,-0.4656738266348839,-0.422401258846124
155,[5692 7014],394_N,0.0087177571658143,0.0095623380586205,1994,0.427262756454425,42.46600207325385,-1.109640231504446,0.38743234,0.0,0.0018904817,-0.08929389,0.09746984,-0.018158441,0.019106513,0.025488611,23.034187,-0.011400282,-0.07809781,-0.07603369,0.032188926,-0.02982977,-0.014852123,0.029744938,-19.81584,0.010014906,-0.06825945,-0.07404129,0.028159233,-0.034416728,0.0,0.030181814,0.0,0.0,0.0,0.0,0.0,0.0,0.0,0.0,0.0,0.0,0.0,0.0,0.0,0.0,0.0,0.0,0.0,0.0,0.0,0.0,0.0,0.0,0.0,0.0,1986.7568,1994.5104,2023.9287,0.0,0.0,0.0,1984.2134,1987.0005,1994.5789,0.0,0.0,0.0,-0.16816393,-0.45389986,0.0,0.0,0.0,0.0,1986,1994,2023,0,0,0,"c(-1.10964023150445, 42.4660020732538)",NBR_year,,0.5553511013383648,0.5553806306745717,0.5553331483610943,0.5550006301339477,0.5431133126667458,0.5314907012926852,0.5207401346851375,0.5093319751997242,0.4972651057927365,0.4861318115408629,0.3275608538986326,0.3334671019716847,0.3413891804388853,0.3582654825436951,0.3549416039567843,0.3770558878007566,0.3846621330960037,0.3900141540482471,0.4085406971985767,0.4068699474267909,0.4264120374401598,0.4357180582294446,0.4385137494678582,0.4586728574068195,0.4586697393993469,0.475630792742347,0.4866336516707668,0.4868908136716888,0.5086622092013903,0.5103385963625618,0.5247138631440952,0.5374079096024551,0.5351483844428645,0.5618743357987561,0.5736631743726353,0.5880400524585241,0.5832896844072925,0.6082146159137737,0.613274980938224,0.5585092275955166,0.4916984586667997,0.3334671019716847,N,1330.9000170230865,6600.4001121521,23.25723934173584,23.286839946111044,10.807293287913005,11.047195374965668,-0.50546875,-0.3210652683628723
156,[5903 6814],394_N,0.0004823879891978855,0.001977411570168,1994,0.44694047209077,42.40913871575829,-1.163539148561843,-4.446143,0.0024055494,-0.049525473,-0.10637022,0.050504226,-0.037558887,-0.009100022,0.020471022,-4.04012,0.0021819691,-0.06956953,-0.11025428,0.03166162,-0.062235676,0.0,0.02115314,0.0,0.0,0.0,0.0,0.0,0.0,0.0,0.0,0.0,0.0,0.0,0.0,0.0,0.0,0.0,0.0,0.0,0.0,0.0,0.0,0.0,0.0,0.0,0.0,0.0,0.0,0.0,0.0,0.0,0.0,0.0,0.0,1994.5104,2023.9944,0.0,0.0,0.0,0.0,1984.2134,1994.5542,0.0,0.0,0.0,0.0,-0.40337366,0.0,0.0,0.0,0.0,0.0,1994,2023,0,0,0,0,"c(-1.16353914856184, 42.4091387157583)",NBR_year,,0.5114609739224554,0.5143095852720795,0.5170863296016789,0.5197906693698225,0.522422119757478,0.5249802490814561,0.5274646791557351,0.5298750856004045,0.5322111980977943,0.534472800595862,0.4930145270763122,0.5095537183197378,0.5012892758434948,0.5119561795278846,0.5116741371061582,0.5119656582657273,0.5195612294725476,0.5097352418110159,0.5249192938961713,0.5151843967163754,0.5277758923626553,0.5260224111608564,0.5282172896769334,0.5343747524398936,0.5263864658926383,0.540199436424858,0.5289979991325309,0.5435131182595506,0.5402857963967902,0.5443913186331129,0.5491019497230983,0.5429667800844843,0.5553938203842971,0.5591671644977261,0.5544647726323574,0.5604867025198463,0.5637429370341523,0.5594748204900699,0.5705021890084443,0.5427309073965173,0.5333419993468281,0.5095537183197378,N,1330.9000170230865,6600.4001121521,23.25723934173584,23.286839946111044,10.807293287913005,11.047195374965668,-0.49884440898895266,-0.3467488618567586
157,[5912 6763],394_N,0.0015136807719422,0.0030094798875175,1994,0.40070733465265,42.40671326449071,-1.17728337241148,0.3201399,0.0,-0.07385532,-0.1029236,0.04075464,-0.031897034,-0.01199869,0.035481416,-6.2823396,0.003280424,-0.061358713,-0.09113957,0.029705873,-0.050051622,0.00082474394,0.023290254,0.0,0.0,0.0,0.0,0.0,0.0,0.0,0.0,0.0,0.0,0.0,0.0,0.0,0.0,0.0,0.0,0.0,0.0,0.0,0.0,0.0,0.0,0.0,0.0,0.0,0.0,0.0,0.0,0.0,0.0,0.0,0.0,1994.5104,2023.9944,0.0,0.0,0.0,0.0,1984.2134,1994.5542,0.0,0.0,0.0,0.0,-0.35689193,0.0,0.0,0.0,0.0,0.0,1994,2023,0,0,0,0,"c(-1.17728337241148, 42.4067132644907)",NBR_year,,0.5251756254614317,0.5246457473548704,0.5240262365499361,0.5246005275944841,0.5251329994495234,0.52557783379847,0.5259344582599124,0.526202373823095,0.5263811553205117,0.5264704518217949,0.4209182246178589,0.4371305917970591,0.4298968850757252,0.4420509968071066,0.4423275380724747,0.4446989956567704,0.4524237334404212,0.4452156034084342,0.4601402739688744,0.4515280694779677,0.4654911741611602,0.4643801872219466,0.4685497606911831,0.4749125353652957,0.4694468022054353,0.4830691514794027,0.4730838685392001,0.4888530516016177,0.4863536029220469,0.4923266939724236,0.4973201895474105,0.4936104712145121,0.5059169827728291,0.5121360160844316,0.5082483535698887,0.516028827793639,0.5196468992527532,0.5177053167872462,0.5286835957380764,0.4945651936828642,0.5264258035711533,0.4371305917970591,N,1330.9000170230865,6600.4001121521,23.25723934173584,23.286839946111044,10.807293287913005,11.047195374965668,-0.49884440898895266,-0.3467488618567586
158,[4238 4928],294_N,0.0259107962233474,0.0106187857497339,2000,0.5985845877932218,42.85784720026112,-1.671805936413096,578.8769,-0.29139283,-0.041461896,-0.13690779,0.0,0.0,0.0,0.0,-19.12932,0.009820929,-0.06899426,-0.042467132,0.02704507,-0.017113678,0.0,0.024736503,-65.36043,0.032645654,-0.029882157,-0.16349663,0.19790722,-0.06953656,0.074070215,0.12832339,0.0,0.0,0.0,0.0,0.0,0.0,0.0,0.0,0.0,0.0,0.0,0.0,0.0,0.0,0.0,0.0,0.0,0.0,0.0,0.0,0.0,0.0,0.0,0.0,1986.7568,2000.6432,2023.8821,0.0,0.0,0.0,1984.3037,1987.1073,2000.7965,0.0,0.0,0.0,0.18968102,-0.43192676,0.0,0.0,0.0,0.0,1986,2000,2023,0,0,0,"c(-1.6718059364131, 42.8578472002611)",NBR_year,,0.7448173259058095,0.4534106919740306,0.1620207625568927,0.5280302214755748,0.5374962576026744,0.5487533014854431,0.5574636957771577,0.5669923369698966,0.5782179263177569,0.5868967829304771,0.5964880312294417,0.6076821581306873,0.6163294830952933,0.6259833401986633,0.6371459969135512,0.6457617964335053,,0.427425301763041,0.4601733258119164,0.4926804113192936,0.5249483920442001,0.5569792828797782,0.5887752774218675,0.6203387453915914,0.6516722298957991,0.682778444537528,0.7136602703764556,0.744320752744665,0.7747630979159597,0.8049906696407414,0.8350069855413867,0.8648157133763611,0.8944206671800947,0.95303521614385,0.9820531342515229,0.6398010167577194,0.67190357664004,0.703872847959705,0.735706874670413,0.9238258032713536,0.6414538966735283,0.427425301763041,N,1477.8000330924988,6216.700133919716,23.91165402730306,23.855032912890117,11.927323404947916,12.259393676122029,-0.4656738266348839,-0.422401258846124
159,[4296 5538],382_N,0.0117406116216078,0.0150075250173367,1991,0.6695520522080152,42.84221651431448,-1.507414239388036,11.529879,-0.0054651313,-0.013523507,-0.003102855,0.012561292,0.0,0.0,0.0,-137.962,0.06967543,0.10996644,-0.02414739,0.037028197,-0.004390643,0.0,0.0,-31.237862,0.015793132,0.070278905,-0.053695332,0.08642167,-0.020940093,0.0010687277,0.024260232,0.0,0.0,0.0,0.0,0.0,0.0,0.0,0.0,0.0,0.0,0.0,0.0,0.0,0.0,0.0,0.0,0.0,0.0,0.0,0.0,0.0,0.0,0.0,0.0,1988.728,1991.6193,2023.8821,0.0,0.0,0.0,1984.3037,1988.8595,1991.9259,0.0,0.0,0.0,0.22025979,-0.7552765,0.0,0.0,0.0,0.0,1988,1991,2023,0,0,0,"c(-1.50741423938804, 42.8422165143145)",NBR_year,,0.7082886909303404,0.7028338589602279,0.697331280146289,0.6919015037740848,0.6864321089819219,0.759255046921816,0.8289261133357422,0.8985952902574358,0.3222980057402632,0.3375204922371006,0.3522029761064474,0.3701676078695697,0.3810010638483024,0.4020524365693624,0.4151656925423034,0.4324439365049771,0.4485072779401207,0.4620150975459065,0.4808451162163452,0.4923244126965104,0.5122587680040261,0.5263681326772094,0.5424889081127999,0.5593982697964179,0.5717191780598512,0.5915328163365471,0.6037453084234152,0.6224485060869983,0.63747378072056,0.6524310504162006,0.6701937123527643,0.681312440910268,0.7021548612298902,0.7326179392524033,0.7484831456102722,0.7622682059441594,0.7808936825301691,0.7921752496414389,0.8124391826128475,0.7150680978806947,0.7940905801287791,0.3222980057402632,N,1726.6000356674194,7034.9001269340515,22.21490281422933,22.526436805725098,10.95898265838623,11.286854251225789,-0.13647461030632257,-0.2897176109778229
160,[3057 4785],304_N,-0.00038343569309100544,0.0042186046116914,1989,0.714004975882664,43.17612030548505,-1.710343662109135,9.309874,-0.0044167554,-0.1488264,-0.19323555,0.035782598,-0.02839919,-0.023025006,0.0037813082,-9.820555,0.0051395344,-0.1788572,-0.16330545,0.042457066,-0.040509395,0.0,0.037785664,0.0,0.0,0.0,0.0,0.0,0.0,0.0,0.0,0.0,0.0,0.0,0.0,0.0,0.0,0.0,0.0,0.0,0.0,0.0,0.0,0.0,0.0,0.0,0.0,0.0,0.0,0.0,0.0,0.0,0.0,0.0,0.0,1989.8671,2023.9014,0.0,0.0,0.0,0.0,1984.4543,1990.0422,0.0,0.0,0.0,0.0,-0.18381056,0.0,0.0,0.0,0.0,0.0,1989,2023,0,0,0,0,"c(-1.71034366210914, 43.176120305485)",NBR_year,,0.8408196758699505,0.8365014226015836,0.8322720657151762,0.8274414922817479,0.8233346626558865,0.8189884176635088,0.7354095936283583,0.7355198172435091,0.7342959922668161,0.731782233320052,0.7334924151629033,0.7464843110150275,0.7583538858935225,0.7690289219607565,0.7784472783870782,0.7865576865129196,0.7933204057988227,0.7987077314005364,0.8027043463589366,0.805307513640736,0.8065271055856105,0.8063854706689555,0.804917139838675,0.8021683769987433,0.806993393403217,0.819781685862188,0.8314334511311556,0.841878286179843,0.85105602351421,0.8589175011369881,0.8654251914318113,0.8705536801962928,0.8742899892273851,0.8775971432972124,0.877204854547192,0.8754936318850802,0.8725118676114528,0.8804575182026799,0.8930394254545951,0.8766337381234192,0.8253880774688171,0.7354095936283583,N,2519.700078010559,9929.700184822083,21.05417947769165,21.363773783047993,11.75977217356364,12.062874456246695,-0.2714192677289248,-0.37399495523422954
161,[5102 6750],367_N,0.0075095035448999,0.0073563744239848,1989,0.5706820650782737,42.62500387857317,-1.18078680202021,3.4989765,-0.0014677518,0.033123754,-0.060327183,0.03799345,-0.028101219,1.7216691e-05,0.008649808,-15.193913,0.007821912,0.0038729832,-0.06086093,0.047120243,-0.033310145,0.015493169,0.024961129,0.0,0.0,0.0,0.0,0.0,0.0,0.0,0.0,0.0,0.0,0.0,0.0,0.0,0.0,0.0,0.0,0.0,0.0,0.0,0.0,0.0,0.0,0.0,0.0,0.0,0.0,0.0,0.0,0.0,0.0,0.0,0.0,1989.5413,2023.8821,0.0,0.0,0.0,0.0,1984.2134,1989.585,0.0,0.0,0.0,0.0,-0.5402404,0.0,0.0,0.0,0.0,0.0,1989,2023,0,0,0,0,"c(-1.18078680202021, 42.6250038785732)",NBR_year,,0.6495213923554938,0.6478821908387347,0.6465698884117039,0.645022950459201,0.643595233136859,0.6406836620410673,0.4778613892910155,0.4780278675211564,0.4968606864601266,0.5097106828217741,0.5154089070155156,0.5134444164288516,0.5207482331907891,0.5380497853298443,0.5489811198307272,0.5525455484256181,0.548435275273777,0.5630854088528878,0.5787319552547422,0.5876650112673437,0.5890709533871827,0.5853727479430437,0.6050009761519559,0.6188797856050924,0.6257495408377208,0.6249888777707117,0.6282889876505466,0.6464591726579825,0.6584696687035791,0.6632264295417027,0.6603078385326258,0.6708444438114448,0.6874272482416725,0.7000920529307862,0.6950410782488375,0.7129993815169602,0.72787579668858,0.7359016623042952,0.7363475162986214,0.6974820532736142,0.64430909179803,0.4778613892910155,N,1841.700026512146,7384.200138092041,22.571997197469077,22.440771786371865,10.193367179234823,10.632575341065724,-0.35491535663604734,-0.36373291071504354
162,[5743 6949],394_N,0.006988697142831,0.009140467082904,1994,0.540057168197709,42.45225784940422,-1.1271573795481,-24.984398,0.012781519,-0.008936655,-0.060089193,0.037457168,-0.014870741,-0.000182305,0.006405023,-19.379663,0.009749202,-0.030685974,-0.044702075,0.043329682,-0.025302436,0.0,0.019256173,0.0,0.0,0.0,0.0,0.0,0.0,0.0,0.0,0.0,0.0,0.0,0.0,0.0,0.0,0.0,0.0,0.0,0.0,0.0,0.0,0.0,0.0,0.0,0.0,0.0,0.0,0.0,0.0,0.0,0.0,0.0,0.0,1994.5104,2023.9287,0.0,0.0,0.0,0.0,1984.3037,1994.5542,0.0,0.0,0.0,0.0,-0.6870557,0.0,0.0,0.0,0.0,0.0,1994,2023,0,0,0,0,"c(-1.1271573795481, 42.4522578494042)",NBR_year,,0.4731297038643212,0.4859472890671829,0.4983045616907776,0.5109730913822941,0.5242587679374153,0.537071146828522,0.5494233806237314,0.5621074265280737,0.5753877732544627,0.5881949474675141,0.1805547275344872,0.1949778470071437,0.1925458702407514,0.214332404461112,0.2198958553827353,0.229921332721299,0.2435142298217162,0.2420321913264917,0.2632741811053371,0.2679870081550276,0.279249229862433,0.2920076640642479,0.2917073339543404,0.3121738294666639,0.3160369010675425,0.328537985662363,0.3404581934512622,0.3413482822399843,0.3610311588113061,0.364045834514091,0.3777871886652243,0.3888658865586025,0.3909544320159867,0.4120141324821937,0.42699644956744,0.4372308367858394,0.4405251976993645,0.4586182191342166,0.4599421423315886,0.409846002702193,0.5817913603609883,0.1949778470071437,N,1330.9000170230865,6600.4001121521,23.25723934173584,23.286839946111044,10.807293287913005,11.047195374965668,-0.49884440898895266,-0.3467488618567586
163,[5761 7139],394_N,0.0149084290830371,0.0174053387228698,1994,0.649688359743386,42.44740694686904,-1.075953408343573,12.392096,-0.005890177,0.04231908,-0.013389752,0.008918567,0.013875201,-0.00474929,0.0112816375,-36.207516,0.018244287,0.026795665,-0.05251383,0.02609281,-0.019565756,-0.0008498693,0.007859077,0.0,0.0,0.0,0.0,0.0,0.0,0.0,0.0,0.0,0.0,0.0,0.0,0.0,0.0,0.0,0.0,0.0,0.0,0.0,0.0,0.0,0.0,0.0,0.0,0.0,0.0,0.0,0.0,0.0,0.0,0.0,0.0,1994.5104,2023.9287,0.0,0.0,0.0,0.0,1984.3037,1994.535,0.0,0.0,0.0,0.0,-0.2857351,0.0,0.0,0.0,0.0,0.0,1994,2023,0,0,0,0,"c(-1.07595340834357, 42.447406946869)",NBR_year,,,0.7384997440850597,0.7327280368799542,0.7267861918211727,0.7206754388581792,0.7149412894947172,0.7091676906201785,0.7032239523451724,0.6971113354492207,0.6913828139555778,0.685607323225019,0.2499696075792529,0.2678478134546884,0.2879624345340371,0.3016881978928317,0.3245117529944388,0.3403057205009504,0.3597687308934336,0.3788281043119145,0.3939351411079535,0.4158677776838597,0.4304515167732923,0.4515559997872281,0.4695119934898454,0.4860780199521378,0.5070581349509732,0.5204059166735677,0.5432003378785872,0.5600102188068964,0.5781060408263319,0.5980763820366503,0.6119901259572332,0.6346931174712921,0.6700088747984565,0.6889169347124257,0.7042232005660688,0.7260264248001548,0.7404389665279725,0.761776726970335,0.6503198565646777,0.6942470747023992,0.2499696075792529,N,1311.2000274658203,6818.400172472,23.136512406667073,23.088657959302267,10.729057550430298,10.975056517124177,-0.50546875,-0.3210652683628723
164,[5877 6832],394_N,0.0008513818131157036,0.003071172321396,1994,0.623834675502352,42.41614557497575,-1.158688246026678,0.48101717,0.0,-0.094747335,-0.16683042,0.059971627,-0.050823852,-0.0018171308,0.04605566,-6.251958,0.0033355874,-0.12758143,-0.1703061,0.02146942,-0.075633556,0.0,0.032513525,0.0,0.0,0.0,0.0,0.0,0.0,0.0,0.0,0.0,0.0,0.0,0.0,0.0,0.0,0.0,0.0,0.0,0.0,0.0,0.0,0.0,0.0,0.0,0.0,0.0,0.0,0.0,0.0,0.0,0.0,0.0,0.0,1994.5104,2023.9944,0.0,0.0,0.0,0.0,1984.3037,1994.5542,0.0,0.0,0.0,0.0,-0.22139437,0.0,0.0,0.0,0.0,0.0,1994,2023,0,0,0,0,"c(-1.15868824602668, 42.4161455749758)",NBR_year,,0.7715954415760848,0.7729394202207659,0.7726253620706689,0.7706889999957616,0.7716196233737502,0.7729450030981646,0.7726126460055336,0.7706584821996104,0.7716435970981168,0.7729503801378224,0.666088118884997,0.6895428587125688,0.680199865286284,0.6932487560698157,0.6944934170333016,0.6937997677781473,0.7054656199385202,0.6914101584960948,0.7130821192165632,0.7017860913021043,0.7173879902084394,0.7166829116411356,0.7185075436699885,0.7282732602943311,0.716641465242036,0.7365083068903444,0.7232636736569703,0.7414183969597018,0.7387594833271577,0.7431133483013495,0.75096630514049,0.7417800808691974,0.7598209326551617,0.7653389918486813,0.7607237303294693,0.7676157266460591,0.77354486136614,0.7668241207541691,0.7830196002833917,0.7446336741714381,0.7722969886179696,0.6895428587125688,N,1330.9000170230865,6600.4001121521,23.25723934173584,23.286839946111044,10.807293287913005,11.047195374965668,-0.49884440898895266,-0.3467488618567586
165,[5692 7029],394_N,0.0072578324171159,0.0094672567922979,1994,0.603609215607171,42.46600207325385,-1.105597812725142,-49.432484,0.025070572,-0.033289514,-0.06877968,0.0,-0.030646393,-0.027104829,0.02671066,-22.447306,0.011513907,-0.017517531,-0.09256913,0.03968384,-0.01800089,-0.008495835,0.01721932,-19.886015,0.010070007,-0.04944165,-0.08854324,0.03794966,-0.035114873,-0.0036061762,0.033207636,0.0,0.0,0.0,0.0,0.0,0.0,0.0,0.0,0.0,0.0,0.0,0.0,0.0,0.0,0.0,0.0,0.0,0.0,0.0,0.0,0.0,0.0,0.0,0.0,1988.4652,1994.5104,2023.9287,0.0,0.0,0.0,1984.2134,1988.509,1994.5542,0.0,0.0,0.0,0.11472344,-0.70570415,0.0,0.0,0.0,0.0,1988,1994,2023,0,0,0,"c(-1.10559781272514, 42.4660020732538)",NBR_year,,0.4352602989041185,0.4603247506885562,0.4853881424750341,0.5104504740659308,0.5851493431482875,0.5967465602390406,0.6078355556296989,0.6197286796618359,0.6312633593352456,0.6423282513349626,0.3664729728877454,0.3813109672576018,0.3766852033010474,0.4020779265069448,0.4045925835803983,0.4176001293431815,0.4312822828692987,0.4282865749551829,0.4526134761523994,0.4539472389827345,0.4686734476460437,0.4811939345466343,0.479841594385538,0.5030903340395442,0.5032450069846751,0.5196923028462919,0.531046013903298,0.5313493494076076,0.5535082415272273,0.552486356618721,0.57065610310356,0.5808386494166509,0.5828089554314515,0.6016717912002648,0.6215642901385854,0.6305720063153636,0.6342195561424054,0.654166353368891,0.6508018479246731,0.6038669764678852,0.6367958053351042,0.3813109672576018,N,1330.9000170230865,6600.4001121521,23.25723934173584,23.286839946111044,10.807293287913005,11.047195374965668,-0.50546875,-0.3210652683628723
166,[5760 7120],394_N,0.0111375587550983,0.0124700101722699,1994,0.587565567846167,42.447676441454334,-1.081073805464026,-95.4911,0.048362788,-0.09059593,-0.03708389,-0.08907198,-0.0016015507,-0.06175465,-0.014794412,17.699965,-0.008589329,0.056638513,-0.016912086,0.022873307,0.0,0.0,0.0,-26.135881,0.013138075,-0.04070552,-0.025590291,0.035257302,-0.016074548,0.003452311,0.009636989,0.0,0.0,0.0,0.0,0.0,0.0,0.0,0.0,0.0,0.0,0.0,0.0,0.0,0.0,0.0,0.0,0.0,0.0,0.0,0.0,0.0,0.0,0.0,0.0,1986.7568,1994.4912,2023.9944,0.0,0.0,0.0,1984.3037,1987.0005,1994.5789,0.0,0.0,0.0,0.36273497,-0.5776674,0.0,0.0,0.0,0.0,1986,1994,2023,0,0,0,"c(-1.08107380546403, 42.4476764414543)",NBR_year,,0.6839733740951821,0.7323915538246349,0.6524531642047635,0.6932289927735434,0.6848456964628316,0.676195741679238,0.6675892596338822,0.6590834528514801,0.6503049583927654,0.6418932796470417,0.6332620493523654,0.1764628838042865,0.1898980947985908,0.2051919729402451,0.2122499197711112,0.2321506775797785,0.2394606665680333,0.2573397053268813,0.2693806705158077,0.2808138710867829,0.2975618402703143,0.3026789863242292,0.3239669450065774,0.3327435573458021,0.3486137416823088,0.3621295218910518,0.3715733537308023,0.3897591591389041,0.3953078841340187,0.4156123969918499,0.4258630872496858,0.4397238838531238,0.4547077392226722,0.4817838991064678,0.4887842727415941,0.5070886453018728,0.5188164291588181,0.5306732934641007,0.5471141418578283,0.4621806858552059,0.6460991190199035,0.1764628838042865,N,1311.2000274658203,6818.400172472,23.136512406667073,23.088657959302267,10.729057550430298,10.975056517124177,-0.50546875,-0.3210652683628723
167,[5735 7083],394_N,0.0182026140906953,0.0201594069308711,1994,0.667459721584719,42.45441380608651,-1.091045105119645,16.291277,-0.007823923,0.049507026,-0.004094046,0.0066957925,0.013425479,-0.0033045728,0.0,-41.375816,0.020793729,0.018124457,-0.049600758,0.04847562,-0.027079964,0.0050868373,0.009964518,0.0,0.0,0.0,0.0,0.0,0.0,0.0,0.0,0.0,0.0,0.0,0.0,0.0,0.0,0.0,0.0,0.0,0.0,0.0,0.0,0.0,0.0,0.0,0.0,0.0,0.0,0.0,0.0,0.0,0.0,0.0,0.0,1994.5104,2023.9287,0.0,0.0,0.0,0.0,1984.3037,1994.5789,0.0,0.0,0.0,0.0,-0.8911503,0.0,0.0,0.0,0.0,0.0,1994,2023,0,0,0,0,"c(-1.09104510511965, 42.4544138060865)",NBR_year,,,0.7999853173399946,0.7921723043129079,0.7844118645117752,0.7765842756377036,0.7686884454555695,0.7608776843146062,0.7531165037875336,0.7452881602790011,0.7373915650032343,0.7295830561564358,0.1899510541430105,0.2185248822801331,0.2362053662873165,0.2570776096383754,0.2809641245964872,0.2930737052797481,0.3222268975115569,0.3408971648618331,0.3603204100981935,0.3851044252224779,0.3982376693716397,0.4258535254265664,0.4455028985938806,0.4634996610071432,0.4891624427837837,0.5033163992052906,0.5294063476456102,0.550022820584902,0.5666174808054081,0.5931391927604339,0.6083094614257787,0.6328870385710923,0.6696760557367675,0.6970357999968998,0.7132165486208103,0.736297361878397,0.758806850377343,0.7726776356152458,0.6544573059423063,0.7413398626411177,0.1899510541430105,N,1311.2000274658203,6818.400172472,23.136512406667073,23.088657959302267,10.729057550430298,10.975056517124177,-0.50546875,-0.3210652683628723
168,[5850 6852],394_N,0.0019312147580798,0.0051109786698327,1994,0.442286802160236,42.423421928778495,-1.153298354320938,-4.3766375,0.002362392,-0.08483997,-0.11345436,0.034440205,-0.03141166,-0.014994468,0.043536328,-11.613295,0.005942809,-0.086822316,-0.101589285,0.025495946,-0.052059803,0.0,0.024578288,0.0,0.0,0.0,0.0,0.0,0.0,0.0,0.0,0.0,0.0,0.0,0.0,0.0,0.0,0.0,0.0,0.0,0.0,0.0,0.0,0.0,0.0,0.0,0.0,0.0,0.0,0.0,0.0,0.0,0.0,0.0,0.0,1994.5104,2023.9287,0.0,0.0,0.0,0.0,1984.3037,1994.5542,0.0,0.0,0.0,0.0,-0.22575036,0.0,0.0,0.0,0.0,0.0,1994,2023,0,0,0,0,"c(-1.15329835432094, 42.4234219287785)",NBR_year,,0.5331285982990543,0.5374695505052958,0.5404524732769254,0.5420802172989617,0.542607648533838,0.5469335182938987,0.5499013013028656,0.5515140284038028,0.5520865317507285,0.5563973174368944,0.4238118520533873,0.4451013474808181,0.4449196899590134,0.4522251850663719,0.4624715617576334,0.4547574212712173,0.4750342936198034,0.4737522878689436,0.4826642710834355,0.4918228143873238,0.4856579482182095,0.5049123474223635,0.5025317761086696,0.5130517644502054,0.5211186416930744,0.5165126882479759,0.5347353158443604,0.5312585462835345,0.5433871953771766,0.5503591644872288,0.5473209208774731,0.5645030357425689,0.5599330170119509,0.5795445330275439,0.5780819502663106,0.5942153739360444,0.5885556335663906,0.6039001321283022,0.6086749268484811,0.5736701222960003,0.5542419245938115,0.4451013474808181,N,1330.9000170230865,6600.4001121521,23.25723934173584,23.286839946111044,10.807293287913005,11.047195374965668,-0.49884440898895266,-0.3467488618567586
169,[5549 6072],387_N,0.0053998925862997,0.0061578732492246,1992,0.4537694751391415,42.504539798949885,-1.363504130844786,2.8004081,-0.0011309849,0.0870454,-0.00277276,0.06086473,0.0064438027,0.014901252,0.018573701,-12.267566,0.006332962,0.053275093,-0.021378733,0.018922152,-0.015581619,0.0,0.0,0.0,0.0,0.0,0.0,0.0,0.0,0.0,0.0,0.0,0.0,0.0,0.0,0.0,0.0,0.0,0.0,0.0,0.0,0.0,0.0,0.0,0.0,0.0,0.0,0.0,0.0,0.0,0.0,0.0,0.0,0.0,0.0,1992.802,2023.8821,0.0,0.0,0.0,0.0,1984.2134,1992.8458,0.0,0.0,0.0,0.0,-0.3499671,0.0,0.0,0.0,0.0,0.0,1992,2023,0,0,0,0,"c(-1.36350413084479, 42.5045397989499)",NBR_year,,,0.673708873172101,0.6726621796975035,0.6715728067817696,0.6704398361126912,0.6692623718113576,0.66803954167692,0.6667704984152175,0.6654544208510698,0.422482083861014,0.4276597993617967,0.4347832417623948,0.4422511318555125,0.4494815467925125,0.4564761789763155,0.4632379317116541,0.469770887132096,0.4760802667726658,0.4821723850780224,0.4880545961821563,0.4937352343409533,0.4992235484409104,0.5045296310462265,0.5097817686398729,0.5174264141438581,0.5248331259475362,0.5320026807544346,0.5389370850893126,0.5456395488455069,0.552114451295133,0.5583672998151612,0.5644046816307716,0.5702342089242487,0.5813049008520266,0.5865658358662355,0.5924703995652709,0.600053837139076,0.6073994221405471,0.6145082497160125,0.5758644577019276,0.6674050200460688,0.422482083861014,N,1418.900025010109,5787.800113499165,24.47205743789673,24.957279260953268,11.99361866315206,12.423774870236715,-0.24096680283546448,-0.3317749048117548
170,[5562 6075],387_N,0.0101016019466822,0.012381973421471,1992,0.6458885842445851,42.50103636934115,-1.362695647088925,0.029791543,0.00033107345,0.02030961,-0.02526748,0.0069942893,-0.0033894172,-0.015481691,0.005265501,-26.634413,0.013541643,-0.011825246,-0.05958637,0.012545715,-0.014690902,-0.0028593347,0.022380842,0.0,0.0,0.0,0.0,0.0,0.0,0.0,0.0,0.0,0.0,0.0,0.0,0.0,0.0,0.0,0.0,0.0,0.0,0.0,0.0,0.0,0.0,0.0,0.0,0.0,0.0,0.0,0.0,0.0,0.0,0.0,0.0,1992.5392,2023.9479,0.0,0.0,0.0,0.0,1984.2134,1992.6267,0.0,0.0,0.0,0.0,-0.6549281,0.0,0.0,0.0,0.0,0.0,1992,2023,0,0,0,0,"c(-1.36269564708893, 42.5010363693412)",NBR_year,,0.7278513093982241,0.7282819796069405,0.7283718041819884,0.7289836261328612,0.7289204278453825,0.7296352785935125,0.7297576030126957,0.7302374367540226,0.7305439953263759,0.4460727173824004,0.4588958865853964,0.4686222037231497,0.4773842647859156,0.4965807271158114,0.513321105648432,0.5272048715278277,0.5380185531788575,0.5457533919445892,0.5625634449744635,0.5802178107070511,0.5951358590654795,0.6070358214199151,0.6158362910026297,0.6282658795221109,0.6467776602019619,0.6626952593580915,0.6756714649384193,0.6855530880891351,0.6937121858118211,0.7130181735600077,0.7298925260832527,0.7439260904263005,0.754895473560854,0.7789593857029469,0.7967400601495972,0.8118034462567972,0.8238582212948421,0.8328126380592751,0.8446236458838041,0.7627814965034283,0.7299975198833591,0.4460727173824004,N,1418.900025010109,5787.800113499165,24.47205743789673,24.957279260953268,11.99361866315206,12.423774870236715,-0.24096680283546448,-0.3317749048117548
171,[4900 2608],370_N,0.0066539230757332,0.007823967397652,1987,0.6958865946808157,42.679441784801135,-2.297033374278901,23.383207,-0.011416683,0.002428556,-0.018368527,0.0,-0.0014754685,-0.010584545,0.017665692,-15.787462,0.008218535,0.016057983,-0.01914921,0.01906786,-0.0014189098,0.0,0.009942476,0.0,0.0,0.0,0.0,0.0,0.0,0.0,0.0,0.0,0.0,0.0,0.0,0.0,0.0,0.0,0.0,0.0,0.0,0.0,0.0,0.0,0.0,0.0,0.0,0.0,0.0,0.0,0.0,0.0,0.0,0.0,0.0,1987.6083,2023.8821,0.0,0.0,0.0,0.0,1984.3037,1987.6329,0.0,0.0,0.0,0.0,-0.45640713,0.0,0.0,0.0,0.0,0.0,1987,2023,0,0,0,0,"c(-2.2970333742789, 42.6794417848011)",NBR_year,,0.7596305302233266,0.7482191821758695,0.7368070818215664,0.725394229760123,0.5839651955643645,0.5898795902614625,0.5948665442724281,0.6073201381856072,0.6172348109430308,0.6247919288125954,0.6304117454310746,0.6368676081776807,0.6488834778027125,0.6583726530253464,0.6655609750586927,0.6709040160128341,0.678794635553934,0.6903714768415918,0.6994419295975988,0.7062750862419088,0.711359814257902,0.7206468034176889,0.7317847472369347,0.7404445435174065,0.7469371583787976,0.751782620685411,0.7624235381984982,0.7731241378016918,0.7813825933095502,0.7875502193451069,0.7921759702521138,0.8041245157769619,0.8143907290586911,0.8281174162525241,0.8333762051166089,0.8457496606004486,0.8555858272393263,0.8630743148271097,0.8686420024710174,0.8222583635850832,0.7425131319987179,0.5839651955643645,N,1226.7000193595886,5500.700077533722,23.53647143046061,23.543959379196167,10.905242776870727,11.053899176915486,-0.25131836757063863,-0.3263753249659203
172,[4507 6608],373_N,0.0044246818585193,0.0059516097833817,1990,0.464409152557204,42.78535315681892,-1.219055033130962,1.1919116,-0.00033637267,0.046225175,-0.022449907,0.034957867,-0.0022172395,-0.004047233,0.016006483,-12.183689,0.0062751817,0.0015084201,-0.019520612,0.029120987,-0.02253532,0.0017197365,0.0,0.0,0.0,0.0,0.0,0.0,0.0,0.0,0.0,0.0,0.0,0.0,0.0,0.0,0.0,0.0,0.0,0.0,0.0,0.0,0.0,0.0,0.0,0.0,0.0,0.0,0.0,0.0,0.0,0.0,0.0,0.0,0.0,1990.524,2023.8821,0.0,0.0,0.0,0.0,1984.2134,1990.5679,0.0,0.0,0.0,0.0,-0.3577521,0.0,0.0,0.0,0.0,0.0,1990,2023,0,0,0,0,"c(-1.21905503313096, 42.7853531568189)",NBR_year,,0.5769348814294115,0.5766029084142559,0.5761737518289085,0.57594163478748,0.5755680734043824,0.575208279802815,0.5749367938674286,0.358505499211426,0.3635901843145962,0.3681904031894864,0.3723442459450989,0.3806289085040229,0.3887017982997552,0.3962041130369651,0.403134567349424,0.4095001492076576,0.4153157970709977,0.4206039602419512,0.4253940548437362,0.4297218292497867,0.4362269853012852,0.4445262453887082,0.4522578155904406,0.4594170331225697,0.4660076026682718,0.4720413234288084,0.4775376948790602,0.4825234129786321,0.4870317701497941,0.4917359327136579,0.5002594482221899,0.5082195268341446,0.5156081054910385,0.5286804918307095,0.5343893646328399,0.5395760593524123,0.5442713028230413,0.54851201860714,0.5559020894532888,0.5224255616530157,0.5753881766035986,0.358505499211426,N,1891.8000240325928,7366.30010676384,22.853659693400065,22.883449721336365,10.889953104654948,11.257201731204987,-0.35976562947034835,-0.30279947984963657
173,[5706 7005],394_N,0.0055795871356454,0.0083685452410698,1994,0.486896218544798,42.46222914905983,-1.112065682772029,-31.01295,0.01575695,-0.039939966,-0.05659528,0.039014824,-0.015879897,-0.009382018,0.020938361,-18.038435,0.009121288,-0.057912923,-0.06275703,0.03936469,-0.029953696,0.0,0.03184162,0.0,0.0,0.0,0.0,0.0,0.0,0.0,0.0,0.0,0.0,0.0,0.0,0.0,0.0,0.0,0.0,0.0,0.0,0.0,0.0,0.0,0.0,0.0,0.0,0.0,0.0,0.0,0.0,0.0,0.0,0.0,0.0,1994.5104,2023.9287,0.0,0.0,0.0,0.0,1984.2134,1994.5542,0.0,0.0,0.0,0.0,-0.5855939,0.0,0.0,0.0,0.0,0.0,1994,2023,0,0,0,0,"c(-1.11206568277203, 42.4622291490598)",NBR_year,,0.388844666630892,0.4049418362838244,0.4209795385790175,0.4369574479047941,0.452875287172228,0.4687328280936452,0.4845298914105054,0.5002663470704811,0.5159421143534001,0.5315571619461148,0.3084235892576348,0.3271178835632915,0.3233644712300775,0.343548595294734,0.3504983514843731,0.3550158192415187,0.372616223893393,0.3677573598400818,0.3895850448480757,0.3954000751589825,0.4015578706246617,0.4180572320706562,0.4120996165842119,0.4355658683721734,0.4402462893513008,0.4480490734726254,0.4634409140237673,0.4563919209729479,0.4814907377337024,0.4850373676289234,0.4944887883846885,0.5087673112291935,0.5028074846290047,0.5297737173883595,0.5408764069900459,0.554036500677408,0.5496623510654569,0.5731714741271539,0.5744557795368727,0.5273593592922143,0.5237496381497575,0.3271178835632915,N,1330.9000170230865,6600.4001121521,23.25723934173584,23.286839946111044,10.807293287913005,11.047195374965668,-0.50546875,-0.3210652683628723
174,[5768 7146],394_N,0.0120049016350476,0.0144533768459857,1994,0.719795388848324,42.44552048477203,-1.074066946246565,177.63777,-0.08912012,0.14202093,-0.0609257,0.059851486,0.06939702,0.0,0.0,83.65952,-0.04179454,-0.09196788,0.09189014,-0.065791085,0.1357465,-0.0330804,0.07796837,18.646034,-0.009003631,0.040392384,0.0,0.026511464,0.0,0.0037070203,-0.017187338,-30.23631,0.015348193,0.080549255,-0.04311736,0.029891187,0.0,-0.004231339,0.01406424,0.0,0.0,0.0,0.0,0.0,0.0,0.0,0.0,0.0,0.0,0.0,0.0,0.0,0.0,0.0,0.0,1985.8807,1987.8328,1994.5104,2023.9287,0.0,0.0,1984.3037,1986.2312,1987.8766,1994.5789,0.0,0.0,0.2769988,0.5656499,-0.25659993,0.0,0.0,0.0,1985,1987,1994,2023,0,0,"c(-1.07406694624657, 42.445520484772)",NBR_year,,0.9112609849254324,0.840510799687677,0.9577583888456096,,0.8207649567202129,0.811813728283204,0.8030224024479442,0.7940443747851105,0.7848806073829157,0.77564506379366,0.7669367168124905,0.4747080386031638,0.4863046952279308,0.5055130421487559,0.5193839233986166,0.5347325467784022,0.5515721047330926,0.5629226248555437,0.5821273429890116,0.5964602408390672,0.6111135492242998,0.6283972805020951,0.6402005132122405,0.6587043028880497,0.6734984220724285,0.6874609796927579,0.7051836393043013,0.7174430347333427,0.7352443716807917,0.7504981811027742,0.7637755755228784,0.7819313168038353,0.7946495359016095,0.8274592987563846,0.8400581084646449,0.858640509578861,0.8718194293283364,0.8882158874065806,0.9043816222332384,0.8117480500760735,0.7802628355882879,0.4747080386031638,N,1311.2000274658203,6818.400172472,23.136512406667073,23.088657959302267,10.729057550430298,10.975056517124177,-0.50546875,-0.3210652683628723
175,[5772 7158],394_N,0.0125847787251424,0.0143218295088833,1994,0.713626343128607,42.44444250643089,-1.070833011223121,3.090898,-0.0011916865,0.036221452,-0.0046496405,0.020011064,0.025592541,0.0075328606,0.008194169,-29.549704,0.014920813,0.07931193,-0.049667735,0.06671814,-0.012602462,0.0,0.030622002,0.0,0.0,0.0,0.0,0.0,0.0,0.0,0.0,0.0,0.0,0.0,0.0,0.0,0.0,0.0,0.0,0.0,0.0,0.0,0.0,0.0,0.0,0.0,0.0,0.0,0.0,0.0,0.0,0.0,0.0,0.0,0.0,1994.5104,2023.9287,0.0,0.0,0.0,0.0,1984.3037,1994.5789,0.0,0.0,0.0,0.0,-0.7463615,0.0,0.0,0.0,0.0,0.0,1994,2023,0,0,0,0,"c(-1.07083301122312, 42.4444425064309)",NBR_year,,0.7520078994856276,0.7775306812850933,0.7763910314187882,0.7748305604624783,0.7735068271258064,0.7727667749448175,0.7716225224172704,0.7700572865638877,0.7687472642211785,0.7680028184167805,0.7668539611429972,0.310096537106892,0.3274647552857815,0.3425569392749117,0.3551584248910653,0.3730204307326042,0.3852431999528201,0.4018146107189149,0.417379803475181,0.4293400151145041,0.4475624481562439,0.4603381424329267,0.4761344138133691,0.4921561413391376,0.5035012284733625,0.5220661987186453,0.5353819084023065,0.5504256925887473,0.5668870613940361,0.5776434525778537,0.59653312728456,0.6103751414274613,0.6246899699578512,0.6523647077277723,0.6709647078746136,0.6853185804702306,0.6989287575903552,0.7162174152201239,0.7275896391793152,0.6415737398985853,0.7683750413189795,0.310096537106892,N,1311.2000274658203,6818.400172472,23.136512406667073,23.088657959302267,10.729057550430298,10.975056517124177,-0.50546875,-0.3210652683628723
176,[5896 6827],394_N,0.0018543846232256,0.0018515319295054,1994,0.444999216402591,42.411025177855294,-1.160035718953113,-10.121844,0.005290506,0.019730872,-0.09207019,0.07545717,-0.020808758,0.009634308,0.04109847,-4.1633315,0.002268458,-0.02752639,-0.10564939,0.027415965,-0.056533303,-0.007262085,0.020439576,0.0,0.0,0.0,0.0,0.0,0.0,0.0,0.0,0.0,0.0,0.0,0.0,0.0,0.0,0.0,0.0,0.0,0.0,0.0,0.0,0.0,0.0,0.0,0.0,0.0,0.0,0.0,0.0,0.0,0.0,0.0,0.0,1994.5104,2023.9944,0.0,0.0,0.0,0.0,1984.2134,1994.5542,0.0,0.0,0.0,0.0,-0.31426227,0.0,0.0,0.0,0.0,0.0,1994,2023,0,0,0,0,"c(-1.16003571895311, 42.4110251778553)",NBR_year,,0.5289109260843907,0.5347482278442146,0.5405025907882681,0.5461725928322616,0.5517568801468717,0.5572541688918864,0.5626632468806398,0.5679829751730447,0.5732122895942863,0.5783502021786535,0.50671652504279,0.5125787674395407,0.5059730135323405,0.51827971198771,0.5094007291765464,0.5218506905556688,0.5197587014845828,0.5233682772778094,0.5280074641902432,0.5229618362942449,0.5341057258671752,0.5239810963358308,0.5380658011010051,0.5347198462927092,0.5399543056424324,0.5433627058029592,0.5398910479171192,0.5498587024643039,0.538493350753559,0.5542101482399763,0.5496094060296497,0.5564736626985433,0.5586446171872109,0.5655384248093583,0.5552284660182056,0.5702831733247548,0.5644278954941572,0.5729254597656648,0.5738533854948356,0.5567593992295267,0.57578124588647,0.5125787674395407,N,1330.9000170230865,6600.4001121521,23.25723934173584,23.286839946111044,10.807293287913005,11.047195374965668,-0.49884440898895266,-0.3467488618567586
177,[3052 4830],304_N,0.0033907903467948,0.0054927875160093,1989,0.7219452803192601,43.17746777841148,-1.698216405771221,-2.4014814,0.0014744763,-0.17380564,-0.1897916,0.03415332,-0.050134305,-0.003548673,0.03196273,-11.861787,0.0061650476,-0.17272635,-0.10874267,0.0138746705,-0.042735543,0.0035271738,0.034250498,0.0,0.0,0.0,0.0,0.0,0.0,0.0,0.0,0.0,0.0,0.0,0.0,0.0,0.0,0.0,0.0,0.0,0.0,0.0,0.0,0.0,0.0,0.0,0.0,0.0,0.0,0.0,0.0,0.0,0.0,0.0,0.0,1989.8671,2023.8821,0.0,0.0,0.0,0.0,1984.3037,1990.0422,0.0,0.0,0.0,0.0,-0.25664642,0.0,0.0,0.0,0.0,0.0,1989,2023,0,0,0,0,"c(-1.69821640577122, 43.1774677784115)",NBR_year,,0.8572845093207461,0.8591122915231562,0.8602620816048792,0.862048726712484,0.8632386586984896,0.8649841780559594,0.6854811341074093,0.6911299449426411,0.6958291456050008,0.6995910502903139,0.7024350858413834,0.7043875208872762,0.7054811211628313,0.7057547356553256,0.7116151119160378,0.7237308559137643,0.7350207080304092,0.745445604684191,0.7549731922884877,0.763578132394698,0.7712423277531155,0.7779550669532616,0.7837130863066797,0.7885205486581389,0.7923889398315408,0.7953368844275971,0.7973898836742135,0.7985799789806844,0.7989453457422995,0.8033586239705677,0.8155661676531324,0.8269527048493375,0.8374784264654354,0.8558218513042392,0.8635944643264272,0.8704164706737652,0.8762837532529031,0.8811996281285296,0.8851747503339635,0.8471101935509959,0.8626436927054868,0.6854811341074093,N,2669.300033569336,10320.300218582153,22.026339880625407,22.41362637678782,12.944137001037598,13.133110427856446,-0.2714192677289248,-0.37399495523422954
178,[5727 7071],394_N,0.0107580621205214,0.0127441416182322,1994,0.675482542176702,42.4565697627688,-1.094279040143088,12.319396,-0.005855201,0.03221981,-0.023432272,-0.03901565,0.009892211,-0.0062395986,0.016819466,13.3202305,-0.006348648,0.04108437,0.0,0.024254162,0.023419522,0.022597782,0.0009148402,-26.55303,0.01345057,0.07854,-0.04950541,0.04497379,-0.011102454,0.004348338,0.018227097,0.0,0.0,0.0,0.0,0.0,0.0,0.0,0.0,0.0,0.0,0.0,0.0,0.0,0.0,0.0,0.0,0.0,0.0,0.0,0.0,0.0,0.0,0.0,0.0,1986.7377,1994.5104,2023.9287,0.0,0.0,0.0,1984.3037,1986.7568,1994.5789,0.0,0.0,0.0,0.24010186,-0.4195146,0.0,0.0,0.0,0.0,1986,1994,2023,0,0,0,"c(-1.09427904014309, 42.4565697627688)",NBR_year,,0.7886898508978112,0.7828363945300879,0.7769828506681393,0.7811113818074615,0.7743850572671735,0.7680493889453265,0.7620694993654755,0.7556113517862854,0.7486838729884462,0.7428729775508245,0.7366858935902707,0.3703128514632243,0.3823735905553487,0.3978403306073987,0.4090318300672695,0.4241031620658316,0.437751367715481,0.4493044246613571,0.4650725890169713,0.4766599499857846,0.491158097920309,0.5051566076072672,0.516215225968022,0.5322754948542411,0.5442529707859339,0.5581886717043754,0.5725290680632021,0.5831067423000522,0.5994497707758331,0.6118110985019107,0.6251956838278702,0.6398692897127114,0.6500505103054461,0.6793345978996224,0.6921799330734014,0.7071778537630234,0.7177668042152885,0.7337154294131656,0.7468237900524141,0.6665961613379849,0.7457784252696353,0.3703128514632243,N,1311.2000274658203,6818.400172472,23.136512406667073,23.088657959302267,10.729057550430298,10.975056517124177,-0.50546875,-0.3210652683628723
179,[5641 6400],394_N,0.0015784044273771,0.0034800671305589,1994,0.554182689968802,42.47974629710348,-1.275109906870655,-3.2861128,0.0018741045,-0.03543328,-0.06911456,0.02971827,-0.022934498,-0.009910034,0.037102465,-7.226729,0.0037722085,-0.03785272,-0.062680334,0.025292356,-0.039771445,0.0,0.015914368,0.0,0.0,0.0,0.0,0.0,0.0,0.0,0.0,0.0,0.0,0.0,0.0,0.0,0.0,0.0,0.0,0.0,0.0,0.0,0.0,0.0,0.0,0.0,0.0,0.0,0.0,0.0,0.0,0.0,0.0,0.0,0.0,1994.5104,2023.9479,0.0,0.0,0.0,0.0,1984.2134,1994.5542,0.0,0.0,0.0,0.0,-0.37525368,0.0,0.0,0.0,0.0,0.0,1994,2023,0,0,0,0,"c(-1.27510990687066, 42.4797462971035)",NBR_year,,0.575305492070121,0.5767441088400002,0.578106004404455,0.5802398897869121,0.5825832374559956,0.5848524370097813,0.5870468882289637,0.5891660601194704,0.5912094914801204,0.5931767913928494,0.4787212027757055,0.4231515733268203,0.4208944565601181,0.4284512121797311,0.4329513550913225,0.431043595463706,0.4421268039696315,0.4375173617043738,0.4484151392044468,0.4505585446060957,0.4519293568294644,0.4607480879105903,0.453810538021184,0.468038970702757,0.4678161600048873,0.4725028863026363,0.479014013382209,0.4743280019780457,0.4873162265426655,0.4847295894732736,0.4927529159379993,0.4969249561258619,0.4954721837719342,0.5013059028792979,0.5126698029488252,0.5144830683682605,0.5163150781967625,0.5248138832282083,0.5175537974791459,0.5062421805516496,0.5921931414364849,0.4231515733268203,N,1268.700027704239,6118.80007237196,23.746591567993164,23.905596566200256,11.225068378448487,11.436753137906392,-0.4817220062017441,-0.3858764662873
180,[5722 6966],394_N,0.0112574690014791,0.0143403820053054,1994,0.621338472100034,42.457917235695234,-1.122575971598222,-27.417181,0.01405067,-0.12173613,-0.11574167,0.010045175,-0.026977366,-0.007039286,0.023850556,7.604499,-0.0035785823,-0.11191351,-0.071109936,0.027060173,-0.0016878786,-0.022817468,0.03282503,-30.178219,0.015219004,-0.09789884,-0.09797964,0.037266072,-0.026620394,-0.005261028,0.035316583,0.0,0.0,0.0,0.0,0.0,0.0,0.0,0.0,0.0,0.0,0.0,0.0,0.0,0.0,0.0,0.0,0.0,0.0,0.0,0.0,0.0,0.0,0.0,0.0,1989.7794,1994.5104,2023.9287,0.0,0.0,0.0,1984.3037,1989.8041,1994.5542,0.0,0.0,0.0,-0.11110566,-0.7743483,0.0,0.0,0.0,0.0,1989,1994,2023,0,0,0,"c(-1.12257597159822, 42.4579172356952)",NBR_year,,0.6785470417694197,0.6922782610943056,0.7065898795709211,0.7205683352305118,0.7345506716513641,0.7487762121935164,0.6788128464936551,0.6753404762609218,0.6718680915586784,0.6678401038113854,0.3880807876466823,0.4087540867527717,0.4074403670300908,0.4397674634680329,0.4470445726064191,0.4650414317601676,0.4844496239656731,0.4849347510944124,0.5160756923772348,0.5220789732269857,0.5419421808567337,0.5600808264417863,0.5623763801789108,0.5923198023580909,0.5970527974504531,0.6187824592859186,0.6356478737847828,0.6397643677933924,0.6684996068501612,0.6719666130961014,0.6955617268588806,0.7111509838184477,0.7170978576080657,0.7468210228775103,0.7722794792668101,0.7865904124084209,0.7943760241204061,0.8206657452668148,0.8216166639235535,0.7446149576992651,0.6698540976850319,0.4087540867527717,N,1330.9000170230865,6600.4001121521,23.25723934173584,23.286839946111044,10.807293287913005,11.047195374965668,-0.50546875,-0.3210652683628723
181,[5734 6998],394_N,0.0121412074509971,0.0146676443911584,1994,0.65481470725025,42.45468330067178,-1.113952144869038,12.891201,-0.006143857,0.053657074,-0.019986637,0.029490098,0.0,0.0025575191,0.0,-30.560696,0.015487918,0.055463985,-0.039148428,0.045052905,-0.0018170003,0.0009792636,0.018834569,0.0,0.0,0.0,0.0,0.0,0.0,0.0,0.0,0.0,0.0,0.0,0.0,0.0,0.0,0.0,0.0,0.0,0.0,0.0,0.0,0.0,0.0,0.0,0.0,0.0,0.0,0.0,0.0,0.0,0.0,0.0,0.0,1994.5104,2023.9287,0.0,0.0,0.0,0.0,1984.3037,1994.5542,0.0,0.0,0.0,0.0,-0.434135,0.0,0.0,0.0,0.0,0.0,1994,2023,0,0,0,0,"c(-1.11395214486904, 42.4546833006718)",NBR_year,,,0.7563599800631375,0.7505366193046848,0.7444759713212722,0.738164333490274,0.7317893749184005,0.7259634514963911,0.7199000809227591,0.7135855756816502,0.7072187421611005,0.7013902542182634,0.3983932727470822,0.4122468397452209,0.4290118337679696,0.4444492975231189,0.459099310002068,0.4758330861922969,0.4895064529702506,0.5065168615018987,0.5217999340068337,0.5366525986700084,0.5532651103970351,0.5667561868388191,0.5840158070058726,0.5991413376089975,0.614201610995188,0.6306891827635092,0.6439960180257204,0.6615084810342647,0.6764734067758865,0.6917461605702504,0.7081051451528361,0.7215633015543074,0.7537960472849319,0.7692860592999585,0.7855128441855843,0.799140007457946,0.8164742651618563,0.8311091724782965,0.738994695771908,0.7104021589213754,0.3983932727470822,N,1330.9000170230865,6600.4001121521,23.25723934173584,23.286839946111044,10.807293287913005,11.047195374965668,-0.50546875,-0.3210652683628723
182,[4233 4899],294_N,0.013091303919581,0.0143415925813471,2000,0.6703430337758076,42.85919467318756,-1.679621279386419,-27.419083,0.014027509,-0.036617972,-0.049584847,0.02761275,-0.024869917,0.010385352,0.0,-29.207935,0.014804411,-0.034583256,-0.06735595,0.02556179,-0.028280193,-0.008191507,0.017723855,0.0,0.0,0.0,0.0,0.0,0.0,0.0,0.0,0.0,0.0,0.0,0.0,0.0,0.0,0.0,0.0,0.0,0.0,0.0,0.0,0.0,0.0,0.0,0.0,0.0,0.0,0.0,0.0,0.0,0.0,0.0,0.0,2000.6432,2023.7726,0.0,0.0,0.0,0.0,1984.3037,2001.1908,0.0,0.0,0.0,0.0,-0.5578434,0.0,0.0,0.0,0.0,0.0,2000,2023,0,0,0,0,"c(-1.67962127938642, 42.8591946731876)",NBR_year,,0.5137389276759692,0.5284955422426423,0.5430552993542693,0.5553054520886176,0.5708432430896856,0.5849868532837941,0.5972275231910575,0.6131165781400305,0.6268361740120558,0.6398107707855336,0.6553138540189409,0.6686021432627299,0.6823259545030438,0.6974334739063202,0.7102837651479618,0.7247710978759762,,0.5389899332518261,0.5598699486830648,0.5726690629580071,0.586801495086461,0.6044464528497312,0.6140672884844146,0.633332610283899,0.6477162609891207,0.6593187794963716,0.6785531144978058,0.6897151207483284,0.7064814373054623,0.7224591146194772,0.7315352146521399,0.7523450044780917,0.7650733850775793,0.796892647787926,0.8064450606703727,0.8258217848787686,0.8401340949564032,0.85185011713653,0.8710133971882276,0.7793191916392542,0.717527431511969,0.5389899332518261,N,1477.8000330924988,6216.700133919716,23.91165402730306,23.855032912890117,11.927323404947916,12.259393676122029,-0.4656738266348839,-0.422401258846124
183,[5733 7056],394_N,0.0100548625228904,0.0105011671626044,1994,0.69353549859277,42.45495279525708,-1.098321458922393,6.407916,-0.0028618746,0.057596695,0.003726545,0.035753157,0.005754908,0.018897124,-0.023365224,-22.744535,0.011472175,0.007998367,-0.03986126,0.05577202,-0.018271476,0.0010574542,0.02101734,0.0,0.0,0.0,0.0,0.0,0.0,0.0,0.0,0.0,0.0,0.0,0.0,0.0,0.0,0.0,0.0,0.0,0.0,0.0,0.0,0.0,0.0,0.0,0.0,0.0,0.0,0.0,0.0,0.0,0.0,0.0,0.0,1994.5104,2023.9944,0.0,0.0,0.0,0.0,1984.3037,1994.5542,0.0,0.0,0.0,0.0,-0.71915376,0.0,0.0,0.0,0.0,0.0,1994,2023,0,0,0,0,"c(-1.09832145892239, 42.4549527952571)",NBR_year,,0.7577701419684331,0.8367852972817539,0.832726410654237,0.830894470231725,0.828537534558079,0.8253292095624115,0.8212607337585273,0.8194572231780185,0.8170908921767548,0.8138730150243456,0.809794950299424,0.2410017713805348,0.2528278065124871,0.2671345004874983,0.2711581958091384,0.2912760839949873,0.2920305603854101,0.3134684638651288,0.3205007106697606,0.3338063718255829,0.3470012893557191,0.3524333867646864,0.3715089583709201,0.3711055393897126,0.3940556162870653,0.3999323576978852,0.4147264958765042,0.4267999906409648,0.4336565274605119,0.4516748377899068,0.4510251146326234,0.4745786892437895,0.4792970670268623,0.506530608140973,0.5148263365048997,0.5317733805530696,0.532467887289645,0.5550370121340972,0.558595257632823,0.4955871544474296,0.8154819536005502,0.2410017713805348,N,1311.2000274658203,6818.400172472,23.136512406667073,23.088657959302267,10.729057550430298,10.975056517124177,-0.50546875,-0.3210652683628723
184,[5734 6978],394_N,0.0066748569700216,0.0101823864416699,1994,0.583894993465473,42.45468330067178,-1.119342036574778,6.2710743,-0.0028881314,-0.024062073,-0.058757223,0.0427984,-0.0129249515,-0.0035707483,0.01160273,-22.030987,0.011148808,-0.07356825,-0.08683261,0.03809115,-0.044963345,0.0,0.025833864,0.0,0.0,0.0,0.0,0.0,0.0,0.0,0.0,0.0,0.0,0.0,0.0,0.0,0.0,0.0,0.0,0.0,0.0,0.0,0.0,0.0,0.0,0.0,0.0,0.0,0.0,0.0,0.0,0.0,0.0,0.0,0.0,1994.5104,2023.9287,0.0,0.0,0.0,0.0,1984.3037,1994.5542,0.0,0.0,0.0,0.0,-0.62433076,0.0,0.0,0.0,0.0,0.0,1994,2023,0,0,0,0,"c(-1.11934203657478, 42.4546833006718)",NBR_year,,0.6517826433829002,0.6486832195279407,0.6449608850896467,0.6427011977722978,0.6402312503351676,0.6371248019185847,0.6333956289698617,0.6311568690109717,0.628679778263193,0.6255663069962224,0.3832365566808531,0.4067184036519395,0.407844257566716,0.4258393902688168,0.4377201781151126,0.4400926885020477,0.4625011612814753,0.4625035107438923,0.4821535037019949,0.4929034179694946,0.4969001201694266,0.5182268402687538,0.5171097421583888,0.5384130207018325,0.5480301626743341,0.5536581573609071,0.5738953449766128,0.5716634713375427,0.5946175478845878,0.6031006492168246,0.6103661324853381,0.6295066116808306,0.6261652457287262,0.6581151455194825,0.6670234051486834,0.685060608588097,0.6806156402742594,0.7068602123692569,0.7130739502145482,0.6507667224397194,0.6271230426297076,0.4067184036519395,N,1330.9000170230865,6600.4001121521,23.25723934173584,23.286839946111044,10.807293287913005,11.047195374965668,-0.50546875,-0.3210652683628723
185,[5736 7060],394_N,0.008770700704817,0.0097961743492059,1994,0.548164070441738,42.45414431150122,-1.097243480581245,-51.990387,0.026465986,-0.03317849,-0.016881354,-0.064820856,0.028531915,-0.07225109,0.0,19.868635,-0.009679845,0.080910094,-0.010475569,0.049631163,0.0,0.011839141,0.0,-21.057934,0.0106218755,-0.0010202895,-0.040544868,0.046319757,-0.02583582,0.0007134617,0.016613606,0.0,0.0,0.0,0.0,0.0,0.0,0.0,0.0,0.0,0.0,0.0,0.0,0.0,0.0,0.0,0.0,0.0,0.0,0.0,0.0,0.0,0.0,0.0,0.0,1986.7568,1994.5104,2023.9944,0.0,0.0,0.0,1984.3037,1987.0005,1994.5542,0.0,0.0,0.0,0.38899943,-0.5914189,0.0,0.0,0.0,0.0,1986,1994,2023,0,0,0,"c(-1.09724348058124, 42.4541443115012)",NBR_year,,0.6882296649398691,0.7147297904972023,0.6557112630370487,0.7436447092537352,0.7336682793419568,0.7239861538206274,0.714601794447672,0.704879425955126,0.6948060393198221,0.6853801087930386,0.6759049197728577,0.2302716553049891,0.2361038797309681,0.2530716221595753,0.2526802139516012,0.2741251588290742,0.2792666640967983,0.2934883833234364,0.304144903636465,0.3112612164320273,0.3272698109552617,0.3275838156427519,0.3486429141268797,0.3527598527836246,0.3683119628639417,0.3779582549051389,0.3863690192309605,0.4014081559592529,0.4029471396259448,0.423102458615807,0.4261951422891075,0.4430804790049942,0.4517118740329331,0.4754865273021354,0.4782657405756607,0.4975033741945844,0.4995730422279231,0.5177932411903182,0.5254059803328556,0.4614263070204951,0.6900930740564304,0.2302716553049891,N,1311.2000274658203,6818.400172472,23.136512406667073,23.088657959302267,10.729057550430298,10.975056517124177,-0.50546875,-0.3210652683628723
186,[4889 2582],370_N,0.0048565751049699,0.0071464975544086,1987,0.7081543068841759,42.6824062252393,-2.304040233496362,-14.759737,0.007785603,-0.0011142245,-0.07733181,0.0050495067,-0.04584129,-0.014801155,-0.038044646,-15.700259,0.008073359,-0.044060253,-0.06709712,0.03609161,-0.015862197,-0.006402041,0.026338961,0.0,0.0,0.0,0.0,0.0,0.0,0.0,0.0,0.0,0.0,0.0,0.0,0.0,0.0,0.0,0.0,0.0,0.0,0.0,0.0,0.0,0.0,0.0,0.0,0.0,0.0,0.0,0.0,0.0,0.0,0.0,0.0,1987.6083,2023.8821,0.0,0.0,0.0,0.0,1984.3037,1988.4652,0.0,0.0,0.0,0.0,-0.9253581,0.0,0.0,0.0,0.0,0.0,1987,2023,0,0,0,0,"c(-2.30404023349636, 42.6824062252393)",NBR_year,,0.7665699779989984,0.7743496070961033,0.7821282049577304,0.7899057727782915,0.4952052841138558,0.4953823397456517,0.5082907277441784,0.5163102471974164,0.5194881596387053,0.5355005705581983,0.5288840753780726,0.552843539069916,0.5439611481598793,0.5682741760012721,0.5667950183826758,0.5817744792676682,0.5880798939352012,0.5933741364734697,0.6076564699335885,0.6031497502156655,0.6254057196123443,0.6149910981932716,0.6412527527207191,0.6381352352020293,0.6551693047820006,0.659769621073978,0.667174772619815,0.6797268773408924,0.6773357610673657,0.6978789018876105,0.6859598476063287,0.7141410074958942,0.7094048273425421,0.7313808878371827,0.7408891115635805,0.7517128271832169,0.7514407117091744,0.7702636616910457,0.7602318531496398,0.7284747157819261,0.7782389060269168,0.4952052841138558,N,1254.2000260353088,5570.3001227378845,22.904892031351725,22.894782280921937,10.137628920873006,10.286800380547842,-0.25131836757063863,-0.3263753249659203
187,[5735 7095],394_N,0.0097403801750833,0.0107832598297758,1994,0.597543726984408,42.45441380608651,-1.087811170096201,20.79307,-0.010126612,0.096242845,-0.016081402,0.022678675,0.004596798,-0.011155267,0.0016532203,-21.842752,0.011057262,0.03693043,-0.055071738,0.049584378,-0.022391234,0.006127997,0.017702827,0.0,0.0,0.0,0.0,0.0,0.0,0.0,0.0,0.0,0.0,0.0,0.0,0.0,0.0,0.0,0.0,0.0,0.0,0.0,0.0,0.0,0.0,0.0,0.0,0.0,0.0,0.0,0.0,0.0,0.0,0.0,0.0,1994.5104,2023.9287,0.0,0.0,0.0,0.0,1984.3037,1994.5789,0.0,0.0,0.0,0.0,-0.29857308,0.0,0.0,0.0,0.0,0.0,1994,2023,0,0,0,0,"c(-1.0878111700962, 42.4544138060865)",NBR_year,,,0.7931904902060137,0.7835426715160201,0.7736042319607356,0.7633147479077114,0.7526764384027288,0.7430402520803576,0.7330979018539889,0.7228045145685902,0.7121623439480725,0.7025377891769838,0.2898310631748322,0.3067435012783127,0.3110202645651373,0.3270450174083278,0.3385329640502492,0.3441720861349675,0.3619832741269506,0.3674095118275609,0.3817531315933539,0.3942827517960313,0.3984557956223536,0.4171354325468189,0.4236993472449992,0.4363882695678743,0.4499367995127161,0.4526852800626993,0.4722019012529013,0.479889891882177,0.490953088772672,0.5054962597703495,0.5068636857644448,0.5271847317362626,0.5454503387807226,0.560962434003751,0.5634991986888931,0.5820860974700293,0.5919744126227631,0.5998828553323414,0.5359814310202919,0.7174834292583314,0.2898310631748322,N,1311.2000274658203,6818.400172472,23.136512406667073,23.088657959302267,10.729057550430298,10.975056517124177,-0.50546875,-0.3210652683628723
188,[5725 7052],394_N,0.0064524675551019,0.0073795892170052,1994,0.611977314037385,42.457108751939366,-1.099399437263541,23.173233,-0.011302864,0.0859783,-0.00054835103,0.03413114,0.016871726,0.010148617,0.0,-15.994462,0.0080866655,-0.0019341729,-0.03064568,0.061354876,-0.01712541,0.009567362,0.024614401,0.0,0.0,0.0,0.0,0.0,0.0,0.0,0.0,0.0,0.0,0.0,0.0,0.0,0.0,0.0,0.0,0.0,0.0,0.0,0.0,0.0,0.0,0.0,0.0,0.0,0.0,0.0,0.0,0.0,0.0,0.0,0.0,1994.5104,2023.9944,0.0,0.0,0.0,0.0,1984.3037,1994.5542,0.0,0.0,0.0,0.0,-0.6433223,0.0,0.0,0.0,0.0,0.0,1994,2023,0,0,0,0,"c(-1.09939943726354, 42.4571087519394)",NBR_year,,,0.8373124126966752,0.8260287988327023,0.8142497335448118,0.8029206884678299,0.7921038171356117,0.7808148072847962,0.7690301065231665,0.7577171486912968,0.7468951629627277,0.7356007541994967,0.2468606403557584,0.2454605988102715,0.2640802095305319,0.2610847591461795,0.2791229781312681,0.2831655805535714,0.2921046119338014,0.3030306400119671,0.3031956585988358,0.3206600368323562,0.3163640888342708,0.3360977318071756,0.338846674279497,0.3494486230570789,0.3591242532065531,0.3608736070985245,0.3771649843046675,0.3715713656192134,0.3930011951052579,0.3944524246958638,0.4067268471292574,0.4151414386885937,0.4335946130625571,0.4285011586915135,0.4498325553400128,0.449983274117372,0.4639381337452508,0.4710822301813981,0.4184929551461088,0.7523061558270123,0.2468606403557584,N,1311.2000274658203,6818.400172472,23.136512406667073,23.088657959302267,10.729057550430298,10.975056517124177,-0.50546875,-0.3210652683628723
189,[4243 4911],294_N,0.0115670976784063,0.0135341532675441,2000,0.5383064036227523,42.856499727334686,-1.676387344362975,675.5901,-0.34017456,-0.17048417,-0.14843136,0.0,0.0,0.0,0.0,-37.148518,0.018832298,-0.04399312,-0.02312739,0.028911624,-0.02949079,-0.0068793218,0.0035694726,-28.615463,0.014460249,-0.002319535,-0.0019572943,0.027658347,-0.024250751,0.0052812826,-0.011660679,0.0,0.0,0.0,0.0,0.0,0.0,0.0,0.0,0.0,0.0,0.0,0.0,0.0,0.0,0.0,0.0,0.0,0.0,0.0,0.0,0.0,0.0,0.0,0.0,1985.7931,2000.6432,2023.8821,0.0,0.0,0.0,1984.3037,1986.1436,2000.7965,0.0,0.0,0.0,-0.3249108,-0.49008334,0.0,0.0,0.0,0.0,1985,2000,2023,0,0,0,"c(-1.67638734436298, 42.8564997273347)",NBR_year,,0.699987013227701,0.3598008374806383,0.3565506935977174,0.37691252527157,0.3939639407114703,0.4145804271761727,0.431854772173651,0.4522297168479495,0.4697452560845414,0.4898603154805834,0.5076185602084902,0.5274721500884018,0.5454745404331007,0.5650651535801526,0.5833130573697773,0.6026392648307498,,0.3666067813018828,0.3811078437756387,0.3955808580064157,0.4100257010144254,0.4244422696939144,0.4388304809602233,0.4531902718813764,0.4675215997922605,0.4818244423927356,0.4960987978287615,0.5103446847565729,0.5245621423901574,0.5387512305312946,0.552912029582775,0.5670446405443099,0.5811491849912833,0.6092746632732245,0.6232959427050092,0.6372898466527667,0.6512565986490738,0.6661550023357167,0.6810638184465508,0.5952258050362514,0.5929761611002635,0.3666067813018828,N,1477.8000330924988,6216.700133919716,23.91165402730306,23.855032912890117,11.927323404947916,12.259393676122029,-0.4656738266348839,-0.422401258846124
190,[5167 5240],344_N,0.0062706108127888,0.0084201714361335,2002,0.6461853293786168,42.60748673052952,-1.587723625803557,-4.919179,0.0027463296,-0.025317935,-0.049448222,0.015589626,-0.029530467,-0.013801903,0.015806593,-17.268963,0.00886335,-0.021959651,-0.07882405,0.030537564,-0.031037463,0.0,0.017183911,0.0,0.0,0.0,0.0,0.0,0.0,0.0,0.0,0.0,0.0,0.0,0.0,0.0,0.0,0.0,0.0,0.0,0.0,0.0,0.0,0.0,0.0,0.0,0.0,0.0,0.0,0.0,0.0,0.0,0.0,0.0,0.0,2002.505,2023.8821,0.0,0.0,0.0,0.0,1984.3037,2003.2058,0.0,0.0,0.0,0.0,-0.26554486,0.0,0.0,0.0,0.0,0.0,2002,2023,0,0,0,0,"c(-1.58772362580356, 42.6074867305295)",NBR_year,,0.6241329019252969,0.6251315228942452,0.6279515424562339,0.6323732238782743,0.6335249429178976,0.6360339016990936,0.6406063598344326,0.6419113059659844,0.6441094332121705,0.6488323152591549,0.6502905954682989,0.6521781640980054,0.6570510966295516,0.658662795888365,0.6602401223616458,0.66526271143162,0.6670278927242028,0.6682953369034419,0.6057821988444343,0.6092225675047521,0.6178338670628318,0.6259325709783979,0.6335135565040321,0.6405756215686964,0.6486300195631227,0.6593892819101802,0.66970549816482,0.67955706754115,0.688925771745029,0.6977969574812252,0.7061596840960078,0.7140068348309135,0.7213351905658207,0.7382400303856924,0.7487865844688272,0.7588791706085398,0.7684978092088558,0.7776259962274229,0.7862508689307434,0.7281454653418865,0.6676616148138224,0.6092225675047521,N,1521.200023651123,6507.200112819672,23.001209704081216,23.02191268603007,11.02336147626241,10.530284031232197,-0.4415201666764915,-0.3808405950593834
191,[5687 7028],394_N,0.0103568007280713,0.0109566847351273,1994,0.479426928007177,42.46734954618028,-1.105867307310429,-63.96973,0.032356143,-0.0072966907,-0.06808424,0.038676035,-0.015424802,-0.012682433,0.028037006,-47.35479,0.023978408,0.005928402,-0.061037183,0.044599097,-0.023967978,0.0006932313,0.011495743,-21.874537,0.011105633,0.009006082,-0.07405441,0.041303392,-0.032650422,0.0,0.016551621,0.0,0.0,0.0,0.0,0.0,0.0,0.0,0.0,0.0,0.0,0.0,0.0,0.0,0.0,0.0,0.0,0.0,0.0,0.0,0.0,0.0,0.0,0.0,0.0,1990.6555,1994.5104,2023.9287,0.0,0.0,0.0,1984.2134,1990.6802,1994.5789,0.0,0.0,0.0,-0.103962936,-0.41661143,0.0,0.0,0.0,0.0,1990,1994,2023,0,0,0,"c(-1.10586730731043, 42.4673495461803)",NBR_year,,0.3664935606208299,0.3983537496112151,0.4312559124891517,0.4630676547534159,0.4959196871014601,0.5280566390257454,0.56048434162031,0.4939251685175529,0.5178190028217947,0.5419072780437184,0.3775682258979981,0.3817704866233452,0.4009564005725841,0.406527400370016,0.4202996251335398,0.4335544902637021,0.4361104640977646,0.4562964141154305,0.4630802142942841,0.4750569098849532,0.4894387419673143,0.4903835196941233,0.5115416607552785,0.519529911773565,0.5297324843012255,0.5452216864482438,0.5465110215348795,0.5666937939814026,0.5758763409670528,0.5843288094705246,0.6009041813258928,0.6034210805919953,0.6217546024282592,0.638848454142556,0.6564872345290812,0.6602297890897614,0.6767260062763006,0.6882595734420097,0.6932940897134344,0.6321195073510237,0.5298631404327565,0.3817704866233452,N,1330.9000170230865,6600.4001121521,23.25723934173584,23.286839946111044,10.807293287913005,11.047195374965668,-0.50546875,-0.3210652683628723
192,[5729 7067],394_N,0.0099363789275308,0.0104029798785507,1994,0.499519890552655,42.45603077359823,-1.095357018484236,-0.5670689,0.0005377527,0.06333344,-0.036470387,0.046453647,0.0,0.0002318776,0.0,-20.835966,0.010519142,0.035308063,-0.037459843,0.06842268,-0.0259004,0.008451728,0.010935937,0.0,0.0,0.0,0.0,0.0,0.0,0.0,0.0,0.0,0.0,0.0,0.0,0.0,0.0,0.0,0.0,0.0,0.0,0.0,0.0,0.0,0.0,0.0,0.0,0.0,0.0,0.0,0.0,0.0,0.0,0.0,0.0,1994.5104,2023.9287,0.0,0.0,0.0,0.0,1984.3037,1994.5789,0.0,0.0,0.0,0.0,-0.575938,0.0,0.0,0.0,0.0,0.0,1994,2023,0,0,0,0,"c(-1.09535701848424, 42.4560307735982)",NBR_year,,,0.5778373026161256,0.5785164331819516,0.5788464942071468,0.5789830872783303,0.5799917542277526,0.5806670805902785,0.5809931721345822,0.5811411151825537,0.5821461644655617,0.5828176846514171,0.2227623145120314,0.241322609406163,0.2470953423132781,0.2593938777318324,0.2724442091496859,0.274216587423183,0.2936971749322239,0.3006295085755971,0.3112285551973011,0.3253328274852509,0.3257833900975339,0.3459832182152163,0.3540630330995282,0.3629883567790829,0.3781250085868014,0.3797694471676257,0.3981825613199133,0.4073961723449628,0.4146757242880246,0.430821912083047,0.4336555459691148,0.4502971340891061,0.4662931770325687,0.4834248261625244,0.4874412716841189,0.502328969829869,0.5137630454839733,0.5178433067707909,0.4606293280917154,0.5816436398240576,0.2227623145120314,N,1311.2000274658203,6818.400172472,23.136512406667073,23.088657959302267,10.729057550430298,10.975056517124177,-0.50546875,-0.3210652683628723
193,[4884 2573],370_N,0.0081201576874452,0.0091762282464654,1987,0.5360772053400591,42.68375369816573,-2.306465684763945,0.61782026,0.0,0.07100126,0.0,0.037168447,-0.030106626,0.0,0.0018100765,-18.834888,0.009681212,0.0,0.0,0.016859714,-0.025582109,-0.004715246,0.008756928,0.0,0.0,0.0,0.0,0.0,0.0,0.0,0.0,0.0,0.0,0.0,0.0,0.0,0.0,0.0,0.0,0.0,0.0,0.0,0.0,0.0,0.0,0.0,0.0,0.0,0.0,0.0,0.0,0.0,0.0,0.0,0.0,1987.6083,2023.8821,0.0,0.0,0.0,0.0,1984.3037,1988.4652,0.0,0.0,0.0,0.0,-0.54153615,0.0,0.0,0.0,0.0,0.0,1987,2023,0,0,0,0,"c(-2.30646568476394, 42.6837536981657)",NBR_year,,,0.7300309235822494,0.7300405383594101,0.7300492349661666,0.4526559504850142,0.461098529635991,0.4733384914179758,0.478148623805117,0.4932567389222405,0.4954666260952515,0.5124247142525347,0.5177976929028267,0.5308742992768466,0.5394012741979838,0.5486537290017158,0.5602489954411765,0.5658256475677684,0.5803318482832313,0.5824648016282845,0.5996598436713267,0.604347378521244,0.6182611153964194,0.6261112306701494,0.6361805154143234,0.6471237128743256,0.653477758328902,0.6673716418642432,0.6702251862908113,0.6868609762652362,0.6908634277794476,0.7056160359853193,0.7127860295667838,0.7236782030199146,0.7411041577601115,0.7543759442690515,0.7579637192730723,0.7740277581546565,0.777346287425124,0.7929385447909789,0.7339626579771354,0.7300357309708297,0.4526559504850142,N,1254.2000260353088,5570.3001227378845,22.904892031351725,22.894782280921937,10.137628920873006,10.286800380547842,-0.25131836757063863,-0.3263753249659203
194,[5743 7062],394_N,0.0062075760192383,0.005692656891954,1994,0.526030131469732,42.45225784940422,-1.096704491410671,8.646755,-0.0040505896,0.07435843,-0.023054615,0.034111355,0.0,0.0025574365,0.0,-11.85416,0.0060127378,-0.021890743,-0.03555028,0.042319972,-0.027581565,0.0,0.017113784,0.0,0.0,0.0,0.0,0.0,0.0,0.0,0.0,0.0,0.0,0.0,0.0,0.0,0.0,0.0,0.0,0.0,0.0,0.0,0.0,0.0,0.0,0.0,0.0,0.0,0.0,0.0,0.0,0.0,0.0,0.0,0.0,1994.5542,2023.9944,0.0,0.0,0.0,0.0,1984.3037,1994.5789,0.0,0.0,0.0,0.0,-0.4378553,0.0,0.0,0.0,0.0,0.0,1994,2023,0,0,0,0,"c(-1.09670449141067, 42.4522578494042)",NBR_year,,,0.6884642736458455,0.6845388896866189,0.6805725041722003,0.6765641709205666,0.672512973704724,0.6684180278924048,0.6642784820608787,0.6600935195835358,0.6558623601863917,0.6517589335177739,0.2425335060767352,0.2540079283030959,0.2592315983342371,0.2620260741940652,0.2735713861729272,0.268069738913234,0.2855099662062735,0.2863242583334106,0.2950877743167829,0.3022977422613233,0.3024266851141793,0.3158906618330019,0.3123334554079524,0.3270860464432727,0.3298933457507336,0.3359500573292976,0.3451325442289626,0.3426289789741377,0.3579769464424616,0.3563866439158156,0.3684355703938059,0.3732369124772689,0.3877346206660894,0.3826403324022976,0.3998313835998821,0.4002238335156238,0.4095621547547644,0.4163518599492181,0.3766000100205524,0.6579779398849637,0.2425335060767352,N,1311.2000274658203,6818.400172472,23.136512406667073,23.088657959302267,10.729057550430298,10.975056517124177,-0.50546875,-0.3210652683628723
195,[4302 5540],382_N,0.0059671271439233,0.0047072101287968,1991,0.4508802946352774,42.84059954680276,-1.506875250217462,-32.33492,0.016459927,-0.037016533,-0.01810299,0.05232613,-0.043480568,0.0,0.0,61.73812,-0.0307906,-0.021332184,-0.00858275,0.048691526,-0.012422918,0.0,0.023697931,-9.63317,0.0049855947,-0.037051942,-0.033272933,0.05569951,-0.032849286,0.0038178917,0.013232408,0.0,0.0,0.0,0.0,0.0,0.0,0.0,0.0,0.0,0.0,0.0,0.0,0.0,0.0,0.0,0.0,0.0,0.0,0.0,0.0,0.0,0.0,0.0,0.0,1988.4652,1991.6193,2023.8821,0.0,0.0,0.0,1984.3037,1988.5529,1991.9259,0.0,0.0,0.0,0.1443798,-0.24261044,0.0,0.0,0.0,0.0,1988,1991,2023,0,0,0,"c(-1.50687525021746, 42.8405995468028)",NBR_year,,0.4418603986337521,0.4582977466389052,0.4748174947585654,0.4913246470852918,0.6015743423947857,0.5708913890383325,0.5400757537803703,,0.4176129414139581,0.4312985043581558,0.4340366902801615,0.4365421887329534,0.447448577133575,0.4390439476078496,0.457772142133521,0.4548190488542104,0.4650443361184927,0.4703267799689281,0.4694124540407504,0.4827869339679908,0.4742178847162884,0.4921581175279013,0.4917479036321802,0.4985119593704235,0.5063248760713637,0.5020284419426979,0.5178293381967993,0.5117571439898961,0.5262550179358803,0.5283938218822398,0.5317077737153962,0.5420285909807251,0.53439935276521,0.5490275215340052,0.5600671051131518,0.564752121585813,0.5646390862053562,0.5774365777222179,0.5682850827568359,0.5525767697099683,0.5554835714093513,0.4176129414139581,N,1726.6000356674194,7034.9001269340515,22.21490281422933,22.526436805725098,10.95898265838623,11.286854251225789,-0.13647461030632257,-0.2897176109778229
196,[5744 7082],394_N,0.0084844298120403,0.0086783644337052,1994,0.522706933410846,42.45198835481892,-1.091314599704932,16.667248,-0.008085145,0.08268652,-0.024497738,0.020922575,0.0,-0.0030404518,0.0,-18.148886,0.009152049,-0.0075397384,-0.035550468,0.03996117,-0.025140248,0.0033463864,0.011087621,0.0,0.0,0.0,0.0,0.0,0.0,0.0,0.0,0.0,0.0,0.0,0.0,0.0,0.0,0.0,0.0,0.0,0.0,0.0,0.0,0.0,0.0,0.0,0.0,0.0,0.0,0.0,0.0,0.0,0.0,0.0,0.0,1994.5104,2023.9944,0.0,0.0,0.0,0.0,1984.3037,1994.5789,0.0,0.0,0.0,0.0,-0.42599323,0.0,0.0,0.0,0.0,0.0,1994,2023,0,0,0,0,"c(-1.09131459970493, 42.4519883548189)",NBR_year,,,0.7031051074302325,0.6951187382096006,0.6872402479690543,0.6791229591682386,0.670760060290907,0.6627817462614827,0.6549006389713048,0.6467806494119723,0.638414982001532,0.6304447256823787,0.1922845174509418,0.2062249303325819,0.2144548457705158,0.2215104656856105,0.2347066665111434,0.2351911360887342,0.2530436963502755,0.2577558208035481,0.2695324202311637,0.2793323259481626,0.2842984429398413,0.2989846335099779,0.3001620083410318,0.3167362418543836,0.3230440654176829,0.3326725477821129,0.3440228352153063,0.3469364396768357,0.3630779212174953,0.3658518061250471,0.380252417517171,0.3881473672898909,0.4085264257119159,0.4094308028382974,0.4269884869211874,0.4313616278454151,0.4435959775049309,0.4530644437304154,0.3956502039912385,0.6425978157067522,0.1922845174509418,N,1311.2000274658203,6818.400172472,23.136512406667073,23.088657959302267,10.729057550430298,10.975056517124177,-0.50546875,-0.3210652683628723
197,[4297 5550],382_N,0.0041870499184039,0.0039258870102724,1991,0.5271741761830756,42.84194701972919,-1.504180304364592,-10.575176,0.005591518,0.0,-0.017527422,0.015941124,0.0020513777,-0.011527335,0.02086509,-7.777923,0.0041167946,-0.029460756,-0.020888874,0.024467811,-0.011907063,-0.0024679124,0.006616295,0.0,0.0,0.0,0.0,0.0,0.0,0.0,0.0,0.0,0.0,0.0,0.0,0.0,0.0,0.0,0.0,0.0,0.0,0.0,0.0,0.0,0.0,0.0,0.0,0.0,0.0,0.0,0.0,0.0,0.0,0.0,0.0,1991.6193,2023.8821,0.0,0.0,0.0,0.0,1984.3037,1991.9259,0.0,0.0,0.0,0.0,-0.16018745,0.0,0.0,0.0,0.0,0.0,1991,2023,0,0,0,0,"c(-1.50418030436459, 42.8419470197292)",NBR_year,,0.5728638299037319,0.578746637828385,0.5838431863168717,0.5899139303363055,0.5952977182301462,0.6009781961878932,0.6066475382174361,,0.4895366112580769,0.4997558857692283,0.4993378196352261,0.5069488770323307,0.5104718608500964,0.5126726311455249,0.5201839046441395,0.5171441416038866,0.5284114096794799,0.5291979366174963,0.5351447909219548,0.5399021876406199,0.5404283200105839,0.5491596122499516,0.5472788639562192,0.5569237881966174,0.5589287802377375,0.5632018014479504,0.5691939097994425,0.5680543514635267,0.5779922606153575,0.5772933641376258,0.5852937837176025,0.5885269702429966,0.5911222463015723,0.5955545396908482,0.6066815055433603,0.6071833457591317,0.6135226516264451,0.6179895641817955,0.6189089335335186,0.5983451131337922,0.6038128672026646,0.4895366112580769,N,1726.6000356674194,7034.9001269340515,22.21490281422933,22.526436805725098,10.95898265838623,11.286854251225789,-0.13647461030632257,-0.2897176109778229
198,[5768 7134],394_N,0.0055475365736557,0.0063998054227497,1994,0.666220465110843,42.44552048477203,-1.077300881270008,0.2373914,0.00023106142,0.07831785,-0.024356294,0.026604095,0.0,0.0056425175,-0.0012171598,-13.001785,0.006665281,0.035536468,-0.035214797,0.0393376,-0.016021745,0.0017097878,0.013150179,0.0,0.0,0.0,0.0,0.0,0.0,0.0,0.0,0.0,0.0,0.0,0.0,0.0,0.0,0.0,0.0,0.0,0.0,0.0,0.0,0.0,0.0,0.0,0.0,0.0,0.0,0.0,0.0,0.0,0.0,0.0,0.0,1994.5104,2023.9287,0.0,0.0,0.0,0.0,1984.3037,1994.5789,0.0,0.0,0.0,0.0,-0.4305112,0.0,0.0,0.0,0.0,0.0,1994,2023,0,0,0,0,"c(-1.07730088127001, 42.445520484772)",NBR_year,,,0.7769157333919312,0.7770760284096812,0.7769698868831533,0.7774363566382674,0.7778405866720173,0.7779980213124806,0.777888805107502,0.7783638146641578,0.7787654093248175,0.778919981121774,0.3455849724690664,0.3537107820871075,0.3586517264612074,0.3667565555416119,0.3733226553373453,0.3786687707658785,0.3871764832538024,0.3922516996566995,0.3998002371782792,0.4067653094625022,0.4117350094126963,0.420573776792886,0.4258269227589722,0.4329402063242292,0.4401846833603043,0.4447839303079657,0.453903768210747,0.4593775518385621,0.4660875951566869,0.473581080924062,0.4778345292569828,0.4871676681675239,0.499216437042038,0.5069548203597264,0.5114968039662675,0.5203667896160754,0.5264057938347572,0.5323270343131267,0.4929037717147961,0.7785646119944877,0.3455849724690664,N,1311.2000274658203,6818.400172472,23.136512406667073,23.088657959302267,10.729057550430298,10.975056517124177,-0.50546875,-0.3210652683628723
199,[5909 6799],394_N,1.4377733259074432e-05,0.0021235651030069,1994,0.6660081906149,42.407521748246566,-1.167581567341148,3.932642,-0.0017282938,-0.058060687,-0.23626159,0.020714432,0.0,-0.045605466,-0.016497212,-52.56588,0.026640339,-0.3314627,-0.123419054,0.0,0.0,0.0290651,0.12188555,0.36852756,6.745499e-05,-0.1335594,-0.15576255,0.06869436,-0.030784326,0.012493871,0.049851652,-4.308852,0.0023883635,-0.13881126,-0.1902002,0.039285827,-0.07867942,0.0072461898,0.033897948,0.0,0.0,0.0,0.0,0.0,0.0,0.0,0.0,0.0,0.0,0.0,0.0,0.0,0.0,0.0,0.0,1986.2312,1988.728,1994.5104,2023.9944,0.0,0.0,1984.2134,1986.3872,1988.8595,1994.5542,0.0,0.0,0.28913307,0.43494517,-0.17777385,0.0,0.0,0.0,1986,1988,1994,2023,0,0,"c(-1.16758156734115, 42.4075217482466)",NBR_year,,0.806325974179892,0.8045490310958984,0.8378730578688807,0.864547487618161,0.8912118770264228,0.8216693943059514,0.8220702551370106,0.8219298764357469,0.8221199296548576,0.8221715269312098,0.7564254700432149,0.7802865202812741,0.7667024122876936,0.7821101358489295,0.7807032587562838,0.7803584089475695,0.7908541491396256,0.775296596075388,0.7971433155892993,0.7813035353042629,0.7996496281435193,0.7960067148406043,0.798540396405665,0.8068720105306356,0.7940662694458046,0.8138709152501675,0.795777615581298,0.8170656421824718,0.8111790967077753,0.8166074714725678,0.8227578223414128,0.8127321768049098,0.8304685906356384,0.8343569014644914,0.8262209216037265,0.8345578492192237,0.8385115312298611,0.8312920809509674,0.8469357171654878,0.8101257218282242,0.8221457282930337,0.7802865202812741,N,1330.9000170230865,6600.4001121521,23.25723934173584,23.286839946111044,10.807293287913005,11.047195374965668,-0.49884440898895266,-0.3467488618567586
200,[5879 6838],394_N,0.0049393432247924,0.0080374273869003,1994,0.501852087521261,42.41560658580518,-1.157071278514956,-20.452919,0.010495412,-0.08098773,-0.19653532,0.037687615,-0.0011264232,0.0,0.0,25.433962,-0.012588889,-0.11591254,-0.14015257,0.043686897,-0.047659487,-0.013577611,0.0406696,-16.798744,0.008522524,-0.08617965,-0.09949119,0.039237212,-0.06223525,0.0013463881,0.03189609,0.0,0.0,0.0,0.0,0.0,0.0,0.0,0.0,0.0,0.0,0.0,0.0,0.0,0.0,0.0,0.0,0.0,0.0,0.0,0.0,0.0,0.0,0.0,0.0,1986.2312,1994.5104,2023.9944,0.0,0.0,0.0,1984.3037,1986.3872,1994.5542,0.0,0.0,0.0,0.192363,-0.54120106,0.0,0.0,0.0,0.0,1986,1994,2023,0,0,0,"c(-1.15707127851496, 42.4156065858052)",NBR_year,,0.6191256332217686,0.6296185506228166,0.6996081510254832,0.6862416225781182,0.6741974450061159,0.6614900969990289,0.6486458856083285,0.6365965960189589,0.6229541278832041,0.6115610933044353,0.4024267450688404,0.4310057021205157,0.4290585884988713,0.4448462768511782,0.4527636423230145,0.4557024182444781,0.4734040771793096,0.4637621976594087,0.4909184589051865,0.4871612527973186,0.505324607133501,0.5114192544750348,0.5167198184135456,0.53263246104718,0.525278419146966,0.5507250415358786,0.54516509387098,0.56570008669645,0.569970865738795,0.5776403243145514,0.5917542498585237,0.5867061631797156,0.6104251324871539,0.6259719000326243,0.6284192424071959,0.638462644709167,0.6507697217330559,0.6480437011583441,0.6700185072770144,0.6030713356988995,0.6172576105938197,0.4310057021205157,N,1330.9000170230865,6600.4001121521,23.25723934173584,23.286839946111044,10.807293287913005,11.047195374965668,-0.49884440898895266,-0.3467488618567586
201,[5159 6730],368_N,0.0033181835414041,0.0038074858193888,1989,0.5420902262143856,42.60964268721181,-1.18617669372595,-12.653032,0.006596088,0.0,-0.07293946,0.061684318,-0.041073844,0.0075471797,0.017727206,-7.881904,0.0041364664,-0.04148168,-0.08628476,0.04587823,-0.05309559,0.013135803,0.03296064,0.0,0.0,0.0,0.0,0.0,0.0,0.0,0.0,0.0,0.0,0.0,0.0,0.0,0.0,0.0,0.0,0.0,0.0,0.0,0.0,0.0,0.0,0.0,0.0,0.0,0.0,0.0,0.0,0.0,0.0,0.0,0.0,1989.5413,2023.8821,0.0,0.0,0.0,0.0,1984.2134,1990.2174,0.0,0.0,0.0,0.0,-0.48411128,0.0,0.0,0.0,0.0,0.0,1989,2023,0,0,0,0,"c(-1.18617669372595, 42.6096426872118)",NBR_year,,0.5669986307506732,0.5735683756492916,0.580079452052084,0.5868379576316249,0.5931135896008695,,0.5314639592222122,0.5356393637001021,0.539796348866864,0.543934867861347,0.548054876929233,0.55215633543273,0.5562392058603632,0.5603034538358838,0.5643490481264024,0.5683759606502264,0.5723841664835517,0.5763736438667394,0.5803443742100949,0.5842963420988343,0.5882295352969497,0.592143944751362,0.5960395645946803,0.5999163921471334,0.6037744279187353,0.6076136756099888,0.6114341421118271,0.615235837505801,0.6190187750627693,0.6227829712408436,0.6265284456834291,0.6302552212162519,0.6339633238428335,0.6413236302573567,0.6449759019018364,0.6486096363407265,0.6522248753898396,0.6558216640079009,0.6594000502864203,0.6376527827411204,0.5899757736162472,0.5314639592222122,N,1841.700026512146,7384.200138092041,22.571997197469077,22.440771786371865,10.193367179234823,10.632575341065724,-0.30449218563735486,-0.36642252686433496
202,[5758 7072],394_N,0.0127995624081383,0.0137410514805591,1994,0.512069337609727,42.448215430624906,-1.094009545557801,14.271808,-0.006892727,0.09471801,-0.022362221,0.029585652,0.0,0.0,0.0,-28.735926,0.014444614,0.007472563,-0.0428117,0.05030247,-0.018134834,0.004807371,0.017528415,0.0,0.0,0.0,0.0,0.0,0.0,0.0,0.0,0.0,0.0,0.0,0.0,0.0,0.0,0.0,0.0,0.0,0.0,0.0,0.0,0.0,0.0,0.0,0.0,0.0,0.0,0.0,0.0,0.0,0.0,0.0,0.0,1994.5104,2023.9944,0.0,0.0,0.0,0.0,1984.3037,1994.5789,0.0,0.0,0.0,0.0,-0.60713124,0.0,0.0,0.0,0.0,0.0,1994,2023,0,0,0,0,"c(-1.0940095455578, 42.4482154306249)",NBR_year,,,0.6884903332581449,0.6819553330200048,0.6751446065627872,0.6680459395760948,0.6609248802034365,0.6543868805601064,0.6475730119956594,0.6404710738824431,0.6333593945735481,0.6268183938649623,0.1694956380633427,0.1926265336766924,0.2000043957456775,0.2199605638088369,0.2334934501040346,0.2452549236266203,0.2646384155046428,0.2687548839519594,0.2934855318042276,0.3027993946863425,0.3201620523575892,0.3355588063985733,0.3448686726970146,0.3659795195544227,0.3710001464051433,0.3941336061884978,0.4053682651210353,0.4201721474458087,0.4373968662026865,0.444316667674526,0.4671003511761526,0.4740663716901863,0.507709748601745,0.5199982318272952,0.539008955195544,0.5436079431725742,0.5680046983445307,0.5769090819153816,0.4945761146179887,0.6369152342279956,0.1694956380633427,N,1311.2000274658203,6818.400172472,23.136512406667073,23.088657959302267,10.729057550430298,10.975056517124177,-0.50546875,-0.3210652683628723
203,[5709 7033],394_N,-0.0007419701604265194,0.0026827306589607,1994,0.451657385962712,42.46142066530397,-1.104519834383994,-24.655937,0.0125523275,-0.059803553,-0.083158694,0.08097953,-0.051020257,0.005502892,0.033676922,262.98425,-0.13205703,-0.05562887,-0.074775085,0.11573684,-0.0072743385,-0.03249606,0.0700022,264.703,-0.13278565,-0.047936402,-0.06728567,0.12505515,-0.06976401,0.0,0.011698249,0.36603782,0.0,-0.012173118,-0.07357387,0.18871695,-0.042463265,0.06980288,-0.011525046,-6.7032833,0.0035253717,-0.08626607,-0.086345494,0.0889895,-0.033092972,0.026799385,0.033001028,0.0,0.0,0.0,0.0,0.0,0.0,0.0,0.0,1988.2024,1990.2421,1991.5563,1994.5104,2023.9287,0.0,1984.3037,1988.4022,1990.3297,1991.6193,1994.5542,0.0,0.15987249,0.30876735,0.1538152,-0.31217134,0.0,0.0,1988,1990,1991,1994,2023,0,"c(-1.10451983438399, 42.461420665304)",NBR_year,,0.4790767788088568,0.4916564239800391,0.5042044016206237,0.5167206535341466,0.6541384912966758,0.522032905513946,0.6034303108304178,0.5874479174912853,0.5874514199315928,0.5874541292046326,0.5535976680408247,0.5765532354695525,0.56817153640763,0.5779420642336263,0.5850268399574365,0.5728433846674199,0.5943677431896132,0.5843294824199918,0.5964850542277027,0.6019769421674421,0.59202783438017,0.6121018597696369,0.6004052812452148,0.6149548996847505,0.6188433062242826,0.611149739085362,0.6297550456496575,0.6163993615132165,0.6333506668271567,0.6356258889384928,0.630207848648768,0.6473268063414459,0.6323122014224568,0.6523246963693318,0.6492009419701028,0.6648166929888855,0.6481443285774419,0.6699164229878611,0.6689397840179189,0.6516714600950794,0.5874527745681126,0.5765532354695525,N,1330.9000170230865,6600.4001121521,23.25723934173584,23.286839946111044,10.807293287913005,11.047195374965668,-0.50546875,-0.3210652683628723
204,[5878 6827],394_N,-0.0002902231247087439,0.0027045498587841,1994,0.656823549671696,42.41587608039048,-1.160035718953113,-42.61222,0.021690316,-0.10751802,-0.24610913,0.006965231,-0.0007647106,-0.07410774,0.0,-0.6591955,0.0005784571,-0.1412657,-0.15954746,0.064175166,-0.039072387,0.008313176,0.05733329,-5.253021,0.002849921,-0.14100862,-0.17873633,0.030531237,-0.08135128,0.0077830786,0.03507268,0.0,0.0,0.0,0.0,0.0,0.0,0.0,0.0,0.0,0.0,0.0,0.0,0.0,0.0,0.0,0.0,0.0,0.0,0.0,0.0,0.0,0.0,0.0,0.0,1986.2312,1994.5104,2023.9944,0.0,0.0,0.0,1984.2134,1986.3872,1994.5542,0.0,0.0,0.0,0.29269338,-0.21188645,0.0,0.0,0.0,0.0,1986,1994,2023,0,0,0,"c(-1.16003571895311, 42.4158760803905)",NBR_year,,0.7808025890159754,0.8024662107310662,0.8233905465657411,0.8258936889242948,0.8244966456744542,0.8269623772862442,0.8264116844744821,0.827851349036803,0.828143717038007,0.8285618519677809,0.7246442847398243,0.748576988341481,0.7414042236944905,0.7495865748897313,0.7544197483462868,0.7471258727179373,0.7636125269845926,0.7421540448447519,0.7689949574760007,0.7595897067089283,0.7706705156807651,0.7733051216872341,0.7688310890184457,0.7832054829369981,0.763751360614744,0.7892863211239222,0.7776481336603754,0.791634407618596,0.792060196512342,0.7904256431295424,0.8026679855171648,0.7859199763586108,0.8094501951174681,0.8124768200977895,0.8106853416526718,0.8119076008091901,0.8219998281112211,0.8079874816783066,0.8294857994187377,0.7955804319588815,0.828352784502894,0.748576988341481,N,1330.9000170230865,6600.4001121521,23.25723934173584,23.286839946111044,10.807293287913005,11.047195374965668,-0.49884440898895266,-0.3467488618567586
205,[5775 7174],394_N,0.0108580816140564,0.0127296889366344,1994,0.537413063926912,42.44363402267504,-1.066521097858529,-10.912244,0.005700405,-0.034966286,0.004936509,-0.028198665,0.04380813,-0.04205887,0.014540948,0.5330645,0.0,0.0807545,-0.018563244,0.05020326,0.004107298,0.016227296,0.0023328762,-26.672506,0.013405181,0.029813444,-0.013254461,0.057624765,-0.04175043,0.0012721498,0.012509854,0.0,0.0,0.0,0.0,0.0,0.0,0.0,0.0,0.0,0.0,0.0,0.0,0.0,0.0,0.0,0.0,0.0,0.0,0.0,0.0,0.0,0.0,0.0,0.0,1987.8081,1994.535,2023.9944,0.0,0.0,0.0,1984.3037,1987.8328,1994.5789,0.0,0.0,0.0,0.18871194,-0.51685774,0.0,0.0,0.0,0.0,1987,1994,2023,0,0,0,"c(-1.06652109785853, 42.443634022675)",NBR_year,,0.51590072979418,0.5218680901559231,0.5274514903893338,0.471476642910201,0.6377355658818396,0.6378531319061507,0.6378035541096282,0.6375815102614923,0.6375050758311117,0.637761844075863,0.6378563771681113,0.1535671418960223,0.164471605183364,0.1813170568988255,0.1894543128931084,0.2078575499663048,0.2192419400024855,0.2331984729720689,0.2478258219227957,0.2573566167844024,0.2751986535752406,0.284345538087244,0.3013642698924447,0.3137599930815009,0.3263348793729383,0.3419670401428366,0.3501291250732146,0.3689631805395452,0.3791212501344982,0.3947551177009426,0.4081609206287112,0.419357227727327,0.4359908173897155,0.4626109349045778,0.473780787174518,0.4880305984479639,0.50244450113746,0.5122661911504609,0.5298972693620426,0.4439142814468869,0.6376334599534874,0.1535671418960223,N,1311.2000274658203,6818.400172472,23.136512406667073,23.088657959302267,10.729057550430298,10.975056517124177,-0.50546875,-0.3210652683628723
206,[5923 6743],394_N,0.0024148705187985,0.0031260003194925,1994,0.462408836293071,42.40374882405255,-1.182673264117219,4.470375,-0.0020297708,0.010535296,-0.08118142,0.040845774,-0.0095483875,-0.0051240455,0.030269457,-1.4920131,0.0009513811,-0.036448512,-0.07246744,0.005989078,-0.013567705,-0.03141609,0.031356364,92.04818,-0.045952693,0.026639689,-0.10232582,0.03210599,-0.02919947,-0.005502136,0.03802988,-6.61519,0.0034788123,-0.040604852,-0.087362096,0.0258661,-0.04256053,-0.000745904,0.015897054,0.0,0.0,0.0,0.0,0.0,0.0,0.0,0.0,0.0,0.0,0.0,0.0,0.0,0.0,0.0,0.0,1989.8916,1991.8629,1994.5104,2023.9944,0.0,0.0,1984.2134,1990.0231,1991.9259,1994.5542,0.0,0.0,-0.18000291,0.26159006,-0.31511623,0.0,0.0,0.0,1989,1991,1994,2023,0,0,"c(-1.18267326411722, 42.4037488240525)",NBR_year,,0.5579278164872761,0.5558504321495344,0.5536665033185342,0.5513779478463926,0.5495319789298126,0.5476940732843805,0.5292179638063601,0.530158186414191,0.598883876307438,0.5529589845004546,0.5035352513233489,0.4656804827447606,0.4577096097944105,0.4726049744567826,0.4698272490056315,0.4777548353387532,0.4807490168450589,0.4812242306391545,0.4898393814151663,0.4831470342890927,0.4970984791687253,0.4932494989124196,0.5025701345593823,0.5045059463962366,0.5063408533147589,0.5139357345110422,0.5085374365033787,0.5215309349862,0.5166111061234557,0.5273273403103576,0.5282004891346112,0.5314037151670777,0.537969428741315,0.5459019541084781,0.5399125489156775,0.5520258002181714,0.5518328576973595,0.5564119177666356,0.5619404018823799,0.5338796614424196,0.5759214304039463,0.4656804827447606,N,1330.9000170230865,6600.4001121521,23.25723934173584,23.286839946111044,10.807293287913005,11.047195374965668,-0.49884440898895266,-0.3467488618567586
207,[3052 4822],304_N,0.0037585319545452,0.0054083599255159,1989,0.6629688344546715,43.17746777841148,-1.700372362453517,-11.038444,0.0058023944,-0.15144537,-0.19942693,0.057698257,-0.03997343,0.02049489,0.0033616254,-12.278078,0.006348545,-0.1909719,-0.111163884,0.021815667,-0.04440918,0.013525716,0.03537798,0.0,0.0,0.0,0.0,0.0,0.0,0.0,0.0,0.0,0.0,0.0,0.0,0.0,0.0,0.0,0.0,0.0,0.0,0.0,0.0,0.0,0.0,0.0,0.0,0.0,0.0,0.0,0.0,0.0,0.0,0.0,0.0,1989.8671,2023.9014,0.0,0.0,0.0,0.0,1984.3037,1990.0422,0.0,0.0,0.0,0.0,-0.29408386,0.0,0.0,0.0,0.0,0.0,1989,2023,0,0,0,0,"c(-1.70037236245352, 43.1774677784115)",NBR_year,,0.7818171127708734,0.787781654365485,0.7934399179711639,0.799375790847215,0.8050620158555737,0.8109692555252977,0.6632213484604634,0.6698535028604127,0.6751913519014435,0.6792393663477334,0.6820140082331895,0.6835434760617078,0.6838672964987667,0.6830357689795459,0.6878539625871387,0.7014867038853007,0.7140317993667298,0.7254271061913221,0.7356208411367428,0.7445722277621539,0.7522519980174757,0.7586427414126274,0.7637390971102167,0.7675477865998735,0.7700874869513623,0.7713885469707832,0.7714925508804864,0.7704517363547612,0.7781728391317423,0.7916077030223841,0.8039425677336077,0.8151171688660699,0.8250817331184185,0.8412376899379538,0.8473868354064448,0.8522419323669601,0.8558119486106979,0.8581177663383553,0.8591918694328687,0.8337975989001114,0.8022189033513943,0.6632213484604634,N,2519.700078010559,9929.700184822083,21.05417947769165,21.363773783047993,11.75977217356364,12.062874456246695,-0.2714192677289248,-0.37399495523422954
208,[4312 5520],382_N,0.005335546503401,0.0068057123716501,1991,0.4670776610825355,42.83790460094989,-1.512265141923202,-30.309044,0.015462346,-0.025502536,0.0,0.034907106,-0.004595037,0.0,0.027199209,-14.43303,0.0073251757,-0.029474944,-0.019582102,0.046017632,-0.036528427,0.0021657993,0.0034327582,19.17854,-0.0091619305,0.005007099,0.047341205,0.0,0.0,0.0,0.0,0.0,0.0,0.0,0.0,0.0,0.0,0.0,0.0,0.0,0.0,0.0,0.0,0.0,0.0,0.0,0.0,0.0,0.0,0.0,0.0,0.0,0.0,0.0,0.0,1991.6193,2023.4003,2023.8821,0.0,0.0,0.0,1984.3037,1992.2764,2023.411,0.0,0.0,0.0,-0.4278065,0.20690747,0.0,0.0,0.0,0.0,1991,2023,2023,0,0,0,"c(-1.5122651419232, 42.8379046009499)",NBR_year,,0.460500312729709,0.4757255326823986,0.4912386215992663,0.506863542336379,0.5218320440694266,0.5378565261849416,0.5527812429559985,,0.2592970005379001,0.2640279703702622,0.267742916365078,0.2750861131077679,0.2859747330549054,0.2958834815393589,0.3047685073771164,0.3126007192790623,0.3193664206283155,0.3250676719307738,0.3297223707301582,0.3333640448068989,0.341307947532781,0.3521260691750859,0.3619605971740597,0.3707687420855673,0.3785225301913036,0.3852094186572543,0.3908326374117833,0.3954112479709037,0.3989799154830327,0.4075247290721915,0.4182720429804836,0.4280321170954717,0.4367632284756123,0.4510466174740656,0.4565919075802468,0.4610946188945255,0.4645905511397757,0.4737364324200683,0.4035826326400088,0.4444385243301729,0.5453188845704701,0.2592970005379001,N,1726.6000356674194,7034.9001269340515,22.21490281422933,22.526436805725098,10.95898265838623,11.286854251225789,-0.13647461030632257,-0.2897176109778229
209,[5702 7033],394_N,0.0023056506838589,0.0048384623379502,1994,0.455076010974372,42.463307127400974,-1.104519834383994,0.58172154,-0.00019092573,-0.11468368,-0.05191714,0.010570131,-0.0243976,-0.031478338,0.025339719,58.926243,-0.029502042,-0.0033937048,-0.048829384,0.050017375,-0.03179108,0.0,0.0,-32.421017,0.016455844,-0.017503332,-0.0621674,0.065526195,-0.009734115,0.0,0.025170669,-10.75213,0.005490589,-0.08031158,-0.072923906,0.030791093,-0.033882692,-0.0016200392,0.028653758,0.0,0.0,0.0,0.0,0.0,0.0,0.0,0.0,0.0,0.0,0.0,0.0,0.0,0.0,0.0,0.0,1986.7568,1988.2024,1994.5104,2023.9287,0.0,0.0,1984.3037,1987.0005,1988.4022,1994.5542,0.0,0.0,0.1934454,0.12944926,-0.44798753,0.0,0.0,0.0,1986,1988,1994,2023,0,0,"c(-1.10451983438399, 42.463307127401)",NBR_year,,0.3775038545680754,0.3773270542892909,0.3771250921316085,0.3756466643563932,0.4447753529103712,0.4615405544812663,0.4773467169075273,0.4944574506871664,0.5105697125839466,0.5272525465891202,0.366532212524947,0.3835139179949334,0.379067494599427,0.3916394891306095,0.3974314235256287,0.3950421714142282,0.4109827605136757,0.4054753631209952,0.4196208352849128,0.4243296973991397,0.4235044004502355,0.4383969088107048,0.4318341365738167,0.4475492545896005,0.4511746856437693,0.4519182665950642,0.465756345253646,0.4581444057169284,0.4754244259726375,0.4779667032106197,0.480283164753938,0.4930610844270716,0.4844067881289852,0.5047060955890326,0.5085985182125458,0.5203111730889063,0.5106219277075107,0.5310138978348495,0.5313932385089634,0.5032460597534727,0.5189111295865334,0.3835139179949334,N,1330.9000170230865,6600.4001121521,23.25723934173584,23.286839946111044,10.807293287913005,11.047195374965668,-0.50546875,-0.3210652683628723
210,[5655 6395],394_N,8.755911543133488e-05,0.0013212930822015,1994,0.51258796266863,42.475973372909465,-1.27645737979709,-0.4622118,0.0004513491,0.0,-0.05872747,0.0,0.0,-0.03220104,0.020526832,-2.5927732,0.0014673289,0.0,-0.050646108,0.032025307,-0.041746464,0.0024134656,0.010990334,0.0,0.0,0.0,0.0,0.0,0.0,0.0,0.0,0.0,0.0,0.0,0.0,0.0,0.0,0.0,0.0,0.0,0.0,0.0,0.0,0.0,0.0,0.0,0.0,0.0,0.0,0.0,0.0,0.0,0.0,0.0,0.0,1994.5104,2023.9479,0.0,0.0,0.0,0.0,1984.2134,1994.5542,0.0,0.0,0.0,0.0,-0.38501197,0.0,0.0,0.0,0.0,0.0,1994,2023,0,0,0,0,"c(-1.27645737979709, 42.4759733729095)",NBR_year,,0.517838131628924,0.518110453705244,0.5183295247373052,0.5184951640976008,0.5186072505407829,0.5190799382046963,0.5198563219503385,0.5205843355108586,0.5212632384591654,0.5218923437829355,0.4914032105340124,0.4204403855565058,0.4159405010677639,0.4217899888146945,0.4231061993393452,0.4208781811336625,0.4277629310728252,0.4212148920938691,0.4299487018288743,0.4292477459188147,0.4298020424512164,0.4347825579821486,0.4275551152808149,0.4378214902566854,0.4350830524142215,0.4384684596012648,0.4414962095176801,0.4369239818733754,0.4454010509711096,0.4406149913333979,0.4468662472005358,0.4479023602826168,0.4460594402114987,0.4458479494453117,0.4549855230525562,0.4540010253108043,0.4549480685793474,0.4596585814154088,0.4527969952384595,0.4526815346356694,0.5215777911210504,0.4204403855565058,N,1268.700027704239,6118.80007237196,23.746591567993164,23.905596566200256,11.225068378448487,11.436753137906392,-0.4817220062017441,-0.3858764662873
211,[5881 6829],394_N,0.003406870078229,0.0052025908908487,1994,0.411691816808165,42.41506759663461,-1.159496729782539,-1.3215609,0.0008252972,-0.07169473,-0.098603986,0.037873734,-0.03369436,-0.0066689006,0.033225995,-11.04356,0.0056312587,-0.047349494,-0.07360433,0.032766473,-0.045961,0.0,0.032034073,0.0,0.0,0.0,0.0,0.0,0.0,0.0,0.0,0.0,0.0,0.0,0.0,0.0,0.0,0.0,0.0,0.0,0.0,0.0,0.0,0.0,0.0,0.0,0.0,0.0,0.0,0.0,0.0,0.0,0.0,0.0,0.0,1994.5104,2023.9944,0.0,0.0,0.0,0.0,1984.2134,1994.5542,0.0,0.0,0.0,0.0,-0.5305738,0.0,0.0,0.0,0.0,0.0,1994,2023,0,0,0,0,"c(-1.15949672978254, 42.4150675966346)",NBR_year,,0.5123303533107038,0.5128989701344646,0.5133830775224487,0.5137827239953361,0.5140980271510092,0.5144876562190687,0.5158791581771951,0.5171893704026361,0.5184176652871514,0.519563482063827,0.3368052308008781,0.3558011561573553,0.3486896781767319,0.3655970759197494,0.3667566019397609,0.3728355065485004,0.3822905784624893,0.3776606735244685,0.3952040953813323,0.3865865857616484,0.4054823116292185,0.4051060167596168,0.4131841643382344,0.4211163560883386,0.4184408948190311,0.4345169977043242,0.4244035433486889,0.4452795235758433,0.4433697126014356,0.4534492832620563,0.4598529739743301,0.4591443965674848,0.473739767195164,0.4849881513334478,0.4815485848273649,0.4936298543256415,0.4985008846663304,0.4997697529458131,0.5128723941280263,0.4625521980401202,0.5189905736754892,0.3558011561573553,N,1330.9000170230865,6600.4001121521,23.25723934173584,23.286839946111044,10.807293287913005,11.047195374965668,-0.49884440898895266,-0.3467488618567586
212,[4236 4902],294_N,0.0085447683600649,0.0099730891030398,2000,0.6621104995877486,42.8583861894317,-1.678812795630558,-28.373123,0.014502818,-0.055640493,-0.029152742,0.03094852,-0.014426624,0.009847188,0.006715919,-20.583435,0.010538925,-0.01621778,-0.027540015,0.023945877,-0.01074833,-0.004789762,0.009179823,0.0,0.0,0.0,0.0,0.0,0.0,0.0,0.0,0.0,0.0,0.0,0.0,0.0,0.0,0.0,0.0,0.0,0.0,0.0,0.0,0.0,0.0,0.0,0.0,0.0,0.0,0.0,0.0,0.0,0.0,0.0,0.0,2000.6432,2023.8821,0.0,0.0,0.0,0.0,1984.3037,2001.388,0.0,0.0,0.0,0.0,-0.64101803,0.0,0.0,0.0,0.0,0.0,2000,2023,0,0,0,0,"c(-1.67881279563056, 42.8583861894317)",NBR_year,,0.5134111965564438,0.5290219819506368,0.5440199052534788,0.5562941776227512,0.5728257721846441,0.5873205084603811,0.5998922043165397,0.6165373572943226,0.6305251778732529,0.6439953584600007,0.6601557049837925,0.6736337219808195,0.6880108078532445,0.7036799334500877,0.7166461141967534,0.7319370458732406,,0.577092563053027,0.5860278199132629,0.5986263708579057,0.6057242542471422,0.6198164048533519,0.6273583528763447,0.640660294793943,0.6496830157857629,0.6611586715738708,0.6716814254518969,0.6813151532081473,0.6933442099554914,0.7011362979961485,0.7146648992424427,0.721653651273522,0.7356399894875878,0.7562689746774414,0.7662221046790019,0.7765543451138242,0.7880129369380995,0.7965015529507231,0.80946377848567,0.7440988602557446,0.7242915800349969,0.577092563053027,N,1477.8000330924988,6216.700133919716,23.91165402730306,23.855032912890117,11.927323404947916,12.259393676122029,-0.4656738266348839,-0.422401258846124
213,[5638 6403],394_N,0.0005686420119836777,0.0017407176789974,1994,0.554849926320981,42.48055478085934,-1.274301423114794,4.1276436,-0.0018576647,-0.034707338,-0.08203096,0.021443436,-0.028213969,0.0,0.02524847,-3.80122,0.002035815,-0.027649574,-0.06567047,0.025124213,-0.05875587,0.0,0.0038685708,0.0,0.0,0.0,0.0,0.0,0.0,0.0,0.0,0.0,0.0,0.0,0.0,0.0,0.0,0.0,0.0,0.0,0.0,0.0,0.0,0.0,0.0,0.0,0.0,0.0,0.0,0.0,0.0,0.0,0.0,0.0,0.0,1994.5104,2023.9479,0.0,0.0,0.0,0.0,1984.2134,1994.5542,0.0,0.0,0.0,0.0,-0.35231635,0.0,0.0,0.0,0.0,0.0,1994,2023,0,0,0,0,"c(-1.27430142311479, 42.4805547808593)",NBR_year,,0.5705919000387829,0.5686445410839173,0.5666385083331519,0.5645735719147901,0.562449551937269,0.5602663186711254,0.5580237926773401,0.556284113547231,0.5547854027302328,0.5532315404626313,0.3679193453120863,0.373314780290856,0.3758803388418318,0.3732696981335416,0.3813627203654416,0.3761579903507744,0.3844081629217736,0.3849813038838543,0.3851333730844188,0.3913293801706293,0.3841008301892613,0.395217313619638,0.3937790540307047,0.3967358550232263,0.4009946684963115,0.3960486919032884,0.4057362092352921,0.4022751392249192,0.408068138551077,0.4103568802417333,0.4081291338708046,0.4159599224821469,0.4104722325634801,0.4194154508645563,0.4199569113339107,0.4258846410929898,0.4186486286832623,0.4298911847905315,0.4281709551084335,0.4191222306880821,0.5540084715964321,0.373314780290856,N,1268.700027704239,6118.80007237196,23.746591567993164,23.905596566200256,11.225068378448487,11.436753137906392,-0.4817220062017441,-0.3858764662873
214,[5171 5236],344_N,0.0087677324033277,0.0097832726010555,2002,0.5343092348528984,42.606408752188365,-1.588801604144705,-5.26093,0.002886901,0.012385008,0.003845517,0.018401306,-0.0036055378,0.0,0.009529924,-19.90862,0.01010605,0.006028532,-0.0031253723,0.018811898,-0.013866026,0.0,0.0,0.0,0.0,0.0,0.0,0.0,0.0,0.0,0.0,0.0,0.0,0.0,0.0,0.0,0.0,0.0,0.0,0.0,0.0,0.0,0.0,0.0,0.0,0.0,0.0,0.0,0.0,0.0,0.0,0.0,0.0,0.0,0.0,2002.505,2023.8821,0.0,0.0,0.0,0.0,1984.3037,2003.5782,0.0,0.0,0.0,0.0,-0.347614,0.0,0.0,0.0,0.0,0.0,2002,2023,0,0,0,0,"c(-1.58880160414471, 42.6064087521884)",NBR_year,,0.4839381261512551,0.4936443234556358,0.4960027612185564,0.4993730872739108,0.502315726298957,0.5046620555759964,0.5080194002894908,0.5109858231012879,0.5133636571486144,0.5166647969614744,0.5196546309152784,0.5220636265490098,0.5253092946845919,0.5283221668576834,0.5307619785119254,0.5339529108162635,0.5369884481051697,0.5394587279294328,0.5425956626725796,0.3594489090115902,0.3732247144040894,0.3827910536522793,0.3923174254398855,0.4032875710282292,0.4137032887201696,0.423547510424302,0.4328162091146881,0.4433626963644017,0.4540487336570609,0.4641698990338198,0.4737158395678594,0.4833116451620293,0.494262592660822,0.5144821228481139,0.5237305325409427,0.5343471073381597,0.5450134645801634,0.5551143610327021,0.5646399063634294,0.5046582892582857,0.5382235880173012,0.3594489090115902,N,1521.200023651123,6507.200112819672,23.001209704081216,23.02191268603007,11.02336147626241,10.530284031232197,-0.4415201666764915,-0.3808405950593834
215,[5747 6988],394_N,0.0118691876444853,0.0135235123416105,1994,0.618209700443554,42.451179871063054,-1.116647090721908,-27.33993,0.014025806,0.063182324,-0.023311907,0.042669404,0.0131420735,0.0062784418,0.015437924,-27.78149,0.014042338,0.02647596,-0.051207297,0.049437854,-0.026414711,0.0,0.021453984,0.0,0.0,0.0,0.0,0.0,0.0,0.0,0.0,0.0,0.0,0.0,0.0,0.0,0.0,0.0,0.0,0.0,0.0,0.0,0.0,0.0,0.0,0.0,0.0,0.0,0.0,0.0,0.0,0.0,0.0,0.0,0.0,1994.5104,2023.9287,0.0,0.0,0.0,0.0,1984.4597,1994.5542,0.0,0.0,0.0,0.0,-0.5400877,0.0,0.0,0.0,0.0,0.0,1994,2023,0,0,0,0,"c(-1.11664709072191, 42.4511798710631)",NBR_year,,,0.567645410990717,0.5817244688400323,0.5956370098322994,0.6093975367114186,0.6233846258387721,0.6377122331623014,0.6518543191652724,0.665824792524746,0.6796380237276604,0.6933580431238245,0.3228487655778129,0.3356833256672631,0.3544080151712639,0.3566801965771571,0.3821947038002396,0.3924706989935729,0.4064811906143917,0.4244344291626361,0.4277303788918835,0.4526090015044995,0.4620500174239613,0.477245247751074,0.4944186503796389,0.4987873961325391,0.522983904760918,0.5315868187702417,0.547974863819618,0.5643605200233078,0.5698167196113887,0.5933190124100236,0.6010812281010005,0.6186694255488175,0.6408175678363105,0.6636139476441762,0.6705333976022154,0.6893283401443594,0.7041167027340318,0.7117891746178351,0.6342599059345118,0.6727314081262032,0.3228487655778129,N,1330.9000170230865,6600.4001121521,23.25723934173584,23.286839946111044,10.807293287913005,11.047195374965668,-0.50546875,-0.3210652683628723
216,[5720 7025],394_N,0.0084227711993257,0.0101152615073769,1994,0.533763162637205,42.458456224865806,-1.10667579106629,30.3604,-0.015101843,0.08792381,-0.042240843,0.120073594,0.0017629921,0.014933928,0.055618025,-30.560291,0.015584996,0.0166416,-0.050874397,0.06692511,-0.020402983,0.0034352527,0.014187853,-20.833706,0.010587188,-0.051107123,-0.0955937,0.046624474,-0.019947397,0.0035746333,0.031877346,0.0,0.0,0.0,0.0,0.0,0.0,0.0,0.0,0.0,0.0,0.0,0.0,0.0,0.0,0.0,0.0,0.0,0.0,0.0,0.0,0.0,0.0,0.0,0.0,1987.1073,1994.5104,2023.9287,0.0,0.0,0.0,1984.3037,1987.2195,1994.5542,0.0,0.0,0.0,0.18314195,-0.3438208,0.0,0.0,0.0,0.0,1987,1994,2023,0,0,0,"c(-1.10667579106629, 42.4584562248658)",NBR_year,,,0.5110266003383702,0.4959164993872821,0.5167890845718832,0.5326092584979208,0.5480488270785792,0.5630997227627568,0.5791410385867587,0.5949504168828141,0.610378931861466,0.4580348320844006,0.4694238730848523,0.4713457974662857,0.4930511170756407,0.4923171652695813,0.5115377290814811,0.52179359882129,0.5253100761073707,0.5459759329280685,0.5440751745298167,0.56498815754584,0.5741043820658978,0.5792292923971919,0.598843193481107,0.5957764565413317,0.6183854835480036,0.6263562635685155,0.6331025574427189,0.651652603787805,0.6474214262606163,0.6717291032323907,0.6785493200405349,0.6869290063063388,0.6990105333438968,0.7250184433514442,0.7306836641667841,0.7407077987334854,0.7570968665001576,0.7520412428714363,0.7044039033719631,0.60266467437214,0.4694238730848523,N,1330.9000170230865,6600.4001121521,23.25723934173584,23.286839946111044,10.807293287913005,11.047195374965668,-0.50546875,-0.3210652683628723
217,[5746 7069],394_N,0.0064077388002788,0.0078415327491347,1994,0.581221806284536,42.45144936564835,-1.094818029313662,4.9031053,-0.0021494308,0.07901962,-0.02038155,0.02652629,-0.00088339415,0.0,0.0,-16.808884,0.008496772,-0.018171208,-0.038547,0.050225116,-0.02744152,0.0040053893,0.024607228,0.0,0.0,0.0,0.0,0.0,0.0,0.0,0.0,0.0,0.0,0.0,0.0,0.0,0.0,0.0,0.0,0.0,0.0,0.0,0.0,0.0,0.0,0.0,0.0,0.0,0.0,0.0,0.0,0.0,0.0,0.0,0.0,1994.5104,2023.9944,0.0,0.0,0.0,0.0,1984.3037,1994.5542,0.0,0.0,0.0,0.0,-0.6543165,0.0,0.0,0.0,0.0,0.0,1994,2023,0,0,0,0,"c(-1.09481802931366, 42.4514493656484)",NBR_year,,,0.72084886445384,0.7190047345902802,0.7169185780324433,0.714579649161715,0.7122558323337592,0.7104090699512252,0.7083201550986362,0.7059783546650822,0.703662771627814,0.7018133752606632,0.2645266348596821,0.259544898951092,0.2816390179138385,0.2820235806716918,0.2965653288610763,0.3039830166086102,0.3094107319629329,0.3237384385228221,0.3203364530336037,0.3412611963103135,0.340349322000949,0.3565849513142877,0.3627075975658344,0.3698040153839331,0.3828739622098166,0.3810696561000873,0.4008082467791066,0.3986036503652089,0.4165326709831585,0.4213572898423768,0.4301305679076632,0.4419332256160989,0.4602797979243998,0.4567874307816914,0.4764077412104909,0.4799325787987524,0.4903892959855203,0.5009163213316088,0.4417430559862286,0.7048205631464481,0.2645266348596821,N,1311.2000274658203,6818.400172472,23.136512406667073,23.088657959302267,10.729057550430298,10.975056517124177,-0.50546875,-0.3210652683628723
218,[2565 4933],306_N,0.0008662257448835309,0.0013488398938578,1989,0.7220274766899119,43.30871164144624,-1.670458463486661,-88.267944,0.044675544,-0.15946838,-0.094359405,0.051765785,-0.009788372,0.005607595,0.027396627,-3.4269052,0.0019778993,-0.17641747,-0.08054428,0.002764185,-0.037559386,0.017339867,0.019342598,0.0,0.0,0.0,0.0,0.0,0.0,0.0,0.0,0.0,0.0,0.0,0.0,0.0,0.0,0.0,0.0,0.0,0.0,0.0,0.0,0.0,0.0,0.0,0.0,0.0,0.0,0.0,0.0,0.0,0.0,0.0,0.0,1989.7794,2023.9014,0.0,0.0,0.0,0.0,1984.3037,1990.3242,0.0,0.0,0.0,0.0,-0.6377449,0.0,0.0,0.0,0.0,0.0,1989,2023,0,0,0,0,"c(-1.67045846348666, 43.3087116414462)",NBR_year,,0.6603990603987447,0.7052898200245833,0.7494576663799278,0.7946803254116639,0.8389028259663303,0.8839602131385542,0.7571732182712569,0.7583511169106539,0.7594651745906768,0.7605160267450907,0.7615043469956746,0.7624308465839098,0.7632962737659263,0.7641014131769176,0.76484708515857,0.7655341450558564,0.7661634824808462,0.7667360205460512,0.7672527150649016,0.7677145537259733,0.7681225552339648,0.7701485835739389,0.7737383305331129,0.7772690282805023,0.7807398534633079,0.7841500161484138,0.7874987605783598,0.7907853659001423,0.7940091468604127,0.7971694544728349,0.8002656766521622,0.8032972388156542,0.8062636044517948,0.8119987936313092,0.8147667391526122,0.8174677329995652,0.8201014363492346,0.8226675511353131,0.8251658203694568,0.8091642756562537,0.8167915756889971,0.7571732182712569,N,3289.500062942505,12728.000219345093,21.82689151763916,22.23771503766378,13.953900496164957,14.207904887199401,-0.23092447519302367,-0.3939290308044292
219,[5731 7004],394_N,0.0187843915961631,0.0221317423555094,1994,0.597879591164069,42.45549178442765,-1.112335177357316,4.5934234,-0.0019924738,0.06377213,-0.032856725,0.032777905,-0.0021009785,0.0,-0.0013454666,-46.243477,0.023211395,0.0151141165,-0.048305433,0.041010663,-0.02607622,0.001715614,0.011418021,0.0,0.0,0.0,0.0,0.0,0.0,0.0,0.0,0.0,0.0,0.0,0.0,0.0,0.0,0.0,0.0,0.0,0.0,0.0,0.0,0.0,0.0,0.0,0.0,0.0,0.0,0.0,0.0,0.0,0.0,0.0,0.0,1994.5104,2023.9287,0.0,0.0,0.0,0.0,1984.3037,1994.5542,0.0,0.0,0.0,0.0,-0.55684066,0.0,0.0,0.0,0.0,0.0,1994,2023,0,0,0,0,"c(-1.11233517735732, 42.4554917844277)",NBR_year,,,0.7101727711596879,0.7082800975673645,0.7065287386087367,0.7045057339104518,0.7021977486161636,0.7003143305030496,0.6985600256640834,0.6965339170161066,0.6942226892708926,0.6923485315649606,0.1499886049869395,0.1704806888403152,0.1983089721822266,0.2142566966561493,0.2439105629677554,0.2656826133216808,0.2870186528992342,0.3142969505581934,0.3296247577143504,0.3601763720880298,0.3813453288784527,0.4035326940425737,0.4302544926556613,0.4449624269381109,0.4764141068344252,0.4969767533075623,0.5200223553935226,0.5461814352003659,0.5613990669252359,0.5926234520971283,0.6125769059806854,0.6364871921231663,0.678080592226237,0.7088041078552567,0.7281458240134208,0.7529267717806521,0.7779429532396627,0.794741433377162,0.6620776318321935,0.6953783031434996,0.1499886049869395,N,1330.9000170230865,6600.4001121521,23.25723934173584,23.286839946111044,10.807293287913005,11.047195374965668,-0.50546875,-0.3210652683628723
220,[2936 5002],305_N,0.0081516652018404,0.009797662522355,1989,0.72565520022503,43.20872915030478,-1.65186333710186,20.786983,-0.010089805,0.0,-0.041587885,0.054254707,0.0,0.010417377,0.06390008,-20.201296,0.010371472,-0.021741118,-0.060856286,0.061341736,-0.010825448,0.011934423,0.020779178,0.0,0.0,0.0,0.0,0.0,0.0,0.0,0.0,0.0,0.0,0.0,0.0,0.0,0.0,0.0,0.0,0.0,0.0,0.0,0.0,0.0,0.0,0.0,0.0,0.0,0.0,0.0,0.0,0.0,0.0,0.0,0.0,1989.8671,2023.8821,0.0,0.0,0.0,0.0,1984.3037,1990.0422,0.0,0.0,0.0,0.0,-0.57825685,0.0,0.0,0.0,0.0,0.0,1989,2023,0,0,0,0,"c(-1.65186333710186, 43.2087291503048)",NBR_year,,0.8957865515592693,0.8859176659650136,0.875580687023504,0.8657526192897506,0.8553738333304098,0.8455865509759878,0.566462341331421,0.5729380253672067,0.5790898183402121,0.593361236014742,0.6072206673406232,0.6206248435534483,0.6335329274640705,0.6459070092820665,0.6577125804665537,0.6689189796276958,0.6794998047807627,0.6894332866046491,0.6987026177697363,0.7072962338886885,0.7152080421815725,0.7224375945391253,0.7289902023085003,0.734876990799502,0.7485067449585961,0.7624155917785228,0.7758740248798737,0.7888409031151821,0.8012779569535458,0.8131502651544774,0.8244267041653403,0.8350803645069698,0.8450889287561573,0.8631064192373283,0.8710964388074394,0.8784039633727748,0.8850336407907227,0.8909959297442992,0.9036469154354912,0.8544350061403492,0.8605632263100802,0.566462341331421,N,3005.7000484466553,11650.500235557556,21.780928134918213,22.15673137505849,13.225488599141439,13.45493069489797,-0.2714192677289248,-0.37399495523422954
221,[5768 7153],394_N,0.0145897915644408,0.0157889687703254,1994,0.431535154158953,42.44552048477203,-1.072180484149556,10.622855,-0.005106157,0.13592234,-0.0127626285,0.07971896,0.0054830364,0.02419932,0.012398775,-33.04233,0.016601479,0.02308891,-0.048116077,0.045803223,-0.028004872,0.0036015646,0.015355211,0.0,0.0,0.0,0.0,0.0,0.0,0.0,0.0,0.0,0.0,0.0,0.0,0.0,0.0,0.0,0.0,0.0,0.0,0.0,0.0,0.0,0.0,0.0,0.0,0.0,0.0,0.0,0.0,0.0,0.0,0.0,0.0,1994.535,2023.9944,0.0,0.0,0.0,0.0,1984.3037,1994.5789,0.0,0.0,0.0,0.0,-0.43948677,0.0,0.0,0.0,0.0,0.0,1994,2023,0,0,0,0,"c(-1.07218048414956, 42.445520484772)",NBR_year,,,0.6618285894782878,0.6567772925711288,0.6513502682709905,0.6455324798814112,0.6401253050578166,0.6358136830267309,0.6311620263478138,0.6261528477571561,0.6207697490572657,0.6149975463454943,0.1551568717375667,0.1802215520317008,0.1908475043673135,0.2117904701986679,0.2281058295597707,0.2415110769441799,0.2631802322956478,0.2697971311688408,0.2961338151316618,0.3085551597198068,0.3271043859803604,0.3451315129836278,0.3562972437523911,0.3795352693430844,0.3879681245635992,0.4118533797236926,0.4260507716372761,0.4422455750949776,0.4619460461344311,0.4709362471440761,0.4956876212412269,0.5059309670812109,0.5433337893699388,0.5572214486250581,0.5785512697777009,0.5854370047165985,0.611641399406825,0.6236834435248281,0.5273858007161369,0.6234612984072109,0.1551568717375667,N,1311.2000274658203,6818.400172472,23.136512406667073,23.088657959302267,10.729057550430298,10.975056517124177,-0.50546875,-0.3210652683628723
222,[5747 6956],394_N,0.0124285404498995,0.0144882270973957,1994,0.49154218361281,42.451179871063054,-1.125270917451092,-17.159403,0.008833313,0.08067644,-0.0574869,0.06515216,-0.024720619,-0.0054028276,0.0,-22.75784,0.011673557,0.07639493,-0.03506533,0.03777557,-0.0030828817,0.0041223112,0.0010007119,-30.181555,0.015147256,0.012674377,-0.046493545,0.044805728,-0.024693478,0.0032061003,0.007684528,0.0,0.0,0.0,0.0,0.0,0.0,0.0,0.0,0.0,0.0,0.0,0.0,0.0,0.0,0.0,0.0,0.0,0.0,0.0,0.0,0.0,0.0,0.0,0.0,1986.7568,1994.5104,2023.9287,0.0,0.0,0.0,1984.3037,1987.2195,1994.5542,0.0,0.0,0.0,0.108143725,-0.52425057,0.0,0.0,0.0,0.0,1986,1994,2023,0,0,0,"c(-1.12527091745109, 42.4511798710631)",NBR_year,,,0.4973607769622151,0.5062170085494688,,0.5348483641619689,0.5466506185446244,0.5583104221008508,0.5698349291749102,0.5815483360321962,0.5933464040105159,0.6050022229003569,0.1186476701406192,0.1321432100891251,0.1509762982576052,0.1588053755851455,0.1807903723901167,0.1940185608878211,0.2082958629484273,0.2266194602908501,0.2338723042962324,0.256690384086691,0.2693603874667275,0.2844262069810179,0.3022344783372947,0.3101197352728688,0.3325644251446079,0.3446731304860809,0.3605338437204306,0.3778211942536888,0.3864260783757145,0.4084122120885333,0.419956785637653,0.436618384393343,0.4627133799266025,0.484233473798563,0.4952113637513712,0.5126794502011512,0.5289091577702641,0.5389811781931153,0.4533794639979787,0.587447370021356,0.1186476701406192,N,1330.9000170230865,6600.4001121521,23.25723934173584,23.286839946111044,10.807293287913005,11.047195374965668,-0.49884440898895266,-0.3467488618567586
223,[2932 4994],305_N,0.0060446417539289,0.0057826776061184,1989,0.7269512557728091,43.20980712864592,-1.654019293784155,3.5495684,-0.0014280411,0.04588223,-0.12166325,0.025497941,-0.041559003,-0.0049824747,-0.040248077,-10.860836,0.005725693,-0.023251396,-0.064750925,0.021682443,-0.015841892,0.0,0.011197717,0.0,0.0,0.0,0.0,0.0,0.0,0.0,0.0,0.0,0.0,0.0,0.0,0.0,0.0,0.0,0.0,0.0,0.0,0.0,0.0,0.0,0.0,0.0,0.0,0.0,0.0,0.0,0.0,0.0,0.0,0.0,0.0,1989.7794,2023.8821,0.0,0.0,0.0,0.0,1984.3037,1989.8671,0.0,0.0,0.0,0.0,-0.36588204,0.0,0.0,0.0,0.0,0.0,1989,2023,0,0,0,0,"c(-1.65401929378415, 43.2098071286459)",NBR_year,,0.8365735509354054,0.8348111580005888,0.8337207233901294,0.8321070059995126,0.8308099974749997,0.8293711983909963,0.6228639848414994,0.6320025146964657,0.6401628351280095,0.6472229911445927,0.6530871936111442,0.6576895595596083,0.6609968062603814,0.6630097909846536,0.6680146279335832,0.6773029264125189,0.6856355985501643,0.6928867528546734,0.698955947687209,0.7037720926022603,0.7072963257135916,0.7095237516529641,0.713142708810247,0.7225766823255878,0.731078189967392,0.7385175369638693,0.744789738158279,0.7498185760083006,0.7535596580215036,0.756002350966591,0.7582489562919073,0.767824429293985,0.7764911500497046,0.7905888356573378,0.7958291259686625,0.7997867591432318,0.8024453845765079,0.8038231073377271,0.8130468296196526,0.7841157572749701,0.8314585017372562,0.6228639848414994,N,3005.7000484466553,11650.500235557556,21.780928134918213,22.15673137505849,13.225488599141439,13.45493069489797,-0.2714192677289248,-0.37399495523422954
224,[5919 6769],394_N,0.0016063088281795,0.0036021894018811,1994,0.489905624409828,42.404826802393686,-1.175666404899758,0.3988404,0.0,-0.053011533,-0.09558735,0.042454857,-0.03173006,-0.0022217424,0.029466957,-7.3703084,0.0038584254,-0.07463265,-0.10491094,0.030849302,-0.05880632,0.0016187826,0.023821872,0.0,0.0,0.0,0.0,0.0,0.0,0.0,0.0,0.0,0.0,0.0,0.0,0.0,0.0,0.0,0.0,0.0,0.0,0.0,0.0,0.0,0.0,0.0,0.0,0.0,0.0,0.0,0.0,0.0,0.0,0.0,0.0,1994.5104,2023.9944,0.0,0.0,0.0,0.0,1984.2134,1994.5542,0.0,0.0,0.0,0.0,-0.38865754,0.0,0.0,0.0,0.0,0.0,1994,2023,0,0,0,0,"c(-1.17566640489976, 42.4048268023937)",NBR_year,,0.576456513045791,0.5761606621414149,0.5757861699594985,0.5753329682342752,0.5748010520817599,0.5752103480067834,0.5756744617281753,0.5760639645009221,0.5763781772408685,0.5766164804729531,0.5069964293684129,0.5270430961113509,0.5215562120456881,0.5322874103574979,0.5350396966496798,0.5350746402522485,0.5459408205019755,0.5355719433786633,0.5542302966544294,0.5472243427915091,0.5599418675586372,0.5611764702886344,0.5631718824228013,0.5725584409249845,0.564076825951879,0.5813294476694469,0.572808170637118,0.5875115664393975,0.5872254632640722,0.5911897128779151,0.5990868841489745,0.5925095466034168,0.6083401741307835,0.614995741185187,0.6131871641400709,0.6191269958055139,0.6255262473431566,0.620868632543507,0.6352621744207637,0.5983085556392128,0.5764973288569109,0.5270430961113509,N,1330.9000170230865,6600.4001121521,23.25723934173584,23.286839946111044,10.807293287913005,11.047195374965668,-0.49884440898895266,-0.3467488618567586
225,[5699 7026],394_N,0.0080220772047953,0.0100452730710659,1994,0.426557955391907,42.46411561115684,-1.106406296481003,-22.859182,0.011612299,-0.047737036,-0.04357614,0.012623604,-0.012293271,-0.0149061205,0.026437134,-84.74934,0.04278415,-0.012731813,-0.08896279,0.061552312,-0.021799779,-0.01375263,0.02869123,0.30030048,0.0,0.017192194,-0.035280667,0.028186727,-0.002834736,0.014161425,0.036506504,-42.56009,0.021554034,0.026696557,-0.06676714,0.04107882,-0.026493326,0.0,0.011346168,-21.02832,0.0106307035,-0.020573482,-0.06226132,0.03648396,-0.028746426,0.0,0.019973839,0.0,0.0,0.0,0.0,0.0,0.0,0.0,0.0,1987.8328,1989.366,1990.7677,1994.5104,2023.9287,0.0,1984.3037,1987.8766,1989.429,1990.8992,1994.5542,0.0,0.15268224,-0.15111439,0.15711762,-0.48503006,0.0,0.0,1987,1989,1990,1994,2023,0,"c(-1.106406296481, 42.4641156111568)",NBR_year,,0.2970310096040765,0.3086209478352035,0.3201756450160716,0.3316951812730373,0.4964243891913225,0.3896436247839929,0.3658484653273867,0.445255361889912,0.4667813013166195,0.4883791027277431,0.4790512459536042,0.3020831517665502,0.3030973703482422,0.3239597449399524,0.3289179120989899,0.3421935377905268,0.3549532187803115,0.3570959275286572,0.3772237772666018,0.3813520660996132,0.39582958043108,0.4077813761024377,0.4110627617499934,0.4304470150179887,0.4337456645276171,0.4494280849252022,0.4605676356598072,0.4649972303111288,0.4836292373008239,0.4860989761602637,0.50298861318787,0.5133120341703495,0.5188987079464292,0.538412293481358,0.5565107488213079,0.5660146331261178,0.5727665872975999,0.5898698722353966,0.5906859324751335,0.536770247260122,0.4775802020221813,0.3020831517665502,N,1330.9000170230865,6600.4001121521,23.25723934173584,23.286839946111044,10.807293287913005,11.047195374965668,-0.50546875,-0.3210652683628723
226,[2978 4973],305_N,0.0050316234347847,0.0063689348498366,1989,0.7147075615757782,43.19741037772272,-1.659678680075182,24.025038,-0.011755408,0.02965564,-0.062934704,0.0,0.065436415,-0.016741537,-0.013782132,-13.12363,0.006800445,-0.14357069,-0.08483338,0.024544775,-0.05202694,0.0017620769,0.011716739,0.0,0.0,0.0,0.0,0.0,0.0,0.0,0.0,0.0,0.0,0.0,0.0,0.0,0.0,0.0,0.0,0.0,0.0,0.0,0.0,0.0,0.0,0.0,0.0,0.0,0.0,0.0,0.0,0.0,0.0,0.0,0.0,1989.8671,2023.8821,0.0,0.0,0.0,0.0,1984.3037,1990.0422,0.0,0.0,0.0,0.0,-0.48426127,0.0,0.0,0.0,0.0,0.0,1989,2023,0,0,0,0,"c(-1.65967868007518, 43.1974103777227)",NBR_year,,0.8384805792578724,0.8272134918485059,0.8149452544460375,0.8037026425347955,0.7914509205362,0.7801911782832928,0.6441795112356573,0.6515204794005811,0.6581600249750928,0.664097827351148,0.6693376284095812,0.6738871658256091,0.6777580720114333,0.6809657401212887,0.6835291588885755,0.6873854582873675,0.698770080458929,0.7095427203048911,0.7196788781963737,0.7291577436422216,0.7379623475715719,0.7460796797969856,0.7535007707293668,0.7602207368106481,0.7662387895233901,0.7715582082323901,0.776186277500343,0.7801341899001596,0.7834169157082541,0.7860530412114511,0.7888293216066044,0.800282305167547,0.8111263395122098,0.8308915866052737,0.8397741424014932,0.8479707127759593,0.8554718624185867,0.8622722386946324,0.8683705848204955,0.8213365137709555,0.7975767815354977,0.6441795112356573,N,2669.300033569336,10320.300218582153,22.026339880625407,22.41362637678782,12.944137001037598,13.133110427856446,-0.2714192677289248,-0.37399495523422954
227,[5759 6962],394_N,0.0118979864347932,0.0152769225066029,1994,0.636658938936118,42.447945936039616,-1.12365394993937,0.6332541,0.0,0.0,-0.025880244,0.0490941,0.037291344,0.02041627,0.055129923,15.564758,-0.007509058,0.025609057,-0.030139323,0.09096903,-0.004350168,0.029838644,0.002903856,-31.540213,0.015944818,0.046997514,-0.09336675,0.12601264,-0.02811096,0.033613674,0.016752502,0.0,0.0,0.0,0.0,0.0,0.0,0.0,0.0,0.0,0.0,0.0,0.0,0.0,0.0,0.0,0.0,0.0,0.0,0.0,0.0,0.0,0.0,0.0,0.0,1988.9471,1994.5789,2023.9287,0.0,0.0,0.0,1984.3037,1989.0785,1994.598,0.0,0.0,0.0,0.5942644,-0.308207,0.0,0.0,0.0,0.0,1988,1994,2023,0,0,0,"c(-1.12365394993937, 42.4479459360396)",NBR_year,,0.729742272680161,0.7299019682036015,0.7297132807106304,0.7296872156870398,0.7298997935703965,0.7353455638616502,0.7280703491664127,0.720450788226515,0.7124806790552797,0.7054048640852587,0.6980386068195461,0.4279092933326015,0.4451993979235537,0.4506439796895148,0.4786842431820552,0.4873992255065675,0.5052562189735408,0.5262716082819608,0.5264354244095077,0.5573840042691703,0.5702792677252102,0.5820437632476361,0.606537141793092,0.610411978574481,0.6354137304719124,0.6522859063574218,0.6583274640337828,0.6860356039816197,0.6942862430113507,0.7128245668674303,0.7334477434646596,0.7341639601932843,0.7648109511353757,0.7896700938761847,0.8137988959975566,0.8171900314933017,0.8429108919337397,0.8593624811673409,0.8660056922737284,0.7772624379752612,0.7089427715702692,0.4279092933326015,N,1330.9000170230865,6600.4001121521,23.25723934173584,23.286839946111044,10.807293287913005,11.047195374965668,-0.50546875,-0.3210652683628723
228,[5860 6762],394_N,0.0055807296147933,0.0050591282467873,1994,0.45549185255936,42.42072698292562,-1.177552866996767,-1.926204,0.0011398769,-0.07372306,-0.09527506,0.023652969,-0.020401526,-0.0060492,0.03127224,-10.498422,0.005389144,-0.04704051,-0.08220055,0.030517194,-0.04058321,0.0,0.020314336,0.0,0.0,0.0,0.0,0.0,0.0,0.0,0.0,0.0,0.0,0.0,0.0,0.0,0.0,0.0,0.0,0.0,0.0,0.0,0.0,0.0,0.0,0.0,0.0,0.0,0.0,0.0,0.0,0.0,0.0,0.0,0.0,1994.5104,2023.9944,0.0,0.0,0.0,0.0,1984.2134,1994.598,0.0,0.0,0.0,0.0,-0.52336216,0.0,0.0,0.0,0.0,0.0,1994,2023,0,0,0,0,"c(-1.17755286699677, 42.4207269829256)",NBR_year,,0.5114671933864046,0.5122667957076773,0.5129946527357494,0.5136508610450363,0.515123429679002,0.5166931538695528,0.5181939647320407,0.5196253095846656,0.5209866937280042,0.5222776809807674,0.3984804565212235,0.3960033681925146,0.4108281003743808,0.4068953079528158,0.4198323252637055,0.4239070162664813,0.4256618284406898,0.4375671137768001,0.4305521994515558,0.4478548043166315,0.4488284414454232,0.4548865732070833,0.4637978444744768,0.4589109540516285,0.4753865623114048,0.4732514901994183,0.4836580793742335,0.489519047916943,0.4888108246822581,0.5024183590864143,0.4971859331282622,0.5119595479721821,0.5147326047799642,0.5289440256165099,0.5216849113934249,0.5397770316453938,0.5394434967994082,0.5473258962297887,0.554960504919359,0.5182894836797847,0.5216321873543859,0.3960033681925146,N,1330.9000170230865,6600.4001121521,23.25723934173584,23.286839946111044,10.807293287913005,11.047195374965668,-0.49884440898895266,-0.3467488618567586
229,[4239 4904],294_N,0.0118750635914011,0.0140132746676408,2000,0.6003620690095339,42.85757770567584,-1.678273806459984,520.93445,-0.26221398,-0.07133771,-0.03380307,0.0,0.0,0.0,0.0,-37.433968,0.018999422,-0.0101591805,-0.029128391,0.023022076,-0.009696253,-0.0027993792,0.011088101,-29.055407,0.014710243,0.0074136755,-0.001354979,0.0,-0.011807133,-0.0019178909,-0.009031935,0.0,0.0,0.0,0.0,0.0,0.0,0.0,0.0,0.0,0.0,0.0,0.0,0.0,0.0,0.0,0.0,0.0,0.0,0.0,0.0,0.0,0.0,0.0,0.0,1987.1073,2000.6432,2023.8821,0.0,0.0,0.0,1984.3037,1987.3263,2000.7965,0.0,0.0,0.0,0.37729937,-0.6959656,0.0,0.0,0.0,0.0,1987,2000,2023,0,0,0,"c(-1.67827380645998, 42.8575777056758)",NBR_year,,0.6139734068014928,0.3517589864864641,0.0895444565054106,0.3918637905209907,0.4101831582294364,0.4290810420550985,0.4488104505625862,0.4680121233721143,0.4866753980551171,0.5047971647566548,0.5244048794026956,0.5439432997887133,0.5629492264125158,0.5814147369721041,0.5997907291809625,0.6196597019517744,,0.4066244451052877,0.4214851900075411,0.4363348075583652,0.4511730713836966,0.4659997630622934,0.4808146723708911,0.4956175975222089,0.510408345396119,0.525186731763199,0.5399525814998524,0.5547057287966125,0.5694460173573761,0.5841733005905491,0.5988874417915111,0.6135883143162094,0.6282758017458393,0.6576102076937236,0.6722569458518693,0.6868899384581044,0.701509122360451,0.7161144454208265,0.7307058666114475,0.6429497980422092,0.6097252155663685,0.4066244451052877,N,1477.8000330924988,6216.700133919716,23.91165402730306,23.855032912890117,11.927323404947916,12.259393676122029,-0.4656738266348839,-0.422401258846124
230,[5739 7083],394_N,0.006990068474309,0.0084064445066016,1994,0.544022642117403,42.45333582774536,-1.091045105119645,-16.887783,0.008798825,-0.03210715,-0.001726719,-0.07516233,0.021150846,-0.06789798,0.0036514148,34.483334,-0.017021421,0.05635596,-0.022770628,0.019873362,-0.0044563413,0.00016931826,0.0,-17.970943,0.009036517,-0.03251981,-0.021270506,0.038378738,-0.025532417,0.004309667,0.01207971,0.0,0.0,0.0,0.0,0.0,0.0,0.0,0.0,0.0,0.0,0.0,0.0,0.0,0.0,0.0,0.0,0.0,0.0,0.0,0.0,0.0,0.0,0.0,0.0,1987.8766,1994.5104,2023.9287,0.0,0.0,0.0,1984.3037,1987.9642,1994.5789,0.0,0.0,0.0,0.27776778,-0.7462317,0.0,0.0,0.0,0.0,1987,1994,2023,0,0,0,"c(-1.09104510511965, 42.4533358277454)",NBR_year,,0.736474088746419,0.7456888210400433,0.7542437927344243,,0.7034752217113717,0.6863814378532531,0.669425206243909,0.652356243255568,0.6353729152178452,0.6183288898429935,0.6013183389757385,0.1589680384973485,0.1619090305428242,0.1783258386665722,0.1820640882509896,0.1939183808688935,0.2045949981123009,0.2059423372025737,0.2233694529913278,0.228171053855396,0.2383945417610547,0.2501325530232914,0.2499003507683992,0.2683238369644186,0.2741926878233455,0.2827869606972177,0.2955803761387583,0.2956515855139161,0.3131894967726497,0.3201279670287717,0.3270969286293824,0.3409382692436069,0.3420472462091631,0.3659759924092431,0.3713258491295533,0.3862061631166903,0.3883621048417532,0.4026572946402955,0.4117359903606016,0.357967064079254,0.6268509025304194,0.1589680384973485,N,1311.2000274658203,6818.400172472,23.136512406667073,23.088657959302267,10.729057550430298,10.975056517124177,-0.50546875,-0.3210652683628723
231,[5915 6767],394_N,0.0014574050297585,0.0034353482954346,1994,0.412835487934222,42.40590478073485,-1.176205394070332,7.403112,-0.003549898,-0.063711524,-0.10062464,0.04263805,-0.039783534,-0.0026621036,0.037258744,-7.045576,0.0036728943,-0.06930874,-0.09363822,0.028787896,-0.052824777,0.0023141506,0.025458816,0.0,0.0,0.0,0.0,0.0,0.0,0.0,0.0,0.0,0.0,0.0,0.0,0.0,0.0,0.0,0.0,0.0,0.0,0.0,0.0,0.0,0.0,0.0,0.0,0.0,0.0,0.0,0.0,0.0,0.0,0.0,0.0,1994.5104,2023.9944,0.0,0.0,0.0,0.0,1984.2134,1994.5542,0.0,0.0,0.0,0.0,-0.31902647,0.0,0.0,0.0,0.0,0.0,1994,2023,0,0,0,0,"c(-1.17620539407033, 42.4059047807349)",NBR_year,,0.5583568812467556,0.5547130990684966,0.5509773603679963,0.5471494878460569,0.5432293810210393,0.5392170163098027,0.5351124470278257,0.5310743775700878,0.5281402492739107,0.5251182144753159,0.4483974844817179,0.4681398613426005,0.4630424871589698,0.4729790475484108,0.475893813216892,0.4754268864913932,0.4862380876301226,0.4756494615307749,0.4940419626150894,0.487468722223251,0.4993360831733322,0.5007742713931193,0.5022146750243691,0.5115858214147859,0.5028329975654607,0.5198583348167051,0.5118134214140473,0.5256106087590343,0.5255695426861852,0.528925258783256,0.5368468272512936,0.5299465628049297,0.5455886198742652,0.5518018693800144,0.5502801456525551,0.5555575074754326,0.5620212266098197,0.5569886857780167,0.5712325342762087,0.5360774794082486,0.5266292318746133,0.4681398613426005,N,1330.9000170230865,6600.4001121521,23.25723934173584,23.286839946111044,10.807293287913005,11.047195374965668,-0.49884440898895266,-0.3467488618567586
232,[5858 6849],394_N,0.0020043798389047,0.0056322169820488,1994,0.545455827336898,42.42126597209621,-1.154106838076799,0.50664014,-4.4015567e-05,-0.10070209,-0.12049326,0.039465122,-0.03162909,-0.01166528,0.039914533,-12.8691225,0.0065792664,-0.08204881,-0.10352459,0.02838886,-0.05939408,-0.0006345864,0.030633558,0.0,0.0,0.0,0.0,0.0,0.0,0.0,0.0,0.0,0.0,0.0,0.0,0.0,0.0,0.0,0.0,0.0,0.0,0.0,0.0,0.0,0.0,0.0,0.0,0.0,0.0,0.0,0.0,0.0,0.0,0.0,0.0,1994.5104,2023.9287,0.0,0.0,0.0,0.0,1984.3037,1994.5542,0.0,0.0,0.0,0.0,-0.42771325,0.0,0.0,0.0,0.0,0.0,1994,2023,0,0,0,0,"c(-1.1541068380768, 42.4212659720962)",NBR_year,,0.6583979911102714,0.6600359517411655,0.6603198143641515,0.659256633990102,0.6582481038916352,0.6598709993799499,0.6601397914343242,0.6590617048415522,0.6580980495266571,0.6597058788764998,0.4441765512501144,0.4684658228535071,0.4682806665317336,0.4760966667824843,0.4877872038470779,0.4784877220480308,0.5016217656004363,0.5001859791162391,0.5098303472924188,0.5202805105970775,0.5127476245863734,0.5347150879499591,0.5320313034789306,0.543505132253432,0.5527108242489772,0.5469553859296191,0.5677455836871079,0.5638171315100837,0.5771204818053282,0.5850783146929377,0.5811101624944849,0.6007130825390944,0.5955439870563267,0.617383186959926,0.6152111406174189,0.6336174502271408,0.6272124254607222,0.6441708860602808,0.6496256809924582,0.6106758901903829,0.6589019642015784,0.4684658228535071,N,1330.9000170230865,6600.4001121521,23.25723934173584,23.286839946111044,10.807293287913005,11.047195374965668,-0.49884440898895266,-0.3467488618567586
233,[5161 6741],368_N,0.0005944358854093945,0.0041420103796316,1989,0.5298294806051435,42.60910369804123,-1.183212253287793,18.269081,-0.008975854,-0.054131437,-0.09756559,0.04571894,-0.03228324,0.0013796154,0.029946283,-9.87419,0.0051505743,-0.08921955,-0.092967674,0.030318042,-0.04305997,0.00501872,0.03689616,0.0,0.0,0.0,0.0,0.0,0.0,0.0,0.0,0.0,0.0,0.0,0.0,0.0,0.0,0.0,0.0,0.0,0.0,0.0,0.0,0.0,0.0,0.0,0.0,0.0,0.0,0.0,0.0,0.0,0.0,0.0,0.0,1989.5413,2023.8821,0.0,0.0,0.0,0.0,1984.2134,1990.4802,0.0,0.0,0.0,0.0,-0.5632205,0.0,0.0,0.0,0.0,0.0,1989,2023,0,0,0,0,"c(-1.18321225328779, 42.6091036980412)",NBR_year,,0.6377216601526603,0.6290465853433719,0.6195534836563076,0.6111083859692574,0.6017249090435854,,0.5859739771956495,0.5884179771886695,0.5896890142689089,0.5898424452320102,0.5889461566226964,0.5894441656671964,0.6015443373701236,0.612527526187836,0.6223386166991737,0.6309355225793223,0.6382898453275784,0.644387333087337,0.6492281314762812,0.6528268216943443,0.6552122446130801,0.6564271130101743,0.6565274175451629,0.655581635416407,0.6567672828850952,0.6688141847882829,0.6797411111325812,0.6894935667827994,0.6980301224836684,0.7053230640280171,0.7113588410450762,0.7161383074872556,0.7196767492516781,0.7231625321647472,0.7232098749432432,0.7222147916470048,0.7240878680347845,0.7360813396733176,0.746951872483275,0.7220036978076384,0.6064166475064214,0.5859739771956495,N,1841.700026512146,7384.200138092041,22.571997197469077,22.440771786371865,10.193367179234823,10.632575341065724,-0.30449218563735486,-0.36642252686433496
234,[5748 7093],394_N,0.0139078773235283,0.0146591387520961,1994,0.592025213684339,42.450910376477765,-1.088350159266775,-111.86215,0.056657933,-0.040760733,-0.063582934,-0.121129744,-0.004375908,-0.07927131,-0.042180795,31.947931,-0.015721438,0.10503423,-0.0113662435,0.022669775,0.0062703053,-0.006358742,0.0,-30.616503,0.0154110715,0.0,-0.04404716,0.05003737,-0.020331498,0.0058974815,0.013136151,0.0,0.0,0.0,0.0,0.0,0.0,0.0,0.0,0.0,0.0,0.0,0.0,0.0,0.0,0.0,0.0,0.0,0.0,0.0,0.0,0.0,0.0,0.0,0.0,1986.7377,1994.5104,2023.9944,0.0,0.0,0.0,1984.3037,1986.7568,1994.5789,0.0,0.0,0.0,0.41648403,-0.4199334,0.0,0.0,0.0,0.0,1986,1994,2023,0,0,0,"c(-1.08835015926678, 42.4509103764778)",NBR_year,,0.7876439799071989,0.8443032476294303,0.792434830453531,0.815000362275851,0.7991238909601412,0.7836360703897047,0.7679270241834208,0.7519984588881723,0.7363661498691784,0.7207827242050607,0.7049786811534622,0.2195560304986709,0.2442446360055489,0.2545579457804791,0.2731324634354228,0.2890954171163127,0.3001729815730571,0.3214648666030942,0.3277958708540984,0.3517296290550614,0.3638254518723298,0.3800209703724614,0.3976854907485815,0.4065306315120796,0.4293895995105781,0.4375249893419389,0.4590229048068333,0.4728821304619319,0.4867364161649005,0.5060660762830983,0.5127388055405941,0.5371131366093784,0.5470465512855952,0.58172763132407,0.5932856648580379,0.6142390303091362,0.6201871605048339,0.6446393997377062,0.6563586513412775,0.5661296817370947,0.7285744370371195,0.2195560304986709,N,1311.2000274658203,6818.400172472,23.136512406667073,23.088657959302267,10.729057550430298,10.975056517124177,-0.50546875,-0.3210652683628723
235,[5751 7058],394_N,0.0117176990775264,0.0142568234522674,1994,0.614185853348481,42.45010189272191,-1.097782469751819,5.8809347,-0.0026165098,0.07633956,-0.02286775,0.015277166,0.0056513115,0.0,-0.0005442243,-29.77845,0.014989192,0.032148,-0.052604795,0.0653415,-0.022411192,0.0017064236,0.021764291,0.0,0.0,0.0,0.0,0.0,0.0,0.0,0.0,0.0,0.0,0.0,0.0,0.0,0.0,0.0,0.0,0.0,0.0,0.0,0.0,0.0,0.0,0.0,0.0,0.0,0.0,0.0,0.0,0.0,0.0,0.0,0.0,1994.5104,2023.9944,0.0,0.0,0.0,0.0,1984.3037,1994.5789,0.0,0.0,0.0,0.0,-0.738674,0.0,0.0,0.0,0.0,0.0,1994,2023,0,0,0,0,"c(-1.09778246975182, 42.4501018927219)",NBR_year,,,0.7578067820646276,0.7552511568759903,0.7527476947332423,0.75011299572163,0.7473381764265753,0.7447870663524097,0.7422821924173636,0.7396459811065526,0.7368695523420605,0.7343229606670582,0.2242048003808746,0.2445341331194742,0.2479144624046727,0.2747012682003437,0.2827932957685066,0.3022352333509753,0.3177290980485409,0.3273919474290596,0.3498113840117057,0.3526658064221174,0.3791365805918824,0.3895685481196843,0.4058990605265601,0.4236118518737193,0.4303805927351532,0.4548206854511393,0.4600496362479566,0.483322860599721,0.4960658700235069,0.5093412694262236,0.5292191201233605,0.5331821576559942,0.5671598564681656,0.5872677901747817,0.6022849219804872,0.6125719215367809,0.6345537325500055,0.6369040856522407,0.5595669465078728,0.7382577667243065,0.2242048003808746,N,1311.2000274658203,6818.400172472,23.136512406667073,23.088657959302267,10.729057550430298,10.975056517124177,-0.50546875,-0.3210652683628723
236,[4301 5522],382_N,0.0119140359836063,0.0145338737044736,1991,0.5361082546324775,42.84086904138804,-1.511726152752628,-34.613495,0.01768892,0.07125503,-0.023630865,0.07507891,-0.009245129,0.022454586,0.027112579,-31.164608,0.01576885,0.03794772,-0.03315204,0.058491997,-0.018111793,0.005267267,0.016664255,0.0,0.0,0.0,0.0,0.0,0.0,0.0,0.0,0.0,0.0,0.0,0.0,0.0,0.0,0.0,0.0,0.0,0.0,0.0,0.0,0.0,0.0,0.0,0.0,0.0,0.0,0.0,0.0,0.0,0.0,0.0,0.0,1991.2688,2023.8821,0.0,0.0,0.0,0.0,1984.3037,1991.4001,0.0,0.0,0.0,0.0,-0.19050156,0.0,0.0,0.0,0.0,0.0,1991,2023,0,0,0,0,"c(-1.51172615275263, 42.840869041388)",NBR_year,,,0.6070326499954711,0.6245674697319019,0.6420250265132774,0.6597398498971736,0.6776409486426127,0.6954763836144677,0.7132438029016124,0.3207639614731744,0.3257888892085626,0.3531315539847002,0.3641445770122214,0.3803341413912061,0.4001816480596489,0.4051360547815884,0.4315125426141342,0.4442725627823264,0.457601749532856,0.4793944040111216,0.4858396839382613,0.5096651683321727,0.5242258317099265,0.5346369303148443,0.5583958942354148,0.5664066627693836,0.5875869150487697,0.6039955856764933,0.6114414355626479,0.6371805219378293,0.6468263785123723,0.6652761309503163,0.6835736154771085,0.6880179226340036,0.7270886263596699,0.7427320444395715,0.762952343624025,0.7681879755246188,0.7940806859567849,0.8071836593159893,0.7157434611269464,0.6865586661285402,0.3207639614731744,N,1726.6000356674194,7034.9001269340515,22.21490281422933,22.526436805725098,10.95898265838623,11.286854251225789,-0.13647461030632257,-0.2897176109778229
237,[5756 6945],394_N,0.0106769839550568,0.0123670449165921,1994,0.558761895531438,42.44875441979548,-1.128235357889248,0.5382262,0.0,0.01065276,-0.057958886,0.041406766,-0.010791815,0.0,0.0069521945,-25.138735,0.01265443,-0.05289605,-0.075265855,0.056055427,-0.022761568,9.4229355e-05,0.03223561,0.0,0.0,0.0,0.0,0.0,0.0,0.0,0.0,0.0,0.0,0.0,0.0,0.0,0.0,0.0,0.0,0.0,0.0,0.0,0.0,0.0,0.0,0.0,0.0,0.0,0.0,0.0,0.0,0.0,0.0,0.0,0.0,1994.5104,2023.9287,0.0,0.0,0.0,0.0,1984.3037,1994.598,0.0,0.0,0.0,0.0,-0.7419377,0.0,0.0,0.0,0.0,0.0,1994,2023,0,0,0,0,"c(-1.12823535788925, 42.4487544197955)",NBR_year,,0.6178820090446413,0.617745940445807,0.6182331625714649,0.6182702593195339,0.6178753063912025,0.6177539018778685,0.6182360244070099,0.6182682027107163,0.6178685527803065,0.6177618056679212,0.2733489620229831,0.2862688448631052,0.3053800737943462,0.3022923583926032,0.3294370224581552,0.3396537646383895,0.3459270514202446,0.3691120377976568,0.3702785965209466,0.3906616608894531,0.4051358419890062,0.4048988642558039,0.4320207751720782,0.43747888202399,0.4511253047470797,0.4697880054192945,0.4662427835914557,0.4941196799286991,0.5038721613999627,0.5108603213851886,0.5336097431949473,0.5343126905723352,0.5554285182029467,0.5699045331752927,0.5966071928738981,0.6015993116105492,0.6159731963680549,0.6341861712670785,0.63018432734168,0.5694438949095829,0.6178151792241138,0.2862688448631052,N,1330.9000170230865,6600.4001121521,23.25723934173584,23.286839946111044,10.807293287913005,11.047195374965668,-0.49884440898895266,-0.3467488618567586
238,[5928 6739],394_N,0.005415013147691,0.0073426618528246,1994,0.448193795107977,42.40240135112612,-1.183751242458367,2.022316,-0.00079481094,0.028517224,-0.06349429,0.039427225,-0.014321243,0.0,0.021798065,-15.472664,0.007850076,-0.039087433,-0.06859709,0.02848341,-0.035569444,0.003939503,0.023407806,0.0,0.0,0.0,0.0,0.0,0.0,0.0,0.0,0.0,0.0,0.0,0.0,0.0,0.0,0.0,0.0,0.0,0.0,0.0,0.0,0.0,0.0,0.0,0.0,0.0,0.0,0.0,0.0,0.0,0.0,0.0,0.0,1994.5104,2023.9944,0.0,0.0,0.0,0.0,1984.2134,1994.5542,0.0,0.0,0.0,0.0,-0.6675502,0.0,0.0,0.0,0.0,0.0,1994,2023,0,0,0,0,"c(-1.18375124245837, 42.4024013511261)",NBR_year,,0.5246233880435713,0.523777003015461,0.5228834729299201,0.5219422194665273,0.5209527048608871,0.5199144326115656,0.51882694814485,0.5178953797852356,0.5173958448670479,0.5168550470377158,0.4901497905671061,0.3275196709113352,0.3252691824919154,0.342050307822156,0.3463985198751296,0.3545947366497904,0.3654763588631544,0.3652880653402088,0.3824614983859831,0.3789997807053077,0.3973694463496471,0.4004989397517401,0.4102719499402079,0.4199603227140903,0.4212945903563954,0.4373323624379543,0.4326643976813836,0.4526200738404184,0.4545297439279189,0.4658849448114068,0.4743729079678276,0.4772428842325003,0.4921320191416278,0.5078015956702663,0.5084914654784815,0.5214327960069,0.5287142954987247,0.5331317225174608,0.5468602905603915,0.4868602965893321,0.5171254459523819,0.3275196709113352,N,1330.9000170230865,6600.4001121521,23.25723934173584,23.286839946111044,10.807293287913005,11.047195374965668,-0.49884440898895266,-0.3467488618567586
239,[5731 7052],394_N,0.0060083878771423,0.0064403666418551,1994,0.594722923022648,42.45549178442765,-1.099399437263541,11.416331,-0.005406734,0.107659325,-0.010272173,0.02831026,0.0038647675,0.0,0.002773684,-14.065477,0.0071301153,0.0,-0.033053275,0.050057136,-0.012685779,0.006406088,0.024392659,0.0,0.0,0.0,0.0,0.0,0.0,0.0,0.0,0.0,0.0,0.0,0.0,0.0,0.0,0.0,0.0,0.0,0.0,0.0,0.0,0.0,0.0,0.0,0.0,0.0,0.0,0.0,0.0,0.0,0.0,0.0,0.0,1994.5104,2023.9944,0.0,0.0,0.0,0.0,1984.3037,1994.5542,0.0,0.0,0.0,0.0,-0.59656906,0.0,0.0,0.0,0.0,0.0,1994,2023,0,0,0,0,"c(-1.09939943726354, 42.4554917844277)",NBR_year,,,0.7931534421494313,0.7876837171976284,0.7825506137255598,0.7771665546805373,0.7715223974085592,0.7660611762058732,0.7609253297193086,0.7555384231037892,0.7498913193269187,0.7444386052568934,0.2541107438113754,0.2559370192419068,0.2701148207218537,0.2647860526910701,0.2841526831970874,0.2851124131962427,0.2963119466113013,0.3034811423997989,0.3067326690774734,0.3198533629427418,0.3156014096160824,0.3342492919896911,0.334048459338323,0.3467463486062403,0.3527833200515479,0.3574753065355345,0.3695243786272822,0.3666146588692066,0.3842810239652131,0.3829180766484792,0.397120347216098,0.40201736867618,0.41912758953616,0.4175810985985291,0.4342472478541935,0.4317218001201849,0.4474329872436979,0.4511834493876026,0.4081636450109903,0.752714871215354,0.2541107438113754,N,1311.2000274658203,6818.400172472,23.136512406667073,23.088657959302267,10.729057550430298,10.975056517124177,-0.50546875,-0.3210652683628723
240,[5895 6810],394_N,0.0045240178673047,0.0030633177218198,1994,0.504833699859175,42.41129467244059,-1.164617126902991,-11.800734,0.006128137,-0.059673924,-0.11360233,0.06773313,-0.040913224,0.0074160914,0.03760145,-5.3576956,0.0028756238,-0.07918101,-0.11815212,0.020536413,-0.069784276,0.0,0.021391235,0.0,0.0,0.0,0.0,0.0,0.0,0.0,0.0,0.0,0.0,0.0,0.0,0.0,0.0,0.0,0.0,0.0,0.0,0.0,0.0,0.0,0.0,0.0,0.0,0.0,0.0,0.0,0.0,0.0,0.0,0.0,0.0,1994.5542,2023.9944,0.0,0.0,0.0,0.0,1984.2134,1994.598,0.0,0.0,0.0,0.0,-0.30221945,0.0,0.0,0.0,0.0,0.0,1994,2023,0,0,0,0,"c(-1.16461712690299, 42.4112946724406)",NBR_year,,0.5878301056394875,0.5928910572325862,0.5977791886728808,0.6056548876979639,0.612450381009634,0.6181379508704459,0.6226992399985614,0.6293236678507048,0.6367257342085281,0.6430342053876632,0.5812775460515133,0.5727761214444428,0.5848804548882229,0.5861200404262047,0.5845802305678967,0.5953962107809664,0.5831515784988346,0.6005676312045248,0.5980306125836158,0.6017501096344573,0.6088963690892129,0.5992101757228576,0.6156537270252457,0.6093365315149742,0.6183590693321562,0.6217774867624689,0.6172212501974639,0.6301292448789457,0.620049278261928,0.6343889120785742,0.63404247588084,0.6347066235690032,0.6439881563093938,0.6498247521650573,0.6456976386104306,0.651643098524512,0.6572279143103088,0.6496856329825705,0.664655097972118,0.6313816775906326,0.6398799697980957,0.5727761214444428,N,1330.9000170230865,6600.4001121521,23.25723934173584,23.286839946111044,10.807293287913005,11.047195374965668,-0.49884440898895266,-0.3467488618567586
241,[4320 5528],382_N,0.0111718318551044,0.0118382975035643,1991,0.6126613478095433,42.83574864426759,-1.510109185240906,-0.30480912,0.00046388974,0.03475716,-0.008624488,0.028942341,0.0063172616,-0.02135541,0.0,-24.700148,0.012480705,-0.024503754,-0.025031723,0.038897257,-0.030769628,0.0,0.006895546,0.0,0.0,0.0,0.0,0.0,0.0,0.0,0.0,0.0,0.0,0.0,0.0,0.0,0.0,0.0,0.0,0.0,0.0,0.0,0.0,0.0,0.0,0.0,0.0,0.0,0.0,0.0,0.0,0.0,0.0,0.0,0.0,1991.6193,2023.8821,0.0,0.0,0.0,0.0,1984.3037,1991.9259,0.0,0.0,0.0,0.0,-0.49387163,0.0,0.0,0.0,0.0,0.0,1991,2023,0,0,0,0,"c(-1.51010918524091, 42.8357486442676)",NBR_year,,0.6557316958144935,0.6716454788216305,0.6718148400016364,0.6725364646897792,0.672917485376968,0.6733525625081775,0.6739424799351003,0.6740951391634711,0.2533989484113564,0.2703064020153414,0.2823548767166361,0.2916062411020881,0.3092581076868787,0.3119065415619068,0.3340523289161335,0.342211563900555,0.3567526588921525,0.3705432332285553,0.3774452860895829,0.396797274121245,0.4011249300778349,0.4209393073284066,0.430835164592227,0.4430066010657327,0.4585325779020109,0.463106761725988,0.484134131258608,0.4901648984826433,0.5076275466838746,0.5192659667861423,0.5290721166936391,0.5463211625445755,0.5485964510312231,0.5790213503415234,0.5941195284089413,0.6075008018150359,0.6149537004677413,0.6339078890854265,0.637838289324418,0.5712690493841855,0.6736475212216388,0.2533989484113564,N,1726.6000356674194,7034.9001269340515,22.21490281422933,22.526436805725098,10.95898265838623,11.286854251225789,-0.13647461030632257,-0.2897176109778229
242,[4247 4917],294_N,0.0055303631379221,0.0074173996085574,2000,0.6281211000872361,42.855421748993535,-1.674770376851253,90.20814,-0.045150187,-0.115004815,-0.062045004,0.0,0.0,0.0,0.0,-29.613373,0.015076435,-0.13711514,-0.08572344,0.0330045,-0.032114107,0.0013497843,0.025059495,-14.809154,0.0075889486,-0.12816651,-0.10504762,0.029337097,-0.053187184,0.0010329194,0.019859202,0.0,0.0,0.0,0.0,0.0,0.0,0.0,0.0,0.0,0.0,0.0,0.0,0.0,0.0,0.0,0.0,0.0,0.0,0.0,0.0,0.0,0.0,0.0,0.0,1985.6616,2000.6432,2023.8821,0.0,0.0,0.0,1984.3037,1985.7931,2001.0813,0.0,0.0,0.0,-0.36732578,-0.30160582,0.0,0.0,0.0,0.0,1985,2000,2023,0,0,0,"c(-1.67477037685125, 42.8554217489935)",NBR_year,,0.7307312483287646,,0.5701751762154412,0.5849067647642314,0.5993823349426058,0.6136032664238095,0.6275715249412774,0.6412896549261796,0.6575098974893986,0.6737372983533871,0.6897125279211027,0.7054334882467531,0.7208986713758726,0.7361071634539642,0.7510586468670379,0.7657534004087219,,0.6140650811746118,0.6254951682589388,0.6325761326853642,0.6353690499217427,0.6417168968642227,0.6548495028100362,0.6636524463730783,0.668124248249033,0.6687140646343344,0.6835245676449917,0.6940492290119223,0.7002244362822071,0.7021442807945577,0.7115272570203992,0.7237636157107792,0.7316569787097805,0.7388682095331488,0.7527966323832196,0.7624130733457606,0.7676866346402308,0.7687443207707682,0.7811531617916748,0.7352388679358943,0.7584060236378799,0.6140650811746118,N,1477.8000330924988,6216.700133919716,23.91165402730306,23.855032912890117,11.927323404947916,12.259393676122029,-0.4656738266348839,-0.422401258846124
243,[5694 7022],394_N,0.0091207875201888,0.0094536681883182,1994,0.461135215340359,42.46546308408328,-1.107484274822151,-65.01614,0.032883972,-0.050912146,-0.08105017,0.022789683,-0.03007584,-0.012886705,0.01576168,-53.074646,0.026829619,-0.017211517,-0.07664853,0.037372243,-0.031650595,0.0,0.0214852,-19.160614,0.009682152,-0.054365993,-0.075986534,0.03437921,-0.033759594,0.0,0.028562283,0.0,0.0,0.0,0.0,0.0,0.0,0.0,0.0,0.0,0.0,0.0,0.0,0.0,0.0,0.0,0.0,0.0,0.0,0.0,0.0,0.0,0.0,0.0,0.0,1990.3735,1994.5104,2023.9287,0.0,0.0,0.0,1984.2134,1990.4365,1994.5789,0.0,0.0,0.0,-0.12737265,-0.57523334,0.0,0.0,0.0,0.0,1990,1994,2023,0,0,0,"c(-1.10748427482215, 42.4654630840833)",NBR_year,,0.3859205354788843,0.4187989176432574,0.4516600933786902,0.484504065367527,0.5173308406049589,0.5501404304054783,0.4584858476999107,0.4851754716666124,0.512105170874435,0.5390308360129714,0.3122902975408125,0.3147840581845941,0.3271918891663536,0.3405522128216893,0.3367013864060072,0.3603879957855385,0.3645604142765543,0.374420686862309,0.3894231070017636,0.3844577474877387,0.4083475099986983,0.4142002558656483,0.421523550489093,0.4381525948498709,0.4348257137701474,0.4561701450523438,0.4637022255514044,0.468503124655398,0.4867407594923345,0.4850658668878927,0.5038574219509595,0.5130651828274374,0.515362243199895,0.5351759151632536,0.5514110748491887,0.562288206492273,0.5621039235493009,0.5834945739912071,0.5851537676839236,0.5351879086240419,0.5255680034437031,0.3147840581845941,N,1330.9000170230865,6600.4001121521,23.25723934173584,23.286839946111044,10.807293287913005,11.047195374965668,-0.50546875,-0.3210652683628723
244,[5093 6735],367_N,0.0038262068956303,0.0024449535035483,1989,0.6428745629721775,42.62742932984075,-1.184829220799515,9.816147,-0.0046332367,0.04563788,-0.052236784,0.03145809,0.0,-0.012497517,0.020530108,-4.7794933,0.0026696336,0.01168472,-0.07722249,0.041476928,-0.034269445,0.00894153,0.023155976,0.0,0.0,0.0,0.0,0.0,0.0,0.0,0.0,0.0,0.0,0.0,0.0,0.0,0.0,0.0,0.0,0.0,0.0,0.0,0.0,0.0,0.0,0.0,0.0,0.0,0.0,0.0,0.0,0.0,0.0,0.0,0.0,1989.5413,2023.8821,0.0,0.0,0.0,0.0,1984.2134,1989.585,0.0,0.0,0.0,0.0,-0.26101547,0.0,0.0,0.0,0.0,0.0,1989,2023,0,0,0,0,"c(-1.18482922079952, 42.6274293298408)",NBR_year,,0.6875046201960354,0.6830415759669537,0.6783120381919164,0.6737481440206269,0.6690997102467938,0.664435055030956,0.6257785566736855,0.6349506203312334,0.644421110736213,0.6480206088071716,0.6449095911518374,0.6378509285761009,0.6507341139142662,0.6586707520720768,0.6604433888057235,0.6553771885740677,0.654482736779758,0.6661242077392115,0.6724298312553045,0.6723216970856537,0.6652970114123381,0.6708111113087349,0.6810898379916037,0.6856784062523638,0.6836493075581991,0.6746776267446524,0.6867992786673552,0.695602729037125,0.6984001898793337,0.6944241150204582,0.6900640726358228,0.7024124426231761,0.7096376720274393,0.704648184399156,0.7065660688431683,0.7176181161996671,0.7231727774698289,0.7222175254611825,0.7143277626500465,0.7105827249153776,0.6714239271337104,0.6257785566736855,N,1841.700026512146,7384.200138092041,22.571997197469077,22.440771786371865,10.193367179234823,10.632575341065724,-0.35491535663604734,-0.36373291071504354
245,[5872 6842],394_N,0.0027732927941063,0.0044673724857729,1994,0.514292892286896,42.41749304790219,-1.155993300173808,-23.177525,0.0119064255,0.043200176,-0.143558,0.13540557,-0.057994314,0.045550507,0.03446705,-14.656554,0.007577233,-0.05052928,-0.12269907,0.07553293,-0.033607185,-0.004285649,0.047861684,-9.424252,0.0048776083,-0.06860113,-0.11677378,0.033424955,-0.06311816,-0.0010745167,0.027917389,0.0,0.0,0.0,0.0,0.0,0.0,0.0,0.0,0.0,0.0,0.0,0.0,0.0,0.0,0.0,0.0,0.0,0.0,0.0,0.0,0.0,0.0,0.0,0.0,1988.9033,1994.5104,2023.9944,0.0,0.0,0.0,1984.3037,1988.928,1994.5542,0.0,0.0,0.0,-0.2874698,-0.37620282,0.0,0.0,0.0,0.0,1988,1994,2023,0,0,0,"c(-1.15599330017381, 42.4174930479022)",NBR_year,,0.6683996871809962,0.6807385169112216,0.6920345476812589,0.7045405782285535,0.7161066871267822,0.6612066474387922,0.6693006415432524,0.6767904963842474,0.6836840955054934,0.6918095367842417,0.4973021309873132,0.5160840190256714,0.5068607516608359,0.5243795589804644,0.5240917235871352,0.5299504829962031,0.5385562019827285,0.5329555179534916,0.5501904911142171,0.5393305904258174,0.5590010274391055,0.5570599561021972,0.5650650426735145,0.5720420585208761,0.5685288752838766,0.5842005105145138,0.5717114781804649,0.5935286805696935,0.5899343555281045,0.6000907865273108,0.6054314687411304,0.6040206414755812,0.6181138545109903,0.6279618508348633,0.6227156571108768,0.635026618885064,0.6387247380697726,0.6394293238333035,0.6519303831591358,0.6055180673813401,0.6877468161448675,0.5160840190256714,N,1330.9000170230865,6600.4001121521,23.25723934173584,23.286839946111044,10.807293287913005,11.047195374965668,-0.49884440898895266,-0.3467488618567586
246,[5685 7012],394_N,0.0116786791036418,0.0113373784174711,1994,0.55923475030969,42.467888535350845,-1.110179220675021,-6.7732944,0.0036128543,-0.09957518,-0.10061493,0.034501906,-0.02159878,-0.01679666,0.03775168,-22.310316,0.011304157,-0.095008895,-0.11067803,0.03195878,-0.036700882,-0.00771164,0.038449243,0.0,0.0,0.0,0.0,0.0,0.0,0.0,0.0,0.0,0.0,0.0,0.0,0.0,0.0,0.0,0.0,0.0,0.0,0.0,0.0,0.0,0.0,0.0,0.0,0.0,0.0,0.0,0.0,0.0,0.0,0.0,0.0,1994.5104,2023.9287,0.0,0.0,0.0,0.0,1984.2134,1994.5789,0.0,0.0,0.0,0.0,-0.7204066,0.0,0.0,0.0,0.0,0.0,1994,2023,0,0,0,0,"c(-1.11017922067502, 42.4678885353508)",NBR_year,,0.6154055591891917,0.6186037910094477,0.6228356945393241,0.6269772780771576,0.631028035638699,0.6349875383791596,0.638855435003884,0.642631452093746,0.6463153943443,0.649907144719357,0.460883251714239,0.4589632512937317,0.480027468366365,0.4918641541024161,0.4920160033165575,0.517356646811941,0.5175329906569521,0.5353643458889646,0.5493188712402329,0.5463140064652939,0.5736517984635185,0.5759370608065987,0.5905331495984295,0.606596113240434,0.6004653390896575,0.6297694974448775,0.6341729096693864,0.6455364751232434,0.6636950981350075,0.6566149069429175,0.6857108196431545,0.692238245523471,0.7003771810829871,0.7155856897875357,0.7414771242668936,0.7501310422140443,0.7550583835456596,0.7773565914319874,0.774398277133328,0.7206153281942406,0.6481112695318285,0.4589632512937317,N,1330.9000170230865,6600.4001121521,23.25723934173584,23.286839946111044,10.807293287913005,11.047195374965668,-0.50546875,-0.3210652683628723
247,[5756 7109],394_N,0.0138818042162776,0.0178463049575753,1994,0.698313036150012,42.44875441979548,-1.084038245902183,0.7551933,0.0,0.10604295,-0.0280679,0.035826422,-0.011186355,0.028163517,-0.01392023,15.198967,-0.0072647887,0.0663889,-0.026604129,0.014899359,0.0,-0.0052357567,0.0,-37.271545,0.018780584,0.047025673,-0.054722644,0.056503255,-0.016105704,0.00418319,0.012177399,0.0,0.0,0.0,0.0,0.0,0.0,0.0,0.0,0.0,0.0,0.0,0.0,0.0,0.0,0.0,0.0,0.0,0.0,0.0,0.0,0.0,0.0,0.0,0.0,1987.8766,1994.5104,2023.9944,0.0,0.0,0.0,1984.3037,1988.2024,1994.5789,0.0,0.0,0.0,-0.2661581,-0.34437928,0.0,0.0,0.0,0.0,1987,1994,2023,0,0,0,"c(-1.08403824590218, 42.4487544197955)",NBR_year,,0.8251804512802264,0.8842241010735056,0.8842884340790921,0.8841602753892912,0.8263277817474267,0.8191872652925233,0.8118871405029526,0.8045523157638148,0.7973963709819558,0.790081151775922,0.7827753603191104,0.2743681005795423,0.2910041976499976,0.3097142695724806,0.330881203220325,0.3437771216609304,0.3689226572793272,0.3821852262347315,0.4052954678449027,0.4233938806976118,0.4402145754454692,0.4626848257098757,0.473932175474501,0.5001864427894228,0.5149957467148509,0.5360816620796799,0.555597232738498,0.5705982393382524,0.594314617718316,0.6056617952667849,0.6312941997310485,0.6476148134659461,0.666733985004159,0.7008734576654657,0.725775594166006,0.7387060750043027,0.7622524079941655,0.7800443727428388,0.7972600557755826,0.687617527332824,0.7937387613789388,0.2743681005795423,N,1311.2000274658203,6818.400172472,23.136512406667073,23.088657959302267,10.729057550430298,10.975056517124177,-0.50546875,-0.3210652683628723
248,[5860 6750],394_N,0.0059065247778295,0.0058903484965867,1994,0.437228052036752,42.42072698292562,-1.18078680202021,2.6669285,-0.0011747866,-0.07704606,-0.094405636,0.029119385,-0.028265145,-0.012006692,0.032883942,-12.813618,0.006520401,-0.041860547,-0.08176642,0.039921038,-0.040071443,0.0,0.023231762,0.0,0.0,0.0,0.0,0.0,0.0,0.0,0.0,0.0,0.0,0.0,0.0,0.0,0.0,0.0,0.0,0.0,0.0,0.0,0.0,0.0,0.0,0.0,0.0,0.0,0.0,0.0,0.0,0.0,0.0,0.0,0.0,1994.5104,2023.9944,0.0,0.0,0.0,0.0,1984.3037,1994.598,0.0,0.0,0.0,0.0,-0.6062875,0.0,0.0,0.0,0.0,0.0,1994,2023,0,0,0,0,"c(-1.18078680202021, 42.4207269829256)",NBR_year,,0.5229471054294318,0.523140016752481,0.5222407315085301,0.5202521176306902,0.5182691833919989,0.5184499599008154,0.5175385025236133,0.5155378193064799,0.5135911269114952,0.5137597674213368,0.3449132340676292,0.3459066118062555,0.3606986634186588,0.3544933278527214,0.3727399926728508,0.3754392356954034,0.3811923538337521,0.3926845056071235,0.3863589187991782,0.4061673461203561,0.405407456088065,0.4159828852813986,0.4241032413254497,0.4223783812616907,0.4390419404067515,0.4348278010703708,0.450257955170103,0.4549556780371338,0.457940670924648,0.4713554219042524,0.4637135817379905,0.48400047919863,0.4852461848986866,0.5031029641912607,0.4986965375034334,0.5171966756789134,0.5149826544424959,0.5275969756752944,0.5342833042863911,0.4930208736948245,0.513675447166416,0.3459066118062555,N,1330.9000170230865,6600.4001121521,23.25723934173584,23.286839946111044,10.807293287913005,11.047195374965668,-0.49884440898895266,-0.3467488618567586
249,[5764 6945],394_N,0.0142572723431275,0.0185098989059449,1994,0.625111644053075,42.44659846311318,-1.128235357889248,0.570306,0.0,-0.05212189,-0.03114547,0.06301066,0.03744902,0.014214848,0.06343882,32.30552,-0.015936553,-0.007449805,-0.024255784,0.1314138,0.005588652,0.06031212,0.0,-38.462345,0.019410335,0.0,-0.083100595,0.0835682,-0.007820713,0.0176792,0.030509358,0.0,0.0,0.0,0.0,0.0,0.0,0.0,0.0,0.0,0.0,0.0,0.0,0.0,0.0,0.0,0.0,0.0,0.0,0.0,0.0,0.0,0.0,0.0,0.0,1990.7677,1994.5104,2023.9287,0.0,0.0,0.0,1984.3037,1990.9183,1994.598,0.0,0.0,0.0,0.6755792,-0.5060934,0.0,0.0,0.0,0.0,1990,1994,2023,0,0,0,"c(-1.12823535788925, 42.4465984631132)",NBR_year,,0.7348265004145539,0.7350949529184242,0.7348398181610234,0.7340714309262883,0.7347313376704822,0.7350869713716245,0.7349175573219713,0.7345194730166894,0.7185821750217047,0.7026448232008209,0.6867074175503879,0.4260698946967695,0.445357576560647,0.4560121348897507,0.4867364186102432,0.4973562564124072,0.5209032811778339,0.5440746279951605,0.5490726195957776,0.5830280165222498,0.5978284305238822,0.6151133038161575,0.6419835861263657,0.6478630519931625,0.6786053189342646,0.6974620189601491,0.7087491143076858,0.7391086910705125,0.7492691842921982,0.7735090864123086,0.7962678728156687,0.8018629387262854,0.8354799741505355,0.8677843715913865,0.894263370118313,0.8996748106289298,0.9311328234925068,0.9495567273276584,0.9614799568541408,0.849832635086619,0.7106134991112628,0.4260698946967695,N,1330.9000170230865,6600.4001121521,23.25723934173584,23.286839946111044,10.807293287913005,11.047195374965668,-0.49884440898895266,-0.3467488618567586
250,[4220 4900],294_N,0.0151444455821892,0.015774416187954,2000,0.6013456022465735,42.86269810279629,-1.679351784801132,-20.988743,0.010773752,-0.010902348,-0.019982222,0.008539939,-0.013370779,0.0,-0.0036136506,-31.616646,0.015989572,0.02104217,-0.012318476,0.032386683,-0.014050969,-0.014011748,0.0,0.0,0.0,0.0,0.0,0.0,0.0,0.0,0.0,0.0,0.0,0.0,0.0,0.0,0.0,0.0,0.0,0.0,0.0,0.0,0.0,0.0,0.0,0.0,0.0,0.0,0.0,0.0,0.0,0.0,0.0,0.0,0.0,2000.6432,2023.8821,0.0,0.0,0.0,0.0,1984.3037,2001.2346,0.0,0.0,0.0,0.0,-0.6952968,0.0,0.0,0.0,0.0,0.0,2000,2023,0,0,0,0,"c(-1.67935178480113, 42.8626981027963)",NBR_year,,0.4233374128732458,0.4343756491034368,0.4451997700712426,0.4555569967933494,0.4667410376627121,0.4774779917127492,0.4879868274472376,0.4990908060824461,0.5097389175479188,0.5204023278789488,0.5314246458073899,0.5419822322731421,0.5528032102907537,0.5637422452047052,0.5742076222952774,0.5851891812087223,,0.425589614307604,0.4533443485834522,0.4675301411546589,0.4835369737653562,0.5013118422185501,0.5153688285244206,0.531634127727411,0.5492745665410769,0.5632031847157319,0.5797265362875271,0.5972325294674875,0.6110332330435652,0.6278141901753165,0.6451857395176249,0.6588589973028277,0.6758970807739902,0.7066805017633324,0.7239752001199248,0.7410779380666848,0.7544977711633333,0.7720485409021782,0.7890169465928744,0.6931342058117164,0.5796984017519999,0.425589614307604,N,1477.8000330924988,6216.700133919716,23.91165402730306,23.855032912890117,11.927323404947916,12.259393676122029,-0.4656738266348839,-0.422401258846124
251,[4228 4893],294_N,0.0108008219425192,0.0126004082565998,2000,0.5531374080036154,42.86054214611399,-1.681238246898141,-25.90429,0.013207048,-0.010361587,-0.015986845,0.002586491,-0.01420954,-0.0012726735,0.000583119,-26.347717,0.013336342,0.02695007,-0.008589945,0.0295284,-0.015453285,-0.0002797941,0.0,0.0,0.0,0.0,0.0,0.0,0.0,0.0,0.0,0.0,0.0,0.0,0.0,0.0,0.0,0.0,0.0,0.0,0.0,0.0,0.0,0.0,0.0,0.0,0.0,0.0,0.0,0.0,0.0,0.0,0.0,0.0,0.0,2000.6432,2023.7726,0.0,0.0,0.0,0.0,1984.3037,2001.0813,0.0,0.0,0.0,0.0,-0.55469036,0.0,0.0,0.0,0.0,0.0,2000,2023,0,0,0,0,"c(-1.68123824689814, 42.860542146114)",NBR_year,,0.3352601087692689,0.3479612748106118,0.3616248842328238,0.3748341169498323,0.3875803549039049,0.4012938922288288,0.4143862469919767,0.4273426859743362,0.4409411305020628,0.4539165357584319,0.4670838088188783,0.4805665347019655,0.4934250425110937,0.5068035533389699,0.5201700642409927,0.532911848534873,,0.3936695028859993,0.4076319660545829,0.4195128546003243,0.4331666499185121,0.4476736125985957,0.460123254125097,0.4725244841283635,0.48756468220901,0.5005792932650296,0.5117472540635521,0.5273074992176379,0.5408812349058633,0.552360875595688,0.5669049256519267,0.5810299057377696,0.5930797158203208,0.6210266922107156,0.6336443496079903,0.6456776680179971,0.6608735342562251,0.6740546420090188,0.685132918397374,0.6063603490278271,0.5265409563879329,0.3936695028859993,N,1477.8000330924988,6216.700133919716,23.91165402730306,23.855032912890117,11.927323404947916,12.259393676122029,-0.4656738266348839,-0.422401258846124
252,[5729 6967],394_N,0.0011118094373318,0.0056117328546529,1994,0.646482412985277,42.45603077359823,-1.122306477012935,7.293297,-0.0034134493,-0.1357713,-0.09570674,0.0145293055,-0.014377527,-0.015309426,0.029827269,-11.388465,0.005906036,-0.14432047,-0.11564827,0.020729452,-0.034090765,-0.0007065422,0.033591814,0.0,0.0,0.0,0.0,0.0,0.0,0.0,0.0,0.0,0.0,0.0,0.0,0.0,0.0,0.0,0.0,0.0,0.0,0.0,0.0,0.0,0.0,0.0,0.0,0.0,0.0,0.0,0.0,0.0,0.0,0.0,0.0,1994.5789,2023.9287,0.0,0.0,0.0,0.0,1984.3037,1994.6418,0.0,0.0,0.0,0.0,-0.1564403,0.0,0.0,0.0,0.0,0.0,1994,2023,0,0,0,0,"c(-1.12230647701293, 42.4560307735982)",NBR_year,,0.7343578445387515,0.731014346905809,0.7276695627854093,0.7243234908302458,0.7209761297115228,0.7176274781186586,0.714277534759029,0.7109262983586938,0.7075737676615426,0.7042199414304755,,0.6494393798539932,0.6437869339845846,0.656711732394181,0.6660463115901092,0.6549984270406527,0.6773810729716971,0.6811409425351539,0.6779681952008674,0.6965625150109694,0.6947516098680814,0.7010464552042133,0.7142297434071756,0.7069261094417801,0.7227267870307343,0.7303767873343946,0.7206939763104585,0.7429494131955483,0.7450180137105977,0.7447014875393327,0.7616740369470532,0.758187739245859,0.7673637414519504,0.7699394709359471,0.7886079566835298,0.7945689604083872,0.787702443154744,0.808380166611605,0.8087599361787599,0.7788804833743436,0.705896854546009,0.6494393798539932,N,1330.9000170230865,6600.4001121521,23.25723934173584,23.286839946111044,10.807293287913005,11.047195374965668,-0.50546875,-0.3210652683628723
253,[5916 6780],394_N,0.002960446544058,0.0047705131512257,1994,0.45216875052016,42.40563528614956,-1.172701964461601,-66.43229,0.03368377,-0.011446602,-0.076344274,0.030325249,-0.010749239,-0.015794685,0.017853078,-113.90448,0.057508133,-0.061591037,-0.09713721,0.015622988,-0.07016746,-0.009754265,0.0,-61.754246,0.031222314,-0.02122964,-0.057481896,0.03604234,-0.00433476,-0.011332608,0.02453578,-29.432636,0.014974675,-0.024004655,-0.0514907599999999,0.010900712,-0.002411313,0.0,0.037079763,-9.957394,0.0050883987,-0.046405148,-0.06042728,0.030355161,-0.035510868,0.00430499,0.02177024,0.0,0.0,0.0,0.0,0.0,0.0,0.0,0.0,1986.7377,1989.4536,1992.3639,1994.5104,2023.9944,0.0,1984.2134,1986.7568,1989.4974,1992.4515,1994.5542,0.0,-0.1015043,-0.14425372,-0.11715987,-0.6086235,0.0,0.0,1986,1989,1992,1994,2023,0,"c(-1.1727019644616, 42.4056352861496)",NBR_year,,0.5337507482561732,0.56751186559503,0.6011428844972367,0.5547899135585072,0.6122608868048793,0.5214691363418712,0.5149837944306469,0.5461785012333441,0.5027669467578239,0.5177436753728367,0.4688352244503364,0.3336971391878488,0.3308398408369038,0.3420760791155499,0.3457515366580407,0.3484993719081391,0.3586248724508034,0.3531030268334605,0.3694263644099637,0.3653675950103351,0.3781772508808462,0.3806476722932748,0.3849528412835455,0.3939014903348621,0.3898800328671332,0.4050855384764649,0.3998294331971788,0.4142109455231227,0.4154745893759269,0.421343170935505,0.4291074022123642,0.4265998553678112,0.4406743867500029,0.4501765517139116,0.4502327636062731,0.4576694331293726,0.4642427428491887,0.4632612811726561,0.4761926980735136,0.4342261555681844,0.5102553110653303,0.3336971391878488,N,1330.9000170230865,6600.4001121521,23.25723934173584,23.286839946111044,10.807293287913005,11.047195374965668,-0.49884440898895266,-0.3467488618567586
254,[5162 5233],344_N,0.0107180427615931,0.0128097129195755,2002,0.669597731357943,42.60883420345595,-1.589610087900566,-7.694907,0.004161357,-0.0029638538,-0.0045081014,0.015682437,-0.0075903595,-0.0041782116,0.015222786,-26.492752,0.013407226,-0.030387634,-0.044444647,0.024182878,-0.028411398,0.004247654,0.0010257681,0.0,0.0,0.0,0.0,0.0,0.0,0.0,0.0,0.0,0.0,0.0,0.0,0.0,0.0,0.0,0.0,0.0,0.0,0.0,0.0,0.0,0.0,0.0,0.0,0.0,0.0,0.0,0.0,0.0,0.0,0.0,0.0,2002.505,2023.8821,0.0,0.0,0.0,0.0,1984.3475,2003.5344,0.0,0.0,0.0,0.0,-0.48797476,0.0,0.0,0.0,0.0,0.0,2002,2023,0,0,0,0,"c(-1.58961008790057, 42.6088342034559)",NBR_year,,0.6014435698288881,0.6048223609805925,0.6104045883752216,0.6130818246979591,0.618129706009457,0.6226993393985426,0.6246453270327199,0.6310877616000745,0.6346391371631448,0.6382462195451302,0.643690614054506,0.6462301696686354,0.651506253858455,0.6559365657891663,0.6581087417769858,0.6644159426632333,0.6678281630399415,0.671663685011308,0.6470235038866737,0.4545745244908138,0.4692594239953287,0.4830657065733074,0.4960207259975714,0.5081647382987795,0.5207692717829768,0.5358445512036909,0.5500335644770716,0.5633576632600101,0.5758515906156204,0.5875622953696087,0.6022590594881589,0.6168349214176548,0.6305347962274082,0.6554353471036373,0.6685020037668028,0.6834676423866407,0.6975488843108252,0.7107687828823243,0.7231636507790359,0.6433876854997916,0.6697459240256247,0.4545745244908138,N,1521.200023651123,6507.200112819672,23.001209704081216,23.02191268603007,11.02336147626241,10.530284031232197,-0.4415201666764915,-0.3808405950593834
255,[5748 7112],394_N,0.0097926770614333,0.0097321647566442,1994,0.657063675921267,42.450910376477765,-1.083229762146322,2.8964486,-0.00110386,0.09458819,-0.026967775,0.03839999,0.0,0.009638342,-0.0029471605,-19.186352,0.009704555,0.005435009,-0.037651125,0.050720386,-0.0187843,0.005415963,0.014859091,0.0,0.0,0.0,0.0,0.0,0.0,0.0,0.0,0.0,0.0,0.0,0.0,0.0,0.0,0.0,0.0,0.0,0.0,0.0,0.0,0.0,0.0,0.0,0.0,0.0,0.0,0.0,0.0,0.0,0.0,0.0,0.0,1994.5104,2023.9287,0.0,0.0,0.0,0.0,1984.3037,1994.5789,0.0,0.0,0.0,0.0,-0.7512096,0.0,0.0,0.0,0.0,0.0,1994,2023,0,0,0,0,"c(-1.08322976214632, 42.4509103764778)",NBR_year,,,0.8093008570986533,0.8081756840415295,0.8074912325610372,0.8064018041805943,0.8048782535351323,0.8037670318884149,0.8030782401688017,0.8019841317739175,0.800455592842904,0.7993583333655644,0.2544680223641076,0.2738930609209861,0.2808488339438741,0.2893996874238579,0.3034314076712744,0.3041085586028477,0.3220457879999403,0.3301247069962247,0.3370233377962018,0.3520846583146609,0.3539097009503486,0.370111970210676,0.3793040062499311,0.3845734253619404,0.4006442988085679,0.4036166410523761,0.4180933017011752,0.4283867866840697,0.4320523258296987,0.4491113174969933,0.4532286101579151,0.4659915934411131,0.4794625021753311,0.4974868381873923,0.5027449893882276,0.5138087691495167,0.5262637502421187,0.5268064995297619,0.4773732513683313,0.8012198623084108,0.2544680223641076,N,1311.2000274658203,6818.400172472,23.136512406667073,23.088657959302267,10.729057550430298,10.975056517124177,-0.50546875,-0.3210652683628723
256,[5768 7159],394_N,0.0184157055634166,0.020850611234226,1994,0.675615632933234,42.44552048477203,-1.070563516637834,-74.942566,0.038103763,0.08511303,-0.07969381,-0.0039082584,-0.025416307,0.009488779,-0.008808779,2.0978403,-0.0007209121,0.031404715,4.808755e-05,0.033469304,0.021089582,0.011319086,-0.0019346906,-43.86343,0.022083635,0.052424707,-0.051609427,0.05267059,-0.010604694,-0.0013073226,0.0285785,0.0,0.0,0.0,0.0,0.0,0.0,0.0,0.0,0.0,0.0,0.0,0.0,0.0,0.0,0.0,0.0,0.0,0.0,0.0,0.0,0.0,0.0,0.0,0.0,1986.6692,1994.5104,2023.9944,0.0,0.0,0.0,1984.3037,1986.7377,1994.535,0.0,0.0,0.0,-0.16573966,-0.6007513,0.0,0.0,0.0,0.0,1986,1994,2023,0,0,0,"c(-1.07056351663783, 42.445520484772)",NBR_year,,0.7908654037999966,0.82896918232592,0.8670800505386544,0.7333517150480787,0.7327670486687876,0.7315428282971757,0.7313493717755205,0.7304004274301462,0.7297305349779604,0.7291697009071897,0.7279092527819522,0.2767695149024506,0.2984831640143826,0.3235888770210317,0.3388889479991921,0.3688480427195339,0.3790683858304011,0.4126221342744026,0.4285915019136202,0.4550206294708323,0.4765127330398197,0.4961837170786177,0.5228434182770946,0.5362778579424999,0.5676333008814772,0.5796488454283408,0.6109684719643083,0.6286773735642633,0.6529683424860477,0.6761033401616319,0.6937817395869718,0.7219501275303877,0.7335822485627342,0.7800770521748716,0.8091867096281331,0.8286094774954589,0.850802242990457,0.8755424287247827,0.8912826127163831,0.7662789942703063,0.729450117942575,0.2767695149024506,N,1311.2000274658203,6818.400172472,23.136512406667073,23.088657959302267,10.729057550430298,10.975056517124177,-0.50546875,-0.3210652683628723
257,[5892 6835],394_N,0.0036712926441211,0.0056407662011068,1994,0.526116091752489,42.41210315619645,-1.157879762270817,32.174953,-0.015992565,-0.03119465,-0.16404667,0.050150063,-0.002873925,-0.027009983,-0.0069310777,-48.490208,0.02463015,0.0,-0.09346668,0.12595834,0.0,0.054155134,0.089309365,-26.135918,0.013340779,-0.04817009,-0.11091269,0.04954034,-0.018860644,0.006532273,0.042219006,-11.820535,0.006072313,-0.071064875,-0.09394999,0.021661835,-0.044866722,0.0,0.032782394,0.0,0.0,0.0,0.0,0.0,0.0,0.0,0.0,0.0,0.0,0.0,0.0,0.0,0.0,0.0,0.0,1986.2312,1988.9471,1994.5104,2023.9944,0.0,0.0,1984.2134,1986.3872,1988.9717,1994.5542,0.0,0.0,0.15486158,-0.40031064,-0.53973854,0.0,0.0,0.0,1986,1988,1994,2023,0,0,"c(-1.15787976227082, 42.4121031561965)",NBR_year,,0.6634764837984168,0.6475266636578121,0.6873211977823772,0.7120429775938139,0.7366348073827088,0.6024121986976033,0.6160661268309868,0.6294949232148674,0.6426954837441216,0.655665187633797,0.4602631893365299,0.4803517517859104,0.4744563802619397,0.490797518605012,0.4931693957560418,0.4987082150065162,0.5093379796259258,0.5042355029326286,0.5228867046219239,0.5154819584082284,0.5338115790339327,0.5346510081885905,0.5421809459995022,0.5512971322567447,0.5481338082042724,0.5653320148361606,0.5564266645385796,0.5767383311698596,0.5760464327658957,0.5855711186960121,0.5931670758080472,0.5919565769851148,0.6076875216048333,0.6195771593065064,0.6173564835006258,0.6288776796812285,0.6349481882246756,0.6357023510608855,0.6499531486753483,0.5972917154122886,0.6491803356889593,0.4803517517859104,N,1330.9000170230865,6600.4001121521,23.25723934173584,23.286839946111044,10.807293287913005,11.047195374965668,-0.49884440898895266,-0.3467488618567586
258,[5848 6797],394_N,0.0045742780122309,0.0034659210714423,1994,0.457950249956853,42.423960917949074,-1.168120556511722,-61.95948,0.031389985,-0.062211223,-0.08899147,0.0036115807,-0.03657548,-0.009746965,0.0,-4.1589456,0.002262346,-0.06825156,-0.12669271,0.044016074,-0.035078973,-0.016928047,0.029762544,-7.3549824,0.0038445045,-0.07100439,-0.14011574,0.02472829,-0.063130535,-0.004782506,0.03336051,0.0,0.0,0.0,0.0,0.0,0.0,0.0,0.0,0.0,0.0,0.0,0.0,0.0,0.0,0.0,0.0,0.0,0.0,0.0,0.0,0.0,0.0,0.0,0.0,1986.7568,1994.5104,2023.9944,0.0,0.0,0.0,1984.4597,1987.2825,1994.598,0.0,0.0,0.0,-0.23184186,-0.2103112,0.0,0.0,0.0,0.0,1986,1994,2023,0,0,0,"c(-1.16812055651172, 42.4239609179491)",NBR_year,,0.4592587879640046,0.4906502575637811,0.5220402235334118,0.5548447786335348,0.5564508102679827,0.5590996612430754,0.5618392008400366,0.5642274747464424,0.5662661114581841,0.5679578445127877,0.5289189630117632,0.5229439344529644,0.5392694780777103,0.5288524653163856,0.5448497416305892,0.5458153245141191,0.545884731046028,0.5580321341675176,0.5432514348731396,0.5654460229040315,0.5619963356940342,0.5682036123248786,0.5760708170580651,0.5666506974808194,0.5853404115899926,0.5774734235066322,0.589872735389595,0.5933852465421345,0.5899376167618258,0.6045207066679578,0.5922623558818111,0.6108684362130113,0.6099797426494197,0.6229793109809265,0.6101659558047432,0.6311713975550756,0.6258631546749799,0.6346694477726849,0.6407132608529119,0.6126205913915543,0.5671119779854858,0.5229439344529644,N,1330.9000170230865,6600.4001121521,23.25723934173584,23.286839946111044,10.807293287913005,11.047195374965668,-0.49884440898895266,-0.3467488618567586
259,[4828 3489],372_N,0.0076085673097034,0.0100036548020664,1990,0.510916278388783,42.6988453949418,-2.059608644641068,-79.24717,0.040217422,0.02393325,0.0,0.0,0.0,0.0,0.0,-53.39812,0.027153874,0.026550367,-0.042064164,-0.009323778,-0.031412028,-0.05288763,-0.013855362,-20.584782,0.010541108,0.061842456,-0.029726552,0.03553181,-0.012955759,0.0,0.016213356,0.0,0.0,0.0,0.0,0.0,0.0,0.0,0.0,0.0,0.0,0.0,0.0,0.0,0.0,0.0,0.0,0.0,0.0,0.0,0.0,0.0,0.0,0.0,0.0,1985.7246,1990.4119,2023.9014,0.0,0.0,0.0,1984.3037,1985.8807,1990.524,0.0,0.0,0.0,0.12192262,-0.77446264,0.0,0.0,0.0,0.0,1985,1990,2023,0,0,0,"c(-2.05960864464107, 42.6988453949418)",NBR_year,,,0.6192605262344212,0.6473263328006773,0.6745403949917476,0.7018577822747155,0.728745593758842,0.7560353482448955,0.4797120096402458,0.4895490908041747,0.4991539343128049,0.5085486312014523,0.5177548461887629,0.5296737268162642,0.5415412977176619,0.5530721697412734,0.5642725910572882,0.5751530647856875,0.5857277678334598,0.5960139009240178,0.6060309870919408,0.6158001369399557,0.6253432995457341,0.6346825180799589,0.6444663377838696,0.6565765777372646,0.6683485384821372,0.679785105681575,0.6908937854376512,0.7016861823356594,0.7121773971395431,0.722385360439885,0.7323301198573303,0.7420330993080432,0.7608018073866863,0.7714377865524406,0.7834523289391366,0.7951289130643184,0.8064717792819363,0.8174896497701281,0.7515163493142811,0.7153016880167787,0.4797120096402458,N,1543.9000267982483,5607.200094342232,23.554936027526857,24.00633053779602,11.241807985305787,11.624780480066935,-0.17932942062616347,-0.35074055986478925
260,[5848 6786],394_N,0.0049303391437003,0.0035786580799588,1994,0.431207072011153,42.423960917949074,-1.171084996949879,-1.5177296,0.00094109646,-0.041176863,-0.10334145,0.035699345,-0.025807226,-0.012131863,0.044663966,-7.0644765,0.0036968857,-0.054802764,-0.11019163,0.014407011,-0.054590605,-0.0049317717,0.03215396,0.0,0.0,0.0,0.0,0.0,0.0,0.0,0.0,0.0,0.0,0.0,0.0,0.0,0.0,0.0,0.0,0.0,0.0,0.0,0.0,0.0,0.0,0.0,0.0,0.0,0.0,0.0,0.0,0.0,0.0,0.0,0.0,1994.5104,2023.9944,0.0,0.0,0.0,0.0,1984.3037,1994.598,0.0,0.0,0.0,0.0,-0.22009793,0.0,0.0,0.0,0.0,0.0,1994,2023,0,0,0,0,"c(-1.17108499694988, 42.4239609179491)",NBR_year,,0.5315789613216794,0.5319147779462136,0.5343206563077978,0.5354504583404837,0.535324667417812,0.5357025371418404,0.5380941479661931,0.539209822874519,0.5390702220798526,0.5394901373049086,0.4826512734995714,0.4748509420482307,0.4913974179494518,0.4850928947415985,0.4960632144668999,0.4995026377667325,0.4968577547040054,0.509847329500759,0.4998066631229808,0.516080177317168,0.5157411939631078,0.5183390696907951,0.5276773253945992,0.5169429229042624,0.5354979855566762,0.5313770174380049,0.5392693104899885,0.5448868764222706,0.5392411596924962,0.5543052821597769,0.5464241036474083,0.5596266983247038,0.5614796249634756,0.5724948941136945,0.5609002102832592,0.5793934062967901,0.5774633150657619,0.5822829133981555,0.5900638566679968,0.5610303876849311,0.5392801796923805,0.4748509420482307,N,1330.9000170230865,6600.4001121521,23.25723934173584,23.286839946111044,10.807293287913005,11.047195374965668,-0.49884440898895266,-0.3467488618567586
261,[5746 6974],394_N,0.0027949682299525,0.0050612135206515,1994,0.498108768218717,42.45144936564835,-1.120420014915926,-7.4923844,0.003993423,0.048425924,-0.047867972,0.09363563,-0.020086385,0.0115749035,0.006820179,-10.273014,0.0052911704,-0.039796256,-0.06859635,0.0751366,-0.03479376,0.008841377,0.014438034,0.0,0.0,0.0,0.0,0.0,0.0,0.0,0.0,0.0,0.0,0.0,0.0,0.0,0.0,0.0,0.0,0.0,0.0,0.0,0.0,0.0,0.0,0.0,0.0,0.0,0.0,0.0,0.0,0.0,0.0,0.0,0.0,1994.5789,2023.9287,0.0,0.0,0.0,0.0,1984.3037,1994.6418,0.0,0.0,0.0,0.0,-0.44979957,0.0,0.0,0.0,0.0,0.0,1994,2023,0,0,0,0,"c(-1.12042001491593, 42.4514493656484)",NBR_year,,0.5228242741064393,0.5378712805611041,0.5419006141856934,0.5459291330092343,0.5499568352018801,0.5539837189395962,0.5580097824046082,0.5620350237852941,0.5660594412761252,0.5700830330779467,0.5741057973974133,0.4511862897739204,0.4443346675682835,0.4625566939961069,0.4644040077516457,0.4651611309236834,0.4792066470873903,0.4763314952409115,0.4849493197951141,0.4946036776756075,0.4869834125460135,0.5036248772912245,0.5087211667951147,0.5041425885340513,0.5211248663161292,0.521547451590053,0.5246630292873489,0.5373989770665912,0.5330862912214693,0.5441215450090399,0.5524105601869516,0.5433570970607045,0.5624471010102109,0.5638604914047457,0.5795804651660277,0.5785726591158079,0.5840674195299578,0.5954753650429966,0.5897246320339335,0.5661374641933735,0.568071237177036,0.4511862897739204,N,1330.9000170230865,6600.4001121521,23.25723934173584,23.286839946111044,10.807293287913005,11.047195374965668,-0.50546875,-0.3210652683628723
262,[5741 6960],394_N,0.0069295203526522,0.0097309447748736,1994,0.460871694296814,42.452796838574784,-1.124192939109944,4.5203204,-0.0020844827,-0.057400975,-0.06643359,0.034049544,-0.027398037,-0.006051995,0.014196027,-20.18458,0.010214034,-0.03718248,-0.05695912,0.04264199,-0.029048245,0.0,0.018173063,0.0,0.0,0.0,0.0,0.0,0.0,0.0,0.0,0.0,0.0,0.0,0.0,0.0,0.0,0.0,0.0,0.0,0.0,0.0,0.0,0.0,0.0,0.0,0.0,0.0,0.0,0.0,0.0,0.0,0.0,0.0,0.0,1994.5789,2023.9287,0.0,0.0,0.0,0.0,1984.3037,1994.6418,0.0,0.0,0.0,0.0,-0.4525846,0.0,0.0,0.0,0.0,0.0,1994,2023,0,0,0,0,"c(-1.12419293910994, 42.4527968385748)",NBR_year,,0.5240133851845419,0.5219744667930631,0.5199345918629747,0.5178937599620357,0.5158519706701882,0.5138092235792756,0.5117655182931065,0.509720854427588,0.5076752316104619,0.5056286494818065,,0.3288323225045834,0.3286393258448539,0.3498081129705889,0.3573482705538007,0.3634799242678445,0.3811265055686887,0.3848369761262123,0.3974355157818669,0.4114109701687711,0.4113262867612597,0.4304490219781064,0.4406522384815172,0.4423550303385763,0.4624753929574446,0.4688548937836426,0.4769342594553865,0.4934824011680611,0.4960373194763388,0.5106099779450816,0.5234512180020556,0.5222314122048559,0.5433286547140848,0.5559937169999488,0.5750490497482583,0.5802678134867018,0.5903056155009307,0.6057429435583552,0.6071468895200409,0.5523767621957982,0.5066519405461343,0.3288323225045834,N,1330.9000170230865,6600.4001121521,23.25723934173584,23.286839946111044,10.807293287913005,11.047195374965668,-0.50546875,-0.3210652683628723
263,[5895 6832],394_N,0.0018175269989662,0.0025853813500485,1994,0.474705739801226,42.41129467244059,-1.158688246026678,-4.739834,0.0025920558,0.0013055941,-0.10058662,0.0687772,-0.017050005,0.0075139184,0.040611748,-5.616853,0.0029953278,-0.051711656,-0.11201425,0.02412942,-0.047483854,0.0,0.03461562,0.0,0.0,0.0,0.0,0.0,0.0,0.0,0.0,0.0,0.0,0.0,0.0,0.0,0.0,0.0,0.0,0.0,0.0,0.0,0.0,0.0,0.0,0.0,0.0,0.0,0.0,0.0,0.0,0.0,0.0,0.0,0.0,1994.5104,2023.9944,0.0,0.0,0.0,0.0,1984.3037,1994.5542,0.0,0.0,0.0,0.0,-0.28987744,0.0,0.0,0.0,0.0,0.0,1994,2023,0,0,0,0,"c(-1.15868824602668, 42.4112946724406)",NBR_year,,0.5696795820159192,0.5706344467879978,0.5750043217249488,0.5781228040185222,0.5800337674291277,0.5810294837429282,0.5853852313813568,0.588489996429231,0.5903878100514841,0.5914243616875642,0.5283519650117912,0.5407246774218095,0.5264271488181447,0.546589287298235,0.5405293495175157,0.5498123124166409,0.5523304748426826,0.5505456408197558,0.5614189339259065,0.5490104140186001,0.567782020613775,0.5601330214203275,0.5714834837487356,0.5724275464883655,0.5726618143105336,0.5820200757194096,0.5715258512147483,0.5888838170383514,0.579647859723526,0.5930684512544325,0.5924323044227809,0.5946989220865214,0.6025279863245849,0.60989407914877,0.599074777317837,0.6145661543608998,0.6123452013186688,0.6166554748763298,0.6229426386397735,0.5939715289977746,0.5909060858695241,0.5407246774218095,N,1330.9000170230865,6600.4001121521,23.25723934173584,23.286839946111044,10.807293287913005,11.047195374965668,-0.49884440898895266,-0.3467488618567586
264,[5718 6986],394_N,0.0055205094915875,0.009008010390221,1994,0.521801939509698,42.45899521403639,-1.117186079892482,4.0171194,-0.0018238854,-0.09848477,-0.095557116,0.032634683,-0.019214168,-0.015136721,0.032703318,-19.59217,0.009933635,-0.11471409,-0.10694319,0.03905594,-0.037512556,0.0,0.03910861,0.0,0.0,0.0,0.0,0.0,0.0,0.0,0.0,0.0,0.0,0.0,0.0,0.0,0.0,0.0,0.0,0.0,0.0,0.0,0.0,0.0,0.0,0.0,0.0,0.0,0.0,0.0,0.0,0.0,0.0,0.0,0.0,1994.5104,2023.9287,0.0,0.0,0.0,0.0,1984.3037,1994.5542,0.0,0.0,0.0,0.0,-0.47274658,0.0,0.0,0.0,0.0,0.0,1994,2023,0,0,0,0,"c(-1.11718607989248, 42.4589952140364)",NBR_year,,0.6047116825679941,0.603222121530015,0.6024224638104739,0.6004791859800238,0.597395883841263,0.5959442635465821,0.5951318955924562,0.5931758763003707,0.5900799456028561,0.5886662646930524,0.4532164854083018,0.4765941085716905,0.4715100064065714,0.4935282997735436,0.502051416140376,0.5041966560296282,0.5261929968646253,0.5196980725622414,0.5438075751907447,0.5508919113325876,0.5551135755822392,0.5757192259242933,0.5678208055101854,0.5940166252787666,0.5996615374495392,0.6059663986537177,0.6251727633922654,0.6158789900544714,0.6441550148453165,0.6483607072689858,0.6567543163761114,0.6745536198694001,0.6638734473307022,0.6969898746264525,0.7074765570432047,0.7238618488923307,0.714764406498817,0.7442182795188788,0.7455495340466662,0.6942223502144632,0.5893731051479543,0.4765941085716905,N,1330.9000170230865,6600.4001121521,23.25723934173584,23.286839946111044,10.807293287913005,11.047195374965668,-0.50546875,-0.3210652683628723
265,[5768 6972],394_N,0.0058159155178629,0.007013651636991,1994,0.406237502913998,42.44552048477203,-1.1209590040865,3.8995907,-0.001763726,0.071925156,-0.05888625,0.10957109,-0.0016090589,0.033410117,0.0205081,-14.01248,0.007136299,-0.013837462,-0.05821648,0.05057132,-0.0036139404,0.011945458,0.033870857,0.0,0.0,0.0,0.0,0.0,0.0,0.0,0.0,0.0,0.0,0.0,0.0,0.0,0.0,0.0,0.0,0.0,0.0,0.0,0.0,0.0,0.0,0.0,0.0,0.0,0.0,0.0,0.0,0.0,0.0,0.0,0.0,1994.5789,2023.9287,0.0,0.0,0.0,0.0,1984.3037,1994.598,0.0,0.0,0.0,0.0,-0.23766114,0.0,0.0,0.0,0.0,0.0,1994,2023,0,0,0,0,"c(-1.1209590040865, 42.445520484772)",NBR_year,,,0.5253841418161903,0.5235592982752317,0.5217329419184978,0.5199050703102934,0.5180756810356631,0.5162447717003641,0.5144123399310574,0.5125783833752617,0.5107428997014692,0.508905886599288,0.3474717457374807,0.3587223390929495,0.3518164891435036,0.3726411318968062,0.3765513233267952,0.3804825951692748,0.3950045139930778,0.3912049426677444,0.4068703703981012,0.414325804475918,0.4129798799521711,0.4306006651875269,0.4304850754559758,0.4405004459924144,0.4513871465514131,0.4450101785443427,0.4655329936869565,0.4690532801663161,0.4735696190797318,0.4877447784773016,0.4835443298454444,0.4998292895410536,0.5061203876945488,0.5234143299846669,0.5229011120752651,0.5335225502994995,0.5440436778537978,0.5381989611001305,0.5069053690158579,0.5116606415383655,0.3474717457374807,N,1330.9000170230865,6600.4001121521,23.25723934173584,23.286839946111044,10.807293287913005,11.047195374965668,-0.50546875,-0.3210652683628723
266,[5904 6807],394_N,0.00027871450967662523,0.0005972708438024332,1994,0.484067253124347,42.408869221173006,-1.165425610658852,-9.926305,0.0051903604,0.0,-0.121251926,0.07155429,-0.04963868,0.0,0.019440407,-1.4846934,0.0009328018,-0.039315674,-0.1337138,0.045064263,-0.07152326,0.0,0.022382643,0.0,0.0,0.0,0.0,0.0,0.0,0.0,0.0,0.0,0.0,0.0,0.0,0.0,0.0,0.0,0.0,0.0,0.0,0.0,0.0,0.0,0.0,0.0,0.0,0.0,0.0,0.0,0.0,0.0,0.0,0.0,0.0,1994.5104,2023.9944,0.0,0.0,0.0,0.0,1984.2134,1994.5542,0.0,0.0,0.0,0.0,-0.23172945,0.0,0.0,0.0,0.0,0.0,1994,2023,0,0,0,0,"c(-1.16542561065885, 42.408869221173)",NBR_year,,0.5473553942942879,0.5529440480610839,0.5584600805259831,0.5639026019520751,0.5692707723258684,0.5745638022082526,0.5797809535406832,0.58492154040585,0.5899849297417623,0.5949705420089253,0.5652646477316358,0.5747576671704813,0.5593876110963876,0.5767943645360065,0.5675089936299998,0.5761512397188644,0.5756293023711269,0.5729835033598868,0.5809542508399093,0.5675053124961246,0.5834977059825418,0.5725811877237384,0.5833395109422218,0.5812138487300689,0.5806234538323102,0.5870558357157966,0.5755532267704032,0.590108775960766,0.5775602624066148,0.590440423353448,0.5867030840465299,0.5881830054033582,0.5930621639004627,0.5966269034253607,0.5824468624396947,0.5974529108187876,0.5920972454509431,0.5956607273647369,0.5989730547242353,0.5835295465615571,0.5924777358753438,0.5747576671704813,N,1330.9000170230865,6600.4001121521,23.25723934173584,23.286839946111044,10.807293287913005,11.047195374965668,-0.49884440898895266,-0.3467488618567586
267,[5159 6716],368_N,0.0053888582976243,0.0086693739054353,1989,0.4278308494338687,42.60964268721181,-1.189949617919968,0.31599927,0.0,-0.033645157,-0.05273735,0.04197551,-0.038633388,0.0,0.04390402,-17.7923,0.009046894,-0.05071829,-0.05654397,0.01829131,-0.04984685,0.0052462053,0.012683428,0.0,0.0,0.0,0.0,0.0,0.0,0.0,0.0,0.0,0.0,0.0,0.0,0.0,0.0,0.0,0.0,0.0,0.0,0.0,0.0,0.0,0.0,0.0,0.0,0.0,0.0,0.0,0.0,0.0,0.0,0.0,0.0,1989.5413,2023.8821,0.0,0.0,0.0,0.0,1984.2134,1989.9792,0.0,0.0,0.0,0.0,-0.4989384,0.0,0.0,0.0,0.0,0.0,1989,2023,0,0,0,0,"c(-1.18994961791997, 42.6096426872118)",NBR_year,,0.4706203729104161,0.4710346443206226,0.4708341446035647,0.4709178431090784,0.470983498647965,0.3432983926706908,0.3450050354531597,0.3512344465656924,0.3565388901037886,0.3609546859485453,0.3719493269412813,0.3851528989817657,0.3975338182932232,0.4090406900014173,0.4196329838642578,0.4292816206817451,0.437969366283687,0.4456910273697814,0.4524534473020232,0.4582753037911251,0.463186714195494,0.4687834518056749,0.4824240791811282,0.495275515769557,0.5072805725981958,0.5183925135618674,0.5285757463240187,0.5378063256728062,0.5460722614887327,0.5533736272621874,0.559722468940836,0.5651425177087348,0.5696687140267399,0.5927483121118998,0.6052367035961621,0.6168569825581899,0.6275672034744161,0.6373368079395147,0.6461470434712501,0.5794445305158042,0.4709506708785217,0.3450050354531597,N,1841.700026512146,7384.200138092041,22.571997197469077,22.440771786371865,10.193367179234823,10.632575341065724,-0.30449218563735486,-0.36642252686433496
268,[4249 4910],294_N,0.009584286972552,0.0114522041124152,2000,0.6152398969677959,42.85488275982296,-1.676656838948262,-13.289966,0.0068853092,-0.10862808,-0.045922685,0.0286303,-0.0520927,0.021030055,0.009459089,-24.002583,0.012162893,-0.09256873,-0.08930116,0.027304973,-0.045393806,0.002933074,0.015156835,0.0,0.0,0.0,0.0,0.0,0.0,0.0,0.0,0.0,0.0,0.0,0.0,0.0,0.0,0.0,0.0,0.0,0.0,0.0,0.0,0.0,0.0,0.0,0.0,0.0,0.0,0.0,0.0,0.0,0.0,0.0,0.0,2000.6432,2023.8821,0.0,0.0,0.0,0.0,1984.3037,2001.1908,0.0,0.0,0.0,0.0,-0.38354656,0.0,0.0,0.0,0.0,0.0,2000,2023,0,0,0,0,"c(-1.67665683894826, 42.854882759823)",NBR_year,,0.5720719350603017,0.5798974641664094,0.582336510718373,0.5933078161237916,0.6001328728065719,0.6032429730138796,0.6143594440230915,0.6201789993036421,0.6250797124098235,0.6352251662137754,0.6400359598928075,0.6467400157619765,0.6559036535207232,0.6597042077249163,0.6682211884753476,0.6763939043881854,,0.5307201421115464,0.5410362507294038,0.5482206960603484,0.5666185289334976,0.5786415769743065,0.5844739071328348,0.6020497878304588,0.6157932667331674,0.6232557551566456,0.6370154905483971,0.6524846976410688,0.6616124941814319,0.6715194129334724,0.6887114396453352,0.6995318091756413,0.7055675030347063,0.7370034397508323,0.7433150285346641,0.7597642243598504,0.7740192434762905,0.7819722240373259,0.7945925049200134,0.7244712785265564,0.6723075464317665,0.5307201421115464,N,1477.8000330924988,6216.700133919716,23.91165402730306,23.855032912890117,11.927323404947916,12.259393676122029,-0.4656738266348839,-0.422401258846124
269,[5753 7074],394_N,0.0088162741816995,0.0081260580772074,1994,0.431584404759343,42.44956290355134,-1.093470556387227,-6.384669,0.0034365517,0.09500649,-0.028029287,0.04440195,-0.016866555,0.0041585597,0.0,-16.955227,0.008543476,-0.0053470414,-0.0409319,0.05174685,-0.023960764,0.0030681738,0.014999902,0.0,0.0,0.0,0.0,0.0,0.0,0.0,0.0,0.0,0.0,0.0,0.0,0.0,0.0,0.0,0.0,0.0,0.0,0.0,0.0,0.0,0.0,0.0,0.0,0.0,0.0,0.0,0.0,0.0,0.0,0.0,0.0,1994.5104,2023.9944,0.0,0.0,0.0,0.0,1984.3037,1994.5789,0.0,0.0,0.0,0.0,-0.63353795,0.0,0.0,0.0,0.0,0.0,1994,2023,0,0,0,0,"c(-1.09347055638723, 42.4495629035513)",NBR_year,,,0.5562234060832786,0.5595423757701643,0.5634343607883633,0.5669141855577033,0.5699628544746398,0.5732958504446599,0.5771833563788398,0.5806584798752765,0.5837022472569835,0.5870492765271542,0.1816207965204995,0.201108730929973,0.2048270230237941,0.2157494662317197,0.225702167428997,0.2283060955027293,0.2442079578186128,0.2435745387953418,0.2603864848992483,0.2660640155533886,0.2743570382449771,0.2862018234957003,0.2863097901902559,0.3039748497771223,0.3053088563267008,0.3194497111267542,0.3270724812296618,0.332768582090856,0.3464716882212778,0.3441419580646476,0.3635184378739544,0.366820083309987,0.3878511837147749,0.3909911306888909,0.4065129631486562,0.4054629995399624,0.4228422687189048,0.4281053032167377,0.378303466913729,0.58218036356613,0.1816207965204995,N,1311.2000274658203,6818.400172472,23.136512406667073,23.088657959302267,10.729057550430298,10.975056517124177,-0.50546875,-0.3210652683628723
270,[4301 5527],382_N,0.0094749755566415,0.0107452938956776,1991,0.5392967314283699,42.84086904138804,-1.510378679826193,-23.610205,0.012163368,0.09491223,-0.011877075,0.042877026,0.009814372,0.0019179906,0.0013773898,-22.2793,0.011290771,0.027673129,-0.03180782,0.06045914,-0.023563704,0.0076193796,0.012286893,0.0,0.0,0.0,0.0,0.0,0.0,0.0,0.0,0.0,0.0,0.0,0.0,0.0,0.0,0.0,0.0,0.0,0.0,0.0,0.0,0.0,0.0,0.0,0.0,0.0,0.0,0.0,0.0,0.0,0.0,0.0,0.0,1991.6193,2023.8821,0.0,0.0,0.0,0.0,1984.3037,1991.9259,0.0,0.0,0.0,0.0,-0.5272199,0.0,0.0,0.0,0.0,0.0,1991,2023,0,0,0,0,"c(-1.51037867982619, 42.840869041388)",NBR_year,,,0.6430510985488405,0.6554670666228946,0.6673333244030383,0.6797672807791857,0.6918294990544789,0.7039934381933856,0.7162558950061856,0.2827921244338675,0.3009025529697337,0.3013716964798904,0.3228304667352656,0.3301670022170753,0.3424705307291868,0.356364137498035,0.360103211507284,0.379993901455865,0.3826027278697628,0.4011893578118946,0.410598077020529,0.4201755624608217,0.4359934229641197,0.4372552597276483,0.4588519992757502,0.4635887032709571,0.4793366048910937,0.4907799634329632,0.4976980023474207,0.5153796130879353,0.5153447471101029,0.5374826405331409,0.5443272317898759,0.557280465992534,0.5750480824811139,0.5945265664915901,0.5966329534826638,0.6158924275687565,0.6248169212361586,0.6350298656794003,0.5707134754632903,0.6979114686239323,0.2827921244338675,N,1726.6000356674194,7034.9001269340515,22.21490281422933,22.526436805725098,10.95898265838623,11.286854251225789,-0.13647461030632257,-0.2897176109778229
271,[3255 5144],359_N,0.0061912797357107,0.0086793485509116,2002,0.6466185392848449,43.12276037759823,-1.613595105991108,-11.387439,0.005903035,-0.21552537,-0.08985387,0.045910686,-0.007963625,0.0007743119,0.032809023,-17.86712,0.009094617,-0.19603622,-0.06447497,0.051760044,-0.036609277,0.02467225,0.014569943,0.0,0.0,0.0,0.0,0.0,0.0,0.0,0.0,0.0,0.0,0.0,0.0,0.0,0.0,0.0,0.0,0.0,0.0,0.0,0.0,0.0,0.0,0.0,0.0,0.0,0.0,0.0,0.0,0.0,0.0,0.0,0.0,2002.0669,2023.8821,0.0,0.0,0.0,0.0,1984.3037,2002.2202,0.0,0.0,0.0,0.0,-0.18095917,0.0,0.0,0.0,0.0,0.0,2002,2023,0,0,0,0,"c(-1.61359510599111, 43.1227603775982)",NBR_year,,0.6302975251165298,0.6371707983470901,0.6464388319965299,0.6538614596610425,0.6594295031308155,0.6631587752667024,0.6650898692586584,0.6731384914261209,0.682164095812598,0.6893416536683764,0.6946652833889951,0.6981540949860844,0.6998519140011863,0.7090744188240417,0.7178570577102188,0.7247894427523366,0.7298689927750832,0.7331181101145179,0.6380328579458906,0.6455695955450226,0.6525322395368335,0.6589340427850271,0.664790451313367,0.6765259942235765,0.6884838384464963,0.6998457433349843,0.710606411777446,0.7207631746713522,0.7303159825455753,0.7392673806786484,0.7476224679959065,0.7553888401423638,0.7625765172421833,0.7752674536101779,0.7843695217285789,0.7965604420653413,0.8081582345295955,0.8191565665632563,0.8295517323429265,0.7691978569634618,0.7314935514448005,0.6455695955450226,N,2316.6000595092773,10164.900224685669,23.157973861694337,22.797831328709922,13.635440476735432,13.017706088225047,-0.40502928793430326,-0.01829176052258565
272,[5679 7023],394_N,0.0089261972101196,0.0086246348335335,1994,0.502610984754989,42.469505502862575,-1.107214780236864,-23.36029,0.011905688,-0.06736851,-0.06570467,0.006227597,-0.019156523,-0.028771227,0.02750077,-170.5146,0.085983574,-0.042733435,-0.06200692,0.072007574,-0.04629637,0.017088018,0.0066894945,-30.151834,0.0153534915,0.04968938,-0.033982452,0.07068809,-0.020052744,0.007148862,0.014274992,-16.728718,0.0085227275,0.0016109109,-0.060485244,0.051352702,-0.033200037,0.0033611052,0.011934563,0.0,0.0,0.0,0.0,0.0,0.0,0.0,0.0,0.0,0.0,0.0,0.0,0.0,0.0,0.0,0.0,1987.3071,1989.2346,1994.5104,2023.9287,0.0,0.0,1984.2134,1987.3263,1989.2976,1994.5789,0.0,0.0,0.11891043,-0.14451267,-0.48245782,0.0,0.0,0.0,1987,1989,1994,2023,0,0,"c(-1.10721478023686, 42.4695055028626)",NBR_year,,0.4096778948220702,0.4215330859452469,0.4335245198781934,0.5539730764175147,0.6399463141653222,,0.4870943706732331,0.5024371154157463,0.5177792656391798,0.5331208231210696,0.5484617896382125,0.372679200577319,0.3911192371581001,0.397136270711773,0.403854056656005,0.4173101866279174,0.4167095990578287,0.4333120122392512,0.4405103019544559,0.4454896848564779,0.460028749058856,0.4606404912665582,0.4754138192349014,0.4837824300999088,0.4870475518278054,0.5026489671375564,0.5044711166298006,0.517426394473729,0.5269528202916415,0.5285300612653542,0.5451718972479891,0.5482008566002144,0.55935158767827,0.5699397037182692,0.5875987257312046,0.591829235184864,0.6011913583274965,0.6129897516082645,0.6112790519659893,0.5700217787301133,0.5254500443801247,0.372679200577319,N,1330.9000170230865,6600.4001121521,23.25723934173584,23.286839946111044,10.807293287913005,11.047195374965668,-0.50546875,-0.3210652683628723
273,[4250 4922],294_N,0.0070563532965572,0.0085000998293129,2000,0.620858929453373,42.85461326523768,-1.673422903924818,5.189726,-0.0022979325,-0.0634401,-0.034071747,0.0,0.0,0.0,0.0,-31.11932,0.015832603,-0.11850255,-0.060235556,0.027608706,-0.02425012,-0.0021883857,0.039799146,-17.924532,0.009156427,-0.11526003,-0.10310812,0.0047300397,-0.047675736,-0.005476403,0.021017333,0.0,0.0,0.0,0.0,0.0,0.0,0.0,0.0,0.0,0.0,0.0,0.0,0.0,0.0,0.0,0.0,0.0,0.0,0.0,0.0,0.0,0.0,0.0,0.0,1985.6616,2000.6432,2023.8821,0.0,0.0,0.0,1984.3037,1985.7931,2000.7965,0.0,0.0,0.0,-0.41578072,-0.28991985,0.0,0.0,0.0,0.0,1985,2000,2023,0,0,0,"c(-1.67342290392482, 42.8546132652377)",NBR_year,,0.7010962745470265,,0.5432849555606653,0.5585504304715327,0.5735341820620594,0.588239550863187,0.6026706428487306,0.6186376720964096,0.6358618574058317,0.6528027758493491,0.6694583052275418,0.6858271241570584,0.7019087153788407,0.7177033661544611,0.73321216575298,0.7484370000409326,,0.6044619711854974,0.6133602111700983,0.6222064819963949,0.6310009314848847,0.6397437376682837,0.6484351087947885,0.6570752833036355,0.6656645297757197,0.6742031468574619,0.6826914631587176,0.691129837123699,0.6995186568775142,0.707858340044191,0.7161493335403981,0.7246997229732409,0.734748707388582,0.7547033986516456,0.7646081678804474,0.774463967771756,0.7842703902940172,0.7940270526155206,0.8037335975672087,0.7447500928336145,0.7408245828969563,0.6044619711854974,N,1477.8000330924988,6216.700133919716,23.91165402730306,23.855032912890117,11.927323404947916,12.259393676122029,-0.4656738266348839,-0.422401258846124
274,[5863 6847],394_N,0.0041520693778452,0.0062647689718497,1994,0.45931051900136,42.41991849916977,-1.154645827247373,0.40509084,0.0,-0.017840443,-0.09939803,0.050863523,-0.02363644,-0.0125314845,0.028978372,-13.372689,0.006817413,-0.04600401,-0.08238558,0.030659473,-0.043228418,-0.005564848,0.029123608,0.0,0.0,0.0,0.0,0.0,0.0,0.0,0.0,0.0,0.0,0.0,0.0,0.0,0.0,0.0,0.0,0.0,0.0,0.0,0.0,0.0,0.0,0.0,0.0,0.0,0.0,0.0,0.0,0.0,0.0,0.0,0.0,1994.5104,2023.9287,0.0,0.0,0.0,0.0,1984.2134,1994.5542,0.0,0.0,0.0,0.0,-0.5424356,0.0,0.0,0.0,0.0,0.0,1994,2023,0,0,0,0,"c(-1.15464582724737, 42.4199184991698)",NBR_year,,0.5687312011812721,0.5687391068395019,0.5686685530583129,0.5685191132632073,0.5682904264809906,0.567982197751436,0.5675941984699467,0.5671262666604906,0.5665969544743089,0.5671279493372003,0.3768488252132346,0.3910313754303015,0.3838834283966789,0.4037894241931498,0.406767750258214,0.4117917223195276,0.4249261652913622,0.4167364804825793,0.4381972859384039,0.4400984522371807,0.4466860675671811,0.4587665423649276,0.4507606833175726,0.4725519009974945,0.4733769016313978,0.4815312665422426,0.4925525579225642,0.48604580295798,0.5068530060946391,0.5066034866788616,0.5163267548672973,0.5262842962361247,0.5212877401372573,0.5397786261284337,0.5510719985875285,0.5599618744580103,0.5564856898286079,0.5752937977293578,0.5729027688652566,0.5411003708151363,0.5668624519057546,0.3910313754303015,N,1330.9000170230865,6600.4001121521,23.25723934173584,23.286839946111044,10.807293287913005,11.047195374965668,-0.49884440898895266,-0.3467488618567586
275,[5907 6795],394_N,0.0004635842463117213,0.0017920619228833,1994,0.604494817653911,42.408060737417145,-1.168659545682296,-25.52929,0.013113403,0.0,-0.18708597,0.06257644,-0.012026132,-0.012724967,0.0,-16.995123,0.008736382,-0.26456577,-0.080622636,-0.026342634,0.006727847,0.0,0.10294767,-32.267136,0.016460389,-0.05023431,-0.14777288,0.06759674,-0.030156635,0.0008538556,0.04645979,-3.7100873,0.0020896387,-0.070965834,-0.15968274,0.04509506,-0.06736141,0.012438597,0.027288979,0.0,0.0,0.0,0.0,0.0,0.0,0.0,0.0,0.0,0.0,0.0,0.0,0.0,0.0,0.0,0.0,1986.2312,1988.728,1994.5104,2023.9944,0.0,0.0,1984.2134,1986.3872,1988.8595,1994.5542,0.0,0.0,0.17966697,0.44185564,-0.334316,0.0,0.0,0.0,1986,1988,1994,2023,0,0,"c(-1.1686595456823, 42.4080607374171)",NBR_year,,0.7183163460637428,0.7314348142597195,0.7101862727368238,0.7189201876336405,0.7276467564305344,0.7280844051252121,0.7451523577136749,0.7611422092532039,0.7780285313546045,0.7941838690872063,0.6845762108714801,0.7014880661246543,0.6871788396741056,0.7041206136827872,0.7000799677683026,0.7038059873562129,0.7097015364446712,0.7008002820788285,0.7160626621454173,0.6998409426537181,0.7192620460447064,0.7133432283801755,0.7194742021263585,0.723571266060007,0.7169432379817785,0.7305292701282943,0.7123938218027618,0.7343014564394642,0.7264946522838216,0.7350487394777455,0.7373293045823219,0.7330029508158089,0.7448870669173276,0.7492375569174722,0.7395345149992089,0.7505278919134084,0.7509754173847246,0.7489773521217249,0.7591353189490275,0.7284587854305141,0.7861062002209054,0.7014880661246543,N,1330.9000170230865,6600.4001121521,23.25723934173584,23.286839946111044,10.807293287913005,11.047195374965668,-0.49884440898895266,-0.3467488618567586
276,[5912 6783],394_N,0.0027897167137843,0.0043203200956513,1994,0.496020276293054,42.40671326449071,-1.17189348070574,-2.379141,0.0014021784,-0.058828827,-0.108246304,0.052447736,-0.027890092,-0.007847145,0.034192484,-9.048436,0.0047096084,-0.073839314,-0.12981716,0.026464475,-0.061326377,0.0,0.02237805,0.0,0.0,0.0,0.0,0.0,0.0,0.0,0.0,0.0,0.0,0.0,0.0,0.0,0.0,0.0,0.0,0.0,0.0,0.0,0.0,0.0,0.0,0.0,0.0,0.0,0.0,0.0,0.0,0.0,0.0,0.0,0.0,1994.5104,2023.9944,0.0,0.0,0.0,0.0,1984.2134,1994.5542,0.0,0.0,0.0,0.0,-0.4000615,0.0,0.0,0.0,0.0,0.0,1994,2023,0,0,0,0,"c(-1.17189348070574, 42.4067132644907)",NBR_year,,0.606390706263704,0.6083920740442758,0.6103071501017145,0.6121351215958358,0.6138752451320465,0.6155268475758527,0.6170893267942265,0.6185621523232107,0.6199448659604352,0.621237082282694,0.5383756715079118,0.5552108604644964,0.5470300786082639,0.5633923052754465,0.563259318892712,0.5691594440334183,0.5769715014245245,0.572666130118561,0.5881339384993883,0.5784710311761068,0.5967734933168213,0.5951567736526023,0.6029764469881354,0.6093378952968792,0.6068864391888411,0.6209708514534256,0.6098298940145006,0.6300714631406976,0.6269686918242648,0.6367151390435172,0.6416172623775237,0.641035170505617,0.6537212763077022,0.6632855201260421,0.6586955656882622,0.6703744718800209,0.6738097263781565,0.6751109515985639,0.6863849596486828,0.6432191321079742,0.6205909741215646,0.5552108604644964,N,1330.9000170230865,6600.4001121521,23.25723934173584,23.286839946111044,10.807293287913005,11.047195374965668,-0.49884440898895266,-0.3467488618567586
277,[5774 7146],394_N,0.0070070705517525,0.0080381690988782,1994,0.585784118887284,42.44390351726031,-1.074066946246565,8.2012415,-0.0038200344,0.03585845,-0.021535603,0.01321944,0.0,-0.0013439264,-0.0017453259,-16.582003,0.008451217,0.02240012,-0.030652717,0.0317341,-0.020132435,0.0,0.0090041775,0.0,0.0,0.0,0.0,0.0,0.0,0.0,0.0,0.0,0.0,0.0,0.0,0.0,0.0,0.0,0.0,0.0,0.0,0.0,0.0,0.0,0.0,0.0,0.0,0.0,0.0,0.0,0.0,0.0,0.0,0.0,0.0,1994.5104,2023.9944,0.0,0.0,0.0,0.0,1984.3037,1994.5789,0.0,0.0,0.0,0.0,-0.27586296,0.0,0.0,0.0,0.0,0.0,1994,2023,0,0,0,0,"c(-1.07406694624657, 42.4439035172603)",NBR_year,,,0.655691623410073,0.651693344410165,0.6480566581353822,0.644298217460731,0.6404099847162564,0.6364158876438185,0.6327778928370874,0.6290180490709575,0.6251283290337242,0.6211384168586406,0.3249914885354039,0.337152931539122,0.3397907473997881,0.3537052291183757,0.3600268412941667,0.3690077390077775,0.3788737435749362,0.3831946363819233,0.3963428523187906,0.400134725620854,0.412494129149281,0.4199400965391888,0.4274330955311382,0.4383545171614018,0.4413059732328976,0.4554047080509059,0.4603457315303877,0.471165227472369,0.4797181709937217,0.4857548705129689,0.4977027118705756,0.5000955587196013,0.5204225603049969,0.5297225537236641,0.5393613625947432,0.5439782033325316,0.5569200999100092,0.5604675345019566,0.5143412378984411,0.6270731890523409,0.3249914885354039,N,1311.2000274658203,6818.400172472,23.136512406667073,23.088657959302267,10.729057550430298,10.975056517124177,-0.50546875,-0.3210652683628723
278,[5744 7057],394_N,0.0125599252268417,0.0123974308170847,1994,0.459241344428204,42.45198835481892,-1.098051964337106,5.3329244,-0.0024395115,0.07249427,-0.0026528991,0.044554155,-0.020176377,0.0059602153,0.016324114,-25.950726,0.013078331,0.004484337,-0.04406824,0.05983337,-0.03920684,0.00047583212,0.019568037,0.0,0.0,0.0,0.0,0.0,0.0,0.0,0.0,0.0,0.0,0.0,0.0,0.0,0.0,0.0,0.0,0.0,0.0,0.0,0.0,0.0,0.0,0.0,0.0,0.0,0.0,0.0,0.0,0.0,0.0,0.0,0.0,1994.5542,2023.9944,0.0,0.0,0.0,0.0,1984.3037,1994.5789,0.0,0.0,0.0,0.0,-0.5834727,0.0,0.0,0.0,0.0,0.0,1994,2023,0,0,0,0,"c(-1.09805196433711, 42.4519883548189)",NBR_year,,,0.584350844222263,0.5819657370627012,0.5795548353928904,0.5771177103930073,0.5746538867819055,0.572162843562422,0.5696440149728818,0.5670967916425317,0.5645962232198433,0.5622725077083521,0.2478572883082274,0.2711979478844127,0.2806991842591845,0.2934295155641918,0.3106569144424362,0.3130854116967292,0.3376786588434304,0.3417888233619524,0.3618152456705288,0.373744525290551,0.3832175161777766,0.4027889399370411,0.4021295103096636,0.4289022276611054,0.4354492730783293,0.4521668361574302,0.4665069417980181,0.4727635414032931,0.4946361155460292,0.4958059046499232,0.5198489668985191,0.5288339077260857,0.5589847617819972,0.5620766754716183,0.5861998819079397,0.589794227241794,0.6105233541723546,0.6219389358081978,0.5422591779342535,0.5658465074311875,0.2478572883082274,N,1311.2000274658203,6818.400172472,23.136512406667073,23.088657959302267,10.729057550430298,10.975056517124177,-0.50546875,-0.3210652683628723
279,[5154 6706],368_N,0.00047277081932198815,0.003763558905216,1989,0.5414734179604697,42.61099016013824,-1.192644563772838,-16.959505,0.008770736,0.02770082,-0.04114711,0.056786157,-0.017731503,0.0,0.033270247,-8.432816,0.0044145454,-0.041427635,-0.0738758,0.015979806,-0.062000647,0.004935812,0.012989255,0.0,0.0,0.0,0.0,0.0,0.0,0.0,0.0,0.0,0.0,0.0,0.0,0.0,0.0,0.0,0.0,0.0,0.0,0.0,0.0,0.0,0.0,0.0,0.0,0.0,0.0,0.0,0.0,0.0,0.0,0.0,0.0,1989.5413,2023.8821,0.0,0.0,0.0,0.0,1984.2134,1989.8671,0.0,0.0,0.0,0.0,-0.4673917,0.0,0.0,0.0,0.0,0.0,1989,2023,0,0,0,0,"c(-1.19264456377284, 42.6109901601382)",NBR_year,,0.5405620927650231,0.5490626830521033,0.5580430692779573,0.566745980507644,0.5754739725342716,0.5362881460008676,0.490873257453654,0.4938042610409336,0.4946339344737749,0.4934032660690028,0.4932371115502639,0.5042234672843722,0.5134899679433781,0.5208671168030584,0.5262325979056465,0.5295145978783945,0.53069345166795,0.5298015808549462,0.5273037481238652,0.5385575304888933,0.5481240116000352,0.555826258341127,0.5615338066965617,0.5651662556403397,0.5666951964934431,0.5661444355579759,0.5635885328705872,0.572844517995152,0.5827060412703431,0.5907297450470681,0.5967771175633013,0.6007592239569434,0.6026389180707923,0.6002027817356025,0.6070853706371397,0.6172367941740095,0.6255780894451067,0.631962804769087,0.6362935331547364,0.6024313500444304,0.5711099765209577,0.490873257453654,N,1841.700026512146,7384.200138092041,22.571997197469077,22.440771786371865,10.193367179234823,10.632575341065724,-0.30449218563735486,-0.36642252686433496
280,[5682 7019],394_N,0.0123952962521312,0.0126908446078602,1994,0.609104939522313,42.46869701910671,-1.108292758578012,-37.990555,0.019338664,-0.022082016,-0.07065469,0.03589,-0.019059712,-0.008567533,0.026692217,-25.318329,0.012823463,-0.0358261,-0.091511965,0.035825554,-0.03581704,0.0,0.021894254,0.0,0.0,0.0,0.0,0.0,0.0,0.0,0.0,0.0,0.0,0.0,0.0,0.0,0.0,0.0,0.0,0.0,0.0,0.0,0.0,0.0,0.0,0.0,0.0,0.0,0.0,0.0,0.0,0.0,0.0,0.0,0.0,1994.5104,2023.9287,0.0,0.0,0.0,0.0,1984.2134,1994.5789,0.0,0.0,0.0,0.0,-0.5955144,0.0,0.0,0.0,0.0,0.0,1994,2023,0,0,0,0,"c(-1.10829275857801, 42.4686970191067)",NBR_year,,0.517206022558326,0.5368553867498972,0.5564422218954307,0.5759660173555662,0.5954263167017891,0.6148227182258588,0.6341548753907288,0.6534224972222661,0.6726253486414034,0.6917632507364689,0.4089125182769542,0.4111272848912503,0.4328761804294644,0.4447495383292252,0.452013132018048,0.4731037661519067,0.4768095382399744,0.4962922971071315,0.5096277410655087,0.5147392076565808,0.537172047968782,0.5423704866217881,0.5595955596459844,0.5743803971401458,0.5773693738682926,0.6011184344419815,0.6078089693162644,0.6227881598279603,0.6390075549469675,0.6399067627962595,0.6649441770484547,0.6731240080820406,0.6858724480255979,0.7034986210737085,0.7286507055434175,0.7383148090012976,0.7488509285858689,0.7678865090246689,0.7693600280309915,0.7035094509198078,0.6821942996889362,0.4111272848912503,N,1330.9000170230865,6600.4001121521,23.25723934173584,23.286839946111044,10.807293287913005,11.047195374965668,-0.50546875,-0.3210652683628723
281,[4304 5533],382_N,0.0090906358456709,0.0087938623761401,1991,0.6058165798707171,42.84006055763218,-1.508761712314471,0.6234312,0.0,0.071606204,0.0013668758,0.031763602,0.029326001,-0.009401447,0.0,-18.179287,0.009230837,0.0,-0.028428666,0.06198747,-0.028583905,0.0053782123,0.0077605387,0.0,0.0,0.0,0.0,0.0,0.0,0.0,0.0,0.0,0.0,0.0,0.0,0.0,0.0,0.0,0.0,0.0,0.0,0.0,0.0,0.0,0.0,0.0,0.0,0.0,0.0,0.0,0.0,0.0,0.0,0.0,0.0,1991.6193,2023.8821,0.0,0.0,0.0,0.0,1984.3037,1991.9259,0.0,0.0,0.0,0.0,-0.53239363,0.0,0.0,0.0,0.0,0.0,1991,2023,0,0,0,0,"c(-1.50876171231447, 42.8400605576322)",NBR_year,,0.6528778532991696,0.7005797534563716,0.7006349677833016,0.7004787273015156,0.7006526829116045,0.7005002217355901,0.700627325937521,0.7005932412476464,0.2943198580213991,0.3142646231819054,0.3165618665277988,0.3306519055391743,0.3397730372497537,0.3447285386586804,0.3604101024941172,0.3579626603176433,0.3784977897177474,0.3829184384668659,0.3941490772634215,0.4053368197315059,0.4075575816702285,0.4251790002899386,0.4248507032907981,0.4424975883023188,0.4490319050769017,0.457431458087786,0.470653798796867,0.4701971055442029,0.4897061584852317,0.4915033944062235,0.5062689787018657,0.5149001726784518,0.5205061999395866,0.5327805312782864,0.5539948475082074,0.5579167417240618,0.5698176333826468,0.5805219996108072,0.5833810605225759,0.5357246200775804,0.7005637738365555,0.2943198580213991,N,1726.6000356674194,7034.9001269340515,22.21490281422933,22.526436805725098,10.95898265838623,11.286854251225789,-0.13647461030632257,-0.2897176109778229
282,[5743 6999],394_N,0.0128230491567846,0.0142922425528182,1994,0.666793090016068,42.45225784940422,-1.113682650283751,-4.089208,0.0023827837,0.02831056,-0.024346929,0.0,0.0047390535,-0.020664267,0.00864682,-29.22875,0.014773821,0.0467946,-0.050569873,0.07210553,-0.01349221,0.015630968,0.017035501,0.0,0.0,0.0,0.0,0.0,0.0,0.0,0.0,0.0,0.0,0.0,0.0,0.0,0.0,0.0,0.0,0.0,0.0,0.0,0.0,0.0,0.0,0.0,0.0,0.0,0.0,0.0,0.0,0.0,0.0,0.0,0.0,1994.5104,2023.9287,0.0,0.0,0.0,0.0,1984.3037,1994.5542,0.0,0.0,0.0,0.0,-0.24569306,0.0,0.0,0.0,0.0,0.0,1994,2023,0,0,0,0,"c(-1.11368265028375, 42.4522578494042)",NBR_year,,,0.6913431526735127,0.6939989097867042,0.6962664841935411,0.6981345068324896,0.7008794077314485,0.7035309257779013,0.7057941013159299,0.7076576328037203,0.7104156166931463,0.7130628935314731,0.3262690043957511,0.3433014297524436,0.36008938789906,0.3677182203995398,0.3903842501796746,0.3994711970214432,0.4175771227306893,0.4336805966855389,0.4422253650692958,0.4643293850690096,0.4726311929798314,0.4918245327659543,0.5072321788457115,0.5167114173982083,0.5382394400090094,0.5457488510956867,0.5660429498941945,0.5807437640719151,0.5911755909956411,0.6121138554521152,0.618824056099626,0.6402316755675433,0.6656171047648888,0.685952089555024,0.6918567189010965,0.7143900232851375,0.7276455752124836,0.740035183551428,0.6542150045146331,0.7090366247484333,0.3262690043957511,N,1330.9000170230865,6600.4001121521,23.25723934173584,23.286839946111044,10.807293287913005,11.047195374965668,-0.50546875,-0.3210652683628723
283,[5896 6819],394_N,0.0026865087603224,0.0029399710719743,1994,0.456640153529665,42.411025177855294,-1.162191675635408,0.36312467,0.0,-0.0154698305,-0.08194118,0.047613535,-0.014926679,0.0,0.0101792645,-24.870422,0.0126922885,0.03577852,-0.06807963,0.09184433,-0.007900585,0.019787237,0.024223998,-6.4789734,0.0034271947,0.006074242,-0.07149139,0.06295489,-0.025025997,0.01896429,0.024373911,0.0,0.0,0.0,0.0,0.0,0.0,0.0,0.0,0.0,0.0,0.0,0.0,0.0,0.0,0.0,0.0,0.0,0.0,0.0,0.0,0.0,0.0,0.0,0.0,1988.9033,1994.5104,2023.9944,0.0,0.0,0.0,1984.2134,1988.928,1994.5542,0.0,0.0,0.0,-0.14375582,-0.5555333,0.0,0.0,0.0,0.0,1988,1994,2023,0,0,0,"c(-1.16219167563541, 42.4110251778553)",NBR_year,,0.4867134812366278,0.4866212201707758,0.4866564803263479,0.4867391076719828,0.4867984132317205,0.501896830774348,0.5143277961568437,0.5270097479436087,0.5399732375020122,0.5525950270214568,0.474331349388605,0.4821814951619345,0.4757415517364411,0.490025909240621,0.4818791062506095,0.4956140389635466,0.4950403406474988,0.499142197001195,0.5057303440930739,0.5008568960074317,0.5140082412373516,0.5044345355307486,0.5199998166501513,0.5180529027567886,0.5238911162496693,0.5291967841565632,0.5259201105363257,0.5379124698347059,0.526906267418237,0.5443138559707114,0.5409809166014211,0.5485764365856735,0.5525802642761147,0.5617376376226875,0.5516454676552441,0.5685548388960163,0.5638243531870463,0.5731965364851737,0.5758803123602529,0.5509293004667651,0.5462841322617344,0.4821814951619345,N,1330.9000170230865,6600.4001121521,23.25723934173584,23.286839946111044,10.807293287913005,11.047195374965668,-0.49884440898895266,-0.3467488618567586
284,[5704 7013],394_N,0.0055628223180548,0.0081864094537372,1994,0.433899958275384,42.4627681382304,-1.109909726089733,-17.016415,0.008710423,-0.04683329,-0.054678068,0.039429184,-0.019171368,-0.00545767,0.018693674,-17.544668,0.008901339,-0.05999063,-0.07518633,0.033865284,-0.028566286,0.0026363973,0.027879916,0.0,0.0,0.0,0.0,0.0,0.0,0.0,0.0,0.0,0.0,0.0,0.0,0.0,0.0,0.0,0.0,0.0,0.0,0.0,0.0,0.0,0.0,0.0,0.0,0.0,0.0,0.0,0.0,0.0,0.0,0.0,0.0,1994.5104,2023.9287,0.0,0.0,0.0,0.0,1984.2134,1994.5542,0.0,0.0,0.0,0.0,-0.40709066,0.0,0.0,0.0,0.0,0.0,1994,2023,0,0,0,0,"c(-1.10990972608973, 42.4627681382304)",NBR_year,,0.4029401282213412,0.4113360643722462,0.4196744315126636,0.4283920649587742,0.4374712048086718,0.446493845286503,0.4554596555738021,0.4643683485075353,0.4732196808624615,0.4820134535898042,0.3629486040454114,0.3805291189845282,0.3776348073348106,0.3966683223632978,0.4036118531665894,0.4083432305748025,0.4249396440418471,0.4210205683022215,0.4415663672953765,0.4474737128986795,0.4536933243824261,0.469297832502871,0.4643584465622244,0.4864143203588856,0.4912840382546854,0.498998227593363,0.5136036111141742,0.5076489798116585,0.5312118156829926,0.5350430856067009,0.5442573080592737,0.5578569381421986,0.5531316026593002,0.578751142086125,0.5894699598568132,0.6020578034164232,0.5987582500936944,0.6206541194321388,0.6224085253725606,0.5759585173032999,0.4776165672261329,0.3805291189845282,N,1330.9000170230865,6600.4001121521,23.25723934173584,23.286839946111044,10.807293287913005,11.047195374965668,-0.50546875,-0.3210652683628723
285,[5556 6075],387_N,0.0099294234435825,0.0125684340234078,1992,0.6166546953527188,42.50265333685287,-1.362695647088925,0.70252806,0.0,0.0789497,-0.029672515,0.06877238,-0.015561527,0.034468293,0.006436747,-26.968454,0.013702483,-0.013737663,-0.062410448,0.022986615,-0.02060573,0.0,0.019772839,0.0,0.0,0.0,0.0,0.0,0.0,0.0,0.0,0.0,0.0,0.0,0.0,0.0,0.0,0.0,0.0,0.0,0.0,0.0,0.0,0.0,0.0,0.0,0.0,0.0,0.0,0.0,0.0,0.0,0.0,0.0,0.0,1992.5392,2023.9479,0.0,0.0,0.0,0.0,1984.2134,1992.6267,0.0,0.0,0.0,0.0,-0.70922947,0.0,0.0,0.0,0.0,0.0,1992,2023,0,0,0,0,"c(-1.36269564708893, 42.5026533368529)",NBR_year,,,0.826297158736214,0.8260987535569526,0.826047871537019,0.8263318471945111,0.825675797388425,0.8264293588427968,0.8253943991406375,0.8263945040328883,0.4438286211366706,0.4577391718051838,0.4683180710433189,0.4755566029716763,0.4934757383545834,0.5115142663728967,0.5265511102283229,0.5383077219692857,0.5467035535967687,0.5598406440994576,0.578830558141629,0.5949593660383198,0.6078837552800117,0.6174522490020172,0.6259161162706582,0.645794819843821,0.6629732836352168,0.6770467766944354,0.6877944572405555,0.6951973016048272,0.7124268742908794,0.7306051192315028,0.7458004964671122,0.7577250088450729,0.7787488530961919,0.7978699201515688,0.8141516882669285,0.8272418384025787,0.8369788577946593,0.8447849849786584,0.7662878889195249,0.8259118789917171,0.4438286211366706,N,1418.900025010109,5787.800113499165,24.47205743789673,24.957279260953268,11.99361866315206,12.423774870236715,-0.24096680283546448,-0.3317749048117548
286,[2928 5001],305_N,0.0044721615566678,0.007100778773741,1989,0.7278605237384741,43.21088510698707,-1.652132831687147,27.237364,-0.013364151,-0.01962982,-0.0543225,0.042440806,0.0,0.02390743,0.0136209065,-15.430365,0.007945956,-0.13232158,-0.07012998,0.0490034,-0.027003458,0.013784303,0.025298549,0.0,0.0,0.0,0.0,0.0,0.0,0.0,0.0,0.0,0.0,0.0,0.0,0.0,0.0,0.0,0.0,0.0,0.0,0.0,0.0,0.0,0.0,0.0,0.0,0.0,0.0,0.0,0.0,0.0,0.0,0.0,0.0,1989.8671,2023.8821,0.0,0.0,0.0,0.0,1984.3037,1990.0422,0.0,0.0,0.0,0.0,-0.320508,0.0,0.0,0.0,0.0,0.0,1989,2023,0,0,0,0,"c(-1.65213283168715, 43.2108851069871)",NBR_year,,0.8086215789396576,0.7952001670725214,0.7818999568001684,0.7684622543806493,0.7551779272887491,0.7417239660399614,0.6198255300993645,0.6267530427527463,0.6327827480080147,0.6379223172022838,0.6421863378827035,0.6455962095375491,0.6481799665290505,0.6519034715823901,0.6655627014284897,0.6785055059120566,0.6906885473838834,0.7020736350829471,0.7126281703519471,0.7223255360521658,0.7311454252662672,0.7390741050878988,0.7461046120537934,0.7522368765824322,0.7574777746219916,0.761841105574185,0.7653474964395022,0.7680242330119672,0.7703949193884086,0.7841332144841425,0.7971603539075295,0.8094324413165821,0.8209106729539745,0.8413584691902021,0.8502796695957555,0.8583108931381215,0.8654443934479488,0.8716793074515689,0.8770217154182552,0.8315617889101482,0.7618200908346993,0.6198255300993645,N,3005.7000484466553,11650.500235557556,21.780928134918213,22.15673137505849,13.225488599141439,13.45493069489797,-0.2714192677289248,-0.37399495523422954
287,[5865 6752],394_N,0.0076757783931728,0.0067586417687882,1994,0.466936276254103,42.4193795099992,-1.180247812849637,-82.52852,0.041753057,-0.06795861,-0.14063841,0.039836977,-0.025248911,-0.019855369,0.035855386,1.4393513,-0.0005439743,-0.090249605,-0.10958553,0.029462801,-0.033385865,-0.016255964,0.03367575,-13.868796,0.007048577,-0.060114227,-0.08171871,0.034613784,-0.04066243,0.0003880406,0.031203017,0.0,0.0,0.0,0.0,0.0,0.0,0.0,0.0,0.0,0.0,0.0,0.0,0.0,0.0,0.0,0.0,0.0,0.0,0.0,0.0,0.0,0.0,0.0,0.0,1986.6062,1994.5104,2023.9944,0.0,0.0,0.0,1984.3037,1986.6254,1994.598,0.0,0.0,0.0,-0.0946913,-0.6244286,0.0,0.0,0.0,0.0,1986,1994,2023,0,0,0,"c(-1.18024781284964, 42.4193795099992)",NBR_year,,0.5635383213429799,0.6052876072722607,0.571461180068512,0.5709594449050358,0.5703940150496565,0.5697648597625378,0.5690719874065961,0.568315445376721,0.5674953199967533,0.5666117363863679,0.363696568612901,0.3588432301370339,0.3792417715886132,0.3757755529931159,0.3905272541752416,0.3972221221028983,0.397760158504757,0.4144341336865575,0.4070760509742965,0.4273565875811829,0.4301093093907436,0.4361242346377135,0.4489798189551464,0.4410550625154698,0.4635595645437554,0.4623689698594144,0.4739099232369752,0.4828786500009062,0.4802792989661447,0.4991249364153332,0.4940160655127994,0.51109547618395,0.5161347612220523,0.5340457126911765,0.5250695447258631,0.5476631086457585,0.5487565538843425,0.5570909348031716,0.5683192108607141,0.5189671353306173,0.5670535281915605,0.3588432301370339,N,1330.9000170230865,6600.4001121521,23.25723934173584,23.286839946111044,10.807293287913005,11.047195374965668,-0.49884440898895266,-0.3467488618567586
288,[5861 6786],394_N,0.0054716714435834,0.0049348323119825,1994,0.432746557383781,42.42045748834035,-1.171084996949879,-40.008453,0.020351486,0.031936776,-0.121293515,0.11569066,-0.009762216,0.01658535,0.016196327,-35.891094,0.018229596,-0.06620128,-0.11897279,0.024613904,-0.06953368,-0.02879678,0.019047745,-49.138103,0.024843942,-0.05138387,-0.077747494,0.030649204,-0.0073524793,-0.021043943,0.051905926,-10.307223,0.0053053717,-0.064031385,-0.07960728,0.030653423,-0.03287306,0.0,0.02393659,0.0,0.0,0.0,0.0,0.0,0.0,0.0,0.0,0.0,0.0,0.0,0.0,0.0,0.0,0.0,0.0,1986.494,1989.5604,1994.5104,2023.9944,0.0,0.0,1984.3037,1986.6062,1989.585,1994.598,0.0,0.0,-0.13484591,-0.1839697,-0.57469374,0.0,0.0,0.0,1986,1989,1994,2023,0,0,"c(-1.17108499694988, 42.4204574883403)",NBR_year,,0.5603982044390536,0.5807699480550748,0.5200153681433557,0.5382862521394737,0.5565883750887656,0.4686180323935291,0.4933515808537964,0.5180125317463943,0.5426011889917607,0.5676415579098251,0.4356286618363978,0.433103538515786,0.448110941787801,0.4430422600335438,0.4570131257747364,0.4604618957337031,0.4624860997009024,0.474340601623,0.4660163250741883,0.4846208907703627,0.4847614170335318,0.4913959961688294,0.5000278692157911,0.4949052935235865,0.5117003237754747,0.5085366260352393,0.5198136704856974,0.5251734137750443,0.5245517025713794,0.5382432913906519,0.5318001847554361,0.5477226031296318,0.5497813245726957,0.564245049831436,0.5565605571283381,0.5751094455920855,0.5738590716172755,0.5824432714058209,0.5897042793586191,0.5537381109099441,0.5551213734507929,0.433103538515786,N,1330.9000170230865,6600.4001121521,23.25723934173584,23.286839946111044,10.807293287913005,11.047195374965668,-0.49884440898895266,-0.3467488618567586
289,[4241 4917],294_N,0.0105906377454789,0.0131572153493141,2000,0.5019776797870473,42.85703871650526,-1.674770376851253,472.0275,-0.2375496,-0.09139113,-0.011349683,0.0,0.0,0.0,0.0,-13.0121,0.006746442,-0.055227026,-0.03460322,0.037558503,-0.01650307,0.0,0.017809685,-26.907932,0.0135798715,-0.009245138,-0.03635452,0.06777752,-0.050573923,0.005557915,0.0034864875,0.0,0.0,0.0,0.0,0.0,0.0,0.0,0.0,0.0,0.0,0.0,0.0,0.0,0.0,0.0,0.0,0.0,0.0,0.0,0.0,0.0,0.0,0.0,0.0,1987.1073,2000.6432,2023.8821,0.0,0.0,0.0,1984.3037,1987.3263,2001.0813,0.0,0.0,0.0,0.37069854,-0.44318143,0.0,0.0,0.0,0.0,1987,2000,2023,0,0,0,"c(-1.67477037685125, 42.8570387165053)",NBR_year,,0.6555547077265087,0.4180071687941837,0.1804594940932127,0.5202845911577779,0.5280232030522027,0.5348405642576214,0.5407335718340894,0.5461688117250911,0.5544851502849716,0.5618885127512984,0.5683680774180682,0.5739252004781605,0.5805788766644367,0.5885638741706345,0.5956305422915888,0.601772491106246,,0.3828376563618812,0.4006899132741178,0.4154055183822092,0.4270503574939935,0.4357908450892758,0.4536944323039192,0.4696488162340683,0.4824939356306507,0.4923573930412751,0.5062073927132019,0.5234044005668702,0.5374698601073477,0.5484912687835586,0.5582319193375915,0.5766687599296835,0.5919683266357448,0.613442915528519,0.6294409812443347,0.6459819633481649,0.6594011163163677,0.6698072549731361,0.6817227878687011,0.6041769564554016,0.5987015166989174,0.3828376563618812,N,1477.8000330924988,6216.700133919716,23.91165402730306,23.855032912890117,11.927323404947916,12.259393676122029,-0.4656738266348839,-0.422401258846124
290,[5835 6787],394_N,0.0041946693859558,0.0051109435002828,1994,0.411422295814698,42.42746434755781,-1.170815502364592,-1.586418,0.00094765984,-0.11216114,-0.07949633,0.02395445,-0.051047288,0.0,0.036554392,-10.292637,0.0052950694,-0.09072132,-0.07367716,0.0077167274,-0.06489333,0.0,0.017932847,0.0,0.0,0.0,0.0,0.0,0.0,0.0,0.0,0.0,0.0,0.0,0.0,0.0,0.0,0.0,0.0,0.0,0.0,0.0,0.0,0.0,0.0,0.0,0.0,0.0,0.0,0.0,0.0,0.0,0.0,0.0,0.0,1994.5104,2023.9944,0.0,0.0,0.0,0.0,1984.3037,1994.598,0.0,0.0,0.0,0.0,-0.29217416,0.0,0.0,0.0,0.0,0.0,1994,2023,0,0,0,0,"c(-1.17081550236459, 42.4274643475578)",NBR_year,,0.5146553669750121,0.5168925359047086,0.5178924945893724,0.5176498766124905,0.518467125715035,0.5206905935781151,0.5216767166882462,0.5214202801827365,0.5222787331378466,0.524488497612203,0.4466157972353635,0.4537679133877546,0.4506173144216913,0.4660006470718031,0.4617503153788146,0.4747412603175338,0.478679429775042,0.4800378742514933,0.492252234593761,0.4849115898832525,0.5023478006023352,0.5030853821272742,0.5089657496577699,0.5179799652673308,0.512231557089452,0.5294303700325058,0.5269974183261464,0.5373885217189767,0.5431888468060935,0.5419308744489778,0.5559867833934111,0.5504295442826659,0.5652966114039479,0.5711459865572428,0.5820176878486195,0.5736887488578594,0.5926833060665571,0.5920832797140102,0.5998628495378159,0.5678865446873801,0.5233836153750248,0.4537679133877546,N,1330.9000170230865,6600.4001121521,23.25723934173584,23.286839946111044,10.807293287913005,11.047195374965668,-0.49884440898895266,-0.3467488618567586
291,[5754 7082],394_N,0.0078895311398178,0.0088540509011395,1994,0.574241460644165,42.44929340896605,-1.091314599704932,-67.127014,0.03411611,0.072841056,-0.031494576,-0.014924554,0.009937061,-0.038158342,0.0031103874,26.802055,-0.0131544545,0.12106256,-0.0062881564,0.04423252,0.020392872,0.0,0.0033608994,-18.454649,0.00930361,0.016683957,-0.034585893,0.05136665,-0.016663553,0.002163895,0.016523805,0.0,0.0,0.0,0.0,0.0,0.0,0.0,0.0,0.0,0.0,0.0,0.0,0.0,0.0,0.0,0.0,0.0,0.0,0.0,0.0,0.0,0.0,0.0,0.0,1986.7377,1994.5104,2023.9944,0.0,0.0,0.0,1984.3037,1986.7568,1994.5789,0.0,0.0,0.0,0.12340922,-0.7799896,0.0,0.0,0.0,0.0,1986,1994,2023,0,0,0,"c(-1.09131459970493, 42.449293408966)",NBR_year,,,0.7106059793170113,0.7447244951857526,0.7890486725563575,0.7757043321011449,0.7624805502578637,0.7495716393727827,0.736381899468677,0.7229227463186697,0.7100038364883992,0.6969723879412327,0.1820998758099214,0.1975469442921371,0.1976422729547025,0.2155412759041588,0.2215475315090107,0.231509231126461,0.2432345227738819,0.2456562386255662,0.2627083368962397,0.264651763151607,0.2800537487424167,0.2878707953820212,0.2954298069363453,0.3088644112939864,0.309061338696324,0.3276628892437063,0.3314499203869388,0.3443748595144079,0.3539777631277996,0.3591808938327122,0.3742809612358012,0.373984447259476,0.3980343458492668,0.4085107785418941,0.4198685139356154,0.4227704425547553,0.439486671632036,0.4410383690302367,0.3924146791023781,0.7164632914035345,0.1820998758099214,N,1311.2000274658203,6818.400172472,23.136512406667073,23.088657959302267,10.729057550430298,10.975056517124177,-0.50546875,-0.3210652683628723
292,[3047 4787],304_N,-0.0015543579159782,0.0013106236522044,1989,0.7027148872144572,43.17881525133792,-1.709804672938561,15.965768,-0.0077863005,-0.18243498,-0.16478845,0.0370593,-0.015949968,0.0,0.015185366,-5.42414,0.0029498346,-0.23509966,-0.161348,0.011277467,-0.047742486,0.0,0.05529538,0.0,0.0,0.0,0.0,0.0,0.0,0.0,0.0,0.0,0.0,0.0,0.0,0.0,0.0,0.0,0.0,0.0,0.0,0.0,0.0,0.0,0.0,0.0,0.0,0.0,0.0,0.0,0.0,0.0,0.0,0.0,0.0,1989.8671,2023.9014,0.0,0.0,0.0,0.0,1984.4543,1990.0422,0.0,0.0,0.0,0.0,-0.22627397,0.0,0.0,0.0,0.0,0.0,1989,2023,0,0,0,0,"c(-1.70980467293856, 43.1788152513379)",NBR_year,,0.8116370429456247,0.8036674989817362,0.7962135893931949,0.7881865354095878,0.7804185490468178,0.7728525693979006,0.821519704411716,0.8218686124192637,0.82065899926151,0.8179332015944897,0.8137479148318245,0.8081732934282896,0.8058186740113497,0.8180582073776181,0.8289415505299874,0.8383912383736314,0.8463439679552555,0.8527513596216918,0.8575805083775004,0.8608143182487962,0.8624516157444265,0.8625070418256829,0.861010725126365,0.8580077424394927,0.853557375668102,0.8477321774558042,0.8489495655364787,0.8609424209950958,0.8715635910578403,0.880738187374764,0.8884056413282997,0.8945204267178519,0.8990525710568384,0.90332835387502,0.9030913495569112,0.9013099023720972,0.8980318033199586,0.8933188881878166,0.8872460690516931,0.9019879488950084,0.7843025422282028,0.821519704411716,N,2519.700078010559,9929.700184822083,21.05417947769165,21.363773783047993,11.75977217356364,12.062874456246695,-0.2714192677289248,-0.37399495523422954
293,[5924 6738],394_N,0.0007131515916808829,0.002869392654495,1994,0.409976527585416,42.40347932946728,-1.184020737043654,20.34914,-0.010041056,0.05776202,-0.09610784,0.09170326,-0.024618052,0.01411584,0.03466719,-28.971878,0.014743783,0.026811168,-0.08801367,0.059278503,-0.027750073,0.0080686845,0.030092265,-5.5938344,0.0029689176,-0.055415343,-0.09766107,0.021545105,-0.06056506,0.0033239766,0.01570512,0.0,0.0,0.0,0.0,0.0,0.0,0.0,0.0,0.0,0.0,0.0,0.0,0.0,0.0,0.0,0.0,0.0,0.0,0.0,0.0,0.0,0.0,0.0,0.0,1988.9471,1994.5104,2023.9944,0.0,0.0,0.0,1984.2134,1988.9717,1994.5542,0.0,0.0,0.0,-0.15262537,-0.3722534,0.0,0.0,0.0,0.0,1988,1994,2023,0,0,0,"c(-1.18402073704365, 42.4034793294673)",NBR_year,,0.5563658261416509,0.5462057541594094,0.535946988602364,0.5259552327190188,0.516116567105287,0.484501817237777,0.4991137639741848,0.5135466006054848,0.5284517751756997,0.5434235801459917,0.4928129153173428,0.4929294154462681,0.4924139540981706,0.4956514944967791,0.5017610476185409,0.4964951734046726,0.5089768238887173,0.5004931855202455,0.5140890464644973,0.5123347037556935,0.5171735002035257,0.5220744812808455,0.5183522038241848,0.5296831155949635,0.5199610948719233,0.535179426441791,0.5321836792600769,0.538630423202242,0.5423151345598933,0.5401497895518467,0.5503172685361699,0.539894914952996,0.5561999560738776,0.560021379339891,0.5624830699902355,0.5618867855494402,0.5708790395780667,0.5619457821262701,0.577150090566779,0.5519612434997171,0.5359376776608458,0.4929294154462681,N,1330.9000170230865,6600.4001121521,23.25723934173584,23.286839946111044,10.807293287913005,11.047195374965668,-0.49884440898895266,-0.3467488618567586
294,[5736 6990],394_N,0.008580008507596,0.0103637542974195,1994,0.413058216002923,42.45414431150122,-1.116108101551334,-33.6298,0.017081922,0.07346969,-0.06826815,0.078931235,-0.015538173,0.01277246,0.016922902,-21.539465,0.010879845,0.018816946,-0.06476668,0.06537564,-0.032111745,0.009741465,0.019818459,0.0,0.0,0.0,0.0,0.0,0.0,0.0,0.0,0.0,0.0,0.0,0.0,0.0,0.0,0.0,0.0,0.0,0.0,0.0,0.0,0.0,0.0,0.0,0.0,0.0,0.0,0.0,0.0,0.0,0.0,0.0,0.0,1994.5104,2023.9287,0.0,0.0,0.0,0.0,1984.3037,1994.5542,0.0,0.0,0.0,0.0,-0.5266319,0.0,0.0,0.0,0.0,0.0,1994,2023,0,0,0,0,"c(-1.11610810155133, 42.4541443115012)",NBR_year,,0.3487336194297342,0.3691226662303319,0.3865518170285181,0.4037061559542691,0.4205493728276098,0.4374556061613431,0.4548818912448262,0.4720329670533084,0.4888725101789665,0.5057885162989143,0.5232119313346847,0.281926221122584,0.2852906561799541,0.3054524265254187,0.3074702616719694,0.3248262636605641,0.3358850264198751,0.3405181166080761,0.3598676362445961,0.3609084063695938,0.3796597660858136,0.3897944951404249,0.3957117345779087,0.4142362095843326,0.4142972438977345,0.4344516563765373,0.4436544903299969,0.4508706869912303,0.4685577470367257,0.4676369481818884,0.4892013070709756,0.4974649040460654,0.5059941664612548,0.5209277230604142,0.5439081126495305,0.5512256575427852,0.5610813819581997,0.5770582479836023,0.5749246586069484,0.5228318753674812,0.4973305132389404,0.281926221122584,N,1330.9000170230865,6600.4001121521,23.25723934173584,23.286839946111044,10.807293287913005,11.047195374965668,-0.50546875,-0.3210652683628723
295,[5752 7095],394_N,0.0114590948866898,0.0115451990946098,1994,0.623860499011954,42.44983239813664,-1.087811170096201,-1.6844184,0.0012342455,0.120840676,-0.016593788,0.04188428,-0.013714134,0.04497136,-0.025283653,42.715904,-0.021123243,0.07271873,-0.0073576258,0.009870879,0.007959534,-0.016271269,-0.005459592,-24.139378,0.012175819,0.013069719,-0.040463995,0.06296929,-0.025423527,0.010994235,0.008968405,0.0,0.0,0.0,0.0,0.0,0.0,0.0,0.0,0.0,0.0,0.0,0.0,0.0,0.0,0.0,0.0,0.0,0.0,0.0,0.0,0.0,0.0,0.0,0.0,1987.8766,1994.5104,2023.9944,0.0,0.0,0.0,1984.3037,1987.9642,1994.5789,0.0,0.0,0.0,-0.23080108,-0.28589052,0.0,0.0,0.0,0.0,1987,1994,2023,0,0,0,"c(-1.0878111700962, 42.4498323981366)",NBR_year,,0.8413795418862572,0.9360805669186796,0.9371986962859644,0.938504875571732,0.8011637510015204,0.7800876028616885,0.758947017788101,0.7378144436502422,0.7167256744606599,0.6955366725746344,0.6744997169739517,0.2359802310668806,0.2571786528093907,0.265750718906892,0.2790944293025948,0.2932757055003299,0.2992587693334556,0.318604056807953,0.3231387374231821,0.3418525734986006,0.3522092476070356,0.363198085140253,0.3790418069242073,0.3828675082162687,0.4037071365301559,0.4100798966196735,0.4263416785131563,0.438450335288934,0.4471390032330744,0.4645973678212832,0.4668842129590783,0.4886129635221507,0.4968029034891617,0.5244754039322655,0.5309248780996656,0.549945875374193,0.554088636275335,0.5733268523388179,0.5833076585572379,0.5106523695179356,0.7061311735176472,0.2359802310668806,N,1311.2000274658203,6818.400172472,23.136512406667073,23.088657959302267,10.729057550430298,10.975056517124177,-0.50546875,-0.3210652683628723
296,[5756 7117],394_N,0.0082200939003444,0.0090610244042961,1994,0.597391005764115,42.44875441979548,-1.081882289219887,-29.29196,0.015044221,-0.004154198,-0.028036186,-0.060543902,0.005763307,-0.03665732,0.0,17.63541,-0.008548242,0.09469423,-0.027681721,0.027943356,-0.00075974484,0.0,-0.0021193714,-18.959885,0.009549959,-0.0015965531,-0.023349136,0.047442075,-0.03159835,0.0058228336,0.007744308,0.0,0.0,0.0,0.0,0.0,0.0,0.0,0.0,0.0,0.0,0.0,0.0,0.0,0.0,0.0,0.0,0.0,0.0,0.0,0.0,0.0,0.0,0.0,0.0,1986.7568,1994.5104,2023.9944,0.0,0.0,0.0,1984.3037,1987.0005,1994.5789,0.0,0.0,0.0,0.3160657,-0.416764,0.0,0.0,0.0,0.0,1986,1994,2023,0,0,0,"c(-1.08188228921989, 42.4487544197955)",NBR_year,,0.6432827128116126,0.6583896877599956,0.6511095965495244,0.7486984717210245,0.739965283495559,0.7314799377185486,0.7230690783140302,0.7144740853103381,0.7056881755866767,0.6973423034107139,0.6888819177547665,0.1734491050910064,0.1824408521654003,0.194974080075382,0.1971753922382651,0.2145495745927289,0.2183994045425349,0.2322241624125474,0.2412632544623315,0.2481045355195091,0.2621797578955052,0.2624513005280711,0.2811554316594117,0.2866275623055879,0.2982573971757632,0.3088882005514176,0.3136094330770109,0.3291968764339126,0.3310820535060578,0.3475792641916755,0.3546695931769285,0.3641206487189749,0.3763234979610239,0.3960268524352845,0.3995326218582004,0.4138242543208081,0.4225237496251736,0.4298187029701668,0.4435692872345756,0.378961311428743,0.7015152394986953,0.1734491050910064,N,1311.2000274658203,6818.400172472,23.136512406667073,23.088657959302267,10.729057550430298,10.975056517124177,-0.50546875,-0.3210652683628723
297,[5685 5857],289_N,0.0018439262458437,0.0019875365209015,2001,0.5564770427847262,42.46788853535085,-1.421445466681488,0.5637727,0.0,0.078488395,0.0,0.021676365,-0.008119022,0.0,0.0,-3.8384335,0.0021661783,0.0360111,0.04325978,-0.051434156,0.0,-0.025943005,-0.055370428,0.0,0.0,0.0,0.0,0.0,0.0,0.0,0.0,0.0,0.0,0.0,0.0,0.0,0.0,0.0,0.0,0.0,0.0,0.0,0.0,0.0,0.0,0.0,0.0,0.0,0.0,0.0,0.0,0.0,0.0,0.0,0.0,2001.8479,2023.9479,0.0,0.0,0.0,0.0,1984.2134,2001.8698,0.0,0.0,0.0,0.0,-0.29187638,0.0,0.0,0.0,0.0,0.0,2001,2023,0,0,0,0,"c(-1.42144546668149, 42.4678885353509)",NBR_year,,,0.6570140293333853,0.6569317271377053,0.6568450889630246,0.656754133784295,0.6566588808885354,0.6565593498725534,0.6564555606398811,0.6563475333984347,0.6562352886578504,0.6561188472264375,0.6560712429715321,0.6561950252327855,0.6563139779495195,0.656428104184375,0.656537407391469,0.6566418914154148,0.6567415604905037,0.6126616732682204,0.6078557951638851,0.6124752415623127,0.620214195792984,0.6218813044974392,0.6178454648966489,0.6198327037334612,0.6284545983980127,0.6309820548237233,0.6277311648661852,0.627064384336242,0.6365679451978157,0.6399623504744705,0.637510340392092,0.6341711234032364,0.6488207705340602,0.6471805680331135,0.6411539246793272,0.6524124036862509,0.6575560492438304,0.6567395592768066,0.6445539280189445,0.656589649403442,0.6126616732682204,N,1161.1000261306763,5239.900105178356,25.6605318069458,25.762053108215333,12.645083904266357,12.512585389614106,-0.5316080644726753,-0.45955984560506685
298,[5754 6958],394_N,0.0182285858446199,0.0200824685581981,1994,0.612781408199057,42.44929340896605,-1.124731928280518,-23.220095,0.011977065,0.075779125,-0.03633236,0.0,0.0017244261999999,-0.011373336,0.0049748104,-41.115444,0.020715464,0.03635579,-0.06613166,0.07656468,-0.014437291,0.011214527,0.019251827,0.0,0.0,0.0,0.0,0.0,0.0,0.0,0.0,0.0,0.0,0.0,0.0,0.0,0.0,0.0,0.0,0.0,0.0,0.0,0.0,0.0,0.0,0.0,0.0,0.0,0.0,0.0,0.0,0.0,0.0,0.0,0.0,1994.5104,2023.9287,0.0,0.0,0.0,0.0,1984.3037,1994.5542,0.0,0.0,0.0,0.0,-0.40403724,0.0,0.0,0.0,0.0,0.0,1994,2023,0,0,0,0,"c(-1.12473192828052, 42.449293408966)",NBR_year,,,0.6506246357895854,0.6624422861148148,0.6739171088440387,0.686385167188239,0.6985329784894337,0.7103468535119805,0.7218312557861537,0.7342971257907046,0.7464412797272533,0.7582513783322886,0.3206313746553246,0.3475337636230923,0.3682699212569748,0.3836740121906669,0.4117743038784244,0.4233067932607343,0.4514919503804815,0.4713926870813072,0.487940605337419,0.5153192442274374,0.5259345733295248,0.5554137892458947,0.5744691628858218,0.5921780422080274,0.6188215528600204,0.6285147181183824,0.6592985962988821,0.6774990926857571,0.6963855150427332,0.7222807458192879,0.7310472593677468,0.7631457039494918,0.8005622263751886,0.8256963612600694,0.8351400741723253,0.8669544615389073,0.8834184210417124,0.9047073896890192,0.7804822465718944,0.740369202758979,0.3206313746553246,N,1330.9000170230865,6600.4001121521,23.25723934173584,23.286839946111044,10.807293287913005,11.047195374965668,-0.50546875,-0.3210652683628723
299,[5752 6962],394_N,0.011605797193014,0.0140198635291859,1994,0.626436495197865,42.44983239813664,-1.12365394993937,-3.3575368,0.0019880992,0.045053173,-0.035347987,0.01896411,-0.0062838695,-0.018533489,0.009595188,-29.207151,0.014745853,0.030773666,-0.08170879,0.097230755,-0.01973444,0.03467194,0.013928908,0.0,0.0,0.0,0.0,0.0,0.0,0.0,0.0,0.0,0.0,0.0,0.0,0.0,0.0,0.0,0.0,0.0,0.0,0.0,0.0,0.0,0.0,0.0,0.0,0.0,0.0,0.0,0.0,0.0,0.0,0.0,0.0,1994.5104,2023.9287,0.0,0.0,0.0,0.0,1984.3037,1994.5542,0.0,0.0,0.0,0.0,-0.45589966,0.0,0.0,0.0,0.0,0.0,1994,2023,0,0,0,0,"c(-1.12365394993937, 42.4498323981366)",NBR_year,,,0.6606557917086562,0.6625283763458922,0.6639426927563006,0.66628579271807,0.668609423387435,0.6704769042434874,0.6718861276403532,0.674244413981052,0.6765629984135977,0.6784253752275244,0.3431191170324251,0.3503944156660024,0.3741547569481706,0.3801921208819444,0.4011481029974955,0.4164230665812505,0.42488408186288,0.4479243237380786,0.4529184600931596,0.4753083443418507,0.4896743908034072,0.4993472465851776,0.5216481113487951,0.5255875156708316,0.5494314287086661,0.5628725020486671,0.5737828720328775,0.5953253023349976,0.5981990311027797,0.6235163876161448,0.6360168410152415,0.6481899225986408,0.6707527848463162,0.6975622645645574,0.7091068774782532,0.7225673657864105,0.7425367286993874,0.7448116531020746,0.6689550998873238,0.6754037061973248,0.3431191170324251,N,1330.9000170230865,6600.4001121521,23.25723934173584,23.286839946111044,10.807293287913005,11.047195374965668,-0.50546875,-0.3210652683628723
300,[4312 5526],382_N,0.0132342766895883,0.0137139679353122,1991,0.6984668047136234,42.83790460094989,-1.51064817441148,-1.6823227,0.0011947656,-4.1627063e-05,0.0008184331,0.0,0.016399836,-0.0038114828,0.01799583,-26.944336,0.013679637,0.06515452,-0.066564664,0.09275084,-0.027474314,-0.007915779,0.022167139,0.0,0.0,0.0,0.0,0.0,0.0,0.0,0.0,0.0,0.0,0.0,0.0,0.0,0.0,0.0,0.0,0.0,0.0,0.0,0.0,0.0,0.0,0.0,0.0,0.0,0.0,0.0,0.0,0.0,0.0,0.0,0.0,1991.6193,2023.8821,0.0,0.0,0.0,0.0,1984.3037,1992.1449,0.0,0.0,0.0,0.0,-0.77408975,0.0,0.0,0.0,0.0,0.0,1991,2023,0,0,0,0,"c(-1.51064817441148, 42.8379046009499)",NBR_year,,0.7247218617146668,0.7256891547435328,0.7271668316520827,,0.7295274987331787,0.7305984446184065,0.7318038189805808,,0.4141596606112238,0.4384292347872367,0.4555437310958348,0.4544810921748372,0.4803310440591655,0.4960877148323545,0.4951770789994056,0.5221418693476748,0.536523844374021,0.5358269153510091,0.5638598239977429,0.5768516709949906,0.576542266756463,0.6054831151541404,0.6170708624666746,0.6191996813482495,0.6470100462398605,0.6571812037313723,0.6617882406928164,0.6884390193174681,0.6971825974297148,0.7043053090779561,0.7297685373307089,0.7370750642784998,0.7467483158995618,0.7768587433025941,0.78911475905127,0.8121237369331563,0.8165338919165018,0.8314022082339751,0.8531469472524408,0.7709972062236294,0.7312011317994936,0.4141596606112238,N,1726.6000356674194,7034.9001269340515,22.21490281422933,22.526436805725098,10.95898265838623,11.286854251225789,-0.13647461030632257,-0.2897176109778229
301,[2824 4912],305_N,0.0025942051926421,0.0019339161117465,1989,0.6371082652718121,43.23891254385692,-1.676117849777688,3.4310048,-0.0014839246,-0.15876746,-0.15088022,0.024760894,-0.06173623,-0.007828587,0.028176252,-3.1733603,0.0018313807,-0.20154868,-0.11222482,0.005269912,-0.06513234,0.011224798,0.018693391,0.0,0.0,0.0,0.0,0.0,0.0,0.0,0.0,0.0,0.0,0.0,0.0,0.0,0.0,0.0,0.0,0.0,0.0,0.0,0.0,0.0,0.0,0.0,0.0,0.0,0.0,0.0,0.0,0.0,0.0,0.0,0.0,1989.8671,2023.9014,0.0,0.0,0.0,0.0,1984.3037,1990.0422,0.0,0.0,0.0,0.0,-0.1472892,0.0,0.0,0.0,0.0,0.0,1989,2023,0,0,0,0,"c(-1.67611784977769, 43.2389125438569)",NBR_year,,0.7791807218296569,0.7777107406293967,0.7761939302852233,0.7747602639218651,0.7732062446425403,0.7718088908806456,0.7705573332611818,0.775448457070294,0.7792539895771922,0.781951809778701,0.7835283592243927,0.7839787247187475,0.7833066193596975,0.781524263144414,0.7786521657514881,0.7747188154366594,0.7697602792499207,0.7765651762297889,0.7843208172673075,0.7910970570294374,0.796848995364912,0.8015395236549309,0.8051396880427464,0.8076289550687387,0.8089953769943315,0.8092356554961121,0.808355103819957,0.8063675088854637,0.8032948962036512,0.799167201785879,0.7948685175653066,0.8033825228743581,0.8109590774382972,0.8231036434332263,0.8275925663894209,0.8309866465837876,0.8332669438657505,0.834423123428187,0.8344535004966767,0.8175472768007401,0.7739832542822027,0.7705573332611818,N,3005.7000484466553,11650.500235557556,21.780928134918213,22.15673137505849,13.225488599141439,13.45493069489797,-0.2714192677289248,-0.37399495523422954
302,[5719 6969],394_N,0.0065641936034381,0.0097518468454356,1994,0.515087654784827,42.458725719451095,-1.121767487842361,8.922587,-0.004288178,-0.12451008,-0.080826305,0.02819811,-0.010176419,-0.010846788,0.02657733,-21.009607,0.0106117185,-0.101045616,-0.077877246,0.036823884,-0.021173693,0.0,0.03990527,0.0,0.0,0.0,0.0,0.0,0.0,0.0,0.0,0.0,0.0,0.0,0.0,0.0,0.0,0.0,0.0,0.0,0.0,0.0,0.0,0.0,0.0,0.0,0.0,0.0,0.0,0.0,0.0,0.0,0.0,0.0,0.0,1994.5104,2023.9287,0.0,0.0,0.0,0.0,1984.2134,1994.5542,0.0,0.0,0.0,0.0,-0.7102333,0.0,0.0,0.0,0.0,0.0,1994,2023,0,0,0,0,"c(-1.12176748784236, 42.4587257194511)",NBR_year,,0.6182549431633542,0.6136279678305984,0.6089296610172189,0.6041604302532506,0.6001185036915591,0.5962785883729625,0.5923664978927651,0.5883820327200588,0.5843250494073633,0.5801954607113406,0.3553885324290309,0.3767587595810728,0.372050037512426,0.3960720792035616,0.4037514984604248,0.4095797275982636,0.4296705053748386,0.4236874871797935,0.4496109430164821,0.4559728986851671,0.463711807780353,0.4825156799608679,0.4752671292877056,0.5030847862629352,0.5081303573748255,0.5177840322914777,0.535294337816678,0.5270436743185205,0.5564932711569492,0.5602243581364593,0.5717956964897866,0.5880065750480091,0.5815986107866633,0.6122554238803222,0.6257461323520376,0.6406525293240903,0.6361000796363062,0.6631130178980079,0.6642241164124675,0.6098361004932926,0.582260255059352,0.3767587595810728,N,1330.9000170230865,6600.4001121521,23.25723934173584,23.286839946111044,10.807293287913005,11.047195374965668,-0.50546875,-0.3210652683628723
303,[2908 4949],305_N,0.0051135646620061,0.004201092950948,1989,0.7290717225939378,43.21627499869281,-1.66614655012207,-31.096214,0.015934333,-0.07536998,-0.103566356,0.039998163,-0.00859144,0.0,0.009500823,-10.302993,0.005387888,-0.14810881,-0.061107557,0.02041376,-0.034773614,0.014852112,0.024519479,0.0,0.0,0.0,0.0,0.0,0.0,0.0,0.0,0.0,0.0,0.0,0.0,0.0,0.0,0.0,0.0,0.0,0.0,0.0,0.0,0.0,0.0,0.0,0.0,0.0,0.0,0.0,0.0,0.0,0.0,0.0,0.0,1989.7794,2023.8821,0.0,0.0,0.0,0.0,1984.3037,1990.1299,0.0,0.0,0.0,0.0,-0.40331817,0.0,0.0,0.0,0.0,0.0,1989,2023,0,0,0,0,"c(-1.66614655012207, 43.2162749986928)",NBR_year,,0.7011150480778897,0.7171866172137337,0.732813371255386,0.7490725488467369,0.7647640407083011,0.7808957026847673,0.6467908391133969,0.6535788506658465,0.6601047153847618,0.666365431000722,0.6723586624234278,0.678082749426996,0.6835367119448331,0.6887202529539471,0.6936337589400267,0.6982782979423515,0.7026556151895125,0.7067681263425022,0.7106189083761794,0.7142116881344686,0.7175508286081805,0.7206413129894994,0.7234887265664041,0.7260992365346604,0.7284795698017115,0.7308126981323579,0.7394048281944682,0.7477771226759937,0.7559220569173678,0.7638326442217004,0.7715024599221529,0.7789256634859705,0.7860970185747933,0.7996663643706476,0.806057053781843,0.8121813168094291,0.8180371624529353,0.8236232775824438,0.8289390310032869,0.793011910980454,0.756918294777519,0.6467908391133969,N,3005.7000484466553,11650.500235557556,21.780928134918213,22.15673137505849,13.225488599141439,13.45493069489797,-0.2714192677289248,-0.37399495523422954
304,[5571 6068],387_N,0.0084577316852052,0.0106809846621372,1992,0.4685707585889578,42.49861091807357,-1.364582109185934,-9.156815,0.0048836707,0.100515,0.0,0.03428408,-0.006499701,-0.0040444657,0.011887212,-21.925386,0.011176015,0.034955297,-0.025899207,0.013400454,-0.014767115,-0.0032208662,0.009297932,0.0,0.0,0.0,0.0,0.0,0.0,0.0,0.0,0.0,0.0,0.0,0.0,0.0,0.0,0.0,0.0,0.0,0.0,0.0,0.0,0.0,0.0,0.0,0.0,0.0,0.0,0.0,0.0,0.0,0.0,0.0,0.0,1992.5392,2023.9479,0.0,0.0,0.0,0.0,1984.2134,1992.6705,0.0,0.0,0.0,0.0,-0.5537564,0.0,0.0,0.0,0.0,0.0,1992,2023,0,0,0,0,"c(-1.36458210918593, 42.4986109180736)",NBR_year,,,0.6525811783765344,0.6576968814765944,0.6622550141967588,0.6674574934860702,0.6721644294353445,0.6771763415028534,0.6820341592000663,0.6868528820097457,0.4059853585288628,0.4183042576548225,0.429459442453493,0.4394356053369987,0.4482740169548889,0.4599769685865989,0.4732547179209826,0.485424524947011,0.4964255394818522,0.5062496493358323,0.5149456607995994,0.5273668371699902,0.5405051456059649,0.5525248137054658,0.5633715139120457,0.5730444012537833,0.5815998253905499,0.5947393194781155,0.6077364577875065,0.6196050517716073,0.6302974180047404,0.6398200425284233,0.648236817407448,0.6620941503554356,0.6866651826595976,0.6972033207897025,0.7065767713535869,0.7156587839880181,0.7294310757642564,0.7421410687176871,0.6749484842574547,0.6796052503514598,0.4059853585288628,N,1359.3000297546387,5615.30009573698,24.413520495096844,24.866845162709556,11.712131770451863,12.163728328545888,-0.24729817705228924,-0.3394653324736282
305,[5916 6772],394_N,0.0024063607582542,0.0046368293292987,1994,0.430154888915652,42.40563528614956,-1.174857921143897,12.310006,-0.0059819724,-0.0324904,-0.07866285,0.026775997,-0.021267502,-0.009906191,0.036748372,-9.48733,0.0049035833,-0.05843513,-0.08655636,0.025517907,-0.046685297,0.0057394807,0.025063962,0.0,0.0,0.0,0.0,0.0,0.0,0.0,0.0,0.0,0.0,0.0,0.0,0.0,0.0,0.0,0.0,0.0,0.0,0.0,0.0,0.0,0.0,0.0,0.0,0.0,0.0,0.0,0.0,0.0,0.0,0.0,0.0,1994.5104,2023.9944,0.0,0.0,0.0,0.0,1984.2134,1994.5542,0.0,0.0,0.0,0.0,-0.3049743,0.0,0.0,0.0,0.0,0.0,1994,2023,0,0,0,0,"c(-1.1748579211439, 42.4056352861496)",NBR_year,,0.5787867406613604,0.5730300031874901,0.5675035709372861,0.5619059143699383,0.5562363364992753,0.5504942068480956,0.5446789621498453,0.5387901069748853,0.532827214280013,0.526789925881459,0.4441286674071464,0.463213917165718,0.4610533717451981,0.4703253548221159,0.4756753967162292,0.4752457209569894,0.4879230013424382,0.4781559434331817,0.4977862295429698,0.4942345501692674,0.5053175654274261,0.5092889246392991,0.5106304646470398,0.5219775275253047,0.5138958015709625,0.5322788830846574,0.5273377484473476,0.5402339945252307,0.5428216375710402,0.545945266897146,0.5559505037516932,0.5495733324360823,0.5666913873734105,0.5750737739564438,0.5762739030813078,0.5811889094424494,0.5898419050529513,0.5851870072766137,0.6010233237374064,0.560363712251105,0.529808570080736,0.463213917165718,N,1330.9000170230865,6600.4001121521,23.25723934173584,23.286839946111044,10.807293287913005,11.047195374965668,-0.49884440898895266,-0.3467488618567586
306,[5751 6945],394_N,0.010042408751064,0.0119479040781882,1994,0.507769760863371,42.45010189272191,-1.128235357889248,19.068392,-0.009400394,0.04290087,-0.028215857,0.02278377,-0.012587047,-0.015092469,-0.0058636647,-25.580912,0.013097745,0.06372065,-0.033430163,0.050914932,0.0,0.0,0.0020213826,-24.925589,0.012522281,-0.020660225,-0.041318323,0.04749083,-0.017728882,0.0,0.016744928,0.0,0.0,0.0,0.0,0.0,0.0,0.0,0.0,0.0,0.0,0.0,0.0,0.0,0.0,0.0,0.0,0.0,0.0,0.0,0.0,0.0,0.0,0.0,0.0,1986.7568,1994.5104,2023.9287,0.0,0.0,0.0,1984.4352,1987.0005,1994.5542,0.0,0.0,0.0,0.12462421,-0.6396611,0.0,0.0,0.0,0.0,1986,1994,2023,0,0,0,"c(-1.12823535788925, 42.4501018927219)",NBR_year,,0.4457685148222146,0.4795835018267801,0.4701388426021562,0.5272454019393358,0.540495195457607,0.5535280329177911,0.5663370218802294,0.5796989621882122,0.5928902917548458,0.60586271192477,0.6187908797114781,0.1702438121247706,0.1771387678449104,0.197116992910922,0.2016561955025265,0.2204558558800907,0.2324544859620071,0.2404611567547027,0.2597042314683934,0.2634610805255607,0.2834087251319043,0.2946256623568751,0.3037505009518546,0.3222520118947512,0.3252287848965887,0.3463241726200021,0.3567574559397937,0.3670062961602315,0.3847602343380404,0.3869596550685437,0.4092018936885352,0.4188500039267241,0.4302280554973105,0.4486540586470393,0.4720416043923317,0.4809034660582601,0.4934153098514565,0.5096577177539373,0.5116474575506732,0.4472288213051805,0.5993765018398078,0.1702438121247706,N,1330.9000170230865,6600.4001121521,23.25723934173584,23.286839946111044,10.807293287913005,11.047195374965668,-0.49884440898895266,-0.3467488618567586
307,[5742 7095],394_N,0.0104399688430395,0.0130401387071552,1994,0.652337785348845,42.452527343989495,-1.087811170096201,-65.925446,0.03353242,0.008229178,-0.04364808,-0.095206045,0.0,-0.060707904,-0.02589108,4.6372185,-0.0019810814,0.10048538,-0.0060152495,0.031323947,0.011605012,0.0,-0.0041243215,-27.223993,0.013732798,0.04415233,-0.038875792,0.060326535,-0.0032805793,0.005942419,0.021917844,0.0,0.0,0.0,0.0,0.0,0.0,0.0,0.0,0.0,0.0,0.0,0.0,0.0,0.0,0.0,0.0,0.0,0.0,0.0,0.0,0.0,0.0,0.0,0.0,1986.7377,1994.5104,2023.9287,0.0,0.0,0.0,1984.3037,1986.7568,1994.5789,0.0,0.0,0.0,0.21252638,-0.5461017,0.0,0.0,0.0,0.0,1986,1994,2023,0,0,0,"c(-1.0878111700962, 42.4525273439895)",NBR_year,,0.7535288247067111,0.787055238308293,,0.8098165313392238,0.8076867969733994,0.8059826668135207,0.8039976551828822,0.8017400075214406,0.799916903556352,0.7980906458459386,0.7959868955089845,0.2471479093597054,0.2622196691956363,0.2690583687180212,0.2905761868113639,0.2993477535749031,0.3151457532849683,0.3312894028911396,0.3366357280378498,0.3590257094205045,0.3689872060812942,0.3830703492893456,0.4002589924739313,0.4041605788186871,0.4273873673291387,0.4385213310392061,0.4509246857700503,0.469129919704602,0.473629521622453,0.4956635638962643,0.5079506835028096,0.5187118357340302,0.5379038221048963,0.5638568233267057,0.5772759946472726,0.5864349497580792,0.6065824882804404,0.6135429938511089,0.631969784456876,0.5436391819662321,0.7990037747011454,0.2471479093597054,N,1311.2000274658203,6818.400172472,23.136512406667073,23.088657959302267,10.729057550430298,10.975056517124177,-0.50546875,-0.3210652683628723
308,[5581 6092],387_N,0.0120014483533221,0.014271699956691,1992,0.5198154010000646,42.4959159722207,-1.358114239139046,2.7629223,-0.0010897679,0.05727727,0.00460749,0.0067711924,0.0010789157,-0.016704062,0.008244422,-29.852583,0.015140534,0.04412949,-0.01638981,0.005987445,0.0018429665,-0.0042550913,0.007498837,0.0,0.0,0.0,0.0,0.0,0.0,0.0,0.0,0.0,0.0,0.0,0.0,0.0,0.0,0.0,0.0,0.0,0.0,0.0,0.0,0.0,0.0,0.0,0.0,0.0,0.0,0.0,0.0,0.0,0.0,0.0,0.0,1992.5392,2023.9479,0.0,0.0,0.0,0.0,1984.2134,1992.6267,0.0,0.0,0.0,0.0,-0.65635175,0.0,0.0,0.0,0.0,0.0,1992,2023,0,0,0,0,"c(-1.35811423913905, 42.4959159722207)",NBR_year,,0.673504235674328,0.6722935464116568,0.6712181393924415,0.6702257482510842,0.6688715975094602,0.6680994385741684,0.6665278154486046,0.6659139331321433,0.6645563904113662,0.3775972326918887,0.3919495186363532,0.4053305381413422,0.4208861979479061,0.4376044744584996,0.4533351925712638,0.4680424668282483,0.4817538723594582,0.495819236822219,0.5128635444508995,0.5289471858534613,0.5440128373512066,0.5580657013917247,0.5711743341973267,0.5880044053608027,0.6044338892447495,0.6198585478172735,0.6342613134064433,0.6476888286474765,0.6630312318257106,0.6797969303188693,0.6955784794151755,0.7103368870126081,0.7240965301603534,0.7550388629125863,0.7711724822924332,0.7862895264218346,0.8003919993342218,0.813545352642453,0.8301631324821342,0.7379490006528019,0.6662208742903739,0.3775972326918887,N,1359.3000297546387,5615.30009573698,24.413520495096844,24.866845162709556,11.712131770451863,12.163728328545888,-0.24729817705228924,-0.3394653324736282
309,[5732 6986],394_N,0.0155444252590388,0.0180861493881229,1994,0.622368070375136,42.45522228984237,-1.117186079892482,0.5890437,0.0,0.009409011,-0.051123876,0.038579717,-0.0084196795,0.0039463094,0.014890735,-37.49363,0.018881032,-0.02793364,-0.08524035,0.04252511,-0.022763085,0.0,0.024423491,0.0,0.0,0.0,0.0,0.0,0.0,0.0,0.0,0.0,0.0,0.0,0.0,0.0,0.0,0.0,0.0,0.0,0.0,0.0,0.0,0.0,0.0,0.0,0.0,0.0,0.0,0.0,0.0,0.0,0.0,0.0,0.0,1994.5104,2023.9287,0.0,0.0,0.0,0.0,1984.3037,1994.5542,0.0,0.0,0.0,0.0,-0.54251134,0.0,0.0,0.0,0.0,0.0,1994,2023,0,0,0,0,"c(-1.11718607989248, 42.4552222898424)",NBR_year,,0.6652272735843572,0.6650665519264839,0.6644152163850565,0.6648771645022897,0.6652282889690505,0.6650619441612906,0.6644053153071765,0.6648840102859334,0.6652292401046094,0.6650572755245027,0.3093925518225876,0.3264273379959646,0.3416878826524085,0.3674429792763906,0.3743850924599446,0.404149464291159,0.4202343073529746,0.4368416843463544,0.4617116684599007,0.467690124339443,0.4988616988416312,0.5139926066886049,0.5319563557377402,0.5559321870092591,0.5614733119079809,0.5935287969791868,0.6077023354451038,0.6270312175146773,0.650104360279949,0.6568969114082501,0.6881503257584245,0.701363622084843,0.7220656115168532,0.7522870908906307,0.7827258781527415,0.7949766240377625,0.8170589012704695,0.838303114701419,0.8476430308902826,0.7442280420553902,0.665143257814556,0.3264273379959646,N,1330.9000170230865,6600.4001121521,23.25723934173584,23.286839946111044,10.807293287913005,11.047195374965668,-0.50546875,-0.3210652683628723
310,[5758 6949],394_N,0.0148779777806509,0.0174019959194956,1994,0.63826845417696,42.448215430624906,-1.1271573795481,-58.442623,0.029692661,-0.053289905,-0.076220736,0.013761185,0.011348318,-0.021004684,0.0030389116,-7.4183707,0.004025113,0.010775431,-0.012569741,0.062208705,0.03165606,0.026143922,0.016003108,-35.89768,0.018135253,0.031796403,-0.06419062,0.08294206,-0.014434462,0.018967582,0.0090883095,0.0,0.0,0.0,0.0,0.0,0.0,0.0,0.0,0.0,0.0,0.0,0.0,0.0,0.0,0.0,0.0,0.0,0.0,0.0,0.0,0.0,0.0,0.0,0.0,1986.6692,1994.5104,2023.9287,0.0,0.0,0.0,1984.3037,1986.7377,1994.5789,0.0,0.0,0.0,-0.1391091,-0.42817253,0.0,0.0,0.0,0.0,1986,1994,2023,0,0,0,"c(-1.1271573795481, 42.4482154306249)",NBR_year,,0.6165448699146646,0.6462199348788267,0.6759091255215809,0.6707486367940626,0.6744025699961775,0.6784268269210999,0.6828228606110431,0.6857896455485848,0.6908625435781872,0.6945615672121042,0.6985170973370944,0.3889622836673792,0.4112465564953502,0.4203656468056658,0.4466642769968063,0.4633521725706341,0.4788221318707956,0.5020308912654304,0.5123701234670716,0.5369022747708216,0.554669201426582,0.5686220967192638,0.5927247560678119,0.604266021100463,0.6270654672741348,0.6458853251598987,0.6583649719536726,0.6833303615912139,0.696054142564145,0.7171564888415007,0.7370022020572929,0.7480535612289946,0.7738500002785145,0.8071780162669523,0.8280216034060014,0.8376906724523792,0.8642860403609255,0.8793109851971186,0.8971327627605836,0.7877354349255767,0.6927120553951457,0.3889622836673792,N,1330.9000170230865,6600.4001121521,23.25723934173584,23.286839946111044,10.807293287913005,11.047195374965668,-0.49884440898895266,-0.3467488618567586
311,[5810 5557],100_N,0.0184443062759542,0.022144273116858,2002,0.4456705260377406,42.43420171218998,-1.502293842267583,0.1672365,0.0,0.02913944,0.028430933,0.016926493,0.0020726817,0.0016259549999999,0.01766592,103.993835,-0.05217932,0.015665615,-0.01779957,0.01414235,-0.0103776725,0.0027176915,0.0,-74.66139,0.037572745,-0.046441842,0.075031936,0.010684948,0.04054359,0.0,0.0,-40.22859,0.02033654,0.04917595,-0.011612304,0.01834697,-0.014418946,0.003729217,0.0034626215,-46.40639,0.02326068,0.022397822,-0.008424739,0.027407235,-0.030174712,-0.0025207547,0.0,0.0,0.0,0.0,0.0,0.0,0.0,0.0,0.0,1988.2024,1991.006,1992.7582,2002.2422,2023.9479,0.0,1984.3475,1988.5529,1991.1373,1992.802,2002.4174,0.0,0.16946305,0.122430086,0.19883783,-0.17072411,0.0,0.0,1988,1991,1992,2002,2023,0,"c(-1.50229384226758, 42.43420171219)",NBR_year,,,0.2266209350482319,0.2266172281902842,0.2266132674240085,0.2428917032973793,0.2233540974947959,0.1711765334132637,0.2998665616893679,,0.3678113606524343,0.3882571786212644,0.4086269595353846,0.4289193070127745,0.449132787649553,0.4694708181248181,0.4899281027679262,0.5103095598451451,0.5306137986961402,0.5508393914554661,0.2493725367161006,0.2737494374218542,0.2972519064970642,0.3198658927948208,0.3415940680958717,0.3649765679723868,0.3897020324605458,0.4135635977750374,0.4365403819909326,0.4586282609688433,0.480443086999182,0.5055108843890889,0.5297280739840458,0.5530669731025403,0.5970827759159225,0.621178203911665,0.6457464139631769,0.669445608532771,0.6922579990532612,0.7141825466581867,0.5755166290589789,0.5204616792706427,0.2493725367161006,N,1250.2000195980072,5032.40010291338,25.804376856486,25.848459990819297,12.814947700500488,12.432629720369976,-0.4658691368997097,-0.4560108692027055
312,[5758 7124],394_N,0.0079465313287007,0.0084846298169418,1994,0.46912317865426,42.448215430624906,-1.079995827122878,-13.67909,0.007119547,0.089654244,-0.019705338,0.043898508,-0.013545146,0.0,-0.0031550708,-17.75843,0.008945673,-0.0232041,-0.028744748,0.04350855,-0.021794276,0.006749083,0.012656434,0.0,0.0,0.0,0.0,0.0,0.0,0.0,0.0,0.0,0.0,0.0,0.0,0.0,0.0,0.0,0.0,0.0,0.0,0.0,0.0,0.0,0.0,0.0,0.0,0.0,0.0,0.0,0.0,0.0,0.0,0.0,0.0,1994.5104,2023.9944,0.0,0.0,0.0,0.0,1984.3037,1994.5789,0.0,0.0,0.0,0.0,-0.44124582,0.0,0.0,0.0,0.0,0.0,1994,2023,0,0,0,0,"c(-1.07999582712288, 42.4482154306249)",NBR_year,,,0.5733151720920081,0.5797978010146027,0.5873481160910046,0.5948118758602177,0.6017890418873937,0.6082660375817002,0.6158327589708034,0.6232911859820397,0.6302628495980587,0.6367342108059432,0.1859068200017881,0.1956246103417836,0.2068387865654845,0.2090471217519453,0.2256394766452921,0.2273192605354768,0.2423417287503464,0.2497007209163174,0.257047161962242,0.2699699430078522,0.2699203949673153,0.2881105021798822,0.2915593816988905,0.3041771041564877,0.313289364752132,0.3182917264223321,0.3328942569670724,0.3324400517765497,0.3503800159502043,0.3555994163406247,0.3658228389782665,0.376671505418426,0.3956126586593015,0.3969180430154011,0.4124510377385099,0.41943661678339,0.4272838697311125,0.4398465782063507,0.3793644193364096,0.6267770177900491,0.1859068200017881,N,1311.2000274658203,6818.400172472,23.136512406667073,23.088657959302267,10.729057550430298,10.975056517124177,-0.50546875,-0.3210652683628723
313,[5875 6776],394_N,0.005047045350066,0.0030174546889484,1994,0.424606383090443,42.41668456414633,-1.173779942802749,0.32451695,0.0,-0.06471239,-0.088453785,0.024777364,-0.01956013,-0.009226217,0.03554058,-5.2576666,0.0027862156,-0.071906626,-0.08676564,0.023930633,-0.04291079,0.0004016182,0.027576061,0.0,0.0,0.0,0.0,0.0,0.0,0.0,0.0,0.0,0.0,0.0,0.0,0.0,0.0,0.0,0.0,0.0,0.0,0.0,0.0,0.0,0.0,0.0,0.0,0.0,0.0,0.0,0.0,0.0,0.0,0.0,0.0,1994.5104,2023.9944,0.0,0.0,0.0,0.0,1984.4597,1994.598,0.0,0.0,0.0,0.0,-0.2451445,0.0,0.0,0.0,0.0,0.0,1994,2023,0,0,0,0,"c(-1.17377994280275, 42.4166845641463)",NBR_year,,0.4951279672595358,0.4947043905419541,0.4937184525736555,0.4939189037691723,0.4948070053375335,0.4951431802645171,0.4949205331290435,0.4941358030221146,0.4934689618674688,0.4945521829262215,0.4749817159523591,0.4626181571752056,0.4805578255683834,0.4768481261416009,0.4822717763937605,0.487853383925536,0.4803529148912916,0.4949531027149327,0.487653021558976,0.4981459917303347,0.5001363511627589,0.4975979975879586,0.5087594614588058,0.497910446535365,0.5134563048153724,0.5118374643902192,0.5143283381622223,0.5219739779405679,0.5116409395414123,0.5281900610616354,0.5229672509541753,0.5305221412922556,0.5345975416881537,0.5423383379844501,0.5335398116612696,0.546161050920682,0.5466348292516272,0.5462046146311875,0.5558960022555026,0.5291730774697325,0.49401057239684515,0.4626181571752056,N,1330.9000170230865,6600.4001121521,23.25723934173584,23.286839946111044,10.807293287913005,11.047195374965668,-0.49884440898895266,-0.3467488618567586
314,[5852 6787],394_N,0.001806384517726,0.0032909737215026,1994,0.456493583444247,42.42288293960793,-1.170815502364592,-4.6155643,0.0024938104,-0.07903238,-0.1051222,0.03630624,-0.03304079,-0.014584172,0.03678852,-6.954712,0.003636732,-0.06649276,-0.09328857,0.032205854,-0.049321264,0.0,0.0316771,0.0,0.0,0.0,0.0,0.0,0.0,0.0,0.0,0.0,0.0,0.0,0.0,0.0,0.0,0.0,0.0,0.0,0.0,0.0,0.0,0.0,0.0,0.0,0.0,0.0,0.0,0.0,0.0,0.0,0.0,0.0,0.0,1994.5104,2023.9944,0.0,0.0,0.0,0.0,1984.3037,1994.5542,0.0,0.0,0.0,0.0,-0.37810707,0.0,0.0,0.0,0.0,0.0,1994,2023,0,0,0,0,"c(-1.17081550236459, 42.4228829396079)",NBR_year,,0.5413549664826361,0.5456729693735691,0.5487465800462984,0.5505763177021623,0.5513573416160806,0.5556615339615869,0.5587212607905637,0.5605372013582516,0.5613595639114937,0.5656499440182983,0.4742171688856332,0.4914826129108134,0.4813297035384123,0.4973392239066191,0.4958878196638411,0.5005145354994435,0.5077724042419343,0.5011587544409917,0.5169006788213423,0.5051605477550355,0.5232630822093136,0.5201975916075087,0.52692423046883,0.5325841575928614,0.5280213102125709,0.5422242557842838,0.5289064875156011,0.5490946586539297,0.5444168229146623,0.5532463314624884,0.5573020873408671,0.5548032993895607,0.5674532133992805,0.5748333561975503,0.5685463823810215,0.5794797915172244,0.5819266152683349,0.5815032575118475,0.5925875079628196,0.5539589728163599,0.563504753964896,0.4914826129108134,N,1330.9000170230865,6600.4001121521,23.25723934173584,23.286839946111044,10.807293287913005,11.047195374965668,-0.49884440898895266,-0.3467488618567586
315,[5716 6981],394_N,0.0042893000928693,0.0053117660598421,1994,0.616169613202409,42.45953420320696,-1.118533552818917,5.388483,-0.002485687,-0.13975309,-0.1126487,0.01814917,-0.014096201,-0.018935567,0.037888702,-10.73587,0.005561627,-0.15342803,-0.14321797,0.03310321,-0.046175983,-0.004627202,0.03839724,0.0,0.0,0.0,0.0,0.0,0.0,0.0,0.0,0.0,0.0,0.0,0.0,0.0,0.0,0.0,0.0,0.0,0.0,0.0,0.0,0.0,0.0,0.0,0.0,0.0,0.0,0.0,0.0,0.0,0.0,0.0,0.0,1994.8608,2023.9287,0.0,0.0,0.0,0.0,1984.2134,1994.8855,0.0,0.0,0.0,0.0,-0.3474826,0.0,0.0,0.0,0.0,0.0,1994,2023,0,0,0,0,"c(-1.11853355281892, 42.459534203207)",NBR_year,,0.6981262247593715,0.6953151151325304,0.6911990671575614,0.6896749503857776,0.6881820457695319,0.6853765589492066,0.681266066287409,0.6797251269635484,0.678237842627831,0.6754379787535512,0.6713330418420513,0.6573850604555393,0.6527507000441499,0.6551630150182134,0.6730615762247223,0.6788315609198862,0.6722661505686179,0.6801432783758763,0.6961712431258816,0.6999634613249229,0.6914896285871968,0.7048401518960556,0.7189688264197672,0.7207825414653447,0.710427135136772,0.7292472872201481,0.7414523060572518,0.7412912866582331,0.7313171737553116,0.7533589899294276,0.7636203816523826,0.7614928779851798,0.756917673391239,0.7854724747043187,0.781391180360441,0.7822516380553513,0.8006766850609831,0.8070087285215989,0.8009907284657993,0.7771702358257216,0.6768379106906911,0.6573850604555393,N,1330.9000170230865,6600.4001121521,23.25723934173584,23.286839946111044,10.807293287913005,11.047195374965668,-0.50546875,-0.3210652683628723
316,[5152 6730],368_N,0.0025417129164502,0.0016012414663609,1989,0.6042306992363682,42.611529149308815,-1.18617669372595,2.5065732,-0.0009682077,0.0,-0.15566607,0.083809845,-0.09555871,0.029049411,0.0002484486,-3.0350308,0.0017811735,-0.03579132,-0.12654646,0.07660849,-0.06958662,0.044700798,0.04829683,0.0,0.0,0.0,0.0,0.0,0.0,0.0,0.0,0.0,0.0,0.0,0.0,0.0,0.0,0.0,0.0,0.0,0.0,0.0,0.0,0.0,0.0,0.0,0.0,0.0,0.0,0.0,0.0,0.0,0.0,0.0,0.0,1989.5413,2023.8821,0.0,0.0,0.0,0.0,1984.2134,1989.585,0.0,0.0,0.0,0.0,-0.45286593,0.0,0.0,0.0,0.0,0.0,1989,2023,0,0,0,0,"c(-1.18617669372595, 42.6115291493088)",NBR_year,,0.7844037090473444,0.7829719532228318,0.7824996859391488,0.7810297868634922,0.7805365190316443,0.7563093972393728,0.752558032193511,0.7326906950204056,0.7367797702849721,0.757882349209865,0.7652665967757624,0.7570049819494528,0.7326663747069433,0.7523404463458139,0.7698585900625015,0.772977879185765,0.7601713430813322,0.7408088344438079,0.7669821445157725,0.7806885739454624,0.77942083479251,0.76207027592333,0.757640974864941,0.7806318626081338,0.790326337362729,0.784582861520731,0.7627250310645501,0.7736794948725536,0.7932233683607393,0.7987348108174805,0.7884613640422713,0.7621688138265268,0.7888423515119687,0.8058862430597299,0.7910638599518174,0.778255992816753,0.8030530915689283,0.8150047091243011,0.8117625400536653,0.8046978846420157,0.7807831529475683,0.752558032193511,N,1841.700026512146,7384.200138092041,22.571997197469077,22.440771786371865,10.193367179234823,10.632575341065724,-0.30449218563735486,-0.36642252686433496
317,[5712 6979],394_N,0.0042233311596147,0.0077238408906521,1994,0.538674042762804,42.46061218154811,-1.119072541989491,8.832508,-0.004238647,-0.11063741,-0.091904916,0.033400938,-0.014539535,-0.013233321,0.032749183,-17.017277,0.008642285,-0.11598481,-0.101267666,0.03813893,-0.038715895,0.0,0.037899453,0.0,0.0,0.0,0.0,0.0,0.0,0.0,0.0,0.0,0.0,0.0,0.0,0.0,0.0,0.0,0.0,0.0,0.0,0.0,0.0,0.0,0.0,0.0,0.0,0.0,0.0,0.0,0.0,0.0,0.0,0.0,0.0,1994.5104,2023.9287,0.0,0.0,0.0,0.0,1984.2134,1994.5542,0.0,0.0,0.0,0.0,-0.4610883,0.0,0.0,0.0,0.0,0.0,1994,2023,0,0,0,0,"c(-1.11907254198949, 42.4606121815481)",NBR_year,,0.6338368217078929,0.6290489719846373,0.6249933587384496,0.621277253253754,0.6174787382148257,0.6135974326326898,0.6096330229814032,0.605585263512315,0.6014539764941702,0.5972390523797266,0.4477305703117574,0.471191901746441,0.4667257915898218,0.4848164194998663,0.493721055513236,0.4923085575445149,0.5144179901916593,0.5085633787738912,0.5287093033624667,0.5362018685147788,0.5368248010282514,0.5575727725484096,0.5503364209655437,0.5725334412893046,0.5786129160117052,0.5812784575803367,0.6006561975587354,0.5920456654589864,0.6162883893630243,0.6209545813376977,0.6256687195594832,0.6436682558724095,0.6336918951426913,0.66322728795514,0.6699948154720563,0.6866089800307604,0.6752759278751291,0.7035891427822843,0.7054314991033213,0.6599737441082552,0.5993465144369484,0.471191901746441,N,1330.9000170230865,6600.4001121521,23.25723934173584,23.286839946111044,10.807293287913005,11.047195374965668,-0.50546875,-0.3210652683628723
318,[4770 4772],395_N,0.0014394817299832,0.0019170782906581,1990,0.707037540144475,42.714476080888446,-1.713847091717866,-10.891586,0.0058255256,-0.0013370358,0.0,0.0,0.038208,-0.025155699,0.011065206,-3.3491251,0.002002253,0.05753952,-0.041413613,0.02053912,0.0,0.0,0.0060013244,0.0,0.0,0.0,0.0,0.0,0.0,0.0,0.0,0.0,0.0,0.0,0.0,0.0,0.0,0.0,0.0,0.0,0.0,0.0,0.0,0.0,0.0,0.0,0.0,0.0,0.0,0.0,0.0,0.0,0.0,0.0,0.0,1990.086,2023.8821,0.0,0.0,0.0,0.0,1984.3037,1990.1299,0.0,0.0,0.0,0.0,-0.1759457,0.0,0.0,0.0,0.0,0.0,1990,2023,0,0,0,0,"c(-1.71384709171787, 42.7144760808884)",NBR_year,,0.7309519496864977,0.7367818036692362,0.7426111867488264,0.748440099148837,0.7542685410963937,0.7600965128237612,0.6960185572213338,0.6978868230563137,0.6997270161278523,0.7015396122777829,0.7033251503130936,0.7050842317062297,0.7068175199552734,0.7085257396027489,0.7102096749131364,0.7118701682113971,0.7140374065052958,0.7163855374102649,0.7187057485838361,0.7209977025670804,0.7232610887211869,0.725495626998098,0.7277010715991279,0.7298772144993381,0.7320238888175997,0.7341409720102067,0.7362283888694758,0.7382861143079745,0.7403141759106293,0.7423126562380509,0.7442816948652005,0.7462214901416611,0.7481323006598903,0.7518683096826754,0.7536943354957462,0.7554930318971069,0.7572649697787898,0.7590107824137794,0.7607311646419975,0.7500144464202971,0.7571825269600775,0.6978868230563137,N,1642.0000350475311,5989.300102710724,23.277511151631675,23.807847913106283,11.156278053919474,11.623941707611085,-0.18277994804084302,-0.3904378264211118
319,[5845 6772],394_N,0.004196747095436,0.0049668742934116,1994,0.401690506655686,42.424769401704935,-1.174857921143897,-13.876375,0.0071458807,-0.13634029,-0.10094982,0.03541297,-0.07322867,0.0010033898,0.03685486,-188.01619,0.09455734,-0.14245889,-0.09638112,0.020021027,-0.08342808,-0.0076634977,0.0244448,-98.15093,0.04939686,-0.12200342,-0.10424597,0.0,-0.083880335,-0.01462366,0.053183626,-9.368299,0.004825518,-0.08345859,-0.078471355,0.016146217,-0.07642278,0.00415699,0.017213743,0.0,0.0,0.0,0.0,0.0,0.0,0.0,0.0,0.0,0.0,0.0,0.0,0.0,0.0,0.0,0.0,1990.4365,1992.3639,1994.5104,2023.9944,0.0,0.0,1984.3037,1990.4802,1992.4515,1994.5542,0.0,0.0,-0.18387093,-0.19294675,-0.3079434,0.0,0.0,0.0,1990,1992,1994,2023,0,0,"c(-1.1748579211439, 42.4247694017049)",NBR_year,,0.582131620508005,0.5892707400761696,0.595474903020903,0.6035607671017615,0.6107168212555381,0.616937896359494,0.4795459293745324,0.5741150360929306,0.5373108593723108,0.5867980767213332,0.4462051524994535,0.4436911215481206,0.4579811010844644,0.4476990604736008,0.4672933941003674,0.464674857025301,0.4741639294289585,0.4793237212544395,0.4786690421718374,0.4915526124280433,0.4809383845326913,0.5013197429735712,0.4972726955496231,0.5086369687801069,0.512359655528839,0.5135706093733649,0.5250400582116185,0.5162406324225458,0.5352624281622584,0.5297918511419353,0.5430286074163535,0.5453134143143566,0.5483948721476473,0.5514714215175345,0.5691212354711878,0.5622331474647708,0.5773382879403973,0.5781855157257515,0.5831409392722232,0.5584435664149563,0.562054468046822,0.4436911215481206,N,1330.9000170230865,6600.4001121521,23.25723934173584,23.286839946111044,10.807293287913005,11.047195374965668,-0.49884440898895266,-0.3467488618567586
320,[5083 3603],379_N,0.0088063742829859,0.0100758410064837,1991,0.6016267670319205,42.63012427569362,-2.028886261918351,-25.266834,0.013086887,-0.033020806,-0.0015013978,0.0,0.0,0.0,0.0,-44.9341,0.022942552,-0.01586681,0.016416313,0.029943826,0.0,-0.0011829481,-0.010201818,-21.086569,0.0108373845,0.01935551,-0.019194303,0.007898995,-0.0057033612,-0.01225415,0.0043973555,0.0,0.0,0.0,0.0,0.0,0.0,0.0,0.0,0.0,0.0,0.0,0.0,0.0,0.0,0.0,0.0,0.0,0.0,0.0,0.0,0.0,0.0,0.0,0.0,1985.8561,1991.5316,2023.9014,0.0,0.0,0.0,1984.3037,1986.1436,1991.5535,0.0,0.0,0.0,-0.12163638,-0.91998124,0.0,0.0,0.0,0.0,1985,1991,2023,0,0,0,"c(-2.02888626191835, 42.6301242756936)",NBR_year,,0.7403908818795785,0.7534761286520473,,0.6923260092031207,0.7152381865481566,0.7382813473698785,0.7611598143151531,0.7840583424380398,0.5418329717295889,0.5502994973284298,0.5642051619617258,0.5697470506736014,0.5858648431445187,0.5935675496288665,0.6068311615428952,0.6170200458459891,0.6271469442351311,0.6397776952004761,0.6468772928413706,0.661822556489073,0.6681895318289703,0.6831606907538371,0.6920027727782232,0.7038222108241384,0.715140598049419,0.7238603805177548,0.7375724175688263,0.7433497918592636,0.7592912218778081,0.7667868717255025,0.7803141446670815,0.7902958685483156,0.8006820757914203,0.8204583321512345,0.8352170891753137,0.8413799744750526,0.8566134395133017,0.8652475455974837,0.8773297551268998,0.8131125791331022,0.7497205808425158,0.5418329717295889,N,1418.8000288009644,5607.500098347664,23.442552185058595,23.926483217875163,11.229377889633179,11.583851087093354,-0.06341146379709243,-0.2941487648524344
321,[5740 7060],394_N,0.0056201710700752,0.0058026176073338,1994,0.509634874405953,42.45306633316007,-1.097243480581245,8.871384,-0.0042008534,0.059076972,-0.013601609,0.031909768,0.010341,-0.001662599,0.01414269,-12.105774,0.0061216797,-0.024578314,-0.02583314,0.03641307,-0.025054969,0.0021128396,0.014357098,0.0,0.0,0.0,0.0,0.0,0.0,0.0,0.0,0.0,0.0,0.0,0.0,0.0,0.0,0.0,0.0,0.0,0.0,0.0,0.0,0.0,0.0,0.0,0.0,0.0,0.0,0.0,0.0,0.0,0.0,0.0,0.0,1994.5542,2023.9944,0.0,0.0,0.0,0.0,1984.3037,1994.5789,0.0,0.0,0.0,0.0,-0.44751433,0.0,0.0,0.0,0.0,0.0,1994,2023,0,0,0,0,"c(-1.09724348058124, 42.4530663331601)",NBR_year,,,0.5851722537339771,0.5809583383461078,0.5767312185056863,0.5724897133426721,0.5682326088533116,0.5640556069852629,0.5598945129368191,0.5557259413461978,0.5515489369198529,0.5473624977718444,0.2000730057385995,0.2064206934896618,0.2151619366442832,0.2140361779456357,0.2281738610889757,0.2275493189315524,0.2391069367778623,0.2440303055668317,0.2480304529497777,0.2584771364004428,0.25508160426275,0.2708386897555688,0.2719324821706357,0.2811354324991607,0.2877899337206656,0.2894582800816933,0.3015896953776778,0.2989045521585715,0.3133028697667787,0.3161253578852768,0.3229721219967383,0.3313496023627726,0.3444994868168297,0.3435124512122002,0.3555684328988946,0.3601242168593523,0.3646211006787647,0.374707691102016,0.3307095902689039,0.5536374391330253,0.2000730057385995,N,1311.2000274658203,6818.400172472,23.136512406667073,23.088657959302267,10.729057550430298,10.975056517124177,-0.50546875,-0.3210652683628723
322,[4291 5539],382_N,0.0081259258448971,0.0082256299726954,1991,0.4877125666337784,42.84356398724091,-1.507144744802749,-23.409409,0.012010519,0.0021824199,-0.0074334852,0.0,-0.004389572,-0.033933576,0.013497587,-17.074709,0.00867624,-0.0424181,-0.018615765,0.036844432,-0.015773283,0.00068361376,0.0038389089,0.0,0.0,0.0,0.0,0.0,0.0,0.0,0.0,0.0,0.0,0.0,0.0,0.0,0.0,0.0,0.0,0.0,0.0,0.0,0.0,0.0,0.0,0.0,0.0,0.0,0.0,0.0,0.0,0.0,0.0,0.0,0.0,1991.6193,2023.8821,0.0,0.0,0.0,0.0,1984.3037,1991.9259,0.0,0.0,0.0,0.0,-0.47104928,0.0,0.0,0.0,0.0,0.0,1991,2023,0,0,0,0,"c(-1.50714474480275, 42.8435639872409)",NBR_year,,0.4665043612130032,0.4786492317174111,0.4902633065068033,0.5027071125076105,0.5145355007457415,0.5266755804214838,0.538687075473502,0.5505243586837859,0.2974132442136429,0.3117331622889254,0.3185480336297965,0.3266084546712284,0.3380428734381286,0.3398376870639876,0.3558272701562545,0.3594849004234947,0.3718819048041568,0.3801233107026948,0.3862389600965047,0.3990946189097495,0.3996749622737284,0.4163439929617007,0.4214069350197044,0.4318680925495092,0.4415389452869847,0.4457147722651947,0.459981470548744,0.4619258436675515,0.4766955049609596,0.4831757588878799,0.491693658242747,0.5027927934219909,0.5050392384137727,0.524032119409476,0.5368827072396016,0.5447882184724822,0.5513609837288554,0.563883175058376,0.5642161169487283,0.5207028010100412,0.5326813279474929,0.2974132442136429,N,1726.6000356674194,7034.9001269340515,22.21490281422933,22.526436805725098,10.95898265838623,11.286854251225789,-0.13647461030632257,-0.2897176109778229
323,[4894 2583],370_N,0.0126393568652737,0.0155097405345412,1987,0.5571653854984603,42.68105875231286,-2.303770738911076,-5.395627,0.0030112914,0.08632033,-0.054462645,0.062166717,-0.030128198,0.027956946,0.015749143,-31.767973,0.01608368,0.037550103,-0.04686998,0.048078816,-0.02096304,0.0,0.013899914,0.0,0.0,0.0,0.0,0.0,0.0,0.0,0.0,0.0,0.0,0.0,0.0,0.0,0.0,0.0,0.0,0.0,0.0,0.0,0.0,0.0,0.0,0.0,0.0,0.0,0.0,0.0,0.0,0.0,0.0,0.0,0.0,1987.6083,2023.8821,0.0,0.0,0.0,0.0,1984.3037,1987.8081,0.0,0.0,0.0,0.0,-0.7280282,0.0,0.0,0.0,0.0,0.0,1987,2023,0,0,0,0,"c(-2.30377073891108, 42.6810587523129)",NBR_year,,,0.6829563729014725,0.685974537786151,0.6889919195278337,0.2708357891826622,0.2925190433565198,0.3133994464527951,0.3267405340980119,0.334032573509031,0.3577290512770771,0.3777823837045618,0.3904070563303632,0.3971875974619603,0.4228509700492198,0.4420835463080745,0.4540093268620151,0.4614934344706534,0.4878848722981638,0.506304283284819,0.5175496970072684,0.5272753223437222,0.5528309706729253,0.570446064264979,0.581030599873488,0.5929721653138191,0.6176896168782345,0.6345104762393731,0.6444545454730936,0.6585831082178966,0.6824613004504276,0.6984992201054235,0.7078241157146937,0.7241074357903202,0.7624141070125039,0.7711419592837745,0.7895445734122031,0.8117464178889464,0.8262570545151908,0.8344107864241822,0.7471466472807313,0.6844654553438118,0.2708357891826622,N,1254.2000260353088,5570.3001227378845,22.904892031351725,22.894782280921937,10.137628920873006,10.286800380547842,-0.25131836757063863,-0.3263753249659203
324,[3052 4816],304_N,0.0018531210677616,0.0038088971761704,1989,0.6806314318441474,43.17746777841148,-1.701989329965239,14.727089,-0.007111521,-0.00060801936,-0.17963909,0.1124398,-0.03290627,0.01848326,0.0,-9.229122,0.004875257,-0.114457555,-0.13380289,0.030882424,-0.059965648,0.01044798,0.017720785,0.0,0.0,0.0,0.0,0.0,0.0,0.0,0.0,0.0,0.0,0.0,0.0,0.0,0.0,0.0,0.0,0.0,0.0,0.0,0.0,0.0,0.0,0.0,0.0,0.0,0.0,0.0,0.0,0.0,0.0,0.0,0.0,1989.7794,2023.9014,0.0,0.0,0.0,0.0,1984.3037,1990.0422,0.0,0.0,0.0,0.0,-0.2780896,0.0,0.0,0.0,0.0,0.0,1989,2023,0,0,0,0,"c(-1.70198932996524, 43.1774677784115)",NBR_year,,0.8407318396889224,0.8335379875534076,0.8263847106273975,0.8194194363162304,0.8119640897867516,0.8052236561337593,0.7181567920469561,0.7220316506474069,0.7248693999728459,0.7266650927097806,0.7274223973857644,0.727153578415949,0.7258793762407892,0.7334616431182527,0.7436343863136036,0.753015776126859,0.7615492447491372,0.7691844281979516,0.7758777722860266,0.7815930612020068,0.7863018617853182,0.7899838777091899,0.792627209016904,0.7942285137379355,0.7947930696454606,0.7943347355703645,0.7928758130558621,0.80276149462239,0.8127910625458379,0.8220182759171055,0.8303876757786066,0.8378501256464141,0.8443634036071261,0.8544111235382712,0.8578998816070134,0.8603486782528297,0.8617557790019942,0.8621280695229686,0.8614809982350831,0.849892715652488,0.815691763051491,0.7181567920469561,N,2519.700078010559,9929.700184822083,21.05417947769165,21.363773783047993,11.75977217356364,12.062874456246695,-0.2714192677289248,-0.37399495523422954
325,[5767 7141],394_N,0.01511636225868,0.0184004909463106,1994,0.711642721670475,42.44578997935732,-1.075414419173,0.71650916,0.0,0.065706804,-0.040442474,0.011838125,-0.00064711506,-0.0013724937,-0.021367453,0.7207885,0.0,0.033823337,-0.020512048,0.0,-0.0059062117,-0.009285078,-0.016440704,-38.962322,0.01964538,0.103356734,-0.049887702,0.054888826,-0.017508307,0.0041617956,0.0025859661,0.0,0.0,0.0,0.0,0.0,0.0,0.0,0.0,0.0,0.0,0.0,0.0,0.0,0.0,0.0,0.0,0.0,0.0,0.0,0.0,0.0,0.0,0.0,0.0,1988.8595,1994.5104,2023.9287,0.0,0.0,0.0,1984.3037,1988.9033,1994.5789,0.0,0.0,0.0,-0.20773256,-0.40542242,0.0,0.0,0.0,0.0,1988,1994,2023,0,0,0,"c(-1.075414419173, 42.4457899793573)",NBR_year,,0.7808447046447986,0.7921433830409246,0.7920738803984838,0.7920143327591583,0.7921152396195383,0.7723400907292584,0.7723424931522912,0.7723446255583486,0.772346488284369,0.7723480816702056,0.772349406058083,0.3588595629239341,0.3730258087321977,0.3979615183991979,0.4161327901652203,0.4344413742173343,0.4572164601704567,0.4719570718090973,0.4959334660109982,0.514776337550618,0.5319863596428346,0.555517219488603,0.5708477967770065,0.5938421934641493,0.613370604759052,0.6294625904198526,0.6537606689088069,0.6696966085348443,0.6916867365753598,0.7119142990158414,0.7268693818501479,0.7519456637790995,0.768502140654783,0.8104061458945632,0.8242060984647326,0.8500710884478346,0.8672630367910633,0.8871796065826102,0.9088448909046616,0.7894661695293724,0.7723472849772873,0.3588595629239341,N,1311.2000274658203,6818.400172472,23.136512406667073,23.088657959302267,10.729057550430298,10.975056517124177,-0.50546875,-0.3210652683628723
326,[4902 2603],370_N,0.0091258604489896,0.0107466286129413,1987,0.4399594605676578,42.67890279563056,-2.298380847205336,-48.59667,0.024739323,0.120796725,-0.02721289,0.049063697,-0.03777214,0.0,-0.009880837,-22.583803,0.011534429,0.057725564,-0.03210152,0.033895623,-0.020257087,0.00094036193,0.0,0.0,0.0,0.0,0.0,0.0,0.0,0.0,0.0,0.0,0.0,0.0,0.0,0.0,0.0,0.0,0.0,0.0,0.0,0.0,0.0,0.0,0.0,0.0,0.0,0.0,0.0,0.0,0.0,0.0,0.0,0.0,0.0,1987.6083,2023.8821,0.0,0.0,0.0,0.0,1984.3037,1987.7397,0.0,0.0,0.0,0.0,-0.26830497,0.0,0.0,0.0,0.0,0.0,1987,2023,0,0,0,0,"c(-2.29838084720534, 42.6789027956306)",NBR_year,,,0.6899632557802791,0.7147014769985176,0.7394381449608823,0.4298928802526109,0.4416574916463602,0.4495831463503943,0.4597416632506814,0.4755221824975594,0.4880567489722754,0.4968327159283005,0.504610902511664,0.5210016473922072,0.5342824063964041,0.5438959813437371,0.5495138330109562,0.5663375727808071,0.5803387042867659,0.5907746304042613,0.5972635743794864,0.6115366197078413,0.6262303709889914,0.6374709314227758,0.6448254525114384,0.6566057826371499,0.6719625983904184,0.6839877166704277,0.6921995427626786,0.7015523588764707,0.7175410161146981,0.7303283639421752,0.7393865351540789,0.7463839173322955,0.776496776337815,0.7863877233130022,0.7922978967306386,0.8082609662548289,0.8224973603665652,0.8332049912818063,0.7629716644673354,0.7023323663893983,0.4298928802526109,N,1226.7000193595886,5500.700077533722,23.53647143046061,23.543959379196167,10.905242776870727,11.053899176915486,-0.25131836757063863,-0.3263753249659203
327,[5708 7009],394_N,0.0068710439360299,0.0094553863896806,1994,0.505908346958101,42.46169015988925,-1.110987704430881,-22.52576,0.011505647,-0.047013715,-0.08739408,0.038890988,-0.023486879,-0.008454259,0.031437438,-19.9863,0.010165814,-0.07022477,-0.09281989,0.028257191,-0.028713845,0.0,0.03236483,0.0,0.0,0.0,0.0,0.0,0.0,0.0,0.0,0.0,0.0,0.0,0.0,0.0,0.0,0.0,0.0,0.0,0.0,0.0,0.0,0.0,0.0,0.0,0.0,0.0,0.0,0.0,0.0,0.0,0.0,0.0,0.0,1994.5104,2023.9287,0.0,0.0,0.0,0.0,1984.2134,1994.5542,0.0,0.0,0.0,0.0,-0.34882113,0.0,0.0,0.0,0.0,0.0,1994,2023,0,0,0,0,"c(-1.11098770443088, 42.4616901598893)",NBR_year,,0.4734022062908117,0.485021708273087,0.4970065715235132,0.5089175747396025,0.5207540841603289,0.5325155284905828,0.5442013995214661,0.5558112526832582,0.567344707529784,0.5788014481545036,0.4624962174344754,0.4798240256658048,0.475123627089602,0.4994303044599279,0.5052493399529577,0.5141792453459548,0.5304364884131664,0.524647646730111,0.5505700880913791,0.5552753844205977,0.565813282676029,0.5809926847949183,0.5765958708514691,0.601655424102023,0.6052467581919094,0.6173976640519483,0.6314926035397841,0.6286222491124838,0.6526859769860935,0.6551638081478608,0.6689317534594175,0.6819362679542386,0.680605505040252,0.7050269141796607,0.7204149447458937,0.73232373590205,0.7325447713966007,0.7545815586379492,0.7548364888862303,0.7036614446475865,0.5730730778421438,0.4798240256658048,N,1330.9000170230865,6600.4001121521,23.25723934173584,23.286839946111044,10.807293287913005,11.047195374965668,-0.50546875,-0.3210652683628723
328,[4297 5543],382_N,0.0045562917456852,0.0086389773367781,1991,0.7129671903749358,42.84194701972919,-1.506066766461601,-4.531661,0.0026458206,0.095893234,-0.011105274,0.07244373,0.014002644,0.012217009,0.0048820903,-17.72973,0.009081323,0.02169683,-0.07496581,0.07434857,-0.022915523,-0.007838467,0.023738744,0.0,0.0,0.0,0.0,0.0,0.0,0.0,0.0,0.0,0.0,0.0,0.0,0.0,0.0,0.0,0.0,0.0,0.0,0.0,0.0,0.0,0.0,0.0,0.0,0.0,0.0,0.0,0.0,0.0,0.0,0.0,0.0,1991.6193,2023.8821,0.0,0.0,0.0,0.0,1984.3475,1991.9259,0.0,0.0,0.0,0.0,-0.48706883,0.0,0.0,0.0,0.0,0.0,1991,2023,0,0,0,0,"c(-1.5060667664616, 42.8419470197292)",NBR_year,,,0.8582748864574775,0.8607470695895267,0.8631405066852821,0.8657192670872502,0.8686429708955515,0.8714809721961759,0.8742343907027531,0.498943250011811,0.5029017184136495,0.5119647845904709,0.5263591352835256,0.5217247087402372,0.545771633839077,0.5422849917406412,0.5612995559484296,0.5685423858123393,0.5732619349954298,0.5907424377924169,0.5821184137701255,0.6089294131220693,0.6087853331244208,0.6233141752278328,0.633794158151158,0.6342614961684214,0.6547411057488959,0.6471211159893978,0.671722796747375,0.6749034189211731,0.6849993983581694,0.6986566050590252,0.6949794693368174,0.7183597302352798,0.73416110438339,0.7406353110954847,0.7463687441509786,0.7631308644938141,0.7554328370616992,0.7816044067144385,0.7140858629913603,0.8700619715458637,0.498943250011811,N,1726.6000356674194,7034.9001269340515,22.21490281422933,22.526436805725098,10.95898265838623,11.286854251225789,-0.13647461030632257,-0.2897176109778229
329,[5907 6739],394_N,0.0051484812566546,0.0090340512594162,1994,0.430098965625676,42.408060737417145,-1.183751242458367,13.0953665,-0.0064028674,-0.09658,-0.10890637,0.03542555,-0.055998925,0.0,0.02830859,-18.58491,0.009435145,-0.08493007,-0.10651106,0.03362095,-0.06494127,0.007532166,0.028181024,0.0,0.0,0.0,0.0,0.0,0.0,0.0,0.0,0.0,0.0,0.0,0.0,0.0,0.0,0.0,0.0,0.0,0.0,0.0,0.0,0.0,0.0,0.0,0.0,0.0,0.0,0.0,0.0,0.0,0.0,0.0,0.0,1994.5104,2023.9944,0.0,0.0,0.0,0.0,1984.2134,1994.5542,0.0,0.0,0.0,0.0,-0.53867984,0.0,0.0,0.0,0.0,0.0,1994,2023,0,0,0,0,"c(-1.18375124245837, 42.4080607374171)",NBR_year,,0.6113752907630585,0.6054671291203855,0.5994737140709686,0.5933945435764785,0.5872291792060783,0.5809772464612011,0.5746384350355653,0.568212499011081,0.5616992569888696,0.5550985921557041,0.439389697930901,0.4615391798033767,0.466051122554945,0.4757737115096423,0.4897584101431643,0.48728158608665,0.5104471937675936,0.5036839267364412,0.5281281039549587,0.5308779041419204,0.5428869069920036,0.5551376625825739,0.55488215954346,0.5763852004764325,0.5678830514275947,0.5946172171649213,0.5956044650492418,0.6099057096227454,0.620414026996362,0.6223960834220779,0.6422202049917025,0.6323028268250168,0.6610057876533202,0.6768289381145199,0.6855878056600803,0.689821763005639,0.7079520341333032,0.7001864285958856,0.7272931694017138,0.6602315700046142,0.5583989245722869,0.4615391798033767,N,1330.9000170230865,6600.4001121521,23.25723934173584,23.286839946111044,10.807293287913005,11.047195374965668,-0.49884440898895266,-0.3467488618567586
330,[2947 5022],305_N,0.0051050200682875,0.0056460037732772,1989,0.6277974352185075,43.20576470986662,-1.64647344539612,-171.5157,0.08650234,-0.10087753,-0.11607392,0.0,0.0,0.0,0.0,-28.581429,0.014623677,-0.16938931,-0.0411621,0.0,-0.07879705,0.0,0.0,-10.59904,0.0055441204,-0.13729854,-0.065212555,0.009251604,-0.036594663,0.0,0.011223186,0.0,0.0,0.0,0.0,0.0,0.0,0.0,0.0,0.0,0.0,0.0,0.0,0.0,0.0,0.0,0.0,0.0,0.0,0.0,0.0,0.0,0.0,0.0,0.0,1986.1436,1989.8671,2023.8821,0.0,0.0,0.0,1984.3037,1986.6254,1990.4802,0.0,0.0,0.0,0.24237794,-0.40225762,0.0,0.0,0.0,0.0,1986,1989,2023,0,0,0,"c(-1.64647344539612, 43.2057647098666)",NBR_year,,0.3124397001807993,0.3989377557212019,0.7218626084740208,0.7365195864711873,0.7511487962684584,0.765750268738419,0.6237561373875777,0.625452850274485,0.6313809737727413,0.6406496667455643,0.6492812377290157,0.6572501451051962,0.6645352129807645,0.6711199796427554,0.6769929939925269,0.6821480545189714,0.686584386186117,0.6903067515137308,0.6933254930998338,0.6956565058576607,0.6973211383032452,0.7036514926638591,0.7128896177718854,0.7214892731842159,0.7294251224026599,0.7366762128531235,0.7432263219293567,0.7490642507315068,0.7541840600973564,0.7585852443435672,0.7622728390426173,0.7652574601320605,0.7675552726813067,0.7759205477365393,0.7851280344496916,0.793695713356141,0.8015984540213636,0.8088155280225681,0.8153309525668668,0.7691878887033169,0.7438341913698229,0.6237561373875777,N,3005.7000484466553,11650.500235557556,21.780928134918213,22.15673137505849,13.225488599141439,13.45493069489797,-0.2714192677289248,-0.37399495523422954
331,[2978 4984],305_N,0.0029862201483039,0.0061942098285636,1989,0.6936595467813399,43.19741037772272,-1.656714239637025,-0.6327735,0.00061687763,-0.041415244,-0.087551884,0.016890146,0.025794499,-0.028463291,0.019312752,-12.524918,0.006482281,-0.17470619,-0.10094075,0.010061092,-0.05482004,0.0064048828,0.02093057,0.0,0.0,0.0,0.0,0.0,0.0,0.0,0.0,0.0,0.0,0.0,0.0,0.0,0.0,0.0,0.0,0.0,0.0,0.0,0.0,0.0,0.0,0.0,0.0,0.0,0.0,0.0,0.0,0.0,0.0,0.0,0.0,1989.8671,2023.8821,0.0,0.0,0.0,0.0,1984.3037,1990.086,0.0,0.0,0.0,0.0,-0.34202418,0.0,0.0,0.0,0.0,0.0,1989,2023,0,0,0,0,"c(-1.65671423963702, 43.1974103777227)",NBR_year,,0.7445007171495963,0.7448035608409452,0.745729011788158,0.7460577283391141,0.7469566758685844,0.7473112514171006,0.6380686191324126,0.641173066448788,0.6438049926481099,0.6459788049834697,0.6529997198739323,0.6637017660451402,0.6739567542697834,0.6837484655453446,0.693062576204911,0.7018867313640239,0.7102106057959908,0.7180259518847599,0.7253266344003767,0.7321086519377251,0.7383701449568411,0.7441113904592671,0.749334783433004,0.7540448052921991,0.7582479796310762,0.7619528157036851,0.7651697401242255,0.7679110173686227,0.7701906597338469,0.7751128911392947,0.7859170202463842,0.7962781517262557,0.8061796349464164,0.824546512292971,0.8329882798803371,0.8409232609851509,0.8483448236175594,0.8552484657960524,0.8616318267229457,0.8156066956515289,0.7465072021038492,0.6380686191324126,N,2669.300033569336,10320.300218582153,22.026339880625407,22.41362637678782,12.944137001037598,13.133110427856446,-0.2714192677289248,-0.37399495523422954
332,[4598 5205],383_N,0.0101816790332161,0.0088866001931976,1991,0.5943825412048627,42.76082914955781,-1.597155936288602,-8.392619,0.004501354,-0.055023216,-0.038428746,0.012611744,-0.01946261,-0.023763156,-0.0043856436,-18.278687,0.009333791,-0.011378367,-0.05129136,0.06321769,-0.037927732,0.0065518334,0.012885257,0.0,0.0,0.0,0.0,0.0,0.0,0.0,0.0,0.0,0.0,0.0,0.0,0.0,0.0,0.0,0.0,0.0,0.0,0.0,0.0,0.0,0.0,0.0,0.0,0.0,0.0,0.0,0.0,0.0,0.0,0.0,0.0,1991.6193,2023.8821,0.0,0.0,0.0,0.0,1984.3037,1991.9259,0.0,0.0,0.0,0.0,-0.2152119,0.0,0.0,0.0,0.0,0.0,1991,2023,0,0,0,0,"c(-1.5971559362886, 42.7608291495578)",NBR_year,,0.6334164006869126,0.6375426408250627,0.6423865235221926,0.6467585075870849,0.6512631133412151,0.6558872673341846,0.6600442180185778,,0.4272749899560732,0.4515872952162529,0.454327789790879,0.466905293874338,0.478183385122154,0.4794064365183685,0.4987874848188477,0.4955366074342855,0.5162065792187096,0.5216142852473529,0.5306220232291137,0.5444649454531058,0.5423189909363468,0.5640719347064492,0.5635022599013615,0.5805381294793205,0.5885915759464552,0.5940783781347917,0.6104357253689829,0.6050069938200265,0.6290554883340763,0.6311666190096885,0.6445894018021282,0.6552579282975742,0.657284607219875,0.672217135114653,0.693743419828305,0.6985254580634596,0.7083687658162015,0.7216127264969,0.7202517190349316,0.676097580277218,0.6579657426763812,0.4272749899560732,N,1534.0000395774841,6302.900091648102,23.12691307067871,23.50054999987284,11.094698349634806,11.458874932924907,-0.13647461030632257,-0.2897176109778229
333,[3078 4806],304_N,0.0023831785880991,0.0040158210339044,1989,0.7036009174536252,43.17046091919402,-1.704684275818108,0.5133399,0.0,-0.19459048,-0.15351413,0.022030966,-0.05817562,-0.0008066597,0.0095048845,-9.59173,0.0050143036,-0.23447363,-0.14082846,0.0076545463,-0.055972718,0.007350095,0.0458515,0.0,0.0,0.0,0.0,0.0,0.0,0.0,0.0,0.0,0.0,0.0,0.0,0.0,0.0,0.0,0.0,0.0,0.0,0.0,0.0,0.0,0.0,0.0,0.0,0.0,0.0,0.0,0.0,0.0,0.0,0.0,0.0,1989.8671,2023.9014,0.0,0.0,0.0,0.0,1984.498,1990.0422,0.0,0.0,0.0,0.0,-0.16958869,0.0,0.0,0.0,0.0,0.0,1989,2023,0,0,0,0,"c(-1.70468427581811, 43.170460919194)",NBR_year,,0.8173754470374606,0.8175377625785363,0.8176664428093512,0.8177614004738075,0.8178225555877112,0.8178498354534264,0.750592133248577,0.7557757863779556,0.7594773873338319,0.761711953624929,0.7625080261890727,0.7619071499814118,0.7599631840842445,0.7567414527433075,0.7611761891231505,0.7745572143090919,0.7866426100785153,0.7973680041216427,0.806681898319225,0.8145462308554993,0.820936754210298,0.8258432246560102,0.8292694017060296,0.8312328587789596,0.8317646091433256,0.8309085539266654,0.8287207615900749,0.8252685907214665,0.8330333809411541,0.8461779878897456,0.8580140023466217,0.868479404494515,0.8775251673326477,0.8912296152068692,0.8958590345237307,0.899010401169092,0.9007038314160436,0.9009727916005285,0.899863513877991,0.8851157848762797,0.8177919780307594,0.750592133248577,N,2519.700078010559,9929.700184822083,21.05417947769165,21.363773783047993,11.75977217356364,12.062874456246695,-0.2714192677289248,-0.37399495523422954
334,[3050 4839],304_N,0.0021476395903864,0.0060312000984379,1989,0.7156712307407468,43.17800676758206,-1.695790954503638,0.6399049,0.0,0.0062129013,-0.14179125,0.058849327,-0.013653034,-0.006929437,-0.0113514,-14.082494,0.007277565,-0.15004466,-0.114873625,0.025525374,-0.025119666,0.0,0.039219026,0.0,0.0,0.0,0.0,0.0,0.0,0.0,0.0,0.0,0.0,0.0,0.0,0.0,0.0,0.0,0.0,0.0,0.0,0.0,0.0,0.0,0.0,0.0,0.0,0.0,0.0,0.0,0.0,0.0,0.0,0.0,0.0,1989.8671,2023.8821,0.0,0.0,0.0,0.0,1984.3037,1990.0422,0.0,0.0,0.0,0.0,-0.22090822,0.0,0.0,0.0,0.0,0.0,1989,2023,0,0,0,0,"c(-1.69579095450364, 43.1780067675821)",NBR_year,,0.8116599013484963,0.8116111881491728,0.8116683610095554,0.8115999357215337,0.8116763443765409,0.811588211095372,0.6621336109716206,0.6661927590635637,0.6693142595137056,0.671528160464007,0.6728718089235529,0.67743222209664,0.6908682690586943,0.7035060694071498,0.715297538816364,0.7262012789238869,0.7361830407032962,0.7452161066217141,0.7532815869675419,0.7603686268002248,0.7664745210818906,0.7716047366924804,0.7757728411855876,0.7790003392975117,0.7813164193677445,0.7827576129403788,0.7858418640578524,0.7993659756985655,0.8120977505210816,0.8239883715532899,0.8349956497815662,0.8450844964823149,0.8542273149349847,0.869603689346284,0.8758218213904508,0.8810632358000244,0.8853405790017427,0.8886744579469367,0.8910931967032203,0.8624043067794827,0.8116381400490373,0.6621336109716206,N,2669.300033569336,10320.300218582153,22.026339880625407,22.41362637678782,12.944137001037598,13.133110427856446,-0.2714192677289248,-0.37399495523422954
335,[5714 7007],394_N,0.0034908343156054,0.0071626393122167,1994,0.457643017050222,42.460073192377536,-1.111526693601455,0.33606544,0.0,-0.086965546,-0.0768131,0.032597575,-0.027298992,-0.009513742,0.027994225,-16.018162,0.008138089,-0.100428216,-0.09335823,0.031461883,-0.04384341,0.0015464787,0.030226868,0.0,0.0,0.0,0.0,0.0,0.0,0.0,0.0,0.0,0.0,0.0,0.0,0.0,0.0,0.0,0.0,0.0,0.0,0.0,0.0,0.0,0.0,0.0,0.0,0.0,0.0,0.0,0.0,0.0,0.0,0.0,0.0,1994.5104,2023.9287,0.0,0.0,0.0,0.0,1984.2134,1994.5542,0.0,0.0,0.0,0.0,-0.30435663,0.0,0.0,0.0,0.0,0.0,1994,2023,0,0,0,0,"c(-1.11152669360145, 42.4600731923775)",NBR_year,,0.5208369436981135,0.5206831937771439,0.5204549592806323,0.5201524361500328,0.5197758794140461,0.5193256028270512,0.5189317911637907,0.5194385693200817,0.5198717427415609,0.5202309768343247,0.4110810505234215,0.4356628111683522,0.4362843694020462,0.4469719882652859,0.4591802897413146,0.4531169827463793,0.4765600704788417,0.4759653587255726,0.4884363756534763,0.4994312592671078,0.4951019185043205,0.5173960750829526,0.5155884000132696,0.5298427683691096,0.5396210036524062,0.537035049921687,0.5581706620013449,0.5551540092067458,0.5711906801570532,0.5797497253549156,0.5789155974126874,0.5988837031349298,0.594662733377635,0.6198176610211427,0.6207428102398772,0.6395351053248419,0.6341151502812156,0.6537092812213724,0.6598250812698254,0.6124796577589551,0.5200513597879428,0.4356628111683522,N,1330.9000170230865,6600.4001121521,23.25723934173584,23.286839946111044,10.807293287913005,11.047195374965668,-0.50546875,-0.3210652683628723
336,[5742 7113],394_N,0.0102148135716291,0.0125486671449809,1994,0.654209418549703,42.452527343989495,-1.082960267561035,0.5361876,0.0,-0.12819317,-0.06436246,-0.14606766,-0.039982818,-0.07188742,-0.032411534,6.036801,-0.0026942291,0.063417256,-0.011925259,0.0076457574,0.020853603,0.0,0.006175037,-26.079535,0.01319556,0.081111625,-0.04743009,0.07121946,-0.016673272,0.016339377,0.0086737415,0.0,0.0,0.0,0.0,0.0,0.0,0.0,0.0,0.0,0.0,0.0,0.0,0.0,0.0,0.0,0.0,0.0,0.0,0.0,0.0,0.0,0.0,0.0,0.0,1987.8766,1994.5104,2023.9287,0.0,0.0,0.0,1984.3037,1987.9834,1994.535,0.0,0.0,0.0,0.95965284,-0.21085428,0.0,0.0,0.0,0.0,1987,1994,2023,0,0,0,"c(-1.08296026756104, 42.4525273439895)",NBR_year,,0.807592730460662,0.808011365370431,0.8075517531038031,0.8079863160096623,0.7302142686701597,0.7274774830094545,0.7247857675495635,0.7221317206243678,0.7194090063751528,0.7166869234805352,0.7140463947056714,0.355419005694938,0.361641600257986,0.3820313623832761,0.3919129421204574,0.4064930735530838,0.4208751070426421,0.4285027853706657,0.4481593460369277,0.4566642225197806,0.4734099652448241,0.4861260086313672,0.4963074316942806,0.5140384468449885,0.5212712684385096,0.5400387087641197,0.551187495804015,0.5637919465412206,0.5796835820309798,0.5857495469243685,0.6063923485945573,0.6160754283440159,0.6309665091399963,0.6531020001584597,0.6724846988249218,0.6808056276608403,0.6978424097095621,0.7103335841208245,0.7208613735437113,0.6451100851500026,0.718047964927844,0.355419005694938,N,1311.2000274658203,6818.400172472,23.136512406667073,23.088657959302267,10.729057550430298,10.975056517124177,-0.50546875,-0.3210652683628723
337,[5661 5839],388_N,0.0039342301976938,0.0047659126080139,1993,0.4285985725104523,42.47435640539774,-1.426296369216653,4.668984,-0.0021322763,0.057890974,-0.006033587,0.010568084,-0.033161554,0.0,-0.009669628,-9.911968,0.0051364894,0.047976673,-0.002533717,0.0009701991,-0.008535394,0.0,-0.0015761144,0.0,0.0,0.0,0.0,0.0,0.0,0.0,0.0,0.0,0.0,0.0,0.0,0.0,0.0,0.0,0.0,0.0,0.0,0.0,0.0,0.0,0.0,0.0,0.0,0.0,0.0,0.0,0.0,0.0,0.0,0.0,0.0,1993.4591,2023.9479,0.0,0.0,0.0,0.0,1984.2134,1993.5905,0.0,0.0,0.0,0.0,-0.22606267,0.0,0.0,0.0,0.0,0.0,1993,2023,0,0,0,0,"c(-1.42629636921665, 42.4743564053977)",NBR_year,,,0.5314919127957072,0.5293364326218897,0.5271788298165784,0.5250191010856244,0.5228572432161799,0.5206932530773253,0.5185271276197665,0.516358863876977,0.5141884589647762,0.3880372907557352,0.3929419307024664,0.3970361957329537,0.4010740692706198,0.4077084417442047,0.413629204416603,0.4187839088525364,0.4231359550725231,0.426667852126941,0.4329926267921745,0.4391447866064766,0.4445458897048351,0.4491539578776584,0.4529451600521801,0.4582076499537642,0.4645855383564101,0.4702288379129877,0.475090536102055,0.4791407409633863,0.4833555429160148,0.4899531068542979,0.4958338987142143,0.5009462302519752,0.508742176964433,0.5152492736914542,0.5213623876391097,0.5267217814216326,0.5312863695390714,0.5350333823628859,0.5052544511428045,0.5174429957483717,0.3880372907557352,N,1248.5000218153,5291.600123941898,24.84087168375651,25.342232847213744,12.124216985702514,12.40864936908086,-0.3155598990619183,-0.4214070601388812
338,[2939 4999],305_N,0.0081911840182494,0.0088834285013758,1989,0.7541607011730549,43.20792066654892,-1.65267182085772,23.50905,-0.011471972,0.008448337,-0.10521552,0.022372197,-0.021632193,-0.019436609,-0.026412744,-18.184923,0.009371394,-0.043633908,-0.04961455,0.02952223,-0.008160151,0.0,0.02952933,0.0,0.0,0.0,0.0,0.0,0.0,0.0,0.0,0.0,0.0,0.0,0.0,0.0,0.0,0.0,0.0,0.0,0.0,0.0,0.0,0.0,0.0,0.0,0.0,0.0,0.0,0.0,0.0,0.0,0.0,0.0,0.0,1989.8671,2023.8821,0.0,0.0,0.0,0.0,1984.3037,1990.086,0.0,0.0,0.0,0.0,-0.47922328,0.0,0.0,0.0,0.0,0.0,1989,2023,0,0,0,0,"c(-1.65267182085772, 43.2079206665489)",NBR_year,,0.8668484564334189,0.8550959194926775,0.8439014743623506,0.8321683676794858,0.8209540126252616,0.8092403378740047,0.590060507989523,0.6008657703387132,0.6112997690920449,0.6213525783377566,0.6310164280807703,0.6402857686909056,0.6491573196614265,0.6576301022802153,0.6657054559375324,0.6733870379187954,0.6806808066573006,0.6875949885468977,0.6941400285423471,0.7003285248947729,0.7082498122526737,0.7207589427199824,0.732980218141675,0.7448940475287255,0.7564824275319093,0.7677290780170407,0.7786195658671597,0.7891414160480351,0.7992842090650945,0.8090396640464761,0.81840170679202,0.8273665222434375,0.8359325909498837,0.8518739928019347,0.8592578639718078,0.8662600222086443,0.8728903985468475,0.8791610939887979,0.8855326683095203,0.844100709223045,0.8265611901523737,0.590060507989523,N,3005.7000484466553,11650.500235557556,21.780928134918213,22.15673137505849,13.225488599141439,13.45493069489797,-0.2714192677289248,-0.37399495523422954
339,[4515 6619],373_N,0.0066232174403727,0.0099505844924739,1990,0.594006957621758,42.78319720013664,-1.216090592692805,-9.555685,0.005101445,0.028308105,-0.0034978592,0.037616305,0.013903686,-0.010177215,0.032704737,-20.569647,0.01047968,-0.023948425,-0.03374899,0.021042284,-0.013913807,-0.0034634222,0.013283971,0.0,0.0,0.0,0.0,0.0,0.0,0.0,0.0,0.0,0.0,0.0,0.0,0.0,0.0,0.0,0.0,0.0,0.0,0.0,0.0,0.0,0.0,0.0,0.0,0.0,0.0,0.0,0.0,0.0,0.0,0.0,0.0,1990.524,2023.8821,0.0,0.0,0.0,0.0,1984.2134,1990.5679,0.0,0.0,0.0,0.0,-0.47620472,0.0,0.0,0.0,0.0,0.0,1990,2023,0,0,0,0,"c(-1.2160905926928, 42.7831972001366)",NBR_year,,,0.6217524935995987,0.6268859829927135,0.6316458679293621,0.6371128727863943,0.6421169862315469,0.6471038288555461,0.379377155667528,0.3889696910691358,0.3976526439933868,0.4054723397571007,0.412493242869392,0.4246181929534179,0.4382646160825104,0.4510321895640188,0.4628803024382503,0.473787769209313,0.4837534590686814,0.4927963822091358,0.5009552286868479,0.508287371694244,0.5174324115436539,0.5314154389649618,0.5445410991789018,0.5567612923423398,0.5680469437203491,0.5783888455170072,0.5877979621975454,0.5963051882079209,0.6039605633916088,0.6108319676677736,0.6244284034936917,0.6379044122751091,0.6621543621167935,0.6728742390379072,0.682654518524736,0.6915181731967572,0.6995076995463657,0.7066840176683019,0.6504920079840432,0.6396149295089706,0.379377155667528,N,1891.8000240325928,7366.30010676384,22.853659693400065,22.883449721336365,10.889953104654948,11.257201731204987,-0.35976562947034835,-0.30279947984963657
340,[5868 6775],394_N,0.0048601332268099,0.0032937392596502,1994,0.467698896405392,42.418571026243335,-1.174049437388036,-0.37478814,0.00038363598,-0.048968602,-0.09727102,0.040326804,-0.0376714,-0.0019356074,0.037421618,-5.8321266,0.0031052742,-0.07139174,-0.10776574,0.018181935,-0.061302386,0.0,0.024444759,0.0,0.0,0.0,0.0,0.0,0.0,0.0,0.0,0.0,0.0,0.0,0.0,0.0,0.0,0.0,0.0,0.0,0.0,0.0,0.0,0.0,0.0,0.0,0.0,0.0,0.0,0.0,0.0,0.0,0.0,0.0,0.0,1994.5104,2023.9944,0.0,0.0,0.0,0.0,1984.3037,1994.598,0.0,0.0,0.0,0.0,-0.2827277,0.0,0.0,0.0,0.0,0.0,1994,2023,0,0,0,0,"c(-1.17404943738804, 42.4185710262433)",NBR_year,,0.5696957529706549,0.5704750944179818,0.5700589232614096,0.5692650551765239,0.5712413555645004,0.5720072728585655,0.5715779231459395,0.5708240204876154,0.5727868078569411,0.5735393028751208,0.5492937789925132,0.5400517155883328,0.5539555464220292,0.5541612179566391,0.5547803750868083,0.5643523817223824,0.552068028022122,0.5705491756128851,0.5670812834663909,0.5728342018640948,0.5788090032489046,0.5714480208868745,0.5865532441925928,0.5794215643380635,0.5903347192403081,0.5926653022647903,0.5903333865565618,0.6019600743478788,0.5911960614930997,0.6072651063381224,0.6059265007813377,0.6086988561189296,0.6167656125910876,0.6236120313779185,0.6186013090566649,0.6265223221028452,0.6309694292152367,0.625711707672416,0.6393657274151621,0.6065363983434253,0.573163055366031,0.5400517155883328,N,1330.9000170230865,6600.4001121521,23.25723934173584,23.286839946111044,10.807293287913005,11.047195374965668,-0.49884440898895266,-0.3467488618567586
341,[5714 7024],394_N,0.0032883008061218,0.0048397369534078,1994,0.531466716103468,42.460073192377536,-1.106945285651577,0.32567903,0.0,-0.03730818,-0.113426276,0.07047758,0.0,0.0007030142,0.053748194,-202.26396,0.10194176,-0.110125564,-0.12730044,0.016686847,-0.11342472,0.0,-0.00027691846,-11.638901,0.0060320827,-0.061994605,-0.10916397,0.054543782,-0.015978964,-0.006620673,0.033770755,-10.00725,0.0052179024,-0.07775057,-0.11424738,0.041372932,-0.032364562,0.0025139726,0.030267186,0.0,0.0,0.0,0.0,0.0,0.0,0.0,0.0,0.0,0.0,0.0,0.0,0.0,0.0,0.0,0.0,1987.3071,1988.728,1994.5104,2023.9287,0.0,0.0,1984.3037,1987.3263,1988.8157,1994.5542,0.0,0.0,0.15626493,-0.15549397,-0.23334046,0.0,0.0,0.0,1987,1988,1994,2023,0,0,"c(-1.10694528565158, 42.4600731923775)",NBR_year,,0.5427557068493137,0.5426494845044294,0.5425841288146301,0.6122447656010468,0.7141902861179222,0.5688340990122205,0.5747877306399805,0.5808572672189616,0.5869646730267188,0.5930677423280011,0.6024504075493154,0.6129014365751629,0.6027351572519765,0.6237717978069075,0.6216575723430213,0.6293429406057723,0.6386254929389489,0.630096951313533,0.6500711683188896,0.6467394377135606,0.656181871584574,0.6642880836150558,0.65741308793662,0.6763111626268573,0.671761201309756,0.6829665052721418,0.6898891713565289,0.6846826252028221,0.7024914153155409,0.6967231937422054,0.7096961756433193,0.7154287541659146,0.7119046443018281,0.7216257798684936,0.7363702463952477,0.7409068653266452,0.7390782502524166,0.7546714025911971,0.7464693585457308,0.7286115945968171,0.59001620767736,0.6129014365751629,N,1330.9000170230865,6600.4001121521,23.25723934173584,23.286839946111044,10.807293287913005,11.047195374965668,-0.50546875,-0.3210652683628723
342,[5766 6963],394_N,0.0123810499362244,0.0136041386395264,1994,0.594227801648633,42.44605947394261,-1.123384455354083,0.52652776,0.0,-0.018596957,-0.06612416,0.06814328,0.0029991756,0.0,0.035861157,-27.91712,0.014158464,0.06880277,-0.07741338,0.08921073,-0.004593317,0.0,0.03047643,0.0,0.0,0.0,0.0,0.0,0.0,0.0,0.0,0.0,0.0,0.0,0.0,0.0,0.0,0.0,0.0,0.0,0.0,0.0,0.0,0.0,0.0,0.0,0.0,0.0,0.0,0.0,0.0,0.0,0.0,0.0,0.0,1994.5104,2023.9287,0.0,0.0,0.0,0.0,1984.4352,1994.5542,0.0,0.0,0.0,0.0,-0.35107926,0.0,0.0,0.0,0.0,0.0,1994,2023,0,0,0,0,"c(-1.12338445535408, 42.4460594739426)",NBR_year,,0.6801143065508993,0.6810624045151363,0.6806969993576351,0.6789793991163954,0.6806249608698525,0.6810809822185121,0.6802067391991165,0.6796932345107813,0.6809515327336242,0.6809083442175884,0.4382585749850285,0.4465313386047256,0.4695337459146751,0.4712997086849979,0.4959476310317594,0.5084365882858479,0.5181745154234129,0.5402532171782581,0.5408465603403102,0.5671509602142113,0.5785553700070013,0.5897807434916902,0.6109179412635429,0.6103329750975418,0.638306806412755,0.6486146292704733,0.6613489307242992,0.6815273060844634,0.6808731606667322,0.709414290690873,0.7186141113952551,0.732878001236972,0.7520807311244154,0.7804725591415975,0.7885535982563654,0.8043668962382834,0.8225776680221277,0.8245550762176678,0.851480783650534,0.7527288782381512,0.6809299384756062,0.4465313386047256,N,1330.9000170230865,6600.4001121521,23.25723934173584,23.286839946111044,10.807293287913005,11.047195374965668,-0.50546875,-0.3210652683628723
343,[5880 6811],394_N,0.0016490669803888,0.0031442970479912,1994,0.416919098107594,42.41533709121989,-1.164347632317704,4.975434,-0.0023050357,-0.0027587514,-0.072916016,0.069582336,-0.022394678,0.005063907,0.01469126,-6.5210333,0.0034249746,-0.015193216,-0.060462825,0.034990124,-0.047798656,0.0025271073,0.027720336,0.0,0.0,0.0,0.0,0.0,0.0,0.0,0.0,0.0,0.0,0.0,0.0,0.0,0.0,0.0,0.0,0.0,0.0,0.0,0.0,0.0,0.0,0.0,0.0,0.0,0.0,0.0,0.0,0.0,0.0,0.0,0.0,1994.5104,2023.9944,0.0,0.0,0.0,0.0,1984.3037,1994.5542,0.0,0.0,0.0,0.0,-0.25724304,0.0,0.0,0.0,0.0,0.0,1994,2023,0,0,0,0,"c(-1.1643476323177, 42.4153370912199)",NBR_year,,0.532194475813304,0.5289845915823744,0.5269964973706436,0.5253936711493938,0.5229685661266189,0.5197500292613171,0.5177887894137551,0.5161766724261287,0.513742557938395,0.5105153728823587,0.4233141257450808,0.4394674584909195,0.4323114781418372,0.4447191394787249,0.4450347040944063,0.4477127933928639,0.4554433726835821,0.4486031549335169,0.4634821314658361,0.4549573427174829,0.4691625984385316,0.4680966420946982,0.4725633541418366,0.4789387824815744,0.4738276295375107,0.4874162291664778,0.4775292221352512,0.493528167189223,0.4910800968612804,0.4973409197422588,0.502353399450745,0.498986058686111,0.5112695050977707,0.5178151802352389,0.513985738117976,0.5220444261455691,0.5256874800516094,0.5240770140045632,0.5350417912156236,0.5000281741286486,0.5121289654103769,0.4394674584909195,N,1330.9000170230865,6600.4001121521,23.25723934173584,23.286839946111044,10.807293287913005,11.047195374965668,-0.49884440898895266,-0.3467488618567586
344,[4294 5553],382_N,0.0088188801335985,0.0091041205036442,1991,0.5821674044261835,42.84275550348505,-1.503371820608731,0.573999,0.0,0.037113246,-0.034462433,0.035305087,-0.0048297714,-0.0010540952,-0.00611546,-18.75908,0.009556791,-0.024824025,-0.04005398,0.04413379,-0.02218957,-0.0019009437,0.01630811,0.0,0.0,0.0,0.0,0.0,0.0,0.0,0.0,0.0,0.0,0.0,0.0,0.0,0.0,0.0,0.0,0.0,0.0,0.0,0.0,0.0,0.0,0.0,0.0,0.0,0.0,0.0,0.0,0.0,0.0,0.0,0.0,1991.6193,2023.8821,0.0,0.0,0.0,0.0,1984.3037,1991.9259,0.0,0.0,0.0,0.0,-0.46016484,0.0,0.0,0.0,0.0,0.0,1991,2023,0,0,0,0,"c(-1.50337182060873, 42.8427555034851)",NBR_year,,0.6165623640102001,0.6293588183483837,0.6294589231844665,0.6294797498306517,0.6293196482830888,0.6295328904330935,0.6292237863558733,0.629517046176722,0.383106055130344,0.4024606288307942,0.4020884632358679,0.420154379438638,0.4272004557983366,0.4351735718260314,0.4496025679490362,0.4477309578065902,0.469213499962491,0.4711201260408802,0.4860639997041445,0.4954098236025072,0.5002948660370814,0.5169526559792034,0.5138013635824625,0.535701829576783,0.5399035894028015,0.5517225856435799,0.563355945645272,0.5651884652032282,0.5840350134924158,0.5831302610110263,0.6019286892078526,0.6084331076099826,0.6171363490071244,0.6298633960292099,0.6508504343463163,0.6522193562033792,0.66789814658168,0.6767039057428986,0.6823124132886421,0.6310362886682209,0.6293783383944833,0.383106055130344,N,1726.6000356674194,7034.9001269340515,22.21490281422933,22.526436805725098,10.95898265838623,11.286854251225789,-0.13647461030632257,-0.2897176109778229
345,[4506 6613],373_N,0.0066633120706549,0.0067053806571463,1990,0.558197368642146,42.78562265140421,-1.217707560204527,23.681564,-0.011640042,0.041157003,0.0,0.0024193397,0.029789478,0.0,0.0674033,-13.602646,0.007034745,0.056170255,-0.032741502,0.026865982,-0.020616055,-0.0015477807,0.0053168414,0.0,0.0,0.0,0.0,0.0,0.0,0.0,0.0,0.0,0.0,0.0,0.0,0.0,0.0,0.0,0.0,0.0,0.0,0.0,0.0,0.0,0.0,0.0,0.0,0.0,0.0,0.0,0.0,0.0,0.0,0.0,0.0,1990.524,2023.8821,0.0,0.0,0.0,0.0,1984.2134,1990.5679,0.0,0.0,0.0,0.0,-0.31209725,0.0,0.0,0.0,0.0,0.0,1990,2023,0,0,0,0,"c(-1.21770756020453, 42.7856226514042)",NBR_year,,0.6698023164558634,0.6742188727826777,0.6625526741356726,0.6513271807659202,0.6389850566552164,0.6278663068906571,0.6163192289353784,0.478449028548116,0.4875456893191942,0.496146752875275,0.504226307665984,0.5117655889013908,0.5187528168683738,0.5251828954046636,0.531056992356771,0.5363820264777537,0.5411700868921688,0.5500899970988016,0.5588931601280838,0.5671843351202939,0.5749419044947963,0.5821513184393355,0.5888048469764869,0.5949012049008324,0.6004450731009277,0.6054465418413293,0.6125566416910432,0.6215572816603187,0.6300566070783963,0.6380301312836009,0.6454604943245403,0.652337271922878,0.6586566486760325,0.6696382531211306,0.6749477975035425,0.6841408312604189,0.6928443759458457,0.7010310698353278,0.7086807119498649,0.6644209779202287,0.6334256817729368,0.478449028548116,N,1891.8000240325928,7366.30010676384,22.853659693400065,22.883449721336365,10.889953104654948,11.257201731204987,-0.35976562947034835,-0.30279947984963657
346,[4916 2721],380_N,0.0052921992870199,0.0067924144380598,1991,0.5720521016773947,42.67512987143655,-2.266580486141471,4.9232993,-0.002178646,0.024691075,-0.017744744,0.044091605,0.0006444448,0.0058379793,0.0040645422,-13.7445965,0.007118396,0.03486832,-0.017535722,0.030133445,-0.008978025,0.0,0.0065818457,0.0,0.0,0.0,0.0,0.0,0.0,0.0,0.0,0.0,0.0,0.0,0.0,0.0,0.0,0.0,0.0,0.0,0.0,0.0,0.0,0.0,0.0,0.0,0.0,0.0,0.0,0.0,0.0,0.0,0.0,0.0,0.0,1991.5535,2023.9479,0.0,0.0,0.0,0.0,1984.3037,1991.6165,0.0,0.0,0.0,0.0,-0.29548743,0.0,0.0,0.0,0.0,0.0,1991,2023,0,0,0,0,"c(-2.26658048614147, 42.6751298714366)",NBR_year,,,0.6487381137392358,0.646533844125767,0.644325834250587,0.6421140696870842,0.6398985363170104,0.637679220333682,0.635456108244335,0.4831881026501583,0.4908725786508335,0.4965581051628794,0.5054091737587905,0.5096490990852582,0.5196437195569004,0.5249782869218981,0.5335811308796958,0.5401225409118725,0.5472266182005183,0.5549546956040368,0.5605861457916306,0.5694800124696267,0.5736669629175138,0.5837034613676215,0.5890831038961277,0.5976299610082632,0.6042156964180567,0.6112647410818732,0.6190363914113558,0.6246138036360226,0.6335504368287863,0.637749224106684,0.6477627955366364,0.6531874850438453,0.668308423844838,0.6753024716240928,0.6831176663304803,0.6886410791062039,0.6976204470837557,0.7018650311812323,0.66167839062051,0.6387888783253461,0.4831881026501583,N,1452.400013923645,5588.100085258484,23.019765377044678,23.503747193018594,10.708363580703736,10.995350090662638,-0.06461588591337204,-0.28393554309150204
347,[4315 5518],382_N,0.0074507962073585,0.0098392493427814,1991,0.6035878620812087,42.83709611719402,-1.512804131093775,-22.373299,0.011560765,0.04144763,0.0,0.028417869,0.01751195,-0.03271132,0.017675212,-21.765255,0.011046165,0.00921496,-0.02096938,0.06365699,-0.028153274,0.007944969,0.01575174,0.0,0.0,0.0,0.0,0.0,0.0,0.0,0.0,0.0,0.0,0.0,0.0,0.0,0.0,0.0,0.0,0.0,0.0,0.0,0.0,0.0,0.0,0.0,0.0,0.0,0.0,0.0,0.0,0.0,0.0,0.0,0.0,1991.6193,2023.8821,0.0,0.0,0.0,0.0,1984.3037,1992.1449,0.0,0.0,0.0,0.0,-0.5929445,0.0,0.0,0.0,0.0,0.0,1991,2023,0,0,0,0,"c(-1.51280413109377, 42.837096117194)",NBR_year,,0.614989849606251,0.6342827567629041,0.6456391863547601,0.6574813774237785,0.6685918382178131,0.6805832839488711,0.6919636920262179,0.7035904038043018,0.333652379407633,0.3387733887106803,0.3488913370182296,0.3668420276734835,0.3709063604444259,0.3829750709840327,0.3999545501249205,0.4029627842653314,0.4169940256539132,0.4329894682473707,0.4349433158480922,0.4509468197643603,0.4659463845028452,0.466848694594838,0.4848321344725602,0.4988249831910086,0.4986797430594633,0.5186487153097284,0.5316250312081223,0.5304373662632611,0.5523953740636717,0.5643463787046028,0.5621637035234601,0.5860709905841466,0.5969889596382802,0.6196745145113766,0.6295527922224914,0.6310462374223977,0.6532049669219823,0.6620379792695542,0.6654041940857616,0.5966321619049206,0.6862734879875445,0.333652379407633,N,1726.6000356674194,7034.9001269340515,22.21490281422933,22.526436805725098,10.95898265838623,11.286854251225789,-0.13647461030632257,-0.2897176109778229
348,[3043 4793],304_N,-0.0006410596879448561,0.0023500133963938,1989,0.7271206431301511,43.17989322967907,-1.708187705426839,5.0246153,-0.0022797186,-0.18800029,-0.19802763,0.024070518,-0.010851821,-0.010589182,0.02494281,-7.466553,0.003980978,-0.20006508,-0.14783895,0.014690629,-0.038556322,0.0014099709,0.045933913,0.0,0.0,0.0,0.0,0.0,0.0,0.0,0.0,0.0,0.0,0.0,0.0,0.0,0.0,0.0,0.0,0.0,0.0,0.0,0.0,0.0,0.0,0.0,0.0,0.0,0.0,0.0,0.0,0.0,0.0,0.0,0.0,1989.8671,2023.9014,0.0,0.0,0.0,0.0,1984.4543,1990.0422,0.0,0.0,0.0,0.0,-0.1416574,0.0,0.0,0.0,0.0,0.0,1989,2023,0,0,0,0,"c(-1.70818770542684, 43.1798932296791)",NBR_year,,0.8234713328488552,0.8216873149787965,0.8193972065987789,0.8166559561780737,0.8148978763718534,0.8124794571688353,0.7822345852159555,0.7834042859417166,0.7832337343369045,0.7817592200973353,0.7790292867762312,0.7751039980628446,0.7818477144588449,0.7932594308122403,0.8034989852117099,0.8125013903960839,0.8202135555028891,0.826594947105717,0.8316180759090157,0.8352688025626659,0.8375464587817032,0.8384637827209598,0.8380466703362608,0.8363337472088381,0.8333757679864162,0.8292348531438317,0.8390542470356617,0.8502525934664944,0.8602657784699422,0.869030977744952,0.8764973996448171,0.8826269142851549,0.8873945068869575,0.892810886536145,0.8934767373901333,0.8928144120504624,0.8908648510261624,0.8876809934264823,0.8841138970716114,0.8907885493186294,0.8157769162749635,0.7822345852159555,N,2519.700078010559,9929.700184822083,21.05417947769165,21.363773783047993,11.75977217356364,12.062874456246695,-0.2714192677289248,-0.37399495523422954
349,[4322 5522],382_N,0.0066232869862879,0.0081632590426673,1991,0.5646032262992046,42.83520965509702,-1.511726152752628,-18.99264,0.0098453155,0.0751022,-0.0131849265,0.03128847,-0.0072855027,-0.013343187,0.006787047,-15.606176,0.0079651,-0.019923648,-0.030754514,0.051243212,-0.030189682,0.0,0.018159874,0.0,0.0,0.0,0.0,0.0,0.0,0.0,0.0,0.0,0.0,0.0,0.0,0.0,0.0,0.0,0.0,0.0,0.0,0.0,0.0,0.0,0.0,0.0,0.0,0.0,0.0,0.0,0.0,0.0,0.0,0.0,0.0,1991.6193,2023.8821,0.0,0.0,0.0,0.0,1984.3037,1992.4515,0.0,0.0,0.0,0.0,-0.6516119,0.0,0.0,0.0,0.0,0.0,1991,2023,0,0,0,0,"c(-1.51172615275263, 42.835209655097)",NBR_year,,,0.6501536040858581,0.6596772165781498,0.6698689575873912,0.6794497491933068,0.6895036259803989,0.6993079254617331,0.7090583639729513,0.3630147857570039,0.3804950540241401,0.3920317212063841,0.3972074069539013,0.3961312206884438,0.4093534566191537,0.4232577324547533,0.4309008001748769,0.4321869644154548,0.4373680883872927,0.4535485391654769,0.4636446506654649,0.4673577252114754,0.4649183283070551,0.4829306057157719,0.4954350589442625,0.5016095061527488,0.5014801180606184,0.5114415047679429,0.5262799666103509,0.5349196764494687,0.5371823542876405,0.5391293261410214,0.5561990153958599,0.5672772971015679,0.5704686460395997,0.5852232278551496,0.5986832682711705,0.6058571147126663,0.6066879900218166,0.6133945152311614,0.571984501655092,0.694405775721066,0.3630147857570039,N,1726.6000356674194,7034.9001269340515,22.21490281422933,22.526436805725098,10.95898265838623,11.286854251225789,-0.13647461030632257,-0.2897176109778229
350,[2820 4900],305_N,0.0047788533593667,0.001998566749227,1989,0.6896238556196278,43.23999052219806,-1.679351784801132,0.48340297,0.0,-0.16378902,-0.20787756,0.049035486,-0.03653595,-0.0035976393,0.03852457,-2.7882855,0.0016159719,-0.21880369,-0.13666056,0.03834905,-0.031728264,0.012433678,0.023390226,0.0,0.0,0.0,0.0,0.0,0.0,0.0,0.0,0.0,0.0,0.0,0.0,0.0,0.0,0.0,0.0,0.0,0.0,0.0,0.0,0.0,0.0,0.0,0.0,0.0,0.0,0.0,0.0,0.0,0.0,0.0,0.0,1989.8671,2023.9014,0.0,0.0,0.0,0.0,1984.498,1990.086,0.0,0.0,0.0,0.0,-0.14346349,0.0,0.0,0.0,0.0,0.0,1989,2023,0,0,0,0,"c(-1.67935178480113, 43.2399905221981)",NBR_year,,0.8333202809034761,0.8335183517792228,0.8336651318026675,0.8337603975417517,0.8338039421273629,0.8337955753608519,0.736732703507603,0.7436727751140413,0.7499877685699553,0.7556480727245539,0.7606269703044366,0.7649008664666308,0.768449494002221,0.771256093256929,0.7733075650602895,0.7745945951979609,0.7751117492245094,0.7748575366807342,0.7738344440598324,0.772048936154282,0.7695114257059891,0.7662362115668253,0.7622413858782661,0.7632369161356238,0.7702803579809261,0.7767040384921446,0.7824778777370156,0.7875746485363994,0.7919702087882903,0.7956437107930725,0.7985777856105698,0.8007587006972305,0.8021764893219999,0.8027022185083078,0.8018098011504825,0.800153586567049,0.7977433182473498,0.7945926385374927,0.790719001049565,0.8028250505061535,0.8337821698345573,0.736732703507603,N,3005.7000484466553,11650.500235557556,21.780928134918213,22.15673137505849,13.225488599141439,13.45493069489797,-0.2714192677289248,-0.37399495523422954
351,[5718 6994],394_N,0.0020240329993886,0.0049726671621392,1994,0.465302375323677,42.45899521403639,-1.115030123210186,-2.5426955,0.0014449544,-0.099847674,-0.09396429,0.03325828,-0.023583358,-0.014321971,0.03583048,-11.125912,0.005714274,-0.11874192,-0.1198784,0.03244941,-0.047171462,-0.0030039267,0.03694036,0.0,0.0,0.0,0.0,0.0,0.0,0.0,0.0,0.0,0.0,0.0,0.0,0.0,0.0,0.0,0.0,0.0,0.0,0.0,0.0,0.0,0.0,0.0,0.0,0.0,0.0,0.0,0.0,0.0,0.0,0.0,0.0,1994.5104,2023.9287,0.0,0.0,0.0,0.0,1984.2134,1994.5542,0.0,0.0,0.0,0.0,-0.26878864,0.0,0.0,0.0,0.0,0.0,1994,2023,0,0,0,0,"c(-1.11503012321019, 42.4589952140364)",NBR_year,,0.5374920513858376,0.5384803694860588,0.5393816317875312,0.5405347174678734,0.5425643902858367,0.544507487549828,0.5463635684736329,0.5481322653784925,0.549813284020026,0.5514064038353981,0.5094988679431406,0.5292818264660685,0.5211127674962539,0.5374176837036402,0.5426169620838627,0.5394019914630115,0.5578287428658489,0.5482722783546083,0.5666324392341398,0.5704189525511189,0.5692429580963301,0.5863043319057439,0.5753673001900338,0.5957782591759588,0.598151256232398,0.5990209461875937,0.6147085564566606,0.602398570594677,0.6248547196318457,0.6258142596515491,0.628735169708853,0.6430414204416616,0.6293668612848587,0.6534083882161523,0.6583848788180025,0.6713029687777751,0.6570480125480852,0.6827980668395651,0.6809341058355504,0.6538614367244895,0.5506098439277121,0.5292818264660685,N,1330.9000170230865,6600.4001121521,23.25723934173584,23.286839946111044,10.807293287913005,11.047195374965668,-0.50546875,-0.3210652683628723
352,[4513 6611],373_N,0.0067176609929208,0.0098240795950565,1990,0.534642420808471,42.7837361893072,-1.218246549375101,-1.8744997,0.0012004707,0.016422868,-0.015134549,0.026712272,-0.0026750383,-0.00029869398,0.0038464118,-20.283064,0.010348714,-0.0262129,-0.022724533,0.0137655055,-0.010445111,-0.0046818033,0.012699177,0.0,0.0,0.0,0.0,0.0,0.0,0.0,0.0,0.0,0.0,0.0,0.0,0.0,0.0,0.0,0.0,0.0,0.0,0.0,0.0,0.0,0.0,0.0,0.0,0.0,0.0,0.0,0.0,0.0,0.0,0.0,0.0,1990.524,2023.8821,0.0,0.0,0.0,0.0,1984.2134,1990.5679,0.0,0.0,0.0,0.0,-0.38299194,0.0,0.0,0.0,0.0,0.0,1990,2023,0,0,0,0,"c(-1.2182465493751, 42.7837361893072)",NBR_year,,0.5368902323989737,0.5382382026255009,0.5393918591805598,0.5405532718830253,0.5418463795594177,0.5429431452220401,0.5419143508498964,0.3922612047920141,0.4015662193623626,0.4100899830778133,0.4178685628925986,0.4258495097566181,0.4392382183427006,0.4519566161772691,0.4639471299132466,0.4751678570781392,0.4855938775737769,0.4952180910749392,0.5040515522637141,0.5121232911847756,0.519479621797183,0.5312352857102107,0.544230013957347,0.5565181347235998,0.5680512834518617,0.5787976072955,0.588742796693145,0.5978906242223968,0.6062629717873744,0.6138993428663431,0.6231289293406592,0.6363897892900041,0.6489677348486658,0.6718725027648815,0.6821392734752558,0.6916049862074484,0.7002842962697179,0.7082097373651641,0.7154309302437907,0.6608081792009263,0.5423947623907289,0.3922612047920141,N,1891.8000240325928,7366.30010676384,22.853659693400065,22.883449721336365,10.889953104654948,11.257201731204987,-0.35976562947034835,-0.30279947984963657
353,[4294 5528],382_N,0.006224342751322,0.01049894237857,1991,0.6394373340624715,42.84275550348505,-1.510109185240906,3.808102,-0.0015870964,0.043133043,-0.015053999,0.020538848,0.009232385,-0.018541548,-0.01698828,-22.959963,0.011669598,0.018106207,-0.040567055,0.07962001,-0.023254285,0.0108261565,0.024217071,0.0,0.0,0.0,0.0,0.0,0.0,0.0,0.0,0.0,0.0,0.0,0.0,0.0,0.0,0.0,0.0,0.0,0.0,0.0,0.0,0.0,0.0,0.0,0.0,0.0,0.0,0.0,0.0,0.0,0.0,0.0,0.0,1991.9259,2023.8821,0.0,0.0,0.0,0.0,1984.3037,1992.1449,0.0,0.0,0.0,0.0,-0.5660436,0.0,0.0,0.0,0.0,0.0,1991,2023,0,0,0,0,"c(-1.51010918524091, 42.8427555034851)",NBR_year,,0.7056005016475444,0.7225240293220194,0.7214315314714531,0.7193708560038793,0.7182387139200682,0.7163573302388033,0.7150125655331535,0.7133107501587302,0.4047118517194412,0.4025703126662951,0.4247932815946416,0.4393303345111737,0.4358335654760515,0.4605880799182366,0.4738485725531207,0.4690003828457364,0.4962967131745002,0.5082661389800082,0.5051426931409246,0.5319175109944765,0.5425827176118616,0.5417235728622533,0.5674488895729325,0.5767981039841751,0.5782403748823564,0.6028893542799187,0.6109122062311989,0.6146906992908432,0.6382375021687794,0.6449250458246565,0.6510721999581716,0.6734920243709162,0.6788367581628681,0.7086517083795054,0.7126475930096561,0.7236196350932311,0.7437154402125289,0.7463579147845685,0.7597811769621599,0.6873825879844653,0.7156849478859784,0.4047118517194412,N,1726.6000356674194,7034.9001269340515,22.21490281422933,22.526436805725098,10.95898265838623,11.286854251225789,-0.13647461030632257,-0.2897176109778229
354,[3083 4800],304_N,0.0050695333214067,0.0056494424680474,1989,0.7237799883155767,43.16911344626759,-1.70630124332983,0.5452978,0.0,-0.2018455999999999,-0.1651942,0.009312653,-0.076714754,-0.004242176,0.009196616,-11.698659,0.0060821106,-0.20946766,-0.11916463,0.0049915873,-0.058480367,0.01268859,0.03175003,0.0,0.0,0.0,0.0,0.0,0.0,0.0,0.0,0.0,0.0,0.0,0.0,0.0,0.0,0.0,0.0,0.0,0.0,0.0,0.0,0.0,0.0,0.0,0.0,0.0,0.0,0.0,0.0,0.0,0.0,0.0,0.0,1989.8671,2023.9014,0.0,0.0,0.0,0.0,1984.498,1990.0422,0.0,0.0,0.0,0.0,-0.21184061,0.0,0.0,0.0,0.0,0.0,1989,2023,0,0,0,0,"c(-1.70630124332983, 43.1691134462676)",NBR_year,,0.8627043523774025,0.8626917010883346,0.8626440020892553,0.8625612085091398,0.8624432805537139,0.8622901854891691,0.7254534360439913,0.733691343490243,0.740666714116711,0.7463695584601154,0.750801102651025,0.7539736635656895,0.7559103822790258,0.7566448207829098,0.7562204288975019,0.7546898901440187,0.7669802971031416,0.7797445960589143,0.7913852167380356,0.8018508280055792,0.8111004642634635,0.8191039496851584,0.825842180890473,0.8313072650543865,0.8355025125582655,0.8384422854049393,0.8401517047082189,0.8406662225945944,0.8400310658005833,0.8398263812601509,0.8534599326367716,0.8660188141980838,0.877443671781984,0.8967040318609252,0.9044724290998424,0.9109732458326272,0.9162006856129876,0.9201601377811184,0.9228679992571416,0.8876850707803733,0.8625022445314268,0.7254534360439913,N,2519.700078010559,9929.700184822083,21.05417947769165,21.363773783047993,11.75977217356364,12.062874456246695,-0.2714192677289248,-0.37399495523422954
355,[5697 7014],394_N,0.0056932536861111,0.0082064429297536,1994,0.492675980231851,42.46465460032741,-1.109640231504446,-4.0091248,0.0022163498,-0.056278814,-0.06739257,0.034423668,-0.023624958,-0.0060050925,0.02106458,-17.489195,0.008889299,-0.06443408,-0.090918265,0.033132564,-0.036316898,0.0,0.026571263,0.0,0.0,0.0,0.0,0.0,0.0,0.0,0.0,0.0,0.0,0.0,0.0,0.0,0.0,0.0,0.0,0.0,0.0,0.0,0.0,0.0,0.0,0.0,0.0,0.0,0.0,0.0,0.0,0.0,0.0,0.0,0.0,1994.5104,2023.9287,0.0,0.0,0.0,0.0,1984.2134,1994.5542,0.0,0.0,0.0,0.0,-0.4338258,0.0,0.0,0.0,0.0,0.0,1994,2023,0,0,0,0,"c(-1.10964023150445, 42.4646546003274)",NBR_year,,0.5362373675709984,0.5381972798591641,0.5400960095945441,0.5419336959384436,0.5439460090039173,0.5465673600265526,0.5491290922536516,0.5516308282897444,0.5540722374194338,0.5564530359131928,0.4088044065900522,0.425652613864352,0.4214900301057975,0.442189779535983,0.4480940276974229,0.4541188822949079,0.4699511314255981,0.4647419922814591,0.4869895415274312,0.4918314516300077,0.4993869685580574,0.5141960120699213,0.5079451564828339,0.5317376465635193,0.5355162849776942,0.5446080337576167,0.5583872087106819,0.5531991039171219,0.5764337574006443,0.5791488030609836,0.5897814724594244,0.6025247052831995,0.5987979347707114,0.6227293110644756,0.6349067058661975,0.6466085167452529,0.6443550848642627,0.6656687969687041,0.6662581437946282,0.6210775666438539,0.5552626366663134,0.425652613864352,N,1330.9000170230865,6600.4001121521,23.25723934173584,23.286839946111044,10.807293287913005,11.047195374965668,-0.50546875,-0.3210652683628723
356,[5160 6705],368_N,0.008298864704307,0.0096993206005856,1989,0.5231030919959514,42.60937319262652,-1.192914058358125,-1.9708251,0.0012198675,-0.05678277,-0.036278404,0.0,-0.037963673,0.0,0.02042578,-19.786499,0.010106967,-0.031671025,-0.0349133,0.013316528,-0.022477593,0.0028169453,0.012706761,0.0,0.0,0.0,0.0,0.0,0.0,0.0,0.0,0.0,0.0,0.0,0.0,0.0,0.0,0.0,0.0,0.0,0.0,0.0,0.0,0.0,0.0,0.0,0.0,0.0,0.0,0.0,0.0,0.0,0.0,0.0,0.0,1989.5413,2023.8821,0.0,0.0,0.0,0.0,1984.2134,1989.7794,0.0,0.0,0.0,0.0,-0.56078804,0.0,0.0,0.0,0.0,0.0,1989,2023,0,0,0,0,"c(-1.19291405835813, 42.6093731926265)",NBR_year,,0.5624858098963726,0.5640153024870955,0.5649924664165167,0.566430213532853,0.567542516710543,,0.4120682124883127,0.4182596860148366,0.4254730578264286,0.4403741349820953,0.453562536009848,0.4648771869271705,0.4742381145292623,0.4816502314315226,0.487202349715928,0.4980910031729739,0.5124125206175749,0.524955861011231,0.5355877648239996,0.5442579435751544,0.5510011925355719,0.5559347348718711,0.5705140804599147,0.5842299999966172,0.5961117148075447,0.6060546245000267,0.6140383877642165,0.6201273517218189,0.6279209716783954,0.6427321221353082,0.6558196080850801,0.6670266963107172,0.676278088918922,0.6890361276226197,0.7005087742958125,0.7147360345463116,0.7271756028557829,0.737698707431662,0.7462597905907863,0.6835834447915592,0.566986365121698,0.4120682124883127,N,1841.700026512146,7384.200138092041,22.571997197469077,22.440771786371865,10.193367179234823,10.632575341065724,-0.30449218563735486,-0.36642252686433496
357,[4293 5548],382_N,0.0063130981686804,0.0086634805518568,1991,0.6426843368074353,42.843024998070334,-1.504719293535166,11.953415,-0.0056850207,0.061255977,-0.020471638,0.03026881,0.027754711,-0.005106551,-0.023425665,-17.245995,0.008808131,-0.004914397,-0.04343028,0.05723475,-0.026992047,-0.0025247908,0.017857732,0.0,0.0,0.0,0.0,0.0,0.0,0.0,0.0,0.0,0.0,0.0,0.0,0.0,0.0,0.0,0.0,0.0,0.0,0.0,0.0,0.0,0.0,0.0,0.0,0.0,0.0,0.0,0.0,0.0,0.0,0.0,0.0,1991.6193,2023.8821,0.0,0.0,0.0,0.0,1984.3037,1992.4515,0.0,0.0,0.0,0.0,-0.6778366,0.0,0.0,0.0,0.0,0.0,1991,2023,0,0,0,0,"c(-1.50471929353517, 42.8430249980703)",NBR_year,,0.7432519022323215,0.7465430714934822,0.7409063172040223,0.7349458376106358,0.7296167221659389,0.7234416842521468,0.7182153682863078,0.7123470420601343,0.4096651004052081,0.4239613936792529,0.4319368140424322,0.4333983404928718,0.4412305912486105,0.457799742328163,0.4682629772776004,0.4722229404579825,0.4720172024159543,0.4907262002753628,0.5036177685014683,0.5100969300029848,0.5100941944310755,0.5227839330235414,0.5380147978772906,0.5470027125280341,0.5494713109603934,0.5540264122316291,0.5714794297456481,0.5829347114423454,0.587913909671282,0.5864716939957205,0.6040483583700309,0.6178994128555512,0.6253973356278275,0.6357690140407787,0.6519152258780393,0.661908842065663,0.6653909548202381,0.6666988097724558,0.6850121630003074,0.626388485224394,0.7208285262692273,0.4096651004052081,N,1726.6000356674194,7034.9001269340515,22.21490281422933,22.526436805725098,10.95898265838623,11.286854251225789,-0.13647461030632257,-0.2897176109778229
358,[4603 5221],383_N,0.0061357963268284,0.0056863205993201,1991,0.4399794216586821,42.759481676631374,-1.59284402292401,-24.258247,0.012448627,-0.032483887,-0.031615272,0.05131585,-0.04417161,-0.009890655,-0.0032471425,-11.5276985,0.0059631546,0.02675392,0.0057337997,0.02374223,-0.07069989,0.0034104162,0.0025034025,0.0,0.0,0.0,0.0,0.0,0.0,0.0,0.0,0.0,0.0,0.0,0.0,0.0,0.0,0.0,0.0,0.0,0.0,0.0,0.0,0.0,0.0,0.0,0.0,0.0,0.0,0.0,0.0,0.0,0.0,0.0,0.0,1991.6193,2023.8821,0.0,0.0,0.0,0.0,1984.3037,1991.9259,0.0,0.0,0.0,0.0,-0.42291003,0.0,0.0,0.0,0.0,0.0,1991,2023,0,0,0,0,"c(-1.59284402292401, 42.7594816766314)",NBR_year,,0.5556733144064543,0.567675553224139,0.5805369401888489,0.5928255342530276,0.6052947367494984,0.6178724511433501,0.6299459359896713,,0.4410353488541896,0.455858992202846,0.4558259475331839,0.4661958910235679,0.4717143304883318,0.4744989289899749,0.4855611705572514,0.4817531006348176,0.4973303626429963,0.4990066623614493,0.5070320253015116,0.5142706431510915,0.5147218347538275,0.5274769724372708,0.5253483359604619,0.538603863602016,0.5419969537346032,0.5476756191283255,0.5566300248031057,0.5547617608405927,0.5691937631749012,0.5687602064614148,0.57968068168116,0.5847943390049651,0.5881291833735326,0.5946224914027315,0.6107117943746494,0.6119852977065804,0.6205624171509553,0.6273967564758925,0.6283956287830375,0.5987913592837019,0.6239091935665106,0.4410353488541896,N,1534.0000395774841,6302.900091648102,23.12691307067871,23.50054999987284,11.094698349634806,11.458874932924907,-0.13647461030632257,-0.2897176109778229
359,[3051 4844],304_N,0.0101196443736727,0.0086923742184455,1989,0.7604926442614715,43.17773727299677,-1.694443481577203,-1.2368095,0.0009489613,-0.012660169,-0.118534096,0.03464437,-0.010747791,-0.0077877715,-0.014911259,-17.960047,0.009205966,-0.13690743,-0.09510668,0.023280585,-0.027010191,0.0035169716,0.041623358,0.0,0.0,0.0,0.0,0.0,0.0,0.0,0.0,0.0,0.0,0.0,0.0,0.0,0.0,0.0,0.0,0.0,0.0,0.0,0.0,0.0,0.0,0.0,0.0,0.0,0.0,0.0,0.0,0.0,0.0,0.0,0.0,1989.8671,2023.8821,0.0,0.0,0.0,0.0,1984.3037,1990.086,0.0,0.0,0.0,0.0,-0.33831245,0.0,0.0,0.0,0.0,0.0,1989,2023,0,0,0,0,"c(-1.6944434815772, 43.1777372729968)",NBR_year,,0.7905926775089569,0.7914160851311387,0.7924854878462508,0.7933248910565688,0.7943779015860181,0.7952333047964968,0.5892990882634379,0.6027492788760511,0.6156792325250976,0.6280679639525982,0.6398973101318017,0.6511520553080427,0.6618200350739138,0.6718922187082479,0.6813627691742529,0.6902290803433052,0.6984917911871581,0.7061547768561767,0.7132251167413795,0.7197130397900553,0.7256318475254828,0.7309978153841781,0.735830073156969,0.7401504654753829,0.7490872886832973,0.763146572632348,0.7767151888649931,0.7897688714591066,0.802285994922098,0.814247723801156,0.825638142500913,0.8364443643390878,0.846656619033826,0.8652760968050506,0.8736798350204453,0.8814826524513023,0.8886908826946249,0.8953140237185724,0.9013646660512376,0.8562683179743955,0.7938513963212934,0.5892990882634379,N,2669.300033569336,10320.300218582153,22.026339880625407,22.41362637678782,12.944137001037598,13.133110427856446,-0.2714192677289248,-0.37399495523422954
360,[5556 6080],387_N,0.010180989064328,0.0130978270559952,1992,0.6073360869571907,42.50265333685287,-1.36134817416249,-4.784943,0.0027400649,0.042021837,-0.020770282,0.011801702,-3.3449787e-06,-0.0031354295,0.019619297,-27.108147,0.013780831,0.0058997823,-0.03670876,0.02059582,-0.011340703,0.0024786654,0.011114008,0.0,0.0,0.0,0.0,0.0,0.0,0.0,0.0,0.0,0.0,0.0,0.0,0.0,0.0,0.0,0.0,0.0,0.0,0.0,0.0,0.0,0.0,0.0,0.0,0.0,0.0,0.0,0.0,0.0,0.0,0.0,0.0,1992.5392,2023.8821,0.0,0.0,0.0,0.0,1984.2134,1992.6267,0.0,0.0,0.0,0.0,-0.751203,0.0,0.0,0.0,0.0,0.0,1992,2023,0,0,0,0,"c(-1.36134817416249, 42.5026533368529)",NBR_year,,0.7096145243876243,0.7126662016354212,0.7152587102841125,0.7180609074843584,0.7208503328165861,0.7234016564877787,0.7263888728593028,0.728688497011538,0.7318739304075422,0.4156405635025428,0.429300741644797,0.4414789743200377,0.4521283951290337,0.466545508824183,0.4829570895695824,0.4982049721229694,0.5121091390593808,0.5245461589263356,0.5354574809530931,0.5486795580347572,0.565268735647396,0.5807299070803705,0.5948744294126619,0.6075685108837205,0.6187420574274599,0.6307872995168905,0.647547255300777,0.6632161649188234,0.677597104622448,0.6905461826690095,0.7019819212407225,0.712869998167484,0.7297937359244147,0.7602777116809055,0.773479386529369,0.7851769302758933,0.7953453346580559,0.8120093002453228,0.8280760709098406,0.7456645895963373,0.7275386849354204,0.4156405635025428,N,1418.900025010109,5787.800113499165,24.47205743789673,24.957279260953268,11.99361866315206,12.423774870236715,-0.24096680283546448,-0.3317749048117548
361,[5707 7039],394_N,0.0088529725199518,0.0096711515522862,1994,0.547000417774866,42.46195965447454,-1.102902866872272,-37.0848,0.018886672,0.08528184,-0.028232796,0.07221316,-0.012087289,0.015096713,0.0060402243,-19.489716,0.009930649,0.030740723,-0.061283782,0.04865776,-0.023017148,0.0040927096,0.019825304,0.0,0.0,0.0,0.0,0.0,0.0,0.0,0.0,0.0,0.0,0.0,0.0,0.0,0.0,0.0,0.0,0.0,0.0,0.0,0.0,0.0,0.0,0.0,0.0,0.0,0.0,0.0,0.0,0.0,0.0,0.0,0.0,1994.5104,2023.9287,0.0,0.0,0.0,0.0,1984.3037,1994.5542,0.0,0.0,0.0,0.0,-0.4328903,0.0,0.0,0.0,0.0,0.0,1994,2023,0,0,0,0,"c(-1.10290286687227, 42.4619596544745)",NBR_year,,,0.5316250470412116,0.5507422195934266,0.5692427640536567,0.5874898432830106,0.6071775556285196,0.6262880733900837,0.6447815389654366,0.6630484773994946,0.6827299925788478,0.7018338505983384,0.4064315871573918,0.4177872781010461,0.4303143339941286,0.4320135806620862,0.4506964497571512,0.4554510479667015,0.4678889472839152,0.4797128040904901,0.4823676434072262,0.5004519461542853,0.5044301799939603,0.5179604203993441,0.5290720543206839,0.5326982478028156,0.5501714813430361,0.5533689985551506,0.5680010635063366,0.5783918630991178,0.5830046311797649,0.5998546182031173,0.602267544524995,0.618010259122752,0.6332860419513809,0.6495009408691923,0.6511258843832345,0.6679874067421295,0.6769123911452665,0.6835417402129291,0.6276720330334806,0.6728892349891712,0.4064315871573918,N,1330.9000170230865,6600.4001121521,23.25723934173584,23.286839946111044,10.807293287913005,11.047195374965668,-0.50546875,-0.3210652683628723
362,[5924 6748],394_N,0.0040481071572639,0.0060325261227083,1994,0.515497279886704,42.40347932946728,-1.181325791190784,2.071182,-0.0008112368,-0.034944836,-0.16319926,0.021882538,0.0,-0.03372742,0.010985835,-6.5740933,0.0035422773,-0.0163481,-0.09756808,0.056473963,-0.033290688,0.007556043,0.047446825,-12.603245,0.0064867977,-0.06426417,-0.12191887,0.026396602,-0.06281222,0.000119951685,0.024835546,0.0,0.0,0.0,0.0,0.0,0.0,0.0,0.0,0.0,0.0,0.0,0.0,0.0,0.0,0.0,0.0,0.0,0.0,0.0,0.0,0.0,0.0,0.0,0.0,1986.2312,1994.5104,2023.9944,0.0,0.0,0.0,1984.2134,1986.3872,1994.5542,0.0,0.0,0.0,0.16022012,-0.39965272,0.0,0.0,0.0,0.0,1986,1994,2023,0,0,0,"c(-1.18132579119078, 42.4034793294673)",NBR_year,,0.6727108228018202,0.6718528859219352,0.6406315591670455,0.6441537411635123,0.6473540069433171,0.6514827241462191,0.6539498641295656,0.6586791675626477,0.6605711293346729,0.6657440748755311,0.5402013222632331,0.5380287851439927,0.5324493942438621,0.549382156997872,0.5520385315239259,0.5582693209303126,0.5690526948220765,0.564854573446045,0.583456544546743,0.5763607093106489,0.5952784360651479,0.5964164336827791,0.6046103269354794,0.6139105495275692,0.6116055813272676,0.6287961135109226,0.6201882303281898,0.6410896654342476,0.6407068459417011,0.6508715229050803,0.6586793075981596,0.6582839725811327,0.6740471488333614,0.6868151040464697,0.6849102969234021,0.6970517891392005,0.703359103831366,0.7048882807914081,0.7192093818185511,0.6639328574414048,0.663157602105102,0.5380287851439927,N,1330.9000170230865,6600.4001121521,23.25723934173584,23.286839946111044,10.807293287913005,11.047195374965668,-0.49884440898895266,-0.3467488618567586
363,[4810 3483],371_N,0.0019695372652838,0.0020620688794142,1987,0.496469585380612,42.70369629747697,-2.061225612152789,-7.063468,0.0038280298,-0.026026666,-0.011594939,-0.009233649,-0.00880614,-0.02676464,-0.02102407,-4.0930886,0.0023168,0.0017533695,-0.0067277052,0.015209383,-0.005698709,0.0,0.0016835239,0.0,0.0,0.0,0.0,0.0,0.0,0.0,0.0,0.0,0.0,0.0,0.0,0.0,0.0,0.0,0.0,0.0,0.0,0.0,0.0,0.0,0.0,0.0,0.0,0.0,0.0,0.0,0.0,0.0,0.0,0.0,0.0,1987.6083,2023.9014,0.0,0.0,0.0,0.0,1984.3037,1987.9834,0.0,0.0,0.0,0.0,-0.51275414,0.0,0.0,0.0,0.0,0.0,1987,2023,0,0,0,0,"c(-2.06122561215279, 42.703696297477)",NBR_year,,0.5892729790561511,0.5931132900264802,0.596952325842718,0.5857369719247897,0.5340559943815215,0.5367879651838214,0.5369055877722634,0.5402931973646362,0.5439036807079407,0.5448193532977845,0.5462554447525625,0.5507408311774361,0.5524948225112027,0.5519534996473795,0.5572955915306593,0.5599147449295119,0.559933028084755,0.5635688033353565,0.5670658734189152,0.5678760800542423,0.5695660053394945,0.5739392646885619,0.575583333519999,0.5752973719698071,0.580530498732892,0.5830370474381328,0.5829568962487335,0.5868398115795788,0.5902234398220388,0.5909288794439485,0.5928721376590729,0.597132998183934,0.5986676215181072,0.6037607097876592,0.6061548972497526,0.6059772420426305,0.6101062058277361,0.6133763949741187,0.6139777940827936,0.5986370601775634,0.595032807934599,0.5340559943815215,N,1431.1000361442566,6287.3001074790955,22.251264635721842,22.25694023768107,10.132081222534179,10.4167724609375,-0.2349283818155527,-0.32165527287870643
364,[4306 5514],382_N,0.012044230775166,0.0132281763333979,1991,0.6582302124500282,42.839521568461606,-1.513882109434924,5.922477,-0.0026392061,0.00089048466,0.022143336,0.0,0.019195687,-0.021237833,0.031228071,-26.585312,0.013507457,0.11416271,-0.037397627,0.06790015,0.0,-0.0077725407,0.04896038,0.0,0.0,0.0,0.0,0.0,0.0,0.0,0.0,0.0,0.0,0.0,0.0,0.0,0.0,0.0,0.0,0.0,0.0,0.0,0.0,0.0,0.0,0.0,0.0,0.0,0.0,0.0,0.0,0.0,0.0,0.0,0.0,1991.9259,2023.8821,0.0,0.0,0.0,0.0,1984.3037,1992.1449,0.0,0.0,0.0,0.0,-0.6284554,0.0,0.0,0.0,0.0,0.0,1991,2023,0,0,0,0,"c(-1.51388210943492, 42.8395215684616)",NBR_year,,0.7606400631565945,0.7584473815495696,0.7555707791728118,0.7530466173648309,0.7504501749763184,0.7475936784129941,0.7452779864960254,,0.4439341733488514,0.4631442101296842,0.4788963108057205,0.4833706888024319,0.5041553272246816,0.5191633103202582,0.5227411696852653,0.5451212690370554,0.5593663626627206,0.5638178303733584,0.5860402142254713,0.5995046935711994,0.605183815406463,0.6269103960414163,0.6395776281326921,0.6465260010849654,0.6677301064270222,0.6795845929703042,0.6878422583434122,0.7084977000168103,0.7195251182481603,0.7291304655975263,0.749211598030625,0.7593988394898945,0.7703885133962628,0.7992054992069859,0.811614309055048,0.8304723476893602,0.8389449483330319,0.8528057812725196,0.8710164081007277,0.7898702920525453,0.7464358324545097,0.4439341733488514,N,1726.6000356674194,7034.9001269340515,22.21490281422933,22.526436805725098,10.95898265838623,11.286854251225789,-0.13647461030632257,-0.2897176109778229
365,[5738 6976],394_N,0.0057132300187236,0.00811712582791,1994,0.470243410801887,42.453605322330645,-1.119881025745352,-44.168446,0.02243584,0.017674258,-0.05912646,0.04119267,-0.01943095,0.0003224327,0.0041276496,-23.37126,0.011953876,-0.009190863,-0.045312714,0.018579507,-0.0111136185,-0.0041277455,0.003435262,-17.449497,0.008793614,-0.031227201,-0.03794482,0.04091554,-0.029264884,0.0015148454,0.01303192,0.0,0.0,0.0,0.0,0.0,0.0,0.0,0.0,0.0,0.0,0.0,0.0,0.0,0.0,0.0,0.0,0.0,0.0,0.0,0.0,0.0,0.0,0.0,0.0,1990.8992,1994.5104,2023.9287,0.0,0.0,0.0,1984.3037,1990.9183,1994.5542,0.0,0.0,0.0,-0.14745955,-0.5763285,0.0,0.0,0.0,0.0,1990,1994,2023,0,0,0,"c(-1.11988102574535, 42.4536053223306)",NBR_year,,0.4314833272292822,0.4539261648330322,0.4763425685087017,0.498732814292202,0.5210971913189776,0.5434360015798794,0.5657858658151205,0.4987977026328917,0.5107512221389578,0.5227062295967209,0.1926514122565302,0.2087420062521747,0.2103404873743883,0.2246108618894904,0.2331645624305345,0.2373081563457931,0.2526991822546744,0.2535721616783783,0.2689129632989365,0.2767342341783619,0.2819328632646166,0.2966194066584353,0.2967696513432852,0.3131795279897554,0.320267443081357,0.3265251182111487,0.3405026324723813,0.3399332931626229,0.3574103258655761,0.3637643483417382,0.3710845228103747,0.384348832394849,0.3830634416577184,0.4072251284724527,0.4156106953923184,0.4281579988411475,0.4265964835075997,0.4457637947697986,0.4506499811846315,0.4016051455961626,0.5167287258678394,0.2087420062521747,N,1330.9000170230865,6600.4001121521,23.25723934173584,23.286839946111044,10.807293287913005,11.047195374965668,-0.50546875,-0.3210652683628723
366,[5911 6777],394_N,0.0016249096446428,0.0032381883677412,1994,0.536912471278696,42.406982759076,-1.173510448217462,0.44433546,0.0,-0.027705349,-0.17938285,0.05056196,0.00741791,-0.040241513,0.0071458626,106.68088,-0.05349702,-0.16199456,-0.19326183,0.0,-0.12166381,0.0,0.0,65.12779,-0.03250482,-0.06824843,-0.13843434,0.04220286,-0.03511383,-0.012482225,0.037634943,4.1344056,-0.0018516742,-0.036407407,-0.019396566,0.13623832,0.012913362,0.047652278,0.029929083,-6.7362366,0.0035635456,-0.06820218,-0.12984473,0.032933533,-0.06028557,0.005631446,0.028004073,0.0,0.0,0.0,0.0,0.0,0.0,0.0,0.0,1986.2312,1987.7206,1992.0134,1994.5104,2023.9944,0.0,1984.2134,1986.3872,1988.2024,1992.0573,1994.5542,0.0,0.1915214,0.17205991,0.30395114,-0.32555547,0.0,0.0,1986,1987,1992,1994,2023,0,"c(-1.17351044821746, 42.406982759076)",NBR_year,,0.7012277141990757,0.7013046963445322,0.7105627550483063,0.6570511613022996,0.7150928917782936,0.6826704742630465,0.6502259336089482,0.617759313584178,0.627335783838408,0.6255626498965259,0.5680396516022572,0.5861401991227398,0.5761875345644605,0.5915436964626198,0.5907015722785564,0.5942647473459542,0.6023448637738568,0.5945067195117054,0.6110978517778709,0.5994606870089766,0.6170136550889523,0.6144968587605222,0.6202165555574486,0.6266738101808984,0.620898107934491,0.6359585928530179,0.6226397416925378,0.6423909494405664,0.6381944820061739,0.646082246242403,0.6509039664775642,0.6472120150829027,0.6607219015228533,0.6676746172285808,0.6617949194445444,0.6718604461585294,0.675035353962884,0.6734467010271344,0.6853873406408023,0.6460222139843219,0.6264492168674669,0.5861401991227398,N,1330.9000170230865,6600.4001121521,23.25723934173584,23.286839946111044,10.807293287913005,11.047195374965668,-0.49884440898895266,-0.3467488618567586
367,[5739 7054],394_N,0.0056623820308014,0.0047927323039726,1994,0.414603235190081,42.45333582774536,-1.098860448092967,-7.625235,0.0040454958,0.067351624,-0.026108595,0.05531069,-0.015793245,0.010790292,0.0012697511,-9.960204,0.005067869,-0.026423056,-0.038305007,0.049349498,-0.026436903,0.0015723538,0.01704606,0.0,0.0,0.0,0.0,0.0,0.0,0.0,0.0,0.0,0.0,0.0,0.0,0.0,0.0,0.0,0.0,0.0,0.0,0.0,0.0,0.0,0.0,0.0,0.0,0.0,0.0,0.0,0.0,0.0,0.0,0.0,0.0,1994.5542,2023.9944,0.0,0.0,0.0,0.0,1984.3037,1994.5789,0.0,0.0,0.0,0.0,-0.33450493,0.0,0.0,0.0,0.0,0.0,1994,2023,0,0,0,0,"c(-1.09886044809297, 42.4533358277454)",NBR_year,,,0.5055500338672744,0.5095015290655,0.5133776568049949,0.5171770244992836,0.5208983175314158,0.5250361954378633,0.5293701451607896,0.5336375032263116,0.5378365190666131,0.5419654993028504,0.2605337598089458,0.2724969921910664,0.2759513897627466,0.2786402640771133,0.2888456699629528,0.2825267117429114,0.2991747984554163,0.2979177197207612,0.3069836331974577,0.3125594677268575,0.3124010732877672,0.3246555520224838,0.3187229379552213,0.3341912108848441,0.3350641326194446,0.3412379168257753,0.3489201738181082,0.3459496377142474,0.3602166321779547,0.356388405888399,0.3689657763456934,0.3719690537434328,0.3850321562602454,0.379293629567848,0.3955301869642035,0.3938221556309588,0.4035023238111908,0.4086293350974809,0.3752653295762089,0.5357370111464623,0.2605337598089458,N,1311.2000274658203,6818.400172472,23.136512406667073,23.088657959302267,10.729057550430298,10.975056517124177,-0.50546875,-0.3210652683628723
368,[5872 6784],394_N,0.0080258300927423,0.0068411678239427,1994,0.418571269834866,42.41749304790219,-1.171623986120453,18.711824,-0.009255572,-0.024866408,-0.13971663,0.043875374,-0.024685225,0.0,0.0,-30.158466,0.015339343,-0.054084603,-0.13180122,0.051122673,-0.08708582,0.0074881376,0.027515803,-24.244604,0.01234134,-0.057617597,-0.1387303,0.019405294,-0.021711973,0.0,0.080717035,-13.573428,0.0069138575,-0.040731724,-0.095516264,0.02669413,-0.05580991,0.0,0.025147015,0.0,0.0,0.0,0.0,0.0,0.0,0.0,0.0,0.0,0.0,0.0,0.0,0.0,0.0,0.0,0.0,1986.2312,1990.7677,1994.5104,2023.9944,0.0,0.0,1984.3037,1986.3872,1990.8992,1994.598,0.0,0.0,0.11631003,-0.16343719,-0.47306728,0.0,0.0,0.0,1986,1990,1994,2023,0,0,"c(-1.17162398612045, 42.4174930479022)",NBR_year,,0.5051738927974435,0.4959190689141831,0.5445598253024967,0.5599746067558855,0.5753136868296566,0.5905777092087763,0.6060481061870155,0.5652304384319851,0.5778418033652626,0.5900198821047351,0.4685906648475161,0.369281581796278,0.3901911483874362,0.3898621459920505,0.4005746898105586,0.40941073225999,0.4074244300029133,0.4250854111379252,0.4211948791716701,0.4369160292223625,0.4422183092694737,0.4450955738284296,0.4594002328111455,0.4519777530457153,0.4727070155256547,0.4744468687103162,0.4822688612100915,0.4931309352427011,0.4883752724418995,0.507933498336544,0.5061049382751336,0.51892129475843,0.5262765692676017,0.5425849533495661,0.5372045829707986,0.5550332001795182,0.5588398997908101,0.5637880175506639,0.5766545464128874,0.5263231810065219,0.5839308427349988,0.369281581796278,N,1330.9000170230865,6600.4001121521,23.25723934173584,23.286839946111044,10.807293287913005,11.047195374965668,-0.49884440898895266,-0.3467488618567586
369,[4306 5548],382_N,0.0064032606649944,0.0077926263655676,1991,0.6148874593411631,42.839521568461606,-1.504719293535166,-7.5755043,0.0041238493,0.0345741,-0.032072432,0.01793564,0.01670489,-0.015978105,0.0,-15.948158,0.008192617,-0.054462012,-0.041537367,0.01663692,-0.011759115,-0.0068513886,0.0013199551,0.0,0.0,0.0,0.0,0.0,0.0,0.0,0.0,0.0,0.0,0.0,0.0,0.0,0.0,0.0,0.0,0.0,0.0,0.0,0.0,0.0,0.0,0.0,0.0,0.0,0.0,0.0,0.0,0.0,0.0,0.0,0.0,1991.6193,2023.8821,0.0,0.0,0.0,0.0,1984.3037,1991.9259,0.0,0.0,0.0,0.0,-0.3699771,0.0,0.0,0.0,0.0,0.0,1991,2023,0,0,0,0,"c(-1.50471929353517, 42.8395215684616)",NBR_year,,0.6651764896376299,0.669424029231644,0.6732291341741558,0.6776986293872697,0.6815439042051396,0.6858907730919135,0.689967445418302,0.6940025107225246,0.465568697345004,0.4761868536855059,0.4785880513395774,0.4927914354721566,0.4975850006699764,0.5080769333631745,0.5162594978158616,0.5220181617988958,0.5337407290758327,0.5363282954460362,0.5499426316696194,0.5557619635424031,0.564813427819214,0.5740786324745326,0.5783404239242895,0.5911721235584441,0.5947307591380888,0.6069663649910183,0.6138320362365962,0.6214212246563574,0.631780681480729,0.6345367906755454,0.6484791217678421,0.6530347137836652,0.6638618365098714,0.6779007505817382,0.6893630484096276,0.6917262381092674,0.7056601385776229,0.7112362940555851,0.7206286170640601,0.6717917978869538,0.6879291092551078,0.465568697345004,N,1726.6000356674194,7034.9001269340515,22.21490281422933,22.526436805725098,10.95898265838623,11.286854251225789,-0.13647461030632257,-0.2897176109778229
370,[4243 4903],294_N,0.0086916497059677,0.0103301606468317,2000,0.645629346451937,42.856499727334686,-1.678543301045271,-26.828802,0.013733035,-0.042363256,-0.02903727,0.019039607,-0.023291893,0.005235343,0.0,-21.189964,0.010841087,0.00037297298,-0.029017445,0.021065766,-0.01152171,-0.009847277,0.006202332,0.0,0.0,0.0,0.0,0.0,0.0,0.0,0.0,0.0,0.0,0.0,0.0,0.0,0.0,0.0,0.0,0.0,0.0,0.0,0.0,0.0,0.0,0.0,0.0,0.0,0.0,0.0,0.0,0.0,0.0,0.0,0.0,2000.6432,2023.8821,0.0,0.0,0.0,0.0,1984.3037,2001.2346,0.0,0.0,0.0,0.0,-0.604742,0.0,0.0,0.0,0.0,0.0,2000,2023,0,0,0,0,"c(-1.67854330104527, 42.8564997273347)",NBR_year,,0.5095002460894719,0.5218197968400243,0.5366982266729668,0.5505830044124107,0.5626843616147381,0.5780688354313547,0.5915980729549931,0.6043270439683716,0.6193743996068394,0.6325450855700417,0.6459088988209943,0.6606141643736819,0.6734237706055805,0.6874288284666287,0.7017874606809631,0.7142339524467297,,0.5608805021614522,0.5716968657084996,0.5842116565954175,0.5932830886918312,0.604338750691291,0.6167306361971737,0.6256815624573644,0.636976354385324,0.6492452000529011,0.6580759426616751,0.6696096643179416,0.6817553517943429,0.6904662490604127,0.7022386685673213,0.7142610956403777,0.7228525019583553,0.7467624363969947,0.7552347222068694,0.7674837150980872,0.7792593794571478,0.7876129312012045,0.8000997363123711,0.7348633557648936,0.7080107065638463,0.5608805021614522,N,1477.8000330924988,6216.700133919716,23.91165402730306,23.855032912890117,11.927323404947916,12.259393676122029,-0.4656738266348839,-0.422401258846124
371,[5690 7018],394_N,0.0071919704971064,0.0076793833917163,1994,0.431633078219319,42.46654106242442,-1.108562253163299,-8.367707,0.0043578567,-0.064688824,-0.08045495,0.033337094,-0.03284425,-0.00507389,0.020715531,-15.796422,0.008006218,-0.062415455,-0.08384855,0.029841624,-0.041089874,0.0,0.027983671,0.0,0.0,0.0,0.0,0.0,0.0,0.0,0.0,0.0,0.0,0.0,0.0,0.0,0.0,0.0,0.0,0.0,0.0,0.0,0.0,0.0,0.0,0.0,0.0,0.0,0.0,0.0,0.0,0.0,0.0,0.0,0.0,1994.5104,2023.9287,0.0,0.0,0.0,0.0,1984.2134,1994.5789,0.0,0.0,0.0,0.0,-0.43020168,0.0,0.0,0.0,0.0,0.0,1994,2023,0,0,0,0,"c(-1.1085622531633, 42.4665410624244)",NBR_year,,0.4442796473747885,0.4485469926003645,0.4527501169563026,0.4568890177321861,0.460963740193461,0.4649743774659337,0.4689210703728206,0.4732662978877805,0.4780340841821622,0.4827393476706446,0.3428542317350464,0.3463779310301399,0.3528867381915105,0.3673642397495172,0.361617126328319,0.3823377835156721,0.3875630445127925,0.3915058455913031,0.4076262471481573,0.4035439955867702,0.4216831088595938,0.4286081046822521,0.4300006571928222,0.4477452449860586,0.4453403532511023,0.4608917844953976,0.46951205499737,0.4683740562498503,0.4877216073637317,0.4870040087958824,0.4999655988644678,0.5102740552592949,0.5066291092758494,0.5285329692742252,0.5389065488721196,0.5508934836602842,0.5447690602031166,0.5672490302097346,0.5699254436413689,0.5275559301623156,0.48038671592640336,0.3463779310301399,N,1330.9000170230865,6600.4001121521,23.25723934173584,23.286839946111044,10.807293287913005,11.047195374965668,-0.50546875,-0.3210652683628723
372,[5756 7138],394_N,0.0059316218199163,0.0065066535014274,1994,0.503909916929115,42.44875441979548,-1.07622290292886,-4.0735645,0.002200241,-0.127859,-0.10267707,-0.014050946,-0.013101266,-0.052903786,-0.008540126,148.89648,-0.07467003,-0.016248913,-0.13383041,0.05977024,-0.07184924,0.02462996,-0.020995224,0.46149465,0.0,0.031202247,-0.01270613,0.090125665,-0.010323971,0.039805785,0.0064938455,-13.304814,0.006814589,-0.0113181975,-0.048687086,0.041782085,-0.045860153,0.0,0.010289231,0.0,0.0,0.0,0.0,0.0,0.0,0.0,0.0,0.0,0.0,0.0,0.0,0.0,0.0,0.0,0.0,1987.8328,1990.3735,1994.535,2023.9287,0.0,0.0,1984.3037,1987.8766,1990.4174,1994.5789,0.0,0.0,0.2776846,0.22678924,-0.44442794,0.0,0.0,0.0,1987,1990,1994,2023,0,0,"c(-1.07622290292886, 42.4487544197955)",NBR_year,,0.4815680856786284,0.4836869641620999,0.4860058650892337,0.4882768372435088,0.551019756643801,0.4763687134556119,,0.5896631127425191,0.5898518315787723,0.5899771213423609,0.590039388360355,0.3949622594366285,0.4003607751054643,0.4118473557451929,0.4094768923068788,0.4246203685362101,0.4298042724745847,0.4334520615635029,0.446054627724349,0.4448386020810791,0.4582042826427872,0.4645492901599406,0.4664588772623526,0.4801643367466807,0.4801080109517859,0.4916955281781087,0.4991968685226864,0.499383084147272,0.5141768834646164,0.5152839873873184,0.5250953294651768,0.53374669257078,0.5322266514930348,0.5503655213574581,0.5584050319903239,0.5681985769762452,0.5649916527834737,0.5819127398854429,0.5853517261471607,0.5480927981310088,0.5899144764605666,0.3949622594366285,N,1311.2000274658203,6818.400172472,23.136512406667073,23.088657959302267,10.729057550430298,10.975056517124177,-0.50546875,-0.3210652683628723
373,[5736 7088],394_N,0.0144155634048502,0.0159657310588489,1994,0.651564418119782,42.45414431150122,-1.08969763219321,9.548448,-0.0044488236,0.07019179,-0.028653145,0.014374013,0.0,0.0,-0.0023025093,-32.728664,0.0164469,0.024404515,-0.05143135,0.053090885,-0.03226599,0.0038056131,0.0068123923,0.0,0.0,0.0,0.0,0.0,0.0,0.0,0.0,0.0,0.0,0.0,0.0,0.0,0.0,0.0,0.0,0.0,0.0,0.0,0.0,0.0,0.0,0.0,0.0,0.0,0.0,0.0,0.0,0.0,0.0,0.0,0.0,1994.5104,2023.9287,0.0,0.0,0.0,0.0,1984.3037,1994.5789,0.0,0.0,0.0,0.0,-0.671991,0.0,0.0,0.0,0.0,0.0,1994,2023,0,0,0,0,"c(-1.08969763219321, 42.4541443115012)",NBR_year,,,0.7869180006953566,0.7825591365586331,0.7780417190396139,0.7733548197513985,0.7691245398446952,0.7647639721871698,0.7602447259355255,0.7555558800351982,0.7513310607320237,0.746968788124658,0.1630976420827787,0.1862664016697675,0.1985807871141958,0.2167147027166263,0.2351754591070302,0.2443634039833774,0.2683253211861096,0.281615235428321,0.2983118741647965,0.3176686220847128,0.3255756715053263,0.3503090151083174,0.3645654743648754,0.3798443216928348,0.4000806026024296,0.4089299965556676,0.4322188717426274,0.4474316699989095,0.4613139468574221,0.4824122632597579,0.4922586989563601,0.5140563667194809,0.5427227180079772,0.5646645674571624,0.5755034955552023,0.5958230601244622,0.6129131491332901,0.6240726667824497,0.5302140993214549,0.753443470383611,0.1630976420827787,N,1311.2000274658203,6818.400172472,23.136512406667073,23.088657959302267,10.729057550430298,10.975056517124177,-0.50546875,-0.3210652683628723
374,[5563 6069],387_N,0.0127359103809679,0.0146823939076165,1992,0.6712182951176621,42.50076687475587,-1.364312614600647,0.72045493,0.0,0.056736488,-0.0011368447,0.026682932,0.007919377,0.0,0.008606592,-30.28092,0.015309939,-0.028335351,-0.0667879,0.0325131,-0.039121814,0.0056795133,0.01750108,0.0,0.0,0.0,0.0,0.0,0.0,0.0,0.0,0.0,0.0,0.0,0.0,0.0,0.0,0.0,0.0,0.0,0.0,0.0,0.0,0.0,0.0,0.0,0.0,0.0,0.0,0.0,0.0,0.0,0.0,0.0,0.0,1992.5392,2023.8821,0.0,0.0,0.0,0.0,1984.2134,1992.6267,0.0,0.0,0.0,0.0,-0.89848936,0.0,0.0,0.0,0.0,0.0,1992,2023,0,0,0,0,"c(-1.36431261460065, 42.5007668747559)",NBR_year,,,0.7806309391112273,0.7804761496127296,0.7806362004035496,0.7805036616653672,0.7806198556188259,0.7805711192732105,0.7805827619852467,0.7806146152373054,0.3580393939959557,0.3783362207317004,0.3958337939430454,0.4103235181523815,0.4217189459007953,0.4300608619707828,0.4487869398725925,0.4695335716666926,0.4875281391294917,0.50254212598638,0.51446764243418,0.5233236296294964,0.5394635572991479,0.5606500951128792,0.5791349369696147,0.5946700130816843,0.6071261737687224,0.6165005040543455,0.6300712222338691,0.6516872721482868,0.6706550936732928,0.6867074605926876,0.6996941784721333,0.7095904972810624,0.7426466749624767,0.7620896182418513,0.7786548587922734,0.7921714048488252,0.8025927259742499,0.8110879690099073,0.7206119853854865,0.7805769406292287,0.3580393939959557,N,1418.900025010109,5787.800113499165,24.47205743789673,24.957279260953268,11.99361866315206,12.423774870236715,-0.24096680283546448,-0.3317749048117548
375,[4831 3485],372_N,0.0101493673288177,0.008762811252178,1990,0.610984064429239,42.69803691118594,-2.060686622982215,-4.9872823,0.0028148098,0.020688592,-0.009353291,0.0,-0.009930323,-0.025560977,-0.0010668547,-16.155527,0.008326561,0.025684796,-0.023015803,0.016463717,-0.009228917,-0.0016546735,0.0017917281,0.0,0.0,0.0,0.0,0.0,0.0,0.0,0.0,0.0,0.0,0.0,0.0,0.0,0.0,0.0,0.0,0.0,0.0,0.0,0.0,0.0,0.0,0.0,0.0,0.0,0.0,0.0,0.0,0.0,0.0,0.0,0.0,1990.0422,2023.9014,0.0,0.0,0.0,0.0,1984.3037,1991.4631,0.0,0.0,0.0,0.0,-0.20935486,0.0,0.0,0.0,0.0,0.0,1990,2023,0,0,0,0,"c(-2.06068662298222, 42.6980369111859)",NBR_year,,,0.6569892149161197,0.6597847340188531,0.6626475739314708,0.6653764251709874,0.6682999856170885,,0.4437542790970191,0.4695823873782513,0.4768516918309924,0.4854014729729735,0.4945011157411079,0.5004939804174414,0.5112770570964529,0.5182312113648138,0.5272271447525434,0.5360289117788133,0.5424336216003288,0.5529485524336322,0.559585887591998,0.5690319463170762,0.5775320747619374,0.5843556174641997,0.5945965825361861,0.600915774618895,0.6108154260229393,0.6190105041405802,0.6262593687684367,0.6362208839686306,0.6422209510666533,0.6525771584915641,0.6604641260242071,0.6681442995710667,0.6835015196048038,0.6943167449265444,0.7018928929087321,0.7100098578523436,0.7193973842672118,0.7249939605373329,0.6778212207372756,0.6668382053940379,0.4437542790970191,N,1543.9000267982483,5607.200094342232,23.554936027526857,24.00633053779602,11.241807985305787,11.624780480066935,-0.17932942062616347,-0.35074055986478925
376,[5706 6999],394_N,0.0044781004388476,0.0074284922411514,1994,0.439869042173454,42.46222914905983,-1.113682650283751,-4.884672,0.0026223995,-0.06421502,-0.080845825,0.031477515,-0.02265577,-0.014615933,0.022697449,-16.178993,0.008211901,-0.07662844,-0.07909847,0.036571693,-0.035416797,0.0,0.03199888,0.0,0.0,0.0,0.0,0.0,0.0,0.0,0.0,0.0,0.0,0.0,0.0,0.0,0.0,0.0,0.0,0.0,0.0,0.0,0.0,0.0,0.0,0.0,0.0,0.0,0.0,0.0,0.0,0.0,0.0,0.0,0.0,1994.5104,2023.9287,0.0,0.0,0.0,0.0,1984.2134,1994.5542,0.0,0.0,0.0,0.0,-0.502377,0.0,0.0,0.0,0.0,0.0,1994,2023,0,0,0,0,"c(-1.11368265028375, 42.4622291490598)",NBR_year,,0.4818038157102176,0.484790513542625,0.4877111550203657,0.4905654608525041,0.4933532057195675,0.4960742184226624,0.4987283819747176,0.5013156336338098,0.5038359648786271,0.5062894213261833,0.376754751244791,0.3965289386316973,0.392773733952125,0.4103082697050364,0.4178148779879115,0.4189194408259354,0.4375544169626185,0.4326305753719652,0.4518957990999253,0.4582125513804437,0.4610321507829441,0.478519798952444,0.4724332321186762,0.4934253838321397,0.4985515055893909,0.5030921613787559,0.5194250456433759,0.5121823515195412,0.5348966475014059,0.5388320750914317,0.5450987834547258,0.5602701540872043,0.5518786115095644,0.5790546288490185,0.5870513589482813,0.6010551573310902,0.5928819977625667,0.6176628801037531,0.6192195700094506,0.5763092484686165,0.5050626931024051,0.3965289386316973,N,1330.9000170230865,6600.4001121521,23.25723934173584,23.286839946111044,10.807293287913005,11.047195374965668,-0.50546875,-0.3210652683628723
377,[5157 6725],368_N,0.0064984051011794,0.0058398096994983,1989,0.5723916465620102,42.61018167638238,-1.187524166652385,-25.07291,0.012872885,0.024100669,-0.051044106,0.057715412,0.0058369143,-0.00035214555,0.041189246,-11.346936,0.005874304,-0.03627703,-0.08643098,0.04872312,-0.043262545,0.0039791134,0.030654334,0.0,0.0,0.0,0.0,0.0,0.0,0.0,0.0,0.0,0.0,0.0,0.0,0.0,0.0,0.0,0.0,0.0,0.0,0.0,0.0,0.0,0.0,0.0,0.0,0.0,0.0,0.0,0.0,0.0,0.0,0.0,0.0,1989.5413,2023.8821,0.0,0.0,0.0,0.0,1984.2134,1989.6726,0.0,0.0,0.0,0.0,-0.5673099,0.0,0.0,0.0,0.0,0.0,1989,2023,0,0,0,0,"c(-1.18752416665239, 42.6101816763824)",NBR_year,,0.5816092595582771,0.5939990414609577,0.6073688415340933,0.6198567622613763,0.6330761245257378,,0.5070898431930445,0.498441016979781,0.517277720770261,0.5316475944293174,0.5395818686989419,0.5406274393054543,0.5347932156086267,0.5412741781135896,0.5581433141959595,0.5689017096639155,0.5729095175718185,0.5699762217058415,0.564344449102036,0.5835240996495767,0.596989683729435,0.6039248897292063,0.6039431606721357,0.5971226967140911,0.607862436024514,0.6238860371830106,0.6336779847440548,0.6366620789080939,0.6327166360092265,0.6312427831200514,0.6496453608433362,0.662188745565553,0.6681163997437007,0.6593141930352368,0.6743357164828645,0.6894922870245598,0.6983051434141229,0.7002628502489788,0.6953128356705324,0.667109081883417,0.6264664433935571,0.5070898431930445,N,1841.700026512146,7384.200138092041,22.571997197469077,22.440771786371865,10.193367179234823,10.632575341065724,-0.30449218563735486,-0.36642252686433496
378,[5699 6988],394_N,0.0070791967851677,0.0099395837775165,1994,0.5192455309487,42.46411561115684,-1.116647090721908,5.018819,-0.0022877615,-0.003785758,-0.04079985,0.047474083,-0.012902748,0.0,0.012521455,-21.22425,0.010730368,-0.053550772,-0.069320396,0.044132296,-0.03507202,0.0,0.026658768,0.0,0.0,0.0,0.0,0.0,0.0,0.0,0.0,0.0,0.0,0.0,0.0,0.0,0.0,0.0,0.0,0.0,0.0,0.0,0.0,0.0,0.0,0.0,0.0,0.0,0.0,0.0,0.0,0.0,0.0,0.0,0.0,1994.5104,2023.9287,0.0,0.0,0.0,0.0,1984.2134,1994.5542,0.0,0.0,0.0,0.0,-0.7144888,0.0,0.0,0.0,0.0,0.0,1994,2023,0,0,0,0,"c(-1.11664709072191, 42.4641156111568)",NBR_year,,0.5670683713657315,0.5649302340969938,0.5627486534271386,0.5605232551528543,0.5582536964004375,0.5559396660439029,0.553580885094536,0.5511771070614383,0.5487281182826269,0.5462337382263037,0.334354622848169,0.3535217760815774,0.3510288858145751,0.3736125926907429,0.3814558576390564,0.388917760007416,0.4070298713251484,0.4034671195853399,0.427639201053215,0.4343880138768796,0.4434323524254964,0.4604827017507875,0.4558559768772752,0.4816121996317071,0.4872664487268522,0.497897780304713,0.5138802617277799,0.509712922323249,0.5355312792810446,0.5400914915031857,0.5523134516319091,0.5672225779527562,0.5645745982308876,0.592863502432215,0.6066788026199046,0.6205097094284897,0.6193924005557556,0.6432066020556744,0.6455828723824566,0.589396162183585,0.5474809282544653,0.3535217760815774,N,1330.9000170230865,6600.4001121521,23.25723934173584,23.286839946111044,10.807293287913005,11.047195374965668,-0.50546875,-0.3210652683628723
379,[5864 6841],394_N,0.0038218766000256,0.0055018101569271,1994,0.417899617469465,42.419649004584485,-1.156262794759095,1.4799112,-0.000571154,-0.039579347,-0.11343944,0.039583314,-0.03280835,-0.024665922,0.03342482,-11.618973,0.0059321625,-0.04155557,-0.08946651,0.039377235,-0.03977265,-0.00077212544,0.025808858,0.0,0.0,0.0,0.0,0.0,0.0,0.0,0.0,0.0,0.0,0.0,0.0,0.0,0.0,0.0,0.0,0.0,0.0,0.0,0.0,0.0,0.0,0.0,0.0,0.0,0.0,0.0,0.0,0.0,0.0,0.0,0.0,1994.5104,2023.9287,0.0,0.0,0.0,0.0,1984.2134,1994.5542,0.0,0.0,0.0,0.0,-0.3753011,0.0,0.0,0.0,0.0,0.0,1994,2023,0,0,0,0,"c(-1.1562627947591, 42.4196490045845)",NBR_year,,0.5359839527009816,0.5354654548396439,0.5348572452671148,0.5341590749490247,0.5333707741624729,0.5324922525684821,0.5315234991973187,0.5304645823463429,0.5293156493917615,0.5287418285867439,0.3690386755964096,0.380333154599801,0.371630157733007,0.3922109936839559,0.3925032059007406,0.3994425375999295,0.4097126847110863,0.4024458058453757,0.4220943335477741,0.4213222418768634,0.4297993401161484,0.4390384742547216,0.4332214270351265,0.4519256173451773,0.4500889432728521,0.4601084741808458,0.4683105092496127,0.4639561818029033,0.4817045370319268,0.4788036206605247,0.4903693577383432,0.4975288070367989,0.4946492525378254,0.5074666145689899,0.5205814360705998,0.5266934162592225,0.5252998441224799,0.5411042038499603,0.536078295224198,0.5114308149143739,0.5290287389892527,0.380333154599801,N,1330.9000170230865,6600.4001121521,23.25723934173584,23.286839946111044,10.807293287913005,11.047195374965668,-0.49884440898895266,-0.3467488618567586
380,[5706 6986],394_N,0.0103228449824084,0.0116475981403543,1994,0.464437533512103,42.46222914905983,-1.117186079892482,-11.24169,0.0058532497,0.009764594,-0.043529756,0.047194157,-0.013894517,0.0009218263,0.008494801,-23.82688,0.012064869,-0.002487089,-0.06915125,0.037403755,-0.02211281,0.0,0.01873481,0.0,0.0,0.0,0.0,0.0,0.0,0.0,0.0,0.0,0.0,0.0,0.0,0.0,0.0,0.0,0.0,0.0,0.0,0.0,0.0,0.0,0.0,0.0,0.0,0.0,0.0,0.0,0.0,0.0,0.0,0.0,0.0,1994.5104,2023.9287,0.0,0.0,0.0,0.0,1984.2134,1994.5542,0.0,0.0,0.0,0.0,-0.31273955,0.0,0.0,0.0,0.0,0.0,1994,2023,0,0,0,0,"c(-1.11718607989248, 42.4622291490598)",NBR_year,,0.4514668218870453,0.4573163411988883,0.463128348166298,0.4689025433864182,0.474638652653724,0.4803364273033249,0.4859956445332722,0.4916161077053187,0.497330466491094,0.5034280117487409,0.3409305342347619,0.3498332034398373,0.3615557652533755,0.3773425403261826,0.3794635039889845,0.4014474283518796,0.4095996338600077,0.4223854125584441,0.4374739501122641,0.4405555932867142,0.4619290739314409,0.4693275771286892,0.4831842615398955,0.4975672968280314,0.5016228098937663,0.5223751025731469,0.5290171099619433,0.5439517677054467,0.5576224384186695,0.5626644722941482,0.5827851662469239,0.5886683322598926,0.604687403436456,0.6236799112792741,0.6431589375874681,0.6482813670697386,0.6653906584125041,0.6776176515182897,0.6846684704689127,0.6176392555068099,0.5003792391199174,0.3498332034398373,N,1330.9000170230865,6600.4001121521,23.25723934173584,23.286839946111044,10.807293287913005,11.047195374965668,-0.50546875,-0.3210652683628723
381,[5686 7022],394_N,0.0082808922464095,0.0085835858193691,1994,0.506276216153312,42.46761904076557,-1.107484274822151,-5.518859,0.0029424757,-0.128368,-0.05977762,-0.032009274,-0.0050814305,-0.044565685,0.039352253,-2.8191738,0.0016203948,-0.04988627,-0.078573875,0.040803052,-0.030704971,-0.0046394626,0.020834273,-17.295464,0.008798448,-0.06949836,-0.087487735,0.030237125,-0.037570193,-0.0021034258,0.023524787,0.0,0.0,0.0,0.0,0.0,0.0,0.0,0.0,0.0,0.0,0.0,0.0,0.0,0.0,0.0,0.0,0.0,0.0,0.0,0.0,0.0,0.0,0.0,0.0,1987.8328,1994.5104,2023.9287,0.0,0.0,0.0,1984.2134,1987.8766,1994.5789,0.0,0.0,0.0,0.283231,-0.53128135,0.0,0.0,0.0,0.0,1987,1994,2023,0,0,0,"c(-1.10748427482215, 42.4676190407656)",NBR_year,,0.483175412508837,0.4862687925228337,0.489262182475174,0.4921544121015173,0.5591738086839843,0.5609599167600087,0.562442564553376,0.56362021335376,0.5654852351154392,0.5674052659351394,0.4268271995905591,0.4291033783034065,0.440113176005903,0.4525849398214181,0.4482933916235099,0.4705078395354543,0.4743574180285188,0.4829745337141122,0.496990665504111,0.4922739632945032,0.5140586045286859,0.5194834511966545,0.5257164742449896,0.5412639213982976,0.5380840161495816,0.5574805934583384,0.5644802707764859,0.5683412786263161,0.5854047423083791,0.5837737133347904,0.6007750946907888,0.6093468559254311,0.6108513965878885,0.6293410488023633,0.6439435838734372,0.6540823743338634,0.6532494420565562,0.6732901921595308,0.674784187800174,0.6294133578121447,0.5664452505252893,0.4291033783034065,N,1330.9000170230865,6600.4001121521,23.25723934173584,23.286839946111044,10.807293287913005,11.047195374965668,-0.50546875,-0.3210652683628723
382,[2907 4911],305_N,0.0026646208602164,0.0006488913921112061,1989,0.773519709551838,43.2165444932781,-1.676387344362975,-54.347984,0.027741957,0.060195953,-0.082696326,0.0033340054,-0.046753887,-0.010568002,0.0,0.42619917,0.00011519932,-0.050574973,-0.05755483,0.014798138,0.0008117706,0.0020838592,0.02491924,0.0,0.0,0.0,0.0,0.0,0.0,0.0,0.0,0.0,0.0,0.0,0.0,0.0,0.0,0.0,0.0,0.0,0.0,0.0,0.0,0.0,0.0,0.0,0.0,0.0,0.0,0.0,0.0,0.0,0.0,0.0,0.0,1989.7794,2023.8821,0.0,0.0,0.0,0.0,1984.3037,1989.8671,0.0,0.0,0.0,0.0,-0.4368047,0.0,0.0,0.0,0.0,0.0,1989,2023,0,0,0,0,"c(-1.67638734436298, 43.2165444932781)",NBR_year,,,0.8535201458686956,0.8815255454681588,0.9091495484030712,0.9369398069470856,0.9647264582080896,0.7542209139211543,0.7588089538663366,0.7631759581585078,0.766139611171378,0.7675440182222366,0.7672808717276324,0.7652947685079146,0.7615863676353938,0.756213237615728,0.7588977263846873,0.7634807666829848,0.7666906188916832,0.7683641043119305,0.7683845497706387,0.7666874438126695,0.7632639680448867,0.7581622361814871,0.7589538244073037,0.763747251058994,0.7671987417633784,0.7691380440083679,0.7694402771140283,0.7680319200585854,0.7648947116376295,0.7600672794826107,0.7589782794337614,0.763976284695245,0.7698662838316614,0.7704482485743835,0.7693281282468705,0.7664782643850593,0.7619277782603295,0.7589721450440469,0.7676646555928838,0.9230446776750784,0.7542209139211543,N,3005.7000484466553,11650.500235557556,21.780928134918213,22.15673137505849,13.225488599141439,13.45493069489797,-0.2714192677289248,-0.37399495523422954
383,[5746 7101],394_N,0.0124264027654964,0.0126912880508009,1994,0.609258204338513,42.45144936564835,-1.086194202584479,-115.56487,0.058428463,-0.31857392,-0.06265869,-0.29430553,-0.02034727,-0.19019972,-0.049450617,16.618044,-0.0080331005,0.06413163,-0.023018925,0.031122051,0.0,-0.0027630036,0.0,-26.620014,0.013382253,-0.02351106,-0.03293621,0.046171024,-0.019717451,0.0007017823,0.016524099,0.0,0.0,0.0,0.0,0.0,0.0,0.0,0.0,0.0,0.0,0.0,0.0,0.0,0.0,0.0,0.0,0.0,0.0,0.0,0.0,0.0,0.0,0.0,0.0,1986.7568,1994.5104,2023.9944,0.0,0.0,0.0,1984.3037,1987.0005,1994.5789,0.0,0.0,0.0,1.0283585,-0.87390447,0.0,0.0,0.0,0.0,1986,1994,2023,0,0,0,"c(-1.08619420258448, 42.4514493656484)",NBR_year,,,,,0.7283596979635614,0.7204592974943438,0.7123916933557035,0.7041534749429267,0.6962798639692115,0.6883342234780236,0.6802203831888446,0.6720135309083313,0.1810465050452742,0.2030235010537626,0.2132572506605921,0.2266942789158569,0.2431785188727564,0.2482336303651362,0.2707456087749,0.2766561158086745,0.2959750148777676,0.3081658766471838,0.3189628919230509,0.3373573614338322,0.3398801282075296,0.3641911020132735,0.372052071972044,0.3887087202213435,0.4028492150859599,0.4110303190012218,0.4313070846634678,0.434872266061294,0.4574115292881659,0.4672299343928515,0.4973052260756758,0.5029031027757164,0.5250281104658325,0.5305265429125752,0.5504097311367683,0.5621859978376992,0.4812290441892265,0.6842773033334342,0.1810465050452742,N,1311.2000274658203,6818.400172472,23.136512406667073,23.088657959302267,10.729057550430298,10.975056517124177,-0.50546875,-0.3210652683628723
384,[4921 2708],380_N,0.0057504103736146,0.0066516259378895,1991,0.6462727004731902,42.67378239851011,-2.270083915750202,-5.0851107,0.002889589,0.0391826,-0.0043202927,0.023648247,-0.002106973,-0.00203028,0.0,-13.497865,0.007053925,0.033038795,-0.020794746,0.0132104615,-0.005744082,-0.0029021224,0.00082586426,0.0,0.0,0.0,0.0,0.0,0.0,0.0,0.0,0.0,0.0,0.0,0.0,0.0,0.0,0.0,0.0,0.0,0.0,0.0,0.0,0.0,0.0,0.0,0.0,0.0,0.0,0.0,0.0,0.0,0.0,0.0,0.0,1991.5535,2023.9479,0.0,0.0,0.0,0.0,1984.3037,1991.6165,0.0,0.0,0.0,0.0,-0.24190703,0.0,0.0,0.0,0.0,0.0,1991,2023,0,0,0,0,"c(-2.2700839157502, 42.6737823985101)",NBR_year,,,0.7048609679351927,0.7077666688111899,0.7106701198147041,0.7135713170984759,0.7164702569634667,0.7193669358587158,0.7222613503813317,0.5964861081612858,0.6026155588179221,0.611024280445316,0.6156991449560607,0.625238160029359,0.6299515967607604,0.639138506507042,0.6451375202545742,0.6527412476667331,0.6599932413462721,0.666067265534415,0.6745192681219228,0.6791420480947157,0.6887213073149823,0.6934827159222076,0.7026103122323062,0.7086564559807145,0.7162023988655815,0.7234999213802539,0.7295186269190759,0.7380138104752536,0.7425846466228624,0.7522040243219376,0.7570133871395591,0.766081709825558,0.7796631708804542,0.7870061484246795,0.7929696443838206,0.8015079079341273,0.8060269421480398,0.8156863117453541,0.7721749377781095,0.7179185964110912,0.5964861081612858,N,1452.400013923645,5588.100085258484,23.019765377044678,23.503747193018594,10.708363580703736,10.995350090662638,-0.06461588591337204,-0.28393554309150204
385,[4891 2633],370_N,0.0087109605564369,0.0074056014860912,1987,0.5651849948967986,42.68186723606872,-2.290296009646726,-38.25235,0.019525519,-0.06756518,-0.09732325,0.024501711,-0.047822423,-0.016243033,-0.0066797277,-14.458626,0.007489581,-0.07379686,-0.10225747,0.045493398,-0.019085012,0.0034266554,0.042071484,0.0,0.0,0.0,0.0,0.0,0.0,0.0,0.0,0.0,0.0,0.0,0.0,0.0,0.0,0.0,0.0,0.0,0.0,0.0,0.0,0.0,0.0,0.0,0.0,0.0,0.0,0.0,0.0,0.0,0.0,0.0,0.0,1987.6083,2023.8821,0.0,0.0,0.0,0.0,1984.3037,1987.6329,0.0,0.0,0.0,0.0,-0.2744309,0.0,0.0,0.0,0.0,0.0,1987,2023,0,0,0,0,"c(-2.29029600964673, 42.6818672360687)",NBR_year,,0.647892788460035,0.6674148826834636,0.6869359808481684,,0.6220468778177923,0.6338836540261055,0.6554330860645512,0.6658879722202614,0.6656016805999769,0.6559764678957168,0.6745194755085552,0.6941848820196428,0.7027371773429365,0.7007186404840461,0.6896953051954878,0.7148411236995428,0.7326054934596714,0.7392714455194317,0.7355674812083889,0.7281276299214632,0.7548433186739911,0.770695368278445,0.7754967858592852,0.7701589075396182,0.7696118585738477,0.794521745229184,0.8084559426684899,0.8114200944518605,0.804504299637376,0.8108018119258811,0.8338730659460377,0.8458896323966623,0.8470491251877308,0.8516895943746565,0.8728949305372703,0.8829998203863973,0.8823924574080259,0.8725056034001801,0.8922682188055505,0.8386156675349575,0.6771754317658161,0.6220468778177923,N,1226.7000193595886,5500.700077533722,23.53647143046061,23.543959379196167,10.905242776870727,11.053899176915486,-0.25131836757063863,-0.3263753249659203
386,[5751 6951],394_N,0.0138467777026745,0.0156791004313912,1994,0.495416520196305,42.45010189272191,-1.126618390377526,-21.387566,0.010985651,0.058390744,-0.025606716,0.024886245,0.0069334754,-0.0025951867,0.0072649387,-32.408207,0.01627579,0.0,-0.047505908,0.052545138,-0.014390606,0.0026233585,0.014067473,0.0,0.0,0.0,0.0,0.0,0.0,0.0,0.0,0.0,0.0,0.0,0.0,0.0,0.0,0.0,0.0,0.0,0.0,0.0,0.0,0.0,0.0,0.0,0.0,0.0,0.0,0.0,0.0,0.0,0.0,0.0,0.0,1994.5104,2023.9287,0.0,0.0,0.0,0.0,1984.3037,1994.5542,0.0,0.0,0.0,0.0,-0.59288174,0.0,0.0,0.0,0.0,0.0,1994,2023,0,0,0,0,"c(-1.12661839037753, 42.4501018927219)",NBR_year,,,0.4757085114568364,0.4865497899792704,0.4976695602112446,0.5087105599447698,0.5196500499559932,0.5304902360634624,0.5416133464041353,0.5526532051481663,0.5635915761321112,0.5744306701453767,0.1637245960024551,0.1810145340471169,0.1999801813006639,0.2078622392175665,0.2329584845158279,0.2445204690157914,0.2628422575414458,0.2811252874675372,0.2899573822428188,0.3144426731113287,0.3252796903552473,0.344639186517481,0.3622338099174745,0.3720266822863947,0.3958921384606115,0.406002360894113,0.4264048708266666,0.4433056550008136,0.4540695659357191,0.4773066046302799,0.4866886022141791,0.5081388753466448,0.5360854709943537,0.5586858139653903,0.5673385565948441,0.5898407803401452,0.6053390391099837,0.618073846912933,0.5243407491715204,0.5581223906401387,0.1637245960024551,N,1330.9000170230865,6600.4001121521,23.25723934173584,23.286839946111044,10.807293287913005,11.047195374965668,-0.49884440898895266,-0.3467488618567586
387,[5879 6777],394_N,0.0042441388564016,0.0021213161827562,1994,0.41680402440599,42.41560658580518,-1.173510448217462,3.746077,-0.0017092187,-0.014973301,-0.091662936,0.04773324,-0.032312457,-0.0042793537,0.032091193,-3.3330164,0.0018320596,-0.049431156,-0.093804374,0.02002915,-0.052941438,0.0,0.027061071,0.0,0.0,0.0,0.0,0.0,0.0,0.0,0.0,0.0,0.0,0.0,0.0,0.0,0.0,0.0,0.0,0.0,0.0,0.0,0.0,0.0,0.0,0.0,0.0,0.0,0.0,0.0,0.0,0.0,0.0,0.0,0.0,1994.5104,2023.9944,0.0,0.0,0.0,0.0,1984.3037,1994.598,0.0,0.0,0.0,0.0,-0.20118004,0.0,0.0,0.0,0.0,0.0,1994,2023,0,0,0,0,"c(-1.17351044821746, 42.4156065858052)",NBR_year,,0.506042030268803,0.5045052877182521,0.5038021852329526,0.5020204148355566,0.4991869741093939,0.4976856239389918,0.496970403857891,0.4951767483831046,0.4923317922123439,0.4908658244245784,0.4817897041883862,0.4687892589560934,0.485207349465691,0.4812577520886448,0.4848754228141761,0.4900099532381018,0.4810583763518897,0.4949174613683812,0.4874337427608695,0.4960165290734797,0.4976506498787599,0.493509097077243,0.5040534576500686,0.493063506012251,0.5066139562632554,0.5047164227088172,0.5054703280362688,0.5126102409888136,0.500922472680729,0.5166529867308378,0.5112155826112187,0.5169183799561954,0.5205865019811802,0.5261225847552021,0.5171600266434359,0.5278329307807894,0.527984703035528,0.5258927953165994,0.535015462858548,0.5136447773779265,0.49159880831846114,0.4687892589560934,N,1330.9000170230865,6600.4001121521,23.25723934173584,23.286839946111044,10.807293287913005,11.047195374965668,-0.49884440898895266,-0.3467488618567586
388,[5703 7002],394_N,0.0040490366588503,0.0081758429889139,1994,0.457289663364162,42.46303763281569,-1.11287416652789,10.297834,-0.004996115,-0.10138708,-0.095178306,0.027011504,-0.035136603,-0.01617255,0.036777746,-18.278645,0.009268861,-0.11511303,-0.10527766,0.03026264,-0.04675085,0.0,0.039262556,0.0,0.0,0.0,0.0,0.0,0.0,0.0,0.0,0.0,0.0,0.0,0.0,0.0,0.0,0.0,0.0,0.0,0.0,0.0,0.0,0.0,0.0,0.0,0.0,0.0,0.0,0.0,0.0,0.0,0.0,0.0,0.0,1994.5104,2023.9287,0.0,0.0,0.0,0.0,1984.2134,1994.5542,0.0,0.0,0.0,0.0,-0.45487508,0.0,0.0,0.0,0.0,0.0,1994,2023,0,0,0,0,"c(-1.11287416652789, 42.4630376328157)",NBR_year,,0.5969121428694022,0.5916929202405373,0.586385293751442,0.5809896017343157,0.5755062559340836,0.5699357408813055,0.565019980911138,0.5605887542587943,0.5560694012217905,0.5514615936502048,0.4323236056890052,0.4599573267828144,0.4596000550781277,0.4731163481478135,0.4862444158356471,0.480202510077066,0.5064975759474201,0.5047314016404967,0.5203215811911668,0.5320324901692881,0.5280211918782693,0.5529662529908849,0.5497964196730271,0.5674586357823648,0.577749685944449,0.5757787169441662,0.5993632220355609,0.5947957920471036,0.6145269782444032,0.6233963111982055,0.6234741865610932,0.6456883898492263,0.6397302384725148,0.6689727151476258,0.6711067381046092,0.6919417058631426,0.6846005148882159,0.7084555964717719,0.7144792878623812,0.6615261157135307,0.5537654974359976,0.4599573267828144,N,1330.9000170230865,6600.4001121521,23.25723934173584,23.286839946111044,10.807293287913005,11.047195374965668,-0.50546875,-0.3210652683628723
389,[5728 7055],394_N,0.012370892436689,0.0126493110052966,1994,0.680922181121227,42.45630026818351,-1.09859095350768,25.68253,-0.012564251,0.013244163,0.0063373866,0.015758947,0.022441696,0.010520746,0.013188455,-25.488031,0.012891809,0.067997545,-0.05907759,0.07790166,-0.014038355,0.0072421567,0.027104173,0.0,0.0,0.0,0.0,0.0,0.0,0.0,0.0,0.0,0.0,0.0,0.0,0.0,0.0,0.0,0.0,0.0,0.0,0.0,0.0,0.0,0.0,0.0,0.0,0.0,0.0,0.0,0.0,0.0,0.0,0.0,0.0,1994.5104,2023.9944,0.0,0.0,0.0,0.0,1984.3037,1994.5542,0.0,0.0,0.0,0.0,-0.5645899,0.0,0.0,0.0,0.0,0.0,1994,2023,0,0,0,0,"c(-1.09859095350768, 42.4563002681835)",NBR_year,,0.759062742905816,0.7957071112585494,0.7830291300981489,0.7698424584528286,0.7576312850787583,0.7454516302350052,0.7327679978523429,0.7195756575424143,0.7073813055295772,0.6951960866247429,0.6825068024319412,0.3121098767325307,0.3375137244550616,0.3435923103454155,0.3611025007383248,0.3739643389159761,0.3829920795672648,0.4020433425701751,0.4034639872048831,0.4279557188119237,0.4327310248538627,0.4518861026596069,0.4635351783401416,0.474069219486859,0.4920298764481862,0.4947802679429331,0.5183300119875133,0.5217891396166223,0.5426100313696886,0.5530271112398006,0.5650960968384632,0.5819414368336298,0.586056713346856,0.6107665987458464,0.6332726902246428,0.6424396514480852,0.6560708863304358,0.6717771373793399,0.6772913392312673,0.6086352999150441,0.70128869607716,0.3121098767325307,N,1311.2000274658203,6818.400172472,23.136512406667073,23.088657959302267,10.729057550430298,10.975056517124177,-0.50546875,-0.3210652683628723
390,[5751 7114],394_N,0.0121998354349008,0.0145042081584848,1994,0.723436731393409,42.45010189272191,-1.082690772975748,-50.97897,0.026029343,-0.008869123,-0.033380106,-0.08373418,0.01170516,-0.014491181,-0.045531005,7.427236,-0.0033643423,0.037,-0.013011874,-0.0060845963,0.0090250205,-0.010664732,0.0033060086,-30.181467,0.015240064,0.08164268,-0.057932124,0.073630854,-0.008937273,0.002556175,0.026725087,0.0,0.0,0.0,0.0,0.0,0.0,0.0,0.0,0.0,0.0,0.0,0.0,0.0,0.0,0.0,0.0,0.0,0.0,0.0,0.0,0.0,0.0,0.0,0.0,1986.7568,1994.5104,2023.9287,0.0,0.0,0.0,1984.3037,1987.0005,1994.5789,0.0,0.0,0.0,0.4689301,-0.86810786,0.0,0.0,0.0,0.0,1986,1994,2023,0,0,0,"c(-1.08269077297575, 42.4501018927219)",NBR_year,,0.7981185240463564,0.8241054208133137,0.8313867647581034,0.7856815878014397,0.7823394347655807,0.7788743210324296,0.7754976245896151,0.7722422407882789,0.768866928495322,0.7653676488807991,0.762081610119341,0.3137181723183434,0.3297074622372249,0.3427844991933075,0.3601194587561495,0.3747173494928477,0.3897416761791058,0.4059564865959893,0.418880471302421,0.4362346944297933,0.4511059889656,0.465749974161726,0.4821827990822694,0.4954327327863095,0.5123320059527092,0.5274673778267669,0.5417433767394848,0.5583872050989216,0.571953606945079,0.5884120009964785,0.6038023354880397,0.6177221300909144,0.6345704919010723,0.6644752411061571,0.6801116897872378,0.6936864135012483,0.7107334239627433,0.7249039728473581,0.7405222379508253,0.6484437799144829,0.7671172886880606,0.3137181723183434,N,1311.2000274658203,6818.400172472,23.136512406667073,23.088657959302267,10.729057550430298,10.975056517124177,-0.50546875,-0.3210652683628723
391,[3063 4791],304_N,0.0064633926331478,0.0015704725292566,1989,0.7092343391800924,43.17450333797333,-1.708726694597413,10.825814,-0.0051517356,-0.0024536613,-0.22830679,0.12927206,-0.03725641,0.0,0.00093921344,0.5575722,0.0,-0.09462088,-0.13012339,0.07547637,-0.01629713,0.009794207,0.047545824,0.0,0.0,0.0,0.0,0.0,0.0,0.0,0.0,0.0,0.0,0.0,0.0,0.0,0.0,0.0,0.0,0.0,0.0,0.0,0.0,0.0,0.0,0.0,0.0,0.0,0.0,0.0,0.0,0.0,0.0,0.0,0.0,1989.7794,2023.9014,0.0,0.0,0.0,0.0,1984.3037,1989.8671,0.0,0.0,0.0,0.0,-0.19915916,0.0,0.0,0.0,0.0,0.0,1989,2023,0,0,0,0,"c(-1.70872669459741, 43.1745033379733)",NBR_year,,0.8995064282628246,0.8947101052089367,0.8888783434809048,0.8844020444318764,0.8789174350053175,0.8739804935231319,0.7973114559441326,0.8090087721989484,0.8199526758490205,0.8269648641371027,0.829628419109872,0.8276570799083849,0.8209104329200617,0.8094031106782789,0.7981523026870352,0.8117861249681075,0.8218884808743427,0.8279549835697555,0.8295964817720781,0.8265583831475651,0.8187345546678448,0.8061750970063334,0.8014956610297841,0.8143846174222639,0.8236198362966838,0.8287209065292654,0.8293274239960411,0.8252171702923761,0.8163186876234515,0.8027176072206108,0.8046832532772601,0.8167980466672948,0.8251417547103611,0.8288193575910067,0.8236333115796864,0.8136645039005453,0.7990340826605205,0.8077081308249583,0.8190204593864566,0.8292591031985412,0.881659739718597,0.7973114559441326,N,2519.700078010559,9929.700184822083,21.05417947769165,21.363773783047993,11.75977217356364,12.062874456246695,-0.2714192677289248,-0.37399495523422954
392,[4319 5510],382_N,0.012268110379008,0.0151447943854801,1991,0.5177447698212633,42.83601813885288,-1.514960087776071,-40.11959,0.020453863,0.052715853,-2.0928042e-05,0.029697394,0.009607854,-0.056923836,0.049231272,-31.700869,0.016014894,0.048072375,-0.024111005,0.05205735,-0.018259242,0.0,0.018558796,0.0,0.0,0.0,0.0,0.0,0.0,0.0,0.0,0.0,0.0,0.0,0.0,0.0,0.0,0.0,0.0,0.0,0.0,0.0,0.0,0.0,0.0,0.0,0.0,0.0,0.0,0.0,0.0,0.0,0.0,0.0,0.0,1991.9259,2023.8821,0.0,0.0,0.0,0.0,1984.3037,1992.1449,0.0,0.0,0.0,0.0,-0.45304,0.0,0.0,0.0,0.0,0.0,1991,2023,0,0,0,0,"c(-1.51496008777607, 42.8360181388529)",NBR_year,,,0.5936880754548975,0.6136650892603247,0.6344394996862743,0.6548306809979322,0.6751155177557029,0.695918870632847,0.7157167606422684,0.2729216315442119,0.2859074427792941,0.3048649825403595,0.3208481198978149,0.334262183439252,0.353015974276314,0.3687545738192708,0.3826024017574218,0.4011506782950771,0.4166406690896954,0.4309280864977152,0.4492688449234741,0.4645060838815018,0.4792392058116036,0.4973702121316546,0.51235050009018,0.5275357074860518,0.5454545065162208,0.5601736046778818,0.5758175192538152,0.5935214443258852,0.6079750910201769,0.6240845491644088,0.641570732527475,0.6557546602606115,0.6896020699087091,0.7035120226627305,0.7205737998469176,0.737615148216374,0.7512468989614828,0.7687957424836016,0.6723366860161711,0.6855171941942749,0.2729216315442119,N,1726.6000356674194,7034.9001269340515,22.21490281422933,22.526436805725098,10.95898265838623,11.286854251225789,-0.13647461030632257,-0.2897176109778229
393,[5643 5832],388_N,0.0049841952032352,0.0060198960729416,1993,0.439020439688403,42.47920730793291,-1.428182831313662,-3.7674274,0.0021240043,0.0801772,-0.009406924,0.0120391,-0.010422824,0.0,0.011018938,-12.625853,0.00650798,0.05994432,-0.008219546,0.0059362585,-0.015202113,-0.0021239526,0.0,0.0,0.0,0.0,0.0,0.0,0.0,0.0,0.0,0.0,0.0,0.0,0.0,0.0,0.0,0.0,0.0,0.0,0.0,0.0,0.0,0.0,0.0,0.0,0.0,0.0,0.0,0.0,0.0,0.0,0.0,0.0,0.0,1993.5466,2023.9479,0.0,0.0,0.0,0.0,1984.2134,1993.5905,0.0,0.0,0.0,0.0,-0.36831602,0.0,0.0,0.0,0.0,0.0,1993,2023,0,0,0,0,"c(-1.42818283131366, 42.4792073079329)",NBR_year,,0.5388736173216986,0.5411859872407822,0.5430247142775675,0.54531837091775,0.5475403188458671,0.5492833797171282,0.5517459062797925,0.5538763192394603,0.5556563313324763,0.5581559900436415,0.4299808816968205,0.4358119859422418,0.440318576135291,0.4460974531804826,0.4549018577129967,0.4624593107267445,0.4687089436447101,0.4736313879867034,0.477669299776381,0.4868480787049815,0.4948073169899717,0.5014735462625682,0.5068141290502691,0.5108386539053614,0.5186726906881824,0.5270263790203035,0.5341059471842816,0.5398656278884629,0.5443016696457607,0.5503788031556534,0.5591183825970695,0.5666067209273075,0.5727851268359299,0.5819698832575991,0.5910856120022099,0.59897686105609,0.6055722865872365,0.6108415044739511,0.6147963712378243,0.5776365022243743,0.5547663252859683,0.4299808816968205,N,1248.5000218153,5291.600123941898,24.84087168375651,25.342232847213744,12.124216985702514,12.40864936908086,-0.3155598990619183,-0.4214070601388812
394,[5702 7028],394_N,0.0062952146562235,0.0088454670155052,1994,0.403442341744748,42.463307127400974,-1.105867307310429,-18.03779,0.009191711,-0.04135738,-0.047318388,0.031060971,-0.023387274,-0.007179144,0.02660974,-45.591587,0.023092737,-0.041372787,-0.08633936,0.054563075,-0.02530302,-0.0036397348,0.019382654,-60.538754,0.030555937,-0.010003289,-0.057665024,0.03897731,-0.018932635,-0.0031742253,0.012483111,-18.898716,0.0095556015,-0.034927107,-0.06514318,0.03542844,-0.034491204,0.0010604893,0.022501932,0.0,0.0,0.0,0.0,0.0,0.0,0.0,0.0,0.0,0.0,0.0,0.0,0.0,0.0,0.0,0.0,1987.8328,1989.366,1994.5104,2023.9287,0.0,0.0,1984.3037,1987.8766,1989.429,1994.5542,0.0,0.0,0.10843583,-0.14864327,-0.52506953,0.0,0.0,0.0,1987,1989,1994,2023,0,0,"c(-1.10586730731043, 42.463307127401)",NBR_year,,0.3304148532314994,0.3395668107851616,0.3486779530290095,0.3578254956453991,0.4956393521177965,0.355197579988608,0.3858595902848915,0.416439263393289,0.446935975702554,0.477349216580783,0.2872999186389744,0.3043815910957659,0.3032824806165307,0.3221023526797046,0.3297384292920401,0.3358576643768835,0.3520651397908482,0.3500557683754398,0.3702187315253735,0.376934893880558,0.3843757962090443,0.3997022334507238,0.3967864421092263,0.4182906232382326,0.4240855872393733,0.4328537367565947,0.4472928071128561,0.4437560264578269,0.4663177074290583,0.4711907307366757,0.4812909314058702,0.4948368232455162,0.4925556456510549,0.5182505724136988,0.5296868487197202,0.5423342717724731,0.5413199268072947,0.5622363028125946,0.5652653867966899,0.514299689890307,0.4621425961416685,0.3043815910957659,N,1330.9000170230865,6600.4001121521,23.25723934173584,23.286839946111044,10.807293287913005,11.047195374965668,-0.50546875,-0.3210652683628723
395,[5712 6990],394_N,0.0027400316428628,0.0062388117144816,1994,0.504083599198637,42.46061218154811,-1.116108101551334,8.57517,-0.00411348,-0.09835964,-0.082982734,0.030425495,-0.018349381,-0.0075232666,0.035032924,-13.990384,0.007140928,-0.11468756,-0.10133976,0.035173897,-0.03979684,0.00086597377,0.040244702,0.0,0.0,0.0,0.0,0.0,0.0,0.0,0.0,0.0,0.0,0.0,0.0,0.0,0.0,0.0,0.0,0.0,0.0,0.0,0.0,0.0,0.0,0.0,0.0,0.0,0.0,0.0,0.0,0.0,0.0,0.0,0.0,1994.5104,2023.9287,0.0,0.0,0.0,0.0,1984.2134,1994.5542,0.0,0.0,0.0,0.0,-0.3208684,0.0,0.0,0.0,0.0,0.0,1994,2023,0,0,0,0,"c(-1.11610810155133, 42.4606121815481)",NBR_year,,0.610010604866912,0.6056797930017042,0.6012675244662844,0.5967739687723075,0.592199363526642,0.5875440141523377,0.5836916605402338,0.5800807504044656,0.5763898745283021,0.5726185974032566,0.4776162679440823,0.5010663612977385,0.4961370068344264,0.5110136853344324,0.5197126454464701,0.5147665195120529,0.5368511727652057,0.5305028907738402,0.5474745649330762,0.5547374783448978,0.5518549251394531,0.5725634523264121,0.5648025082903676,0.5838659441579108,0.5896909690691813,0.588880574993735,0.6082031071364846,0.5990366012210342,0.6201873234432347,0.6245734778113234,0.6258425955873708,0.6437700879117015,0.6332059488476255,0.6593854067386252,0.66274015043876,0.679264388940017,0.6673113672633476,0.6926182930709457,0.694127199649992,0.656438244984566,0.5745042359657794,0.5010663612977385,N,1330.9000170230865,6600.4001121521,23.25723934173584,23.286839946111044,10.807293287913005,11.047195374965668,-0.50546875,-0.3210652683628723
396,[3055 4791],304_N,-0.0002209470784925616,0.0027471875560084,1989,0.7102975952645011,43.17665929465562,-1.708726694597413,17.230476,-0.008422577,-0.21287672,-0.2027016,0.006278377,-0.052589457,-0.019508526,0.025403466,-8.285908,0.00437983,-0.17362943,-0.13846579,0.043679997,-0.04278324,0.01284956,0.037160244,0.0,0.0,0.0,0.0,0.0,0.0,0.0,0.0,0.0,0.0,0.0,0.0,0.0,0.0,0.0,0.0,0.0,0.0,0.0,0.0,0.0,0.0,0.0,0.0,0.0,0.0,0.0,0.0,0.0,0.0,0.0,0.0,1989.8671,2023.9014,0.0,0.0,0.0,0.0,1984.4543,1990.0422,0.0,0.0,0.0,0.0,-0.14649616,0.0,0.0,0.0,0.0,0.0,1989,2023,0,0,0,0,"c(-1.70872669459741, 43.1766592946556)",NBR_year,,0.8586812525354055,0.8503505437589189,0.8413196150952755,0.8334862872991796,0.8250192132223466,0.8161691197841835,0.7484459666204579,0.7502487323913968,0.7506502962365434,0.7496702993287376,0.7473412312279951,0.7437080492300221,0.7483324994562668,0.7603169908907962,0.7711811777467144,0.7808499679498292,0.7892584068584111,0.7963525516378135,0.8020902062009378,0.8064415060747434,0.8093893447195563,0.8109296351029688,0.8110714027159707,0.8098367086482969,0.8072604038002438,0.8033897177406266,0.8111510894611519,0.8229325723733083,0.8335790069343463,0.8430171211825325,0.8511839538522474,0.8580277036196049,0.8635084367714284,0.8702836316163399,0.8715617613749648,0.8714445022958415,0.8699563268095305,0.8671344328116933,0.863028302235703,0.8675986430499538,0.8292527502607632,0.7484459666204579,N,2519.700078010559,9929.700184822083,21.05417947769165,21.363773783047993,11.75977217356364,12.062874456246695,-0.2714192677289248,-0.37399495523422954
397,[5902 6821],394_N,0.0019508072738594,0.0046935315555682,1994,0.507063215279686,42.40940821034358,-1.161652686464834,7.0808277,-0.0033541492,-0.093208246,-0.11512645,0.03037493,-0.03637401,-0.012969813,0.038563393,-9.569973,0.0049548056,-0.10353199,-0.1142849,0.021034561,-0.060689986,0.0,0.033357482,0.0,0.0,0.0,0.0,0.0,0.0,0.0,0.0,0.0,0.0,0.0,0.0,0.0,0.0,0.0,0.0,0.0,0.0,0.0,0.0,0.0,0.0,0.0,0.0,0.0,0.0,0.0,0.0,0.0,0.0,0.0,0.0,1994.5104,2023.9944,0.0,0.0,0.0,0.0,1984.2134,1994.5542,0.0,0.0,0.0,0.0,-0.2224572,0.0,0.0,0.0,0.0,0.0,1994,2023,0,0,0,0,"c(-1.16165268646483, 42.4094082103436)",NBR_year,,0.6474668458638165,0.6437566684391038,0.6399538579652647,0.6360586449221011,0.632071336706841,0.6292389850796156,0.626439892463952,0.6235500628470776,0.6205689602720073,0.6174961256497975,0.5253110365814363,0.5472139438663296,0.5438849115462061,0.553510507677599,0.5596348551231376,0.5569679802356269,0.5724376444716751,0.5581003651699052,0.5822435802772882,0.5771766141090499,0.589079442799288,0.5934593286420522,0.5930488288457916,0.606812234619044,0.5943298205251479,0.6171717595128786,0.6103729049929697,0.6245504586245187,0.6271837289282062,0.6290378423444047,0.6410845749776954,0.6307985365784973,0.6519981146566562,0.6599227066953891,0.6608087344778851,0.6649337122638068,0.675254873843237,0.6671821482455057,0.6867223687183585,0.6434749019307004,0.6190325429609024,0.5472139438663296,N,1330.9000170230865,6600.4001121521,23.25723934173584,23.286839946111044,10.807293287913005,11.047195374965668,-0.49884440898895266,-0.3467488618567586
398,[4861 6636],337_N,0.0143888735671565,0.0165606328570468,2003,0.4543687631936327,42.68995207362733,-1.211509184742927,-16.02361,0.008265109,0.08706163,-0.01424162,0.048100144,-0.012256645,0.0059583345,0.018003639,-34.53673,0.017349713,0.068327315,0.0,0.05264893,-0.03377766,0.0069549717,0.0078076576,0.0,0.0,0.0,0.0,0.0,0.0,0.0,0.0,0.0,0.0,0.0,0.0,0.0,0.0,0.0,0.0,0.0,0.0,0.0,0.0,0.0,0.0,0.0,0.0,0.0,0.0,0.0,0.0,0.0,0.0,0.0,0.0,2003.3373,2023.8821,0.0,0.0,0.0,0.0,1984.2134,2003.4906,0.0,0.0,0.0,0.0,-0.46943295,0.0,0.0,0.0,0.0,0.0,2003,2023,0,0,0,0,"c(-1.21150918474293, 42.6899520736273)",NBR_year,,,0.4829017833617768,0.4909617975261098,0.4988604405118713,0.5077232095205753,0.5156622539719989,0.5237751223451786,0.5325309403190513,0.5403461224367857,0.5486771005868631,0.5573247218803781,0.565012924952969,0.5735663224739552,0.5821042718565264,0.5896621583761967,0.5984427080364357,0.6068692795589884,0.6142932951318769,0.6233061496936444,0.6316194061662948,0.3471219656464686,0.3659059464809912,0.3841731783934938,0.4019005553579765,0.4190663334822512,0.4356505240042569,0.4516353327740837,0.4687271994708797,0.4874632903760897,0.5056803966797937,0.5233555258625612,0.540467082528549,0.5569952661482718,0.5903279988043669,0.6090159841593402,0.6271827586196006,0.6448054462626817,0.6618626037577506,0.6783346227874057,0.5729225144891248,0.6187997224127606,0.3471219656464686,N,1610.1000275611877,6699.500132083893,24.295218245188394,24.367810742060342,12.193311341603597,11.956074412663778,-0.47338868379592897,-0.16995578414450088
399,[3086 4797],304_N,0.0026123204173918,0.0035613323302363,1989,0.723397251007186,43.168304962511726,-1.707109727085691,0.5233444,0.0,-0.19655113,-0.1764147,0.01636959,-0.05688783,0.0,0.014386876,-7.9918294,0.004233817,-0.21295734,-0.13646342,0.015049243,-0.061323646,0.013150984,0.033726763,0.0,0.0,0.0,0.0,0.0,0.0,0.0,0.0,0.0,0.0,0.0,0.0,0.0,0.0,0.0,0.0,0.0,0.0,0.0,0.0,0.0,0.0,0.0,0.0,0.0,0.0,0.0,0.0,0.0,0.0,0.0,0.0,1989.8671,2023.9014,0.0,0.0,0.0,0.0,1984.498,1990.0422,0.0,0.0,0.0,0.0,-0.15889518,0.0,0.0,0.0,0.0,0.0,1989,2023,0,0,0,0,"c(-1.70710972708569, 43.1683049625117)",NBR_year,,0.8393961872508056,0.8394444996186566,0.8394569472315856,0.8394334420016051,0.8393739044175181,0.8392782635612835,0.7746240986019801,0.7799499862721884,0.7839032711434927,0.7864793406326479,0.7876857006889394,0.7875418003437095,0.7860787049524849,0.783338623759508,0.7793742994973968,0.7891585098447291,0.8006476438342294,0.810951883258536,0.8200107474590793,0.8277745595735533,0.8342050080580659,0.8392755607626806,0.8429717265037884,0.8452911612827831,0.8462436185556054,0.8458507452067062,0.8441457271041909,0.841172790261475,0.8374720281705239,0.8498732457690346,0.861146244435663,0.8712222679317189,0.8800428033176558,0.8937384900547805,0.89855320246443,0.9019921675247596,0.9040553080839436,0.9047546179834424,0.9041139295911528,0.8875602571688304,0.8394036732095616,0.7746240986019801,N,2519.700078010559,9929.700184822083,21.05417947769165,21.363773783047993,11.75977217356364,12.062874456246695,-0.2714192677289248,-0.37399495523422954
400,[5645 6395],394_N,-0.0005405794419251153,0.0010605547642456,1994,0.562063697229362,42.47866831876233,-1.27645737979709,6.0833693,-0.0028344924,-0.047631875,-0.0936656,0.037283685,-0.029908251,-0.0071194354,0.029937621,-2.4118419,0.0013949183,-0.06421817,-0.08773618,0.027260156,-0.059383083,0.004608372,0.012094118,0.0,0.0,0.0,0.0,0.0,0.0,0.0,0.0,0.0,0.0,0.0,0.0,0.0,0.0,0.0,0.0,0.0,0.0,0.0,0.0,0.0,0.0,0.0,0.0,0.0,0.0,0.0,0.0,0.0,0.0,0.0,0.0,1994.5104,2023.9479,0.0,0.0,0.0,0.0,1984.2134,1994.5542,0.0,0.0,0.0,0.0,-0.24049722,0.0,0.0,0.0,0.0,0.0,1994,2023,0,0,0,0,"c(-1.27645737979709, 42.4786683187623)",NBR_year,,0.6256613499424166,0.6223541887099215,0.6193245450148064,0.6169824013076756,0.6145679663054388,0.612080574858999,0.6095196217917032,0.6068845625215729,0.6041749136186265,0.6013902532978068,0.5298804166860519,0.5367473434222181,0.5383867566065649,0.5338991329843517,0.5433969772024548,0.5340444462125925,0.5449463728778495,0.5437583443255037,0.5431934623037393,0.5499932122861173,0.5384130645548705,0.552740730537785,0.548703599034778,0.5521168228966463,0.5561620871773764,0.5483568002161543,0.5601219404666604,0.5532264711903779,0.560655892607734,0.5619022200262969,0.5579584387071312,0.5670833230596577,0.5573327361944502,0.5672141024824541,0.56720182214248,0.5736200307435141,0.5625612230599008,0.5765361161003002,0.5721000928512514,0.5687989852243188,0.6027825834582167,0.5367473434222181,N,1268.700027704239,6118.80007237196,23.746591567993164,23.905596566200256,11.225068378448487,11.436753137906392,-0.4817220062017441,-0.3858764662873
401,[5738 7067],394_N,0.0102429503000662,0.0116676405347694,1994,0.471840584625399,42.453605322330645,-1.095357018484236,9.245826,-0.0044317753,0.0015488175,-0.011852897,-0.019179367,-0.015357871,-0.056709755,0.025098398,11.422111,-0.0054945955,0.06321822,-0.03247087,0.04390393,-0.0026365581,-0.0012045475,0.0075765653,-24.960272,0.012568663,0.0,-0.046237174,0.044657256,-0.028070107,0.0018312184,0.015573891,0.0,0.0,0.0,0.0,0.0,0.0,0.0,0.0,0.0,0.0,0.0,0.0,0.0,0.0,0.0,0.0,0.0,0.0,0.0,0.0,0.0,0.0,0.0,0.0,1986.7568,1994.5104,2023.9944,0.0,0.0,0.0,1984.3037,1987.0005,1994.5542,0.0,0.0,0.0,0.256139,-0.39613798,0.0,0.0,0.0,0.0,1986,1994,2023,0,0,0,"c(-1.09535701848424, 42.4536053223306)",NBR_year,,,0.5338457108801559,0.5294614848426599,0.5757856187580903,0.5703813096542286,0.5648435693202298,0.5591694647406964,0.5538449337362724,0.5484045172842672,0.5428298624301662,0.5372391508904634,0.2137082516319799,0.2208848980591756,0.2401630105147927,0.2425887282158868,0.2649230031323114,0.2727677495464542,0.2880559719272492,0.3012576762662924,0.3096708279697024,0.3280292942572994,0.3299137998950683,0.3530983670766716,0.3599430807573696,0.3765247156500474,0.3887484023500485,0.3984099033329165,0.4158374193441915,0.4188936130574703,0.44121761795637,0.4470610623273686,0.4649408184427652,0.4761804981631656,0.5035871711680309,0.5078314735752013,0.5292802677368332,0.5341220975377934,0.5533035369340497,0.5635540845364423,0.487101112578886,0.5456171898572166,0.2137082516319799,N,1311.2000274658203,6818.400172472,23.136512406667073,23.088657959302267,10.729057550430298,10.975056517124177,-0.50546875,-0.3210652683628723
402,[5575 6079],387_N,0.0078995583434681,0.0108576809686806,1992,0.5950814221319409,42.49753293973242,-1.361617668747777,-0.48818752,0.0005620421,0.01333293,-0.016869763,0.020676233,0.012986848,-0.010847737,0.024349097,-22.657412,0.011549574,0.0,-0.039469276,0.011714515,-0.008146766,0.0,0.01619358,0.0,0.0,0.0,0.0,0.0,0.0,0.0,0.0,0.0,0.0,0.0,0.0,0.0,0.0,0.0,0.0,0.0,0.0,0.0,0.0,0.0,0.0,0.0,0.0,0.0,0.0,0.0,0.0,0.0,0.0,0.0,0.0,1992.5392,2023.9479,0.0,0.0,0.0,0.0,1984.2134,1992.802,0.0,0.0,0.0,0.0,-0.7651137,0.0,0.0,0.0,0.0,0.0,1992,2023,0,0,0,0,"c(-1.36161766874778, 42.4975329397324)",NBR_year,,0.675826226603684,0.6761874127732297,0.6768055648149045,0.6774780204301767,0.6776975497050727,0.6786858831143296,0.6785366875923967,0.6798095068528648,,0.4207582657993636,0.4319709638925442,0.4422958727891346,0.4517200541485408,0.4602560575167045,0.4739473484462615,0.4877008616111275,0.5007766432258421,0.5130864863540102,0.5245625236754076,0.53515967480254,0.5448573468225398,0.553660328375206,0.5655557972364844,0.5794950240217914,0.5927868878737224,0.6053375905603757,0.6170727944632874,0.6279402809155346,0.6379118851729765,0.6469846401587278,0.6571145603615978,0.6712293243286612,0.684728590192065,0.7095028101225105,0.7206380243970539,0.7308832848535606,0.7402278975966659,0.748686672964179,0.762906711277894,0.6975132727604566,0.6791730972226308,0.4207582657993636,N,1359.3000297546387,5615.30009573698,24.413520495096844,24.866845162709556,11.712131770451863,12.163728328545888,-0.24729817705228924,-0.3394653324736282
403,[5760 6945],394_N,0.0132959521619371,0.0148661976707125,1994,0.642655075194133,42.447676441454334,-1.128235357889248,41.10996,-0.020404804,-0.02335571,-0.05971698,0.05006452,0.041027877,0.0,0.0,-1.1160871,0.000859247,-0.0763455,-0.032056328,0.073740244,0.009646771,0.038934946,0.049512006,37.59132,-0.018568793,0.0,-0.05529821,0.12073113,-0.017692162,0.04694864,0.011185322,-30.149887,0.015252842,0.0027416777,-0.08795684,0.098012865,-0.022646166,0.033873502,0.01508283,0.0,0.0,0.0,0.0,0.0,0.0,0.0,0.0,0.0,0.0,0.0,0.0,0.0,0.0,0.0,0.0,1986.2312,1988.9033,1994.5104,2023.9287,0.0,0.0,1984.4352,1986.3872,1988.928,1994.598,0.0,0.0,0.14427216,0.23289454,-0.25348496,0.0,0.0,0.0,1986,1988,1994,2023,0,0,"c(-1.12823535788925, 42.4476764414543)",NBR_year,,0.7439775422702674,0.7235724483847906,0.7824943388516132,0.7833358644058713,0.784173362687437,0.797843438878117,0.7791345333316062,0.760086371711831,0.7420323710179226,0.7235580460486093,0.4239133847241775,0.4359075606300542,0.4587576304632599,0.4623535571517561,0.4867035466538283,0.5023873214397397,0.5090052079583903,0.5348975682407279,0.5425449913482577,0.5608754507162147,0.5800786391980801,0.5816735836281272,0.6103586125582131,0.6219127442873393,0.6345097829045026,0.6570156045808284,0.6601647983028015,0.6851829457917143,0.7004729929996155,0.707657118829078,0.733231514044305,0.7404462335135567,0.7594160840040419,0.7803694821917202,0.8087641820257417,0.8199026081136649,0.8331062804980002,0.8552651003240554,0.8579662292846356,0.7782478809342943,0.732795208533266,0.4359075606300542,N,1330.9000170230865,6600.4001121521,23.25723934173584,23.286839946111044,10.807293287913005,11.047195374965668,-0.49884440898895266,-0.3467488618567586
404,[3034 5004],305_N,0.0029943815832037,0.0040797633575572,1989,0.752032196508298,43.18231868094665,-1.651324347931286,-0.4085077,0.00051981374,-0.104240015,-0.0968452,-0.038844217,-0.004899483,-0.03360463,0.0,-7.994026,0.0043043927,-0.08233758,-0.052643944,-0.009445026,-0.021074494,-0.0021520285,0.0018314802,0.0,0.0,0.0,0.0,0.0,0.0,0.0,0.0,0.0,0.0,0.0,0.0,0.0,0.0,0.0,0.0,0.0,0.0,0.0,0.0,0.0,0.0,0.0,0.0,0.0,0.0,0.0,0.0,0.0,0.0,0.0,0.0,1989.7794,2023.8821,0.0,0.0,0.0,0.0,1984.3037,1989.8671,0.0,0.0,0.0,0.0,-0.18293121,0.0,0.0,0.0,0.0,0.0,1989,2023,0,0,0,0,"c(-1.65132434793129, 43.1823186809467)",NBR_year,,0.7567100852661222,0.7573456392534217,0.7576084217403685,0.758397983499935,0.7587276361012486,0.7593994454167114,0.680668638410218,0.6855067202929895,0.6896226727613336,0.6930028118892274,0.6956405463262365,0.6975360816804625,0.7029712734640845,0.7092921481950473,0.7149457897157164,0.719902526763086,0.72414012530736,0.7276436937914925,0.7304054763321725,0.7324245670093235,0.7370074716737693,0.7434362749774317,0.7492035192372305,0.7542782925766415,0.7586371230252098,0.7622639055613639,0.7651497117377414,0.7672925148074499,0.7710262987845408,0.777561964305688,0.7834419504174022,0.788634106657119,0.7931137210128774,0.7998732437462484,0.8021398866586421,0.805027952331574,0.8116693799593758,0.8176612124857874,0.8229700636544002,0.7968634696228787,0.7585628098005919,0.680668638410218,N,2669.300033569336,10320.300218582153,22.026339880625407,22.41362637678782,12.944137001037598,13.133110427856446,-0.2714192677289248,-0.37399495523422954
405,[5646 5835],388_N,0.0069574871030396,0.008690591123338,1993,0.4175796996287744,42.47839882417705,-1.427374347557801,-8.338998,0.0043920972,0.04186719,0.0130972015,0.0,-0.013382055,-0.0163879,0.025779245,100.47986,-0.05030338,0.10040116,0.0,0.038581632,-0.0055682515,0.0,0.0,0.4559129,0.0,0.05806621,-0.019819248,-0.029506316,0.0006140628,-0.017825706,0.01172555,-18.2354,0.009287893,0.062124178,-0.011953865,0.013316561,-0.019004863,0.0015186721,0.0,0.0,0.0,0.0,0.0,0.0,0.0,0.0,0.0,0.0,0.0,0.0,0.0,0.0,0.0,0.0,0.0,1988.728,1991.2688,1993.5466,2023.9479,0.0,0.0,1984.2134,1988.8595,1991.4001,1993.5905,0.0,0.0,0.11900474,0.144573,-0.4630078,0.0,0.0,0.0,1988,1991,1993,2023,0,0,"c(-1.4273743475578, 42.478398824177)",NBR_year,,0.4549998953673782,0.459372842205454,0.4637418888613037,0.4681070288653521,0.4724682560744202,0.5415488831817142,0.4912736474467068,0.4409607769233976,0.5551954069358789,0.5552384451233109,0.3668259915204559,0.3765488957852467,0.3850159290093051,0.3921828044707134,0.4016134270356543,0.4128782623325917,0.42298391289375,0.431853124325356,0.4394331909320785,0.4472040934490155,0.4588150519391775,0.4692957370486563,0.4785618593204166,0.4865526108374662,0.4932339440183578,0.5046392450755156,0.5154865526698094,0.5251435115479236,0.5335415390609531,0.5406378139872161,0.550353924238718,0.5615587769300872,0.5715997240244521,0.5879105458383068,0.5959623584084947,0.6075150488922841,0.6179323952567082,0.6271312823299953,0.6350522601240367,0.5804007446528292,0.49807809192963826,0.3668259915204559,N,1248.5000218153,5291.600123941898,24.84087168375651,25.342232847213744,12.124216985702514,12.40864936908086,-0.3155598990619183,-0.4214070601388812
406,[5919 6774],394_N,0.0027245858629212,0.0053923656735528,1994,0.402239640094366,42.404826802393686,-1.174318931973323,3.542304,-0.001609106,-0.07344006,-0.093174525,0.028608765,-0.039380196,-0.010355986,0.0346553,-11.075991,0.0056819627,-0.07181619,-0.09102316,0.027396722,-0.053826872,0.0036711753,0.028801667,0.0,0.0,0.0,0.0,0.0,0.0,0.0,0.0,0.0,0.0,0.0,0.0,0.0,0.0,0.0,0.0,0.0,0.0,0.0,0.0,0.0,0.0,0.0,0.0,0.0,0.0,0.0,0.0,0.0,0.0,0.0,0.0,1994.5104,2023.9944,0.0,0.0,0.0,0.0,1984.2134,1994.5542,0.0,0.0,0.0,0.0,-0.3841237,0.0,0.0,0.0,0.0,0.0,1994,2023,0,0,0,0,"c(-1.17431893197332, 42.4048268023937)",NBR_year,,0.539108004215991,0.5373932698934464,0.5355951886193083,0.5337138351646458,0.5317493542738776,0.5297019603654035,0.5275719371579516,0.5257739195077616,0.5247104799902399,0.5235655632007091,0.4301797811898734,0.4507606562023382,0.4492721945739862,0.458824249567587,0.4658021269916791,0.4643835855169442,0.4796735713084316,0.4682581600329838,0.4908588889275785,0.4878079675320701,0.4994004251796794,0.5048202211389604,0.5054097470642873,0.5191866523574128,0.5090645089833752,0.5308668082361964,0.5262570640182966,0.5398900991650007,0.5437479361905291,0.5463554778743274,0.5586079696733958,0.5504287385610475,0.570783967245392,0.5802923934435305,0.5825857846586526,0.587219494442032,0.5979376001526997,0.591719033279503,0.6106100003305921,0.5646204105901542,0.5241380215954745,0.4507606562023382,N,1330.9000170230865,6600.4001121521,23.25723934173584,23.286839946111044,10.807293287913005,11.047195374965668,-0.49884440898895266,-0.3467488618567586
407,[4599 5210],383_N,0.002956745326632,0.0050158121154094,1991,0.4494577609933871,42.76055965497252,-1.595808463362167,-2.4769282,0.0014704907,-0.027717236,-0.013004436,0.04656275,-0.033822957,-0.004009976,0.030011406,-10.209012,0.0052781035,0.009660768,-0.0002587111,0.036545373,-0.06363626,0.005703702,0.0075587626,0.0,0.0,0.0,0.0,0.0,0.0,0.0,0.0,0.0,0.0,0.0,0.0,0.0,0.0,0.0,0.0,0.0,0.0,0.0,0.0,0.0,0.0,0.0,0.0,0.0,0.0,0.0,0.0,0.0,0.0,0.0,0.0,1991.6193,2023.8821,0.0,0.0,0.0,0.0,1984.3475,1991.9259,0.0,0.0,0.0,0.0,-0.34112647,0.0,0.0,0.0,0.0,0.0,1991,2023,0,0,0,0,"c(-1.59580846336217, 42.7605596549725)",NBR_year,,0.5589435702044704,0.5606281206388931,0.5621991634260693,0.5636567980450844,0.565001278860818,0.5662330144809115,0.5673525668632247,,0.3821917631594433,0.384523154125135,0.3908802385716898,0.3951511874577003,0.3969754897926035,0.4083195750229233,0.4099351343407836,0.4188439780259362,0.4216616873550787,0.4267192496219131,0.433182536134466,0.434589754572336,0.4455410968445024,0.4474135290608551,0.4552423603362878,0.4586482965304913,0.4623136412202945,0.4709676958770494,0.4724063591304016,0.4825080054676325,0.4847399243865657,0.4913887447025104,0.4954833632204123,0.4976681523926933,0.508502040980273,0.5192200820512963,0.521914218501528,0.5272858766028695,0.533233221229795,0.5346473143842002,0.5457833096255772,0.5100720210817979,0.566792790672068,0.3821917631594433,N,1534.0000395774841,6302.900091648102,23.12691307067871,23.50054999987284,11.094698349634806,11.458874932924907,-0.13647461030632257,-0.2897176109778229
408,[3096 4839],304_N,-0.0001916378154334764,0.0031723481552499,1989,0.7185836083029256,43.16561001665886,-1.695790954503638,2.4443743,-0.00092005596,-0.026358524,-0.11665936,0.047981933,0.02367521,-0.021840127,0.040234063,-7.9851055,0.0042452402,-0.14875746,-0.1113927,0.029615197,-0.028410004,0.0025977602,0.042001944,0.0,0.0,0.0,0.0,0.0,0.0,0.0,0.0,0.0,0.0,0.0,0.0,0.0,0.0,0.0,0.0,0.0,0.0,0.0,0.0,0.0,0.0,0.0,0.0,0.0,0.0,0.0,0.0,0.0,0.0,0.0,0.0,1989.8671,2023.8821,0.0,0.0,0.0,0.0,1984.3037,1990.0422,0.0,0.0,0.0,0.0,-0.40048084,0.0,0.0,0.0,0.0,0.0,1989,2023,0,0,0,0,"c(-1.69579095450364, 43.1656100166589)",NBR_year,,0.8150986063478681,0.8141371931925784,0.813241659591658,0.8123153207098834,0.8113838658128878,0.8104925671368808,0.7291844856420439,0.7304304104700903,0.7306655499723783,0.729918586938396,0.7282262965648765,0.7256331239243614,0.7349598430561878,0.7452692050736505,0.7547020987498586,0.7632103844662712,0.7707534124931363,0.7772984797432663,0.7828211963796186,0.7873057578532922,0.7907451191165475,0.7931410689691311,0.7945042037316272,0.7948538006849052,0.7942175929562026,0.7926314487470428,0.7901389589794222,0.7978904578700964,0.8082968028969024,0.8178326469967103,0.8264490258221867,0.8341044070915923,0.8407651573342834,0.8510098938529465,0.854569027836922,0.8570840976003862,0.8585646953610536,0.8590291138305597,0.8585041322621818,0.8464059190677184,0.8118495932613856,0.7291844856420439,N,2669.300033569336,10320.300218582153,22.026339880625407,22.41362637678782,12.944137001037598,13.133110427856446,-0.2714192677289248,-0.37399495523422954
409,[4241 4930],294_N,0.0379481894609353,0.0225308737600547,2000,0.4580556957553272,42.85703871650526,-1.671266947242523,500.66602,-0.25198483,0.06630619,-0.020554135,0.0,0.0,0.0,0.0,-23.20881,0.011831633,-0.024389792,-0.020490797,0.024384229,-0.0061604604,-0.006901864,0.013513631,-98.89017,0.04928965,-0.05168178,-0.1886688,0.2510914,-0.087988384,0.13358049,0.17209794,0.0,0.0,0.0,0.0,0.0,0.0,0.0,0.0,0.0,0.0,0.0,0.0,0.0,0.0,0.0,0.0,0.0,0.0,0.0,0.0,0.0,0.0,0.0,0.0,1987.1073,2000.6432,2023.8821,0.0,0.0,0.0,1984.3037,1987.3263,2000.7965,0.0,0.0,0.0,0.42525202,-0.42489493,0.0,0.0,0.0,0.0,1987,2000,2023,0,0,0,"c(-1.67126694724252, 42.8570387165053)",NBR_year,,,0.4824404575180828,0.2304564831069663,0.3801751513945012,0.3911420752601775,0.4030689739540136,0.4157142610938102,0.4277218272191166,0.4390905887608305,0.4498288435143494,0.4625976866729829,0.4750108404082303,0.4867847872646648,0.4979218766288746,0.5092261286231131,0.5220420285811646,,0.3469272421407801,0.3948339399775313,0.4424238505666868,0.4897006338563959,0.5366681894454566,0.5833306521350623,0.6296923872906792,0.6757579859898742,0.7215322599737194,0.7670202364036632,0.8122271524313627,0.857158449582008,0.9018197679656964,0.9462169403140154,0.9903559858519492,0.5998178361903087,0.6990879052187992,0.7484195703309436,0.7975447173418758,0.8464603803393809,0.8951637890054269,0.9436523727355024,0.6495528791853964,0.5156340786021388,0.3469272421407801,N,1477.8000330924988,6216.700133919716,23.91165402730306,23.855032912890117,11.927323404947916,12.259393676122029,-0.4656738266348839,-0.422401258846124
410,[5775 7166],394_N,0.0078979075720133,0.0109128151551264,1994,0.674708465374652,42.44363402267504,-1.068677054540825,0.5972632,0.0,-0.09981105,-0.015384156,-0.12595811,0.022815483,-0.07150159,0.0,0.67799735,0.0,0.02660265,-0.0144170895,0.013948942,-0.0016043823,-0.00228831,-0.008013876,-23.574812,0.011923766,0.10711833,-0.047267344,0.09723997,-0.014800094,0.025934672,0.032319337,0.0,0.0,0.0,0.0,0.0,0.0,0.0,0.0,0.0,0.0,0.0,0.0,0.0,0.0,0.0,0.0,0.0,0.0,0.0,0.0,0.0,0.0,0.0,0.0,1987.8766,1994.5104,2023.9287,0.0,0.0,0.0,1984.3037,1987.9642,1994.5789,0.0,0.0,0.0,0.4033853,-0.7690324,0.0,0.0,0.0,0.0,1987,1994,2023,0,0,0,"c(-1.06867705454083, 42.443634022675)",NBR_year,,0.8397682718397496,0.8393010313384048,0.8397777632526296,,0.7163483608075202,0.7162674471461782,0.7163588753048667,0.7162403940785466,0.7163663670435597,0.7162102149006068,0.716370825129481,0.3500030442837257,0.3558639636047621,0.3721760884089942,0.3841734057339832,0.3894925821437923,0.4096399149123877,0.4163088156767016,0.4311300754795577,0.4442552665319759,0.4476178205505834,0.4691824069748314,0.4767090828868097,0.4899651410503904,0.5042656192755727,0.5076892578089912,0.5286265024960086,0.5370607326914807,0.548677925148818,0.5642002511352393,0.5682593473862549,0.5879682546857956,0.5973596776940857,0.6240549602226109,0.6287983965309736,0.6472037989801446,0.6576017851404463,0.665723926482182,0.6838255663814379,0.6072652092353606,0.7162882909720832,0.3500030442837257,N,1311.2000274658203,6818.400172472,23.136512406667073,23.088657959302267,10.729057550430298,10.975056517124177,-0.50546875,-0.3210652683628723
411,[2902 5002],305_N,0.0040930579547961,0.005682412421377,1989,0.7327953884263723,43.21789196620453,-1.65186333710186,23.592379,-0.011673193,-0.19042668,-0.1753343,0.0,0.09820625,-0.022132851,0.020284988,-11.981137,0.006194403,-0.11877344,-0.13141914,0.070971265,0.030617183,0.0,-0.008872837,0.0,0.0,0.0,0.0,0.0,0.0,0.0,0.0,0.0,0.0,0.0,0.0,0.0,0.0,0.0,0.0,0.0,0.0,0.0,0.0,0.0,0.0,0.0,0.0,0.0,0.0,0.0,0.0,0.0,0.0,0.0,0.0,1989.8671,2023.8821,0.0,0.0,0.0,0.0,1984.3037,1990.0422,0.0,0.0,0.0,0.0,-0.32074654,0.0,0.0,0.0,0.0,0.0,1989,2023,0,0,0,0,"c(-1.65186333710186, 43.2178919662045)",NBR_year,,0.7451346573081713,0.7328748812638972,0.721785062544738,0.709559815014386,0.6984346177272501,0.6862438962614715,0.6001716580549606,0.6062787149243443,0.6117151269594899,0.6164955310838642,0.6206369478289414,0.6241585938162151,0.6270816881988021,0.629429255238302,0.6312259251345004,0.6413725208066318,0.6517359880534954,0.661400784283084,0.6703635427610196,0.6786241669082304,0.6861857269024386,0.6930543372478263,0.6992390172530127,0.7047515364718208,0.7096062472378657,0.7138199064825013,0.7174114890494556,0.7204019947170007,0.7228142511089274,0.7246727146192867,0.7337668032300652,0.7442099176666177,0.7539549592714128,0.7713391170350742,0.7789804803657364,0.7859280437600077,0.7921905014389777,0.7977793162641581,0.8027085536398941,0.7629981811320135,0.7039972163708181,0.6001716580549606,N,3005.7000484466553,11650.500235557556,21.780928134918213,22.15673137505849,13.225488599141439,13.45493069489797,-0.2714192677289248,-0.37399495523422954
412,[5163 6748],368_N,0.0014916329483573,0.0023354299043561,1989,0.5970263620276381,42.60856470887066,-1.181325791190784,13.56994,-0.00654111,-0.0056467345,-0.09812031,0.099989064,-0.027639925,0.046436973,0.057060666,-4.672991,0.0025939469,-0.12582016,-0.121891856,0.034260597,-0.06277939,0.026946247,0.030470481,0.0,0.0,0.0,0.0,0.0,0.0,0.0,0.0,0.0,0.0,0.0,0.0,0.0,0.0,0.0,0.0,0.0,0.0,0.0,0.0,0.0,0.0,0.0,0.0,0.0,0.0,0.0,0.0,0.0,0.0,0.0,0.0,1989.8671,2023.8821,0.0,0.0,0.0,0.0,1984.2134,1990.0422,0.0,0.0,0.0,0.0,-0.32098556,0.0,0.0,0.0,0.0,0.0,1989,2023,0,0,0,0,"c(-1.18132579119078, 42.6085647088707)",NBR_year,,0.7990595916347687,0.7928073665410721,0.7856199834382289,0.7798195243558357,0.7722599420486395,0.7667190512061584,0.7598077858908161,0.7633923746561887,0.7658412570846151,0.7671355925580554,0.7672659506326028,0.7662324448956246,0.7640447636951834,0.760722097373692,0.7562929628846405,0.7546772327348384,0.7642873629991432,0.7730606770921549,0.7809293973612388,0.7878322776384793,0.7937152894747894,0.798532233052905,0.8022452654802771,0.8048253401516079,0.8062525519243032,0.8065163839779396,0.8056158534039242,0.8035595537869324,0.8003655942693819,0.7960614358366918,0.7927327915585063,0.8024341612449242,0.8113068602431113,0.826298779660733,0.8323010823010177,0.8372421929742423,0.8410832877457559,0.8437942933384016,0.8453542433253832,0.8192824098120324,0.7760397332022375,0.7598077858908161,N,1841.700026512146,7384.200138092041,22.571997197469077,22.440771786371865,10.193367179234823,10.632575341065724,-0.30449218563735486,-0.36642252686433496
413,[5711 7016],394_N,0.0019556927169875,0.0047004820563912,1994,0.411073191703369,42.46088167613339,-1.109101242333872,-27.957598,0.014241968,-0.07018281,-0.08566169,0.044570565,-0.034549523,-0.0135602765,0.03462303,-55.686954,0.028089067,-0.08918324,-0.10675826,0.014322544,-0.019395147,-0.015427832,0.049435303,-10.503807,0.005391703,-0.08991499,-0.100698106,0.03753049,-0.044756107,-0.0007122269,0.03435309,0.0,0.0,0.0,0.0,0.0,0.0,0.0,0.0,0.0,0.0,0.0,0.0,0.0,0.0,0.0,0.0,0.0,0.0,0.0,0.0,0.0,0.0,0.0,0.0,1990.461,1994.5104,2023.9287,0.0,0.0,0.0,1984.2134,1990.4802,1994.5542,0.0,0.0,0.0,-0.24785604,-0.23552246,0.0,0.0,0.0,0.0,1990,1994,2023,0,0,0,"c(-1.10910124233387, 42.4608816761334)",NBR_year,,0.5050504291959723,0.5192078633143354,0.5330008599473975,0.5472254036186451,0.5619265658945677,0.5762627213935053,0.4345883412691514,0.4626774192292981,0.4909548768582948,0.5191139411116896,0.4552808673955556,0.473695449146628,0.4659689431522203,0.481446981537755,0.4862542612591659,0.4834739127315655,0.5006264907928829,0.491596379799075,0.5090014069560563,0.5124866032289845,0.5116094966141038,0.527490772419141,0.5171630001387868,0.5364916392162877,0.5386534279281144,0.5396868133087668,0.5542882275149438,0.5426694841524916,0.5639172453261531,0.5647550747436997,0.5677050902744535,0.5810188286910222,0.5681165451888426,0.590791920574811,0.5956635887260273,0.6076825876670658,0.5946155038779489,0.6185730361199389,0.6167643795114685,0.5912778300380741,0.5050344089849922,0.473695449146628,N,1330.9000170230865,6600.4001121521,23.25723934173584,23.286839946111044,10.807293287913005,11.047195374965668,-0.50546875,-0.3210652683628723
414,[5096 6738],367_N,0.0074874526093678,0.0081647109181262,1989,0.5639395483461205,42.62662084608489,-1.184020737043654,0.50429386,0.0,-0.020333044,-0.050823476,0.0,-0.022009103,-0.020414867,0.028129607,-16.84363,0.00863818,-0.03228177,-0.07204735,0.01958854,-0.05065279,0.001808462,0.018613044,0.0,0.0,0.0,0.0,0.0,0.0,0.0,0.0,0.0,0.0,0.0,0.0,0.0,0.0,0.0,0.0,0.0,0.0,0.0,0.0,0.0,0.0,0.0,0.0,0.0,0.0,0.0,0.0,0.0,0.0,0.0,0.0,1989.5413,2023.8821,0.0,0.0,0.0,0.0,1984.2134,1989.585,0.0,0.0,0.0,0.0,-0.4461145,0.0,0.0,0.0,0.0,0.0,1989,2023,0,0,0,0,"c(-1.18402073704365, 42.6266208460849)",NBR_year,,0.5908871965277642,0.5909322717630734,0.5907840077764893,0.5909774592122725,0.5906448298401842,0.5543097646910977,0.474883250845879,0.4741807178890801,0.4862523378317442,0.5022728494393,0.5123205138927185,0.5160616367838494,0.5136897269117862,0.5320825476593259,0.5464877581429596,0.5547732581269496,0.556753796687898,0.5590831629316381,0.5774817423957407,0.5902157632982956,0.5967244188336994,0.5969713891619147,0.6055384985392369,0.6224302531248913,0.6334484674561012,0.6381774692084036,0.6367290803986619,0.6515991262051651,0.6669114452800166,0.6761808057485098,0.6791391512734283,0.6780384945772223,0.6972409540101178,0.7184110645945383,0.7196193941232848,0.724702213840479,0.7424426851454136,0.7544211978789104,0.7601408715649871,0.710911838352671,0.5908111445262283,0.474883250845879,N,1841.700026512146,7384.200138092041,22.571997197469077,22.440771786371865,10.193367179234823,10.632575341065724,-0.35491535663604734,-0.36373291071504354
415,[4871 2610],370_N,0.0076896353093666,0.0081051679548486,1987,0.5721793482667373,42.68725712777446,-2.296494385108327,27.680334,-0.0136395795,0.020656846,-0.028123068,0.03737356,0.001434513,0.0,0.0,-17.82525,0.009144417,-0.053672988,-0.009503414,0.03615604,-0.034487993,0.0044080145,0.010555663,0.0,0.0,0.0,0.0,0.0,0.0,0.0,0.0,0.0,0.0,0.0,0.0,0.0,0.0,0.0,0.0,0.0,0.0,0.0,0.0,0.0,0.0,0.0,0.0,0.0,0.0,0.0,0.0,0.0,0.0,0.0,0.0,1987.6083,2023.8821,0.0,0.0,0.0,0.0,1984.3037,1987.6959,0.0,0.0,0.0,0.0,-0.63288313,0.0,0.0,0.0,0.0,0.0,1987,2023,0,0,0,0,"c(-2.29649438510833, 42.6872571277745)",NBR_year,,0.6585271811194029,0.6448937613300048,0.6312597879960732,0.6176252602537927,0.4725237184391224,0.4727377722923854,0.4847349926086549,0.5011200395585491,0.5109718949859557,0.5140898138387868,0.5161619569179534,0.5352366456519692,0.5480685712715634,0.5541775642652877,0.5537158052730445,0.5681005569078045,0.5838159717898581,0.5929466142536666,0.5953596564457436,0.5997932936209431,0.6182418905683533,0.6303674462218946,0.6357557941776153,0.6346270775360953,0.6513989692906189,0.6664361290596361,0.6748440244103335,0.6765579552790337,0.6833633638985098,0.7011743805986796,0.7125887866990507,0.7172590273027286,0.7154729186522127,0.7489799979153691,0.756664397919336,0.7576857376144145,0.7668706567864418,0.7840332668814554,0.7947325122392015,0.7346289957855643,0.6380767746630389,0.4725237184391224,N,1226.7000193595886,5500.700077533722,23.53647143046061,23.543959379196167,10.905242776870727,11.053899176915486,-0.25131836757063863,-0.3263753249659203
416,[4248 4905],294_N,0.0096875165091869,0.011898306385849,2000,0.5231125968052064,42.85515225440825,-1.678004311874697,0.499325,0.0,0.0,-0.006677428,0.0,0.0,0.0,0.0,-39.64772,0.020062745,-0.06885262,-0.026323294,0.027338676,-0.011919671,0.0075447764,0.012019605,-24.482183,0.012373441,-0.021469496,-0.040678903,0.033382155,-0.03659811,0.0,0.0,0.0,0.0,0.0,0.0,0.0,0.0,0.0,0.0,0.0,0.0,0.0,0.0,0.0,0.0,0.0,0.0,0.0,0.0,0.0,0.0,0.0,0.0,0.0,0.0,1985.6616,2000.6432,2023.8821,0.0,0.0,0.0,1984.3037,1985.7931,2001.0813,0.0,0.0,0.0,-0.37073454,-0.47044206,0.0,0.0,0.0,0.0,1985,2000,2023,0,0,0,"c(-1.6780043118747, 42.8551522544083)",NBR_year,,0.5060020056811766,0.5060024261019772,0.3260018001304858,0.3462664595583821,0.3663910759526955,0.3863752232600291,0.4062188107485087,0.4259220849745971,0.445485630639031,0.4649103703239987,0.4844318638155961,0.505226576959171,0.525885959877154,0.5464083317146136,0.5667923291979231,0.587036912749239,,0.3685609246216914,0.3833370993305218,0.3963067209928156,0.4075008302848318,0.4169985071676262,0.432096425897285,0.4457797229692397,0.4576693754788494,0.4678257185079773,0.480572705325629,0.4949714976690824,0.5075661602561319,0.5183979286327225,0.528767364134504,0.5438803987892163,0.5571865431161677,0.578514052928231,0.5925059914109749,0.606527052338673,0.6187485598912695,0.6292218705509197,0.6408490584922943,0.5687076678820563,0.576914620973581,0.3685609246216914,N,1477.8000330924988,6216.700133919716,23.91165402730306,23.855032912890117,11.927323404947916,12.259393676122029,-0.4656738266348839,-0.422401258846124
417,[5919 6741],394_N,0.0038209352099165,0.0055121119364977,1994,0.45622942268108,42.404826802393686,-1.183212253287793,1.3182024,-0.00046096844,-0.05428154,-0.11684411,0.033578075,-0.044227764,-0.0038552647,0.03785685,-11.5970125,0.005963567,-0.05971142,-0.10808933,0.026906317,-0.054348674,0.0,0.025298404,0.0,0.0,0.0,0.0,0.0,0.0,0.0,0.0,0.0,0.0,0.0,0.0,0.0,0.0,0.0,0.0,0.0,0.0,0.0,0.0,0.0,0.0,0.0,0.0,0.0,0.0,0.0,0.0,0.0,0.0,0.0,0.0,1994.5104,2023.9944,0.0,0.0,0.0,0.0,1984.2134,1994.5542,0.0,0.0,0.0,0.0,-0.38199916,0.0,0.0,0.0,0.0,0.0,1994,2023,0,0,0,0,"c(-1.18321225328779, 42.4048268023937)",NBR_year,,0.5991376162467498,0.5985138050215875,0.5978004893280648,0.5969974679799894,0.5961046158355487,0.5951218838695531,0.5940492991647053,0.5941093249590471,0.594175096185361,0.5941555750238426,0.468016385186314,0.4858278945120322,0.4791006875711606,0.4965704761256629,0.49769628483753,0.5049325705616152,0.5138539309799572,0.511060954871261,0.527523348615895,0.5193556937177459,0.5387167333238405,0.5383910670667993,0.5475090396936985,0.5550044490377696,0.5540361592462629,0.5691342254296167,0.5595321140525849,0.5807809733383912,0.5790031233147648,0.5900081346967638,0.5960701332419873,0.5969405826194872,0.6106602861949757,0.6227625638903815,0.6195330688892857,0.632428846657219,0.6370512146149073,0.6397728691416373,0.6521013656012661,0.6017611078871881,0.5941653356046018,0.4858278945120322,N,1330.9000170230865,6600.4001121521,23.25723934173584,23.286839946111044,10.807293287913005,11.047195374965668,-0.49884440898895266,-0.3467488618567586
418,[2952 5074],305_N,0.0086602147461828,0.0084638834994375,1989,0.6832941271102229,43.20441723694018,-1.632459726961197,15.118234,-0.007320672,-0.033106387,-0.0901182,0.03517972,0.0,0.0,0.018956805,-17.486118,0.008942175,-0.1534519,-0.06905225,0.035595104,0.0,0.005593898,0.017456952,0.0,0.0,0.0,0.0,0.0,0.0,0.0,0.0,0.0,0.0,0.0,0.0,0.0,0.0,0.0,0.0,0.0,0.0,0.0,0.0,0.0,0.0,0.0,0.0,0.0,0.0,0.0,0.0,0.0,0.0,0.0,0.0,1989.8671,2023.8821,0.0,0.0,0.0,0.0,1984.3037,1990.086,0.0,0.0,0.0,0.0,-0.2738177,0.0,0.0,0.0,0.0,0.0,1989,2023,0,0,0,0,"c(-1.6324597269612, 43.2044172369402)",NBR_year,,0.724997790666664,0.717802223682918,0.7103439533257636,0.7031668856615125,0.695689670803267,0.6885310812444503,0.5213477019765137,0.5327327349563085,0.5437503297115152,0.55439152113127,0.5646487757074281,0.5745160533107124,0.5839888598562947,0.593064290405431,0.6017410623183002,0.6100195381447104,0.6179017380158764,0.6253913413759951,0.6324936779717226,0.6392157080970616,0.6455659921709864,0.6515546498041516,0.6571933085896097,0.6666345899433691,0.6788012858044362,0.6906253719652651,0.7020949511249468,0.7131993894114211,0.7239293965421488,0.73427709812006,0.7442360994685785,0.7538015404718584,0.7629701409524254,0.7801118021997488,0.7880864706756421,0.7956675331492356,0.8028599345355945,0.8096702558799388,0.8161066864214244,0.7717402361822123,0.6994282782323897,0.5213477019765137,N,3005.7000484466553,11650.500235557556,21.780928134918213,22.15673137505849,13.225488599141439,13.45493069489797,-0.2714192677289248,-0.37399495523422954
419,[4303 5546],382_N,0.0045431130102941,0.0053730589812379,1991,0.579846483471445,42.84033005221747,-1.50525828270574,-32.484615,0.01660248,0.0,-0.02456654,0.040873818,0.0032279221,-0.0036479807,0.003290696,-11.485717,0.00589581,-0.07804974,-0.062194493,0.035019897,-0.03254368,-0.008133463,0.015117361,0.0,0.0,0.0,0.0,0.0,0.0,0.0,0.0,0.0,0.0,0.0,0.0,0.0,0.0,0.0,0.0,0.0,0.0,0.0,0.0,0.0,0.0,0.0,0.0,0.0,0.0,0.0,0.0,0.0,0.0,0.0,0.0,1991.6193,2023.8821,0.0,0.0,0.0,0.0,1984.3037,1992.3201,0.0,0.0,0.0,0.0,-0.626884,0.0,0.0,0.0,0.0,0.0,1991,2023,0,0,0,0,"c(-1.50525828270574, 42.8403300522175)",NBR_year,,0.5289216481398156,0.545898379054744,0.5622553489052667,0.5790385815344538,0.5956216225773934,0.6120974255663566,0.6289055412558348,,0.4234058454261781,0.4242992767364174,0.423819792938091,0.4395938516797795,0.4461214104776487,0.4435383214835417,0.4523258921914628,0.4645393304912336,0.4674375870798513,0.4617594331975377,0.4794758986188182,0.4880536089381352,0.4874041913604436,0.4909966702742354,0.5052216002523167,0.5101504448070866,0.5060922788818258,0.5189152014320122,0.5295389384184468,0.5308670250509366,0.5292516901528188,0.545453545325655,0.5524281689581021,0.550262704429924,0.5579193624995116,0.5739134516272432,0.568417248114429,0.5852384749206099,0.594263283342415,0.5940418858929581,0.5964983527783837,0.5705740312153441,0.6205014834110957,0.4234058454261781,N,1726.6000356674194,7034.9001269340515,22.21490281422933,22.526436805725098,10.95898265838623,11.286854251225789,-0.13647461030632257,-0.2897176109778229
420,[5582 6084],387_N,0.0094287545913456,0.0119444388834728,1992,0.5902786873347148,42.49564647763541,-1.360270195821342,10.545372,-0.0049609225,0.054386668,-0.0056734057,0.0028941478,0.0047763004,-0.0062423283,-0.0044239345,-24.659882,0.012570789,0.054887485,-0.026494302,0.0044396836,0.0052635376,-0.0027688935,0.014095426,0.0,0.0,0.0,0.0,0.0,0.0,0.0,0.0,0.0,0.0,0.0,0.0,0.0,0.0,0.0,0.0,0.0,0.0,0.0,0.0,0.0,0.0,0.0,0.0,0.0,0.0,0.0,0.0,0.0,0.0,0.0,0.0,1992.5392,2023.9479,0.0,0.0,0.0,0.0,1984.2134,1992.6267,0.0,0.0,0.0,0.0,-0.71697116,0.0,0.0,0.0,0.0,0.0,1992,2023,0,0,0,0,"c(-1.36027019582134, 42.4956464776354)",NBR_year,,0.7583965564832637,0.7535839543560436,0.7483655810170379,0.7436618010579301,0.7385518711455012,0.7337095858437312,0.7287115060735078,0.7237276408874255,0.7188404318938353,0.464650683092449,0.4787909560638416,0.4913306427377244,0.5022900782740738,0.5117944560491771,0.5265900349280103,0.5412753992198979,0.5543785546977966,0.5658820917093234,0.5758753607882284,0.5883497605577164,0.6035650331277039,0.6172295152137399,0.6292881774180323,0.6397934858004225,0.6499380512635206,0.6656637307268414,0.6798827578192163,0.6925030202842487,0.703539460761906,0.7131122230678079,0.727576933619859,0.7423391509019623,0.7555228612170891,0.7771704597598084,0.7893115952887861,0.8046011910202697,0.8183455410478876,0.8304842676660207,0.8410644977251766,0.7671052549518949,0.7262195734804666,0.464650683092449,N,1359.3000297546387,5615.30009573698,24.413520495096844,24.866845162709556,11.712131770451863,12.163728328545888,-0.24729817705228924,-0.3394653324736282
421,[4597 5199],383_N,0.0059527211244889,0.0075074899712414,1991,0.4195329624689828,42.7610986441431,-1.598772903800324,-4.2824225,0.0023936536,0.016755175,0.042512547,0.09279482,-0.042336565,0.0155959325,0.009379572,-15.456625,0.007913659,-0.029863,-0.024712339,0.04775745,-0.061994273,0.009444518,0.015614852,0.0,0.0,0.0,0.0,0.0,0.0,0.0,0.0,0.0,0.0,0.0,0.0,0.0,0.0,0.0,0.0,0.0,0.0,0.0,0.0,0.0,0.0,0.0,0.0,0.0,0.0,0.0,0.0,0.0,0.0,0.0,0.0,1991.6193,2023.8821,0.0,0.0,0.0,0.0,1984.3475,1991.9259,0.0,0.0,0.0,0.0,-0.4016229,0.0,0.0,0.0,0.0,0.0,1991,2023,0,0,0,0,"c(-1.59877290380032, 42.7610986441431)",NBR_year,,,0.608468380769225,0.610662181315995,0.6127622716136275,0.6150634044980772,0.6177793251245347,0.6203979730910603,0.622919818452806,0.444821892246962,0.4381867717776856,0.4615471166645208,0.4587459963384046,0.4745854978694065,0.4816141923021341,0.4840726292225162,0.500891135931249,0.4914748045492064,0.5164708006823917,0.5166893532257462,0.5283904692277391,0.5384673023341717,0.5368288291561428,0.5566060869521103,0.5501213488733593,0.5710437679935062,0.5743034123152213,0.5818618591035851,0.5949716916717916,0.5892813136127241,0.611966378838672,0.6084594379122152,0.6252698934425173,0.631580772750775,0.6511240593219223,0.6414416823143158,0.6669729641606453,0.6664790304784332,0.6791543339826402,0.6885152725639447,0.635007595121213,0.6190886491077975,0.444821892246962,N,1534.0000395774841,6302.900091648102,23.12691307067871,23.50054999987284,11.094698349634806,11.458874932924907,-0.13647461030632257,-0.2897176109778229
422,[5831 6796],394_N,0.0040594237868334,0.0034431345167663,1994,0.411212399323754,42.42854232589895,-1.168390051097009,-25.338259,0.0129291819999999,0.018024482,-0.066222146,0.09255866,-0.03305158,0.01229759,0.04013203,-41.797344,0.021153236,-0.031060647,-0.07054326,0.048556596,-0.021675397,-0.015432827,0.031847727,-7.405811,0.003860756,-0.03961137,-0.08093567,0.031249668,-0.037702914,0.0,0.028731778,0.0,0.0,0.0,0.0,0.0,0.0,0.0,0.0,0.0,0.0,0.0,0.0,0.0,0.0,0.0,0.0,0.0,0.0,0.0,0.0,0.0,0.0,0.0,0.0,1988.9471,1994.5104,2023.9944,0.0,0.0,0.0,1984.3037,1988.9717,1994.598,0.0,0.0,0.0,-0.37826142,-0.40066442,0.0,0.0,0.0,0.0,1988,1994,2023,0,0,0,"c(-1.16839005109701, 42.428542325899)",NBR_year,,0.4787258763246325,0.4912292101777278,0.504498528332169,0.5175375908217532,0.5301131648992973,0.4456022321870128,0.4666673015774829,0.4881550642013882,0.5094395204236701,0.5305196133990491,0.4422823103444113,0.4393022025834383,0.452452026456867,0.4441393696625821,0.4587895795437612,0.4595993215176053,0.4614734475312347,0.4712657507899427,0.4608454175969305,0.4790770802726348,0.4763444186185522,0.4831454237217355,0.4894982615467159,0.4837509835085127,0.4988002760909922,0.4925281669548895,0.5042953669379208,0.5071500555472443,0.5061998630749412,0.5179495225814867,0.5081648929187649,0.5249039947452951,0.5242255731334553,0.5365190783697893,0.5280463101972642,0.5449556652572397,0.5407331534938467,0.5496192603831943,0.5545071475265624,0.5281641879119777,0.5199795669113596,0.4393022025834383,N,1330.9000170230865,6600.4001121521,23.25723934173584,23.286839946111044,10.807293287913005,11.047195374965668,-0.49884440898895266,-0.3467488618567586
423,[5843 6762],394_N,0.0033932910951942,0.0057407059367345,1994,0.424011300003106,42.42530839087552,-1.177552866996767,-107.368454,0.054230437,-0.10991398,-0.12982835,0.05016922,-0.030095747,-0.02529786,0.0466585829999999,0.05544471,0.000116312,-0.094694585,-0.09118731,0.017381813,-0.043620184,-0.017737487,0.0366473,-11.933495,0.0061121,-0.083389945,-0.09838207,0.023896875,-0.05450677,-0.0017208938,0.027969712,0.0,0.0,0.0,0.0,0.0,0.0,0.0,0.0,0.0,0.0,0.0,0.0,0.0,0.0,0.0,0.0,0.0,0.0,0.0,0.0,0.0,0.0,0.0,0.0,1986.431,1994.5104,2023.9944,0.0,0.0,0.0,1984.3037,1986.4502,1994.5542,0.0,0.0,0.0,-0.15984976,-0.3644864,0.0,0.0,0.0,0.0,1986,1994,2023,0,0,0,"c(-1.17755286699677, 42.4253083908755)",NBR_year,,0.5351004709106526,0.5893383834585311,0.4873768691620569,0.4870256522736847,0.4873980504088753,0.4879308385180184,0.4883587571383738,0.4886817280545178,0.4888997853542632,0.4890130749287956,0.439167111519261,0.4617349432253748,0.4584228642303162,0.4714772964157868,0.4764217517120714,0.478701398701346,0.4918659271779541,0.4835558835930548,0.504694717174811,0.4998708443374789,0.5149131566943677,0.5183297181935566,0.5225929013451447,0.5342520541522039,0.527870865502714,0.5475653244901633,0.5412367810239744,0.5582622967172864,0.5601510475732228,0.5664023609024654,0.5765490619600654,0.5721105887411138,0.5903465624221436,0.6015240944601197,0.6018864337794125,0.610128750516902,0.6187572434640743,0.6162736501042986,0.6330383060659177,0.5825217393149712,0.4889564301415294,0.4617349432253748,N,1330.9000170230865,6600.4001121521,23.25723934173584,23.286839946111044,10.807293287913005,11.047195374965668,-0.49884440898895266,-0.3467488618567586
424,[5728 6985],394_N,0.0044087710572468,0.0076234646449079,1994,0.41838073458969,42.45630026818351,-1.117455574477769,1.6370983,-0.0006685713,-0.08289155,-0.070197366,0.032160833,-0.024215557,-0.004567674,0.02344815,-16.808147,0.008488662,-0.08092564,-0.053657517,0.034657035,-0.028141053,0.0,0.028610548,0.0,0.0,0.0,0.0,0.0,0.0,0.0,0.0,0.0,0.0,0.0,0.0,0.0,0.0,0.0,0.0,0.0,0.0,0.0,0.0,0.0,0.0,0.0,0.0,0.0,0.0,0.0,0.0,0.0,0.0,0.0,0.0,1994.5104,2023.9287,0.0,0.0,0.0,0.0,1984.3037,1994.5542,0.0,0.0,0.0,0.0,-0.6261368,0.0,0.0,0.0,0.0,0.0,1994,2023,0,0,0,0,"c(-1.11745557447777, 42.4563002681835)",NBR_year,,0.4809603418725383,0.4802855923187853,0.4787083183619592,0.478071034190876,0.4782909749286943,0.4776061431593824,0.4760188652090914,0.4754116104287645,0.4756214956444256,0.474926581948203,0.2804046189670789,0.3019305129059479,0.302336800506938,0.3152769301083287,0.3257801228932188,0.3239743681921824,0.3444754821961229,0.3438351452953513,0.3583268424525687,0.3677623062336353,0.3674972339729923,0.3869665252534666,0.3852850670638956,0.4013246447045711,0.4096919141132674,0.4109725820710436,0.4294036187900168,0.4266871539759547,0.4442700113412527,0.4515692565411545,0.4543998058041073,0.4717867717106736,0.468042021342243,0.4933946742404083,0.4977783264986225,0.514116025089285,0.509350311133412,0.5300022918017138,0.5351685383683366,0.4871626480224921,0.47527403879631425,0.3019305129059479,N,1330.9000170230865,6600.4001121521,23.25723934173584,23.286839946111044,10.807293287913005,11.047195374965668,-0.50546875,-0.3210652683628723
425,[4233 4926],294_N,0.0178449386418051,0.0212318108477423,2000,0.6363315346948247,42.85919467318756,-1.67234492558367,-24.161612,0.012357426,-0.053630847,-0.03934947,0.0268446,-0.00626966,0.009739331,0.0011972071,-44.429405,0.02233534,-0.028751792,-0.03249926,0.06577414,-0.060352314,0.0,0.0065888693,0.0,0.0,0.0,0.0,0.0,0.0,0.0,0.0,0.0,0.0,0.0,0.0,0.0,0.0,0.0,0.0,0.0,0.0,0.0,0.0,0.0,0.0,0.0,0.0,0.0,0.0,0.0,0.0,0.0,0.0,0.0,0.0,2000.6432,2023.8821,0.0,0.0,0.0,0.0,1984.3037,2000.6652,0.0,0.0,0.0,0.0,-0.5923034,0.0,0.0,0.0,0.0,0.0,2000,2023,0,0,0,0,"c(-1.67234492558367, 42.8591946731876)",NBR_year,,0.4566473351642443,0.4699854864090731,0.4814876604172597,0.4940345950917668,0.5070421400026033,0.5181849371589453,0.5313627485659919,0.5440334223531932,0.5548128799016205,0.5686304790383011,0.5809583989694671,0.5920630991774474,0.6058365317337334,0.6178162201959397,0.6295278807004963,0.6429797182130216,,0.4137709759737424,0.4365011871831724,0.4589489503864613,0.4811137067505323,0.5029956691827684,0.5245958202895669,0.5459159078226701,0.5669584376389596,0.5877266642087153,0.6082245787181717,0.6294015420047284,0.653716949456459,0.6777681327210705,0.701550153785121,0.7250588086036395,0.7482906396080924,0.7939137900286782,0.8163020045382128,0.8384071929285893,0.8602297303728971,0.8817707609929674,0.9030321927793729,0.7712429457473035,0.636253799456759,0.4137709759737424,N,1477.8000330924988,6216.700133919716,23.91165402730306,23.855032912890117,11.927323404947916,12.259393676122029,-0.4656738266348839,-0.422401258846124
426,[5745 7087],394_N,0.0070318180595041,0.0074497888915404,1994,0.418025143137394,42.45171886023363,-1.089967126778497,-5.68876,0.0030664415,0.07498032,-0.031127835,0.044691887,-0.0035775302,0.002624936,0.0123677105,-15.477951,0.007827551,0.004097608,-0.04882753,0.04747519,-0.025338296,0.0038416144,0.006154014,0.0,0.0,0.0,0.0,0.0,0.0,0.0,0.0,0.0,0.0,0.0,0.0,0.0,0.0,0.0,0.0,0.0,0.0,0.0,0.0,0.0,0.0,0.0,0.0,0.0,0.0,0.0,0.0,0.0,0.0,0.0,0.0,1994.5104,2023.9944,0.0,0.0,0.0,0.0,1984.3037,1994.5789,0.0,0.0,0.0,0.0,-0.29164374,0.0,0.0,0.0,0.0,0.0,1994,2023,0,0,0,0,"c(-1.0899671267785, 42.4517188602336)",NBR_year,,,0.4778175525162647,0.4810658762401223,0.484179642626502,0.4871529837636523,0.4900860677411557,0.4933329199343309,0.4964451572175279,0.4994168958307236,0.5023545668374514,0.5055999469431929,0.2201145150877564,0.2340018344509068,0.2359239325932547,0.2486839612424701,0.2552736053852773,0.2618120996872886,0.2728393512255485,0.273550138491499,0.2886667301379864,0.2920589276457914,0.3028497312050145,0.3108514037349105,0.3155258643292848,0.3278687134877935,0.3279964011895816,0.3431719256054468,0.3480204881639654,0.356869175369989,0.3662567712331342,0.369110292918566,0.3827315919033002,0.384340577496369,0.4038083811973069,0.4107472274564023,0.4214910434924208,0.4225713019418857,0.4374307931818244,0.4405122716608454,0.3975211576807668,0.5008857313340875,0.2201145150877564,N,1311.2000274658203,6818.400172472,23.136512406667073,23.088657959302267,10.729057550430298,10.975056517124177,-0.50546875,-0.3210652683628723
427,[5716 7013],394_N,0.0050371270484187,0.0074005060073004,1994,0.464325567475233,42.45953420320696,-1.109909726089733,-42.946304,0.02174203,-0.1844312,-0.042527176,-0.10250137,0.021969449,-0.12239463,0.07151299,0.36049986,0.0,-0.053204633,-0.068399675,0.036797825,-0.014908807,-0.005505211,0.01521988,-15.828581,0.008040358,-0.0510644,-0.07331125,0.034074247,-0.033814825,0.0,0.024788067,0.0,0.0,0.0,0.0,0.0,0.0,0.0,0.0,0.0,0.0,0.0,0.0,0.0,0.0,0.0,0.0,0.0,0.0,0.0,0.0,0.0,0.0,0.0,0.0,1987.8766,1994.5104,2023.9287,0.0,0.0,0.0,1984.2134,1987.9642,1994.5542,0.0,0.0,0.0,0.4951414,-0.4324459,0.0,0.0,0.0,0.0,1987,1994,2023,0,0,0,"c(-1.10990972608973, 42.459534203207)",NBR_year,,0.4874011275485469,0.5091500067443726,0.5308987595874655,,0.4998386094746107,0.4999672663520652,0.4997744227277819,0.5000000941622947,0.4997016682651889,0.5000242213821591,0.353600808517559,0.3694436171108169,0.3657996049410971,0.384175957222898,0.3898615036675648,0.3946292523529107,0.409528729323506,0.4049159016181251,0.4247263365970634,0.4294265888064101,0.4356146095821352,0.449564086687233,0.4439871703135847,0.4652287469559542,0.4689429946214447,0.4765562922645737,0.4895496533930872,0.4839093272053177,0.5056828787288772,0.5084109889432046,0.5174537372568264,0.5294854228723123,0.5252018166778949,0.5478308676999263,0.5583064066301957,0.5693714177915806,0.5664556128419509,0.586445209369772,0.5872029546847944,0.5460884505316004,0.499862944823674,0.3694436171108169,N,1330.9000170230865,6600.4001121521,23.25723934173584,23.286839946111044,10.807293287913005,11.047195374965668,-0.50546875,-0.3210652683628723
428,[5762 6941],394_N,0.0126695429461453,0.016760203630249,1994,0.674884598488143,42.44713745228376,-1.129313336230396,-54.422413,0.027703159,-0.081950665,-0.072349645,0.014724136,0.013985859,-0.001806261,0.023512507,6.9121976,-0.003173404,0.0,-0.069945104,0.09678225,-0.00095501094,0.014854868,0.022776198,-34.812477,0.017568504,-0.0050601377,-0.10930674,0.08568195,-0.026272206,0.012518384,0.027497407,0.0,0.0,0.0,0.0,0.0,0.0,0.0,0.0,0.0,0.0,0.0,0.0,0.0,0.0,0.0,0.0,0.0,0.0,0.0,0.0,0.0,0.0,0.0,0.0,1986.7568,1994.5104,2023.9287,0.0,0.0,0.0,1984.4352,1987.0005,1994.598,0.0,0.0,0.0,0.15410525,-0.5164864,0.0,0.0,0.0,0.0,1986,1994,2023,0,0,0,"c(-1.1293133362304, 42.4471374522838)",NBR_year,,0.7009242205261983,0.7286674484350555,0.7563724253759236,0.7572265738728718,0.7533681044068464,0.7509855494537521,0.7479731762894681,0.7443515413339772,0.7409537591564108,0.7383975366158957,0.3971190824807618,0.4261608890060185,0.4434832719637228,0.4517463400230905,0.4814321611933647,0.489508603736745,0.5116324103565124,0.5331278880899537,0.5352554060020491,0.5684846758642169,0.5810102330040188,0.596420316799516,0.6219128907467834,0.6249634951811196,0.654765492584525,0.6716260816394216,0.6805729189512204,0.709860498005002,0.717449109785207,0.7403138608284144,0.7613649616109993,0.7641420030533701,0.7969988197292556,0.8251736088174928,0.8502421875637769,0.852797532903969,0.8833614838419208,0.8997585786978204,0.9093926374358418,0.8090470123884101,0.7396756478861533,0.4261608890060185,N,1330.9000170230865,6600.4001121521,23.25723934173584,23.286839946111044,10.807293287913005,11.047195374965668,-0.49884440898895266,-0.3467488618567586
429,[5660 6390],394_N,-0.0007950497189898265,0.0011973233776892,1994,0.552791592654771,42.47462589998303,-1.277804852723525,-0.74304855,0.0006129576,-0.018777184,-0.08134915,0.021927228,-0.011003216,-0.013454552,0.04580006,-2.6415806,0.0015478471,-0.02707613,-0.10238883,0.0261638,-0.051650446,0.0,0.01964721,0.0,0.0,0.0,0.0,0.0,0.0,0.0,0.0,0.0,0.0,0.0,0.0,0.0,0.0,0.0,0.0,0.0,0.0,0.0,0.0,0.0,0.0,0.0,0.0,0.0,0.0,0.0,0.0,0.0,0.0,0.0,0.0,1994.5104,2023.8821,0.0,0.0,0.0,0.0,1984.2134,1994.5542,0.0,0.0,0.0,0.0,-0.23760363,0.0,0.0,0.0,0.0,0.0,1994,2023,0,0,0,0,"c(-1.27780485272353, 42.474625899983)",NBR_year,,0.609409569127873,0.6102939882476748,0.611100657390434,0.6118288527203605,0.6124779287425518,0.6130473191208271,0.6135365374035244,0.6139451776563396,0.6142729150015147,0.6145195060626759,0.5818152080058234,0.5903144711805439,0.5829152692903737,0.5909848757104866,0.5933832657180509,0.5863392225855948,0.5978613070795974,0.5938680236518143,0.5966191317302004,0.6022700508296388,0.591794027887138,0.6047262924080732,0.6041137847036324,0.6016530596979923,0.6104480922841703,0.6033754707515826,0.6109321811729433,0.6136461053395804,0.6061250302984261,0.6179287798202331,0.6142609387343287,0.6165073983447728,0.6224646654649754,0.6247295443885996,0.6244385327416824,0.6214857500572735,0.630575308302452,0.623829279913691,0.6308736940791004,0.6123138354092327,0.6143962105320953,0.5903144711805439,N,1268.700027704239,6118.80007237196,23.746591567993164,23.905596566200256,11.225068378448487,11.436753137906392,-0.4817220062017441,-0.3858764662873
430,[5756 6972],394_N,0.0035535748091268,0.006798998263034,1994,0.40604232169804,42.44875441979548,-1.1209590040865,142.76979,-0.07170622,0.11609689,-0.08044806,0.045496136,-0.034299225,-0.027852876,0.049744673,0.35446852,0.0,0.005779867,0.00089895603,0.00028849117,0.05031341,-0.016939655,0.0717642,-5.8276,0.0031513397,0.13468365,-0.05577762,0.11049592,-0.02239437,0.0262901,0.028410306,-15.996084,0.008189829,0.09441209,-0.080254726,0.14838961,-0.026704598,0.060889516,0.027479293,0.0,0.0,0.0,0.0,0.0,0.0,0.0,0.0,0.0,0.0,0.0,0.0,0.0,0.0,0.0,0.0,1986.7568,1988.8595,1994.5104,2023.9287,0.0,0.0,1984.3037,1987.0005,1988.9033,1994.5542,0.0,0.0,0.22263739,0.36540008,-0.19373977,0.0,0.0,0.0,1986,1988,1994,2023,0,0,"c(-1.1209590040865, 42.4487544197955)",NBR_year,,,0.60751874212075,0.5357761198495453,0.4785663783578218,,0.6101077482588939,0.6132675431483253,0.6164268268918665,0.6195856008796105,0.6227438665036215,0.6259016251559891,0.5227153897289317,0.5285104274930056,0.5277281202106913,0.5500896505864594,0.540483263774566,0.5643578008390616,0.5685402397055019,0.5702902169903301,0.5908144044805369,0.5799310357661458,0.6059074119625456,0.6085057685895947,0.6127530533015697,0.6314592620089235,0.6193344098592322,0.6473652115079659,0.6484088175589453,0.6551170460660684,0.6720257155046969,0.6586953549896133,0.688732242285141,0.6882512140100057,0.7125152969248632,0.6980158458908995,0.7300096002557775,0.7280348076076579,0.7395504890366558,0.7529295762825599,0.6973826764539621,0.621164733691616,0.5227153897289317,N,1330.9000170230865,6600.4001121521,23.25723934173584,23.286839946111044,10.807293287913005,11.047195374965668,-0.50546875,-0.3210652683628723
431,[5729 6956],394_N,0.0040986836373638,0.0069658619755336,1994,0.482236547763208,42.45603077359823,-1.125270917451092,0.116717175,0.00015109775,-0.06546878,-0.067573585,0.030267512,-0.023485748,-0.015741147,0.0184952,-15.126282,0.0077314884,-0.065924875,-0.085842386,0.02429849,-0.049735915,-0.0064640455,0.026632145,0.0,0.0,0.0,0.0,0.0,0.0,0.0,0.0,0.0,0.0,0.0,0.0,0.0,0.0,0.0,0.0,0.0,0.0,0.0,0.0,0.0,0.0,0.0,0.0,0.0,0.0,0.0,0.0,0.0,0.0,0.0,0.0,1994.5104,2023.9287,0.0,0.0,0.0,0.0,1984.3037,1994.5542,0.0,0.0,0.0,0.0,-0.3397456,0.0,0.0,0.0,0.0,0.0,1994,2023,0,0,0,0,"c(-1.12527091745109, 42.4560307735982)",NBR_year,,0.5674631108881399,0.5670658789949423,0.5682288030785142,0.5685609813054138,0.5680555770012741,0.5676860652413351,0.5688398068743048,0.5691626769639013,0.5686479393935706,0.5683061502656191,0.4565153007619087,0.475723920370485,0.4740918913753255,0.4882725086469898,0.496587211941321,0.4962173385573044,0.5144111305947379,0.5117490634366455,0.5274585818556584,0.5347202769602019,0.5358727274499366,0.5530451730850503,0.5493585728009072,0.5665930767890682,0.5728016318164264,0.5754808607843348,0.5916260426541246,0.5869209832734957,0.6056756952200919,0.6108315855527185,0.6150411598811577,0.6301537648686263,0.624436883108056,0.6488104756959073,0.6545530743967973,0.6686283959406316,0.6619068844865194,0.6836842628281207,0.6867386679149573,0.6447061695306775,0.5684770448295948,0.475723920370485,N,1330.9000170230865,6600.4001121521,23.25723934173584,23.286839946111044,10.807293287913005,11.047195374965668,-0.49884440898895266,-0.3467488618567586
432,[5899 6803],394_N,0.0038214425708358,0.001614882758896,1994,0.477959336685756,42.41021669409944,-1.166503589,-1.4439161,0.0009563849,-0.0054141004,-0.13272996,0.09610647,-0.046925616,0.018644132,0.03454292,-37.55194,0.019083781,0.02871418,-0.11762019,0.12509659,-0.021423062,0.046173193,0.07778775,-2.0659268,0.0012411585,-0.03577555,-0.12700054,0.061904285,-0.07034909,0.029098717,0.023831123,0.0,0.0,0.0,0.0,0.0,0.0,0.0,0.0,0.0,0.0,0.0,0.0,0.0,0.0,0.0,0.0,0.0,0.0,0.0,0.0,0.0,0.0,0.0,0.0,1989.8671,1994.5542,2023.9944,0.0,0.0,0.0,1984.2134,1989.8916,1994.598,0.0,0.0,0.0,-0.3248247,-0.25408176,0.0,0.0,0.0,0.0,1989,1994,2023,0,0,0,"c(-1.166503589, 42.4102166940994)",NBR_year,,0.669377687064341,0.6705021948030848,0.671025951593092,0.6725031487003729,0.6726069858058159,0.6744161851376476,0.6698329636633548,0.6888779818416864,0.7073452879113141,0.727145420002162,0.6190497267079372,0.606021645871097,0.6182032921221784,0.6184456698501041,0.6125451980723828,0.6251288587252762,0.606823839349678,0.6263048314128694,0.621483677224104,0.6224351590660921,0.6303779137423421,0.6141784850546488,0.6336459908312405,0.6236525317812375,0.631664160025641,0.6347789216814813,0.6250190162147315,0.6401959309798056,0.6249541776815627,0.6401904957048349,0.6383193010490171,0.6352715423682185,0.6459285977438145,0.6479763977646159,0.6409920179539561,0.6448889315443267,0.6508229877610564,0.6372952713629904,0.6549883896055934,0.626136684448434,0.717245353956738,0.606021645871097,N,1330.9000170230865,6600.4001121521,23.25723934173584,23.286839946111044,10.807293287913005,11.047195374965668,-0.49884440898895266,-0.3467488618567586
433,[5156 6697],368_N,0.0048664787605172,0.0056829641350805,1989,0.5828746931880182,42.61045117096767,-1.195070015040421,-7.7910476,0.0041923095,0.0,-0.083206706,0.045817047,-0.040642492,0.020115195,0.025446575,-11.50421,0.0060077305,-0.030314356,-0.07919821,0.022021519,-0.050687607,0.019559706,0.024447553,0.0,0.0,0.0,0.0,0.0,0.0,0.0,0.0,0.0,0.0,0.0,0.0,0.0,0.0,0.0,0.0,0.0,0.0,0.0,0.0,0.0,0.0,0.0,0.0,0.0,0.0,0.0,0.0,0.0,0.0,0.0,0.0,1989.5413,2023.8821,0.0,0.0,0.0,0.0,1984.2134,1989.585,0.0,0.0,0.0,0.0,-0.32241988,0.0,0.0,0.0,0.0,0.0,1989,2023,0,0,0,0,"c(-1.19507001504042, 42.6104511709677)",NBR_year,,0.6563988985409109,0.6606132056700882,0.6646478510074111,0.6690708169463946,0.672844957801318,0.5970678701087783,0.5944463097246294,0.5928742064043669,0.587300053173778,0.6064314913574541,0.6187787035272154,0.6232000642509419,0.6192902631127797,0.6216223529465602,0.6389998791000882,0.6492041902796875,0.6512904492353203,0.6450733639145118,0.6555006465948569,0.6709972879035087,0.6789833214166096,0.67871967607579,0.6702431043426368,0.6888947886376673,0.7023968035578804,0.70810559242624,0.705494948554028,0.7033972501925658,0.7217679367115544,0.7331758799442337,0.7365654332496478,0.7316284040928775,0.7375279456058512,0.7633165528753447,0.7643622666059717,0.7571370099528851,0.7711964607387618,0.7858224237468769,0.7928056120534342,0.7540868947995303,0.6709578873738563,0.5944463097246294,N,1841.700026512146,7384.200138092041,22.571997197469077,22.440771786371865,10.193367179234823,10.632575341065724,-0.30449218563735486,-0.36642252686433496
434,[5721 6980],394_N,0.0056516734894829,0.0092713777265254,1994,0.64295786169887,42.45818673028053,-1.118803047404204,0.48686948,0.0,-0.1438594,-0.09616564,0.013699316,-0.019437365,-0.018291073,0.025921393,-20.140028,0.0102482345,-0.13148047,-0.123025425,0.023547968,-0.050958812,-0.006999266,0.029011086,0.0,0.0,0.0,0.0,0.0,0.0,0.0,0.0,0.0,0.0,0.0,0.0,0.0,0.0,0.0,0.0,0.0,0.0,0.0,0.0,0.0,0.0,0.0,0.0,0.0,0.0,0.0,0.0,0.0,0.0,0.0,0.0,1994.5104,2023.9287,0.0,0.0,0.0,0.0,1984.2134,1994.5542,0.0,0.0,0.0,0.0,-0.43101546,0.0,0.0,0.0,0.0,0.0,1994,2023,0,0,0,0,"c(-1.1188030474042, 42.4581867302805)",NBR_year,,0.7087360132853955,0.7084533694824359,0.7081007621137299,0.7076787395393964,0.7071893283362839,0.7076883057994499,0.708114880028509,0.7084689976608253,0.7087506624030238,0.7089599348586927,0.5380088156561506,0.5622530043885547,0.5617678469980061,0.5791206130842792,0.5904283048127624,0.5905113718359694,0.6135477257391996,0.6118402588363558,0.6310071238893425,0.6410664822545379,0.6429579468901262,0.6647794662134933,0.6618557911049221,0.6828323350895338,0.6916433222251346,0.6953478845015091,0.7159482254967996,0.71181506303427,0.7345959270057341,0.7421591665948013,0.7476805589190635,0.7670540367738281,0.7617187204748169,0.7926143882445689,0.7999553753430572,0.8180969666078868,0.8115674353321541,0.8379371412705371,0.843009390693469,0.7862976133345624,0.7088552986308583,0.5622530043885547,N,1330.9000170230865,6600.4001121521,23.25723934173584,23.286839946111044,10.807293287913005,11.047195374965668,-0.50546875,-0.3210652683628723
435,[3046 4829],304_N,0.0009259745614233372,0.0031960571195405,1989,0.6935121191175927,43.179084745923205,-1.698485900356508,14.162162,-0.0068894145,-0.18795526,-0.19608372,0.020169036,-0.005051267,-0.035258304,0.031865977,-8.403178,0.004436461,-0.15353528,-0.11506778,0.019738333,-0.036537193,0.0072600995,0.035549905,0.0,0.0,0.0,0.0,0.0,0.0,0.0,0.0,0.0,0.0,0.0,0.0,0.0,0.0,0.0,0.0,0.0,0.0,0.0,0.0,0.0,0.0,0.0,0.0,0.0,0.0,0.0,0.0,0.0,0.0,0.0,0.0,1989.8671,2023.9014,0.0,0.0,0.0,0.0,1984.3037,1990.0422,0.0,0.0,0.0,0.0,-0.18770906,0.0,0.0,0.0,0.0,0.0,1989,2023,0,0,0,0,"c(-1.69848590035651, 43.1790847459232)",NBR_year,,0.8281124082968597,0.8214565097235973,0.8143063791140056,0.8076923342911365,0.8004993191095999,0.7939271264314139,0.6907323112399801,0.6935920551640393,0.6953027054744582,0.6958829345569463,0.6953621840470968,0.6937802382830653,0.6913646725673024,0.7026080765374875,0.7129306907465935,0.722268883796979,0.7305680831847301,0.7377834778176141,0.743880589087323,0.748835702517384,0.7526361540803936,0.7552804674203697,0.7567783404256941,0.7571504818175102,0.7564283006318983,0.7546534536307906,0.7548125851203781,0.7658893129505491,0.7760327205747359,0.7851808086877242,0.7932807775764281,0.8002897057951848,0.8061750957548182,0.8144996730359035,0.8169288942313915,0.8182147125223327,0.8183798621291135,0.8174577036955457,0.8154917459055477,0.8109152786246896,0.8040958267003682,0.6907323112399801,N,2669.300033569336,10320.300218582153,22.026339880625407,22.41362637678782,12.944137001037598,13.133110427856446,-0.2714192677289248,-0.37399495523422954
436,[5880 6844],394_N,0.0031785259117475,0.0032261658239465,1994,0.52200783850399,42.41533709121989,-1.155454311003234,0.3832944,0.0,-0.063005045,-0.1633098,0.035369515,-8.235563e-05,0.0,0.0,-47.71344,0.02424734,0.0,-0.110986084,0.112056494,-0.02930908,0.014002551,0.055881705,0.37140787,0.0,-0.12545764,-0.12624805,0.022569513,-0.040090892,-0.017045423,0.03740274,-7.733445,0.004013307,-0.09540564,-0.09395902,0.024424912,-0.056301504,0.0,0.026496442,0.0,0.0,0.0,0.0,0.0,0.0,0.0,0.0,0.0,0.0,0.0,0.0,0.0,0.0,0.0,0.0,1986.2312,1988.9033,1994.5104,2023.9944,0.0,0.0,1984.3037,1986.3872,1988.928,1995.6055,0.0,0.0,0.17846122,-0.21827103,-0.43536323,0.0,0.0,0.0,1986,1988,1994,2023,0,0,"c(-1.15545431100323, 42.4153370912199)",NBR_year,,0.5869035655806152,0.5868972365090663,0.6870691548700772,0.7112906200899578,0.7355811708503285,0.62201624458458,0.6214976610271795,0.6218643359196031,0.6220981259467678,0.6218540679039969,,0.482367658372986,0.4865628333927187,0.4906098767446083,0.4945089172290445,0.4982602879317236,0.5018645264032848,0.5053223744542021,0.5086347775656955,0.5118028839144924,0.5148280430146783,0.5177118039754928,0.520455913380543,0.5230623127884696,0.525533135862043,0.5278707051277154,0.5300775283740948,0.5321562946928411,0.5349216098541009,0.5409722036308557,0.5468909748519171,0.5526755706879432,0.5583238068254814,0.5692033335713211,0.5744311394271466,0.5795156240418075,0.5844555108449229,0.5892497155932124,0.5938973491696551,0.5638336722238935,0.6219760969253824,0.482367658372986,N,1330.9000170230865,6600.4001121521,23.25723934173584,23.286839946111044,10.807293287913005,11.047195374965668,-0.49884440898895266,-0.3467488618567586
437,[5782 7172],394_N,0.0112893598092294,0.0137993655125063,1994,0.632551481635809,42.441747560578015,-1.067060087029103,-45.538807,0.023182241,0.06981822,-0.037735958,0.03660159,0.0,-0.010149324,0.008066115,-29.596485,0.014920512,0.019978821,-0.054513406,0.060512103,-0.034302708,0.0026909886,0.019664802,0.0,0.0,0.0,0.0,0.0,0.0,0.0,0.0,0.0,0.0,0.0,0.0,0.0,0.0,0.0,0.0,0.0,0.0,0.0,0.0,0.0,0.0,0.0,0.0,0.0,0.0,0.0,0.0,0.0,0.0,0.0,0.0,1994.5104,2023.9944,0.0,0.0,0.0,0.0,1984.3037,1994.535,0.0,0.0,0.0,0.0,-0.7550062,0.0,0.0,0.0,0.0,0.0,1994,2023,0,0,0,0,"c(-1.0670600870291, 42.441747560578)",NBR_year,,,0.5638794983723392,0.5868681122905912,0.609722011463616,0.633317317165503,0.656607986630584,0.6795932049883957,0.7024572423474322,0.7260491708339176,0.7493364369649577,0.7723182600329447,0.2815335860877931,0.2855628425171345,0.310515974021357,0.3205689011536093,0.3379803851339402,0.3539324365222757,0.3640348912359267,0.3856418892059863,0.3888145089022612,0.4157199861956412,0.4216193032310579,0.4442228037856001,0.4561203565275636,0.4712380170939076,0.4889716232679333,0.4968823879665846,0.5201722044990577,0.5218991871073749,0.5497552867951594,0.55752089633792,0.5777869492327776,0.591513555943068,0.6238524705473442,0.629612095744569,0.6545473673796643,0.6581439490692057,0.6836417780733784,0.6932662213484958,0.6043641706686738,0.7376928038994377,0.2815335860877931,N,1311.2000274658203,6818.400172472,23.136512406667073,23.088657959302267,10.729057550430298,10.975056517124177,-0.50546875,-0.3210652683628723
438,[5748 7082],394_N,0.0092848931560344,0.0093204971208612,1994,0.646103272156062,42.450910376477765,-1.091314599704932,9.487752,-0.004435221,0.0945798,-0.02131766,0.025268551,0.0028975473,0.0,-0.006519462,-19.414358,0.009791196,0.0,-0.03670214,0.050997835,-0.02062788,0.0030273313,0.013413683,0.0,0.0,0.0,0.0,0.0,0.0,0.0,0.0,0.0,0.0,0.0,0.0,0.0,0.0,0.0,0.0,0.0,0.0,0.0,0.0,0.0,0.0,0.0,0.0,0.0,0.0,0.0,0.0,0.0,0.0,0.0,0.0,1994.5104,2023.9944,0.0,0.0,0.0,0.0,1984.3037,1994.5789,0.0,0.0,0.0,0.0,-0.78561443,0.0,0.0,0.0,0.0,0.0,1994,2023,0,0,0,0,"c(-1.09131459970493, 42.4509103764778)",NBR_year,,,0.7840143590092333,0.779172474846684,0.7752179708049476,0.7709227199082669,0.7662690101734602,0.7614387498955889,0.7574805575797244,0.7531814067888543,0.7485236149823149,0.7437049851299565,0.2045160216982892,0.2233747990011252,0.2273589796375631,0.2411886220418033,0.2509404874784613,0.2570563227187468,0.2723381342238951,0.2723112258764427,0.2915813092794169,0.2973752858840634,0.3087705629499954,0.3202781841437222,0.3240719776595143,0.3409985168235491,0.3427835653025486,0.3595882626236809,0.3671815782121523,0.3761691046662445,0.3894037973543099,0.3909259641155143,0.4094518810368142,0.4130515113730663,0.4367764375691214,0.4433904586001679,0.4583181503093717,0.4579079246179846,0.477701211410004,0.4831121017623787,0.4274000392169965,0.7508525108855846,0.2045160216982892,N,1311.2000274658203,6818.400172472,23.136512406667073,23.088657959302267,10.729057550430298,10.975056517124177,-0.50546875,-0.3210652683628723
439,[5906 6790],394_N,-0.0018843548944085,-0.0006944847079288386,1994,0.580271539804055,42.40833023200243,-1.170007018608731,67.22591,-0.033635367,-0.006655542,-0.18762185,0.039958213,0.0053925416,-0.04335146,0.0,0.40620294,0.0,-0.16648728,-0.13406195,0.02775795,-0.019822458,0.0066118045,0.05464167,-2.368423,0.0014531753,0.03754395,-0.12853763,0.12765138,-0.032687556,0.033217248,0.030558456,1.334505,-0.00041414914,-0.0029974817,-0.15190873,0.08922893,-0.055179816,0.04269859,0.050932653,0.0,0.0,0.0,0.0,0.0,0.0,0.0,0.0,0.0,0.0,0.0,0.0,0.0,0.0,0.0,0.0,1986.2312,1988.9033,1994.5104,2023.9944,0.0,0.0,1984.2134,1986.3872,1988.9471,1994.5542,0.0,0.0,0.24805243,0.47402823,-0.16387057,0.0,0.0,0.0,1986,1988,1994,2023,0,0,"c(-1.17000701860873, 42.4083302320024)",NBR_year,,0.7229796323041644,0.6892894529101871,0.7060275576992932,0.7060321857461802,0.7060325219377063,0.7179515226897757,0.7200777462693315,0.7208153898503615,0.7229859776316315,0.7236779946564261,0.7233913056255049,0.7423471627875,0.7172880883123385,0.7396691616163219,0.7293916293039685,0.7329253883154574,0.736707027872654,0.7225948504404615,0.7393136235161434,0.7114806873842566,0.7374302294346119,0.7244653929918871,0.7314040772465047,0.7326631335588475,0.72169533104873,0.7361266731232567,0.7088578108846207,0.7350497654709329,0.7193755730292234,0.7297569738906015,0.7284574686289232,0.7206889597541413,0.7327845849896998,0.7325252682406399,0.7141223788358919,0.7279809101647029,0.724089327885453,0.7195720321933933,0.729285785353284,0.708383850831094,0.7233319861440288,0.7423471627875,N,1330.9000170230865,6600.4001121521,23.25723934173584,23.286839946111044,10.807293287913005,11.047195374965668,-0.49884440898895266,-0.3467488618567586
440,[4605 5211],383_N,0.006269430931475,0.0080119544942625,1991,0.5648180138808512,42.7589426874608,-1.59553896877688,53.735718,-0.02679601,-0.07346868,0.0057501956,0.0,0.0,0.0,0.0,89.195335,-0.044556968,-0.048601698,-0.023612259,0.010652602,-0.02526323,-0.055856828,0.003983591,-16.4294,0.008438613,-0.0153455045,-0.016563404,0.038821008,-0.049400125,0.0062427656,0.004636489,0.0,0.0,0.0,0.0,0.0,0.0,0.0,0.0,0.0,0.0,0.0,0.0,0.0,0.0,0.0,0.0,0.0,0.0,0.0,0.0,0.0,0.0,0.0,0.0,1988.2024,1991.6193,2023.8821,0.0,0.0,0.0,1984.3475,1988.4652,1991.9259,0.0,0.0,0.0,0.16978602,-0.23837367,0.0,0.0,0.0,0.0,1988,1991,2023,0,0,0,"c(-1.59553896877688, 42.7589426874608)",NBR_year,,0.625820299382262,0.599023898754158,0.5722273929485614,0.5454307819589154,0.6946720613366851,0.6500712375510578,0.6054108699963546,0.5609895470082984,0.4759224260487243,0.4728294632252589,0.4927932952720873,0.4957246601957605,0.5072695807060994,0.5166957221039736,0.5194750694961109,0.5352506294430934,0.5337276589383239,0.5513729387162268,0.5563139208802923,0.5651304299575696,0.5765450292142114,0.5766710218593193,0.5943458019396609,0.5948061761663173,0.6097260569146443,0.6166775582302704,0.6227789400980369,0.6361615159339761,0.6336757962332669,0.6532091042484738,0.6556687192884573,0.6678562417181045,0.6768124818983513,0.6955446067711425,0.6935582399471996,0.7118424625564681,0.7163105087050823,0.725767803214719,0.7367163738580292,0.6802209479801735,0.6277410537737063,0.4759224260487243,N,1534.0000395774841,6302.900091648102,23.12691307067871,23.50054999987284,11.094698349634806,11.458874932924907,-0.13647461030632257,-0.2897176109778229
441,[2966 5066],305_N,0.0020878650249589,0.002376531117408,1989,0.7440713688938939,43.20064431274616,-1.634615683643493,-4.747008,0.002705117,-0.07499087,-0.08239165,0.042116962,-0.0043194955,0.017729353,0.018063743,-4.4043207,0.0024582257,-0.18509343,-0.08703746,0.032782674,-0.03238262,0.028041882,0.027754957,0.0,0.0,0.0,0.0,0.0,0.0,0.0,0.0,0.0,0.0,0.0,0.0,0.0,0.0,0.0,0.0,0.0,0.0,0.0,0.0,0.0,0.0,0.0,0.0,0.0,0.0,0.0,0.0,0.0,0.0,0.0,0.0,1989.8671,2023.8821,0.0,0.0,0.0,0.0,1984.5227,1990.0422,0.0,0.0,0.0,0.0,-0.20988987,0.0,0.0,0.0,0.0,0.0,1989,2023,0,0,0,0,"c(-1.63461568364349, 43.2006443127462)",NBR_year,,0.7845387728508264,0.7874898250782222,0.7902569142557153,0.7928434357173169,0.7952531792407087,0.7982512180176871,0.7744856727532133,0.7786665560873082,0.7818097302132468,0.7838986100084891,0.7849249978780081,0.7848892238072657,0.783800190435738,0.7816753223599436,0.7785404200550228,0.7744294199720505,0.7752370339100324,0.7841779018060815,0.7922850707220673,0.7995045535269236,0.8057886638568114,0.8110965877985572,0.8153948820259639,0.8186578920798705,0.8208680854431035,0.8220162951013735,0.8221018703713395,0.8211327329132627,0.8191253370039192,0.8161045343246157,0.8121033446875804,0.8113174500078625,0.8203500867620159,0.8358792641215398,0.8422726973398669,0.8476942531873651,0.852109621491111,0.8554922372717573,0.8578236238149859,0.8285555811843199,0.7940483074790128,0.7744856727532133,N,3005.7000484466553,11650.500235557556,21.780928134918213,22.15673137505849,13.225488599141439,13.45493069489797,-0.2714192677289248,-0.37399495523422954
442,[3079 4795],304_N,0.0008121486567180591,0.00254885742011,1989,0.7146485569561226,43.17019142460874,-1.707648716256265,11.972526,-0.005748229,-0.14808325,-0.14234479,0.022842854,-0.014091852,-0.018758096,0.03444198,-6.6463656,0.0035609654,-0.18602408,-0.116257474,0.0062065357,-0.046132896,0.0,0.039744373,0.0,0.0,0.0,0.0,0.0,0.0,0.0,0.0,0.0,0.0,0.0,0.0,0.0,0.0,0.0,0.0,0.0,0.0,0.0,0.0,0.0,0.0,0.0,0.0,0.0,0.0,0.0,0.0,0.0,0.0,0.0,0.0,1989.8671,2023.9014,0.0,0.0,0.0,0.0,1984.498,1990.0422,0.0,0.0,0.0,0.0,-0.20108558,0.0,0.0,0.0,0.0,0.0,1989,2023,0,0,0,0,"c(-1.70764871625627, 43.1701914246087)",NBR_year,,0.8334326176348424,0.8275882344614526,0.8217022799296655,0.8157747809459831,0.8098429518617796,0.8043086543229853,0.7329155304008869,0.7357002894832937,0.7372870727446418,0.7377005823006575,0.7369762736844772,0.7351597439441138,0.7323059879007608,0.7315085149562341,0.7422162915330777,0.751863202643891,0.7603961809495321,0.7677730223953564,0.7739628304504417,0.7789463033222782,0.782715861020124,0.7852756115324043,0.7866411577911137,0.7868392494619124,0.7859072859004845,0.7838926788030873,0.7808520851398391,0.7827739918958376,0.7932882308578013,0.8027308981517979,0.8110509136702329,0.8182081552223665,0.8241738738067705,0.8324739964396407,0.8348092831370852,0.8359545260406142,0.8359385050192399,0.8348005410097961,0.8325898335885128,0.8289309510943109,0.8128088664038813,0.7329155304008869,N,2519.700078010559,9929.700184822083,21.05417947769165,21.363773783047993,11.75977217356364,12.062874456246695,-0.2714192677289248,-0.37399495523422954
443,[5721 6975],394_N,0.0051557577110561,0.0087108650502277,1994,0.465306193319702,42.45818673028053,-1.120150520330639,0.3722613,0.0,-0.094835624,-0.070446074,0.027261682,-0.029515598,-0.012985933,0.019984916,-19.10806,0.009669766,-0.073485166,-0.06685279,0.04234004,-0.0405738,0.0,0.030120028,0.0,0.0,0.0,0.0,0.0,0.0,0.0,0.0,0.0,0.0,0.0,0.0,0.0,0.0,0.0,0.0,0.0,0.0,0.0,0.0,0.0,0.0,0.0,0.0,0.0,0.0,0.0,0.0,0.0,0.0,0.0,0.0,1994.5104,2023.9287,0.0,0.0,0.0,0.0,1984.2134,1994.5542,0.0,0.0,0.0,0.0,-0.6287151,0.0,0.0,0.0,0.0,0.0,1994,2023,0,0,0,0,"c(-1.12015052033064, 42.4581867302805)",NBR_year,,0.5488336605739408,0.5487340525349973,0.5485710283566496,0.5483448976304408,0.5480560160547575,0.5477047848913535,0.5472916503764156,0.5473788998351485,0.5477843990083903,0.5481257032363427,0.3498407419341801,0.3736465991829558,0.3737387214960082,0.3891318694764867,0.4005951764676294,0.3994253877382367,0.4220867276919248,0.4209961287564478,0.4381374661090497,0.4484013889974822,0.4489579470316967,0.4704662901097658,0.4681983675820922,0.4870848416483278,0.4961481570730168,0.4984376857869287,0.5187852249173687,0.5153460572345755,0.5359736011649223,0.5438357889197123,0.5478639001875116,0.5670435062036405,0.5624398475057807,0.5914646269760081,0.5972359171357926,0.615241143659257,0.6094804182081828,0.6335738643128808,0.6390350476096497,0.5848033840601102,0.5479550511223665,0.3736465991829558,N,1330.9000170230865,6600.4001121521,23.25723934173584,23.286839946111044,10.807293287913005,11.047195374965668,-0.50546875,-0.3210652683628723
444,[5927 6750],394_N,0.0057890278619155,0.0098186636779317,1994,0.429040144331429,42.402670845711405,-1.18078680202021,10.543684,-0.005101374,-0.025962317,-0.0768419,0.0381957,-0.042737007,0.0,0.016002066,-20.099527,0.010174937,-0.051173106,-0.07504074,0.032064904,-0.05707596,0.010286735,0.01945431,0.0,0.0,0.0,0.0,0.0,0.0,0.0,0.0,0.0,0.0,0.0,0.0,0.0,0.0,0.0,0.0,0.0,0.0,0.0,0.0,0.0,0.0,0.0,0.0,0.0,0.0,0.0,0.0,0.0,0.0,0.0,0.0,1994.5104,2023.9944,0.0,0.0,0.0,0.0,1984.2134,1994.5542,0.0,0.0,0.0,0.0,-0.49431255,0.0,0.0,0.0,0.0,0.0,1994,2023,0,0,0,0,"c(-1.18078680202021, 42.4026708457114)",NBR_year,,0.5509121442265,0.5458115672317975,0.5406533239381308,0.5354371515224835,0.5301628292782082,0.5248301788021872,0.5194390641423458,0.513989391904887,0.5085617934989921,0.5038475142675736,0.3492180149821365,0.3643927266774397,0.3746012608366661,0.3798949598494254,0.3975668536700822,0.3933378659870173,0.4181064068691845,0.4192533773875491,0.4362721945644575,0.4450772468032175,0.4521754921538038,0.468491653885538,0.4659830165837154,0.4894769860365692,0.4892091635880449,0.5080743847201169,0.5154709321338616,0.5243844445795064,0.5393334830977649,0.5385639974712153,0.5607660002360744,0.5590860952572961,0.5797984478950874,0.5965206300365419,0.6100923085468067,0.6110793217334254,0.631973034704053,0.6288849604672782,0.6514436005291245,0.5857826669750877,0.5062046538832828,0.3643927266774397,N,1330.9000170230865,6600.4001121521,23.25723934173584,23.286839946111044,10.807293287913005,11.047195374965668,-0.49884440898895266,-0.3467488618567586
445,[2979 4978],305_N,0.0050192237981725,0.0067111905527473,1989,0.7034432317352701,43.19714088313744,-1.658331207148747,-24.881994,0.012824502,-0.03898753,-0.025885591,0.024906527,0.06651181,-0.0080458075,0.076586254,-14.070399,0.0072547127,-0.17148703,-0.09212293,0.028487062,-0.040576506,0.010066642,0.022326335,0.0,0.0,0.0,0.0,0.0,0.0,0.0,0.0,0.0,0.0,0.0,0.0,0.0,0.0,0.0,0.0,0.0,0.0,0.0,0.0,0.0,0.0,0.0,0.0,0.0,0.0,0.0,0.0,0.0,0.0,0.0,0.0,1989.8671,2023.8821,0.0,0.0,0.0,0.0,1984.3037,1990.0422,0.0,0.0,0.0,0.0,-0.62142,0.0,0.0,0.0,0.0,0.0,1989,2023,0,0,0,0,"c(-1.65833120714875, 43.1971408831374)",NBR_year,,0.7006259864474018,0.7135128823846526,0.7262956377681081,0.7391435657990492,0.7519643337055685,0.764773331627173,0.6381249793632832,0.6457184454569335,0.6524310795664952,0.6582631514958154,0.6632210983541459,0.6673174535936813,0.6705707133909495,0.6730051420442815,0.6746505187802966,0.682985430873477,0.6956154642276334,0.7074928553843737,0.7185823294691821,0.7288538512617081,0.738282929972947,0.7468508672938095,0.7545449458780723,0.7613585561308562,0.7672912599003321,0.7723487904182307,0.7765429885871039,0.7798916764660522,0.7824184695435831,0.7841525301113149,0.7911442650348939,0.8038580167439381,0.8158234847373801,0.8373713587030409,0.8468979735046303,0.855565288013688,0.8633598923352555,0.8702744729850115,0.8763078838544712,0.8270048159761736,0.7455539497523088,0.6381249793632832,N,2669.300033569336,10320.300218582153,22.026339880625407,22.41362637678782,12.944137001037598,13.133110427856446,-0.2714192677289248,-0.37399495523422954
446,[5097 6746],367_N,0.0042068029691736,0.0052448121108297,1989,0.6520205880639818,42.6263513514996,-1.181864780361358,-314.75046,0.15891428,-0.0040466595,0.0,0.0,0.0,0.0,0.0,-9.64176,0.005172629,0.10794696,-0.074577294,0.078252524,-0.0014253176,-8.84799e-05,0.0,-10.4751835,0.0055138394,0.03861833,-0.045377694,0.036697756,-0.021435328,0.0076226797,0.010223456,0.0,0.0,0.0,0.0,0.0,0.0,0.0,0.0,0.0,0.0,0.0,0.0,0.0,0.0,0.0,0.0,0.0,0.0,0.0,0.0,0.0,0.0,0.0,0.0,1984.5227,1989.5413,2023.8821,0.0,0.0,0.0,1984.2134,1984.635,1989.585,0.0,0.0,0.0,-0.15426983,-0.35420018,0.0,0.0,0.0,0.0,1984,1989,2023,0,0,0,"c(-1.18186478036136, 42.6263513514996)",NBR_year,,,0.7544028243740426,0.7595923868449473,0.7646385796645832,0.7699729319563502,0.7749585317758723,0.5505255708683228,0.5567443902074839,0.5620997551476344,0.5665176312826447,0.5715595857141911,0.5783773336822814,0.5843589856169109,0.5894591813689855,0.5935988839662775,0.5995797316065921,0.6061634497979227,0.6119041206181008,0.616742606879218,0.6205986466955928,0.6275335890329105,0.6338833149971593,0.6393780786648645,0.6439482099128443,0.6484730594342519,0.6554218130849179,0.6615359248302459,0.6667790033161428,0.6710743405506087,0.6765306084835861,0.6832445321162371,0.68911993944246,0.6941049831525561,0.7045212637178533,0.7110013899098342,0.7166337555307669,0.7213541395204166,0.7253653239977338,0.7324459880569452,0.69811960959103,0.7673057558104667,0.5505255708683228,N,1841.700026512146,7384.200138092041,22.571997197469077,22.440771786371865,10.193367179234823,10.632575341065724,-0.35491535663604734,-0.36373291071504354
447,[5739 6965],394_N,0.0089491749332686,0.0117166742578946,1994,0.441408919689253,42.45333582774536,-1.122845466183509,-2.9683619,0.0016923593,-0.03330647,-0.03445983,0.021190323,-0.017251913,-0.0007690054,0.0,3.4197364,-0.0015370046,-0.030984351,-0.02706216,0.030943027,-0.010855601,-0.008346629,0.007891746,-24.885641,0.012533853,-0.025062313,-0.018872341,0.030624079,-0.016832238,0.0,0.015854998,0.0,0.0,0.0,0.0,0.0,0.0,0.0,0.0,0.0,0.0,0.0,0.0,0.0,0.0,0.0,0.0,0.0,0.0,0.0,0.0,0.0,0.0,0.0,0.0,1989.7794,1994.5104,2023.9287,0.0,0.0,0.0,1984.3037,1989.8041,1994.5542,0.0,0.0,0.0,-0.108965494,-0.5934223,0.0,0.0,0.0,0.0,1989,1994,2023,0,0,0,"c(-1.12284546618351, 42.4533358277454)",NBR_year,,0.4635943168636954,0.4652039092189876,0.4669525031582782,0.4686432644452597,0.4702838114313264,0.4720555944320006,0.4444856055150603,0.4430272173485998,0.4415191396481529,0.4398094864275396,0.1911919483793132,0.2096992143903685,0.2157226084156466,0.2334629418478216,0.2454149387248251,0.254445089056712,0.2723392575743537,0.2777525575227622,0.2964031397596338,0.3077246905960084,0.3176698208003798,0.3349474542758899,0.3397547643642868,0.3593121962840885,0.3700038334910265,0.3808657998914201,0.3975238313763701,0.4017296203568297,0.422189956054426,0.4322525936012947,0.4440326995482616,0.4600684350771113,0.4636775329888215,0.4944712154106958,0.5071702101749871,0.5225813308693562,0.5266379329642332,0.5478510583972713,0.5566599615171528,0.4850362825888902,0.44066431303784626,0.2096992143903685,N,1330.9000170230865,6600.4001121521,23.25723934173584,23.286839946111044,10.807293287913005,11.047195374965668,-0.50546875,-0.3210652683628723
448,[2913 5016],305_N,0.009532499550733,0.0101943808540673,1989,0.7213186066234518,43.21492752576638,-1.648090412907842,0.42311922,0.0,-0.2286478,-0.13812554,-0.011748808,0.033342116,-0.042709336,0.012156032,-20.324308,0.010419653,-0.006290275,-0.07447101,0.056873396,-0.011863889,-0.0010742424,0.0090668695,0.0,0.0,0.0,0.0,0.0,0.0,0.0,0.0,0.0,0.0,0.0,0.0,0.0,0.0,0.0,0.0,0.0,0.0,0.0,0.0,0.0,0.0,0.0,0.0,0.0,0.0,0.0,0.0,0.0,0.0,0.0,0.0,1989.8671,2023.8821,0.0,0.0,0.0,0.0,1984.3037,1990.0422,0.0,0.0,0.0,0.0,-0.18465209,0.0,0.0,0.0,0.0,0.0,1989,2023,0,0,0,0,"c(-1.64809041290784, 43.2149275257664)",NBR_year,,0.7133025827124745,0.7131059717744145,0.7132901287090972,0.7131271261570788,0.7132768332900226,0.7131474645866416,0.5321853208010496,0.5447560143859298,0.5569047813254427,0.5686087981224898,0.5798478185547149,0.5906043838525799,0.600864011007824,0.6106153571073588,0.6198503578221963,0.6285643384337218,0.6367560960563635,0.6444279520088947,0.6515857735884096,0.6618193583545683,0.6751967790081277,0.6882079614546245,0.7008254097617964,0.7130236995043666,0.7247797263510418,0.7360729378823971,0.7468855461291721,0.7572027184959125,0.7670127449403413,0.7763071795087545,0.7850809545804442,0.7933324664484943,0.8010636311525191,0.8177533575961158,0.8311708812584951,0.8442254360682877,0.8568893053892355,0.8691368146722757,0.8809445817949669,0.8082799097848217,0.7132019797235507,0.5321853208010496,N,3005.7000484466553,11650.500235557556,21.780928134918213,22.15673137505849,13.225488599141439,13.45493069489797,-0.2714192677289248,-0.37399495523422954
449,[5906 6811],394_N,0.0038490553007366,0.0058970543636341,1994,0.49217342124576,42.40833023200243,-1.164347632317704,0.38214037,0.0,-0.08131598,-0.11361792,0.04078922,-0.04004051,-0.010333532,0.03915949,-12.434543,0.006374028,-0.08850691,-0.118283615,0.031222995,-0.056618307,0.0,0.030943401,0.0,0.0,0.0,0.0,0.0,0.0,0.0,0.0,0.0,0.0,0.0,0.0,0.0,0.0,0.0,0.0,0.0,0.0,0.0,0.0,0.0,0.0,0.0,0.0,0.0,0.0,0.0,0.0,0.0,0.0,0.0,0.0,1994.5104,2023.9944,0.0,0.0,0.0,0.0,1984.2134,1994.5542,0.0,0.0,0.0,0.0,-0.31572944,0.0,0.0,0.0,0.0,0.0,1994,2023,0,0,0,0,"c(-1.1643476323177, 42.4083302320024)",NBR_year,,0.6060094072408901,0.605669346601812,0.6052317320978875,0.6046967019784332,0.604064475132833,0.6041519669090766,0.6047659549090839,0.605285366609038,0.6057095446410642,0.6060379108066741,0.4865916273026829,0.5080383230917077,0.5003637708861599,0.5190788383110192,0.5206869785775642,0.5272835995953908,0.5381402032903096,0.5328166982943464,0.5526531388056664,0.5432796423837357,0.5642294768369966,0.5641193290287289,0.5729475466947512,0.5821098959904706,0.5789584174881904,0.5971676445116104,0.5861034552917601,0.6092824807095653,0.6074543641805061,0.6185190209620142,0.6259794103643913,0.625015162090341,0.6415816247473973,0.6542371657222515,0.6506928793610778,0.6639968879189448,0.6697490881602343,0.6709853812949073,0.685894951343741,0.6289781434298923,0.6058737277238692,0.5080383230917077,N,1330.9000170230865,6600.4001121521,23.25723934173584,23.286839946111044,10.807293287913005,11.047195374965668,-0.49884440898895266,-0.3467488618567586
450,[5155 5236],344_N,0.0065865398433553,0.0077887873038282,2002,0.4242461897135683,42.61072066555296,-1.588801604144705,-9.098815,0.004760729,0.012450643,-0.035710704,0.06131403,-0.047082175,0.016759053,0.015889365,-16.436975,0.00834134,-0.033205323,-0.049392488,0.04940201,-0.05545017,0.0061656483,0.010014863,0.0,0.0,0.0,0.0,0.0,0.0,0.0,0.0,0.0,0.0,0.0,0.0,0.0,0.0,0.0,0.0,0.0,0.0,0.0,0.0,0.0,0.0,0.0,0.0,0.0,0.0,0.0,0.0,0.0,0.0,0.0,0.0,2002.505,2023.8821,0.0,0.0,0.0,0.0,1984.3037,2003.3373,0.0,0.0,0.0,0.0,-0.3671724,0.0,0.0,0.0,0.0,0.0,2002,2023,0,0,0,0,"c(-1.58880160414471, 42.610720665553)",NBR_year,,0.446940841304516,0.4551708014105653,0.4583748287138751,0.4609348198242132,0.4694047948442206,0.4728369766037434,0.4749175265085916,0.4836277217894633,0.4872889207249461,0.4888889686619699,0.4978395575230608,0.5017306071432257,0.5028491551177706,0.5120402787735355,0.5161619831964652,0.51679809623973,0.526229863726938,0.5305829975057224,0.4862242261123286,0.4111046890196388,0.4193448559585973,0.4275803545927984,0.4358111951853022,0.4440373882364158,0.4522589444825385,0.4604758748955634,0.4686881906822698,0.4768959032830919,0.485099024371504,0.4932975658532167,0.5014915398651419,0.5096809587747934,0.5178658351789459,0.5342220120000801,0.5423933387500475,0.5505601756585974,0.558722536455931,0.5668804350962037,0.5750338857565434,0.5260461819029045,0.5284064306163302,0.4111046890196388,N,1521.200023651123,6507.200112819672,23.001209704081216,23.02191268603007,11.02336147626241,10.530284031232197,-0.4415201666764915,-0.3808405950593834
451,[5904 6779],394_N,-0.0019699382531082,0.0014197186862304,1994,0.564995513515181,42.408869221173006,-1.172971459046888,0.4479789,0.0,-0.016166016,-0.2214414,0.033062886,-0.005557053,-0.060781296,-0.00026547504,18.10493,-0.008937934,-0.26660833,-0.12167659,-0.01758069,-0.00013151673,0.020322008,0.086220905,-17.252031,0.008894064,-0.028147096,-0.14421889,0.1319918,-0.056808557,0.055996925,0.03766805,-2.1882098,0.0013207123,-0.10054785,-0.16654749,0.02721007,-0.087817766,0.014469879,0.025531031,0.0,0.0,0.0,0.0,0.0,0.0,0.0,0.0,0.0,0.0,0.0,0.0,0.0,0.0,0.0,0.0,1986.2312,1988.8403,1994.5104,2023.9944,0.0,0.0,1984.2134,1986.3872,1988.8595,1994.5542,0.0,0.0,0.22694564,0.3948408,-0.15180923,0.0,0.0,0.0,1986,1988,1994,2023,0,0,"c(-1.17297145904689, 42.408869221173)",NBR_year,,0.7362447872909528,0.736200653196513,0.7163050988313593,0.7073288443037875,0.6984997679848585,0.7213122964395529,0.7294123394710418,0.7391371224764531,0.7469962498309796,0.7569406450862259,0.7003338955298424,0.7115141261576865,0.7108114773508847,0.7080087251597597,0.7178094671634122,0.7016644348921453,0.7213560254718733,0.7077545358570417,0.7215607362712195,0.718871079963039,0.7186112885983914,0.726511837211401,0.7127676590118783,0.7306897780518803,0.7150588251899562,0.7314996265740841,0.72681197219215,0.729115016847197,0.7350959396735445,0.7237831252765407,0.7399084998822953,0.7222475006004235,0.7413294198481619,0.7395180952231216,0.7435614810364837,0.7347086383927133,0.7490113862692473,0.7293213913480004,0.751048824776093,0.7346343799379035,0.7519684474586028,0.7115141261576865,N,1330.9000170230865,6600.4001121521,23.25723934173584,23.286839946111044,10.807293287913005,11.047195374965668,-0.49884440898895266,-0.3467488618567586
452,[5747 6945],394_N,0.001135086304774,0.0033545735475115,1994,0.550668851452572,42.451179871063054,-1.128235357889248,-31.073135,0.015872134,0.018791705,-0.025146905,0.033946395,-0.0031135746,-0.0010377786,0.0,-7.741724,0.003921481,-0.040554237,-0.014741176,0.04983924,-0.029006368,0.0,0.018242888,0.0,0.0,0.0,0.0,0.0,0.0,0.0,0.0,0.0,0.0,0.0,0.0,0.0,0.0,0.0,0.0,0.0,0.0,0.0,0.0,0.0,0.0,0.0,0.0,0.0,0.0,0.0,0.0,0.0,0.0,0.0,0.0,1994.5104,2023.9287,0.0,0.0,0.0,0.0,1984.3037,1994.5542,0.0,0.0,0.0,0.0,-0.8586659,0.0,0.0,0.0,0.0,0.0,1994,2023,0,0,0,0,"c(-1.12823535788925, 42.4511798710631)",NBR_year,,0.4680971944530539,0.4841805281555776,0.4999929594085773,0.5155411168166727,0.5315895931469644,0.5476698806605781,0.5634793280627087,0.5790245870900467,0.5950819576551258,0.6111591995445381,0.6134599575477659,0.2025824197925081,0.2000305635861012,0.2073538627610876,0.2131008006001154,0.2082578513163785,0.2222813154489212,0.2188718029802275,0.2274705573816084,0.2323374867604082,0.2287699827085135,0.2419357877042347,0.2376735371167447,0.2475439586401368,0.2515311302755298,0.2492421452868665,0.2615458493309811,0.2564362564814177,0.267573841871657,0.2706820042522611,0.2696738907427388,0.2811115382886936,0.2751604728376073,0.2897904057697145,0.2900647932305563,0.3006329176918844,0.2938467188623924,0.3075022787509611,0.3088566556641908,0.2875600070153777,0.6031205785998319,0.2025824197925081,N,1330.9000170230865,6600.4001121521,23.25723934173584,23.286839946111044,10.807293287913005,11.047195374965668,-0.49884440898895266,-0.3467488618567586
453,[5679 7010],394_N,0.0050319693500662,0.0076582529928774,1994,0.558982709932216,42.469505502862575,-1.110718209845594,-31.63454,0.016119303,-0.02461105,-0.07006301,0.039461877,-0.014720039,-0.005603873,0.025955344,-15.761635,0.008029205,-0.06851839,-0.085640274,0.037675455,-0.030418133,0.0,0.020635912,0.0,0.0,0.0,0.0,0.0,0.0,0.0,0.0,0.0,0.0,0.0,0.0,0.0,0.0,0.0,0.0,0.0,0.0,0.0,0.0,0.0,0.0,0.0,0.0,0.0,0.0,0.0,0.0,0.0,0.0,0.0,0.0,1994.5104,2023.9287,0.0,0.0,0.0,0.0,1984.2134,1994.6418,0.0,0.0,0.0,0.0,-0.6614524,0.0,0.0,0.0,0.0,0.0,1994,2023,0,0,0,0,"c(-1.11071820984559, 42.4695055028626)",NBR_year,,0.486243988485015,0.5026512394558734,0.5189969598939311,0.5352806100636652,0.5515017018535701,0.5676597993639722,0.5837545194400564,0.5997855321493751,0.6157525612032436,0.6316553843216679,,0.4318386177604649,0.4282396408965518,0.4484748358083641,0.4535688918602809,0.4569984645107963,0.473326487806924,0.4741501468367061,0.484776317798285,0.4970284031975368,0.4936100341247665,0.5115096109153361,0.51956818728589,0.5180751290607367,0.537147574065254,0.5409483677081076,0.5465442452959945,0.5616531546920928,0.5611863668335078,0.5740118384652207,0.5850036776180141,0.5803142157684001,0.6004180937837658,0.6078252439931286,0.6257163123719119,0.6282229429262276,0.6359980490334273,0.649873738245561,0.6481206289097088,0.607191255629429,0.6237039727624558,0.4318386177604649,N,1330.9000170230865,6600.4001121521,23.25723934173584,23.286839946111044,10.807293287913005,11.047195374965668,-0.50546875,-0.3210652683628723
454,[4807 3474],371_N,0.0020827521565765,0.0026904599982442,1987,0.5003685280150417,42.70450478123283,-2.063651063420372,-11.925224,0.0062749274,0.0,0.0,0.021592472,-0.0006915875,-0.012850409,0.0056770938,-5.40449,0.0029792236,0.0010874713,-0.011610268,0.017440079,-0.010370308,0.0,0.004438827,0.0,0.0,0.0,0.0,0.0,0.0,0.0,0.0,0.0,0.0,0.0,0.0,0.0,0.0,0.0,0.0,0.0,0.0,0.0,0.0,0.0,0.0,0.0,0.0,0.0,0.0,0.0,0.0,0.0,0.0,0.0,0.0,1987.6083,2023.9014,0.0,0.0,0.0,0.0,1984.3037,1988.4652,0.0,0.0,0.0,0.0,-0.4263616,0.0,0.0,0.0,0.0,0.0,1987,2023,0,0,0,0,"c(-2.06365106342037, 42.7045047812328)",NBR_year,,0.563240568686465,0.5695121470304885,0.575782924663119,,0.5501374712098819,0.5494141851756784,0.5556577513295673,0.5571234090577656,0.5605512319927647,0.5643038836792796,0.5648314504688111,0.5709077444573227,0.5686242972722511,0.5769022941290887,0.5766944960494697,0.582271162964291,0.5842814018888314,0.5870149383895852,0.5913267142596854,0.5911512400295258,0.5977860914684694,0.5959869562524788,0.6036306853052554,0.6039466711747667,0.6088481766432409,0.611407862466568,0.6134432727997824,0.6183154291576392,0.6174376476260545,0.6246286418765389,0.6233245301412236,0.6303225618176252,0.6311698232484131,0.6385020898515446,0.6398366284712668,0.6452695378514742,0.6436912911258956,0.6514351328904789,0.6506360098720881,0.6353889494431104,0.5726475358468037,0.5501374712098819,N,1431.1000361442566,6287.3001074790955,22.251264635721842,22.25694023768107,10.132081222534179,10.4167724609375,-0.2349283818155527,-0.32165527287870643
455,[5862 6780],394_N,0.0061220928644459,0.0053358205145263,1994,0.462806471052783,42.42018799375506,-1.172701964461601,-66.94312,0.03391213,0.0,-0.122196354,0.09147283,-0.0039029412,-0.0028771975,0.03259413,-161.85416,0.08161146,-0.07633351,-0.11308684,0.038357966,-0.07404029,0.0132898,0.039759394,-32.712345,0.01662828,0.0,-0.09479268,0.059487812,-0.027825829,0.00599265,0.04608821,-11.028011,0.0056749014,-0.01142374,-0.0767575,0.052647136,-0.042896837,0.010651056,0.024819124,0.0,0.0,0.0,0.0,0.0,0.0,0.0,0.0,0.0,0.0,0.0,0.0,0.0,0.0,0.0,0.0,1986.4502,1989.21,1994.5104,2023.9944,0.0,0.0,1984.3037,1986.4749,1989.2976,1994.598,0.0,0.0,-0.13753702,-0.16821201,-0.5214172,0.0,0.0,0.0,1986,1989,1994,2023,0,0,"c(-1.1727019644616, 42.4201879937551)",NBR_year,,0.5627777890854471,0.5966379633612199,0.5176283685886659,0.5990713497989516,0.6808421909575888,0.5349829206550941,0.5516150886977456,0.5682448856264882,0.5848723081672199,0.6014973530983672,0.5058281040267397,0.4259819754052718,0.4430317318267593,0.437821849912422,0.4521096291864235,0.4565924397275013,0.4575374810891876,0.4712310950195013,0.4622239165423898,0.4818192820003572,0.4825791108796095,0.4886139170027633,0.498819866236904,0.4920306997970706,0.5109571315150255,0.5079454958733816,0.5191812896653789,0.5257900345156425,0.5238490236049859,0.5395051301225251,0.5326983856957981,0.5492126494562848,0.5521376724084822,0.5674490143935684,0.5579362412925911,0.5786843316603548,0.5778629937381242,0.5860728439258921,0.5947784461771785,0.5552069509846865,0.5931848306327936,0.4259819754052718,N,1330.9000170230865,6600.4001121521,23.25723934173584,23.286839946111044,10.807293287913005,11.047195374965668,-0.49884440898895266,-0.3467488618567586
456,[5765 7150],394_N,0.0148709652128573,0.0179383634307053,1994,0.534559006082427,42.44632896852789,-1.072988967905417,8.005193,-0.0037461969,0.08033995,-0.009683338,0.026670089,0.0,-0.0068300273,0.0,-37.824917,0.019035708,0.043221924,-0.05082614,0.028914666,-0.015060692,0.0,0.010082261,0.0,0.0,0.0,0.0,0.0,0.0,0.0,0.0,0.0,0.0,0.0,0.0,0.0,0.0,0.0,0.0,0.0,0.0,0.0,0.0,0.0,0.0,0.0,0.0,0.0,0.0,0.0,0.0,0.0,0.0,0.0,0.0,1994.5104,2023.9287,0.0,0.0,0.0,0.0,1984.4352,1994.5789,0.0,0.0,0.0,0.0,-0.31454352,0.0,0.0,0.0,0.0,0.0,1994,2023,0,0,0,0,"c(-1.07298896790542, 42.4463289685279)",NBR_year,,,0.6612290515048777,0.6577351253122741,0.6538569241870221,0.6496404373608505,0.6463851220197703,0.6427454542081124,0.6387221881222289,0.6348868103429456,0.6314859640671321,0.6277006615568861,0.21746807461323,0.2336977707155886,0.2552833147286906,0.2737973947411197,0.2918229006775169,0.3126908765619582,0.3292618371697615,0.3503083501599977,0.36918365388912,0.3866554935116743,0.4078833113830529,0.424800094913544,0.4453031793366939,0.4645408095486695,0.481459521977594,0.5030452927744602,0.5203119085062572,0.5402679684661247,0.5598685297442847,0.5762353432273375,0.5981767765117859,0.6157966889767138,0.6551665285668057,0.6709833373621268,0.6932777594049636,0.7112538940862008,0.7301082590374334,0.7504345656817979,0.635202917588349,0.6331863872050388,0.21746807461323,N,1311.2000274658203,6818.400172472,23.136512406667073,23.088657959302267,10.729057550430298,10.975056517124177,-0.50546875,-0.3210652683628723
457,[2925 5006],305_N,0.0061361962294866,0.0081981749960313,1989,0.6726770436285647,43.21169359074293,-1.650785358760712,44.440125,-0.022048842,-0.03610346,-0.060746085,0.0,0.011224407,-0.015095582,0.011742247,-17.24546,0.008863058,-0.10871835,-0.06772577,0.03357082,-0.030136552,0.019797416,0.029870763,0.0,0.0,0.0,0.0,0.0,0.0,0.0,0.0,0.0,0.0,0.0,0.0,0.0,0.0,0.0,0.0,0.0,0.0,0.0,0.0,0.0,0.0,0.0,0.0,0.0,0.0,0.0,0.0,0.0,0.0,0.0,0.0,1989.8671,2023.8821,0.0,0.0,0.0,0.0,1984.3037,1990.0422,0.0,0.0,0.0,0.0,-0.29437444,0.0,0.0,0.0,0.0,0.0,1989,2023,0,0,0,0,"c(-1.65078535876071, 43.2116935907429)",NBR_year,,0.7740610640617728,0.7519518277812852,0.7299582742456366,0.7078619741284936,0.6858551704364141,0.6637717970483193,0.6045053379824904,0.6135283396350255,0.6216500935938354,0.628867766390586,0.6351863191299236,0.6406184869659929,0.6451846711657051,0.6489127449177137,0.6518377751081526,0.6648656860263863,0.6788997893809692,0.692209218247667,0.7047480429433614,0.7164764263447564,0.7273611009920792,0.7373757744514015,0.7465014578324175,0.754726713296019,0.7620478173679485,0.7684688379031184,0.7740016235999276,0.7786657060352568,0.7824881152579665,0.7855031110434095,0.7971753820940647,0.8112892890045204,0.8246841463265965,0.8491363700681106,0.8601191343817128,0.8702345437032304,0.8794627586294251,0.8877914666815252,0.8952160553895561,0.8373133601250103,0.6968585722824538,0.6045053379824904,N,3005.7000484466553,11650.500235557556,21.780928134918213,22.15673137505849,13.225488599141439,13.45493069489797,-0.2714192677289248,-0.37399495523422954
458,[5110 6762],367_N,0.001968464657562,0.0028067787991897,1989,0.6037297550713023,42.62284792189087,-1.177552866996767,33.56161,-0.016625416,0.013975901,-0.030263526,0.0213642,-0.0009913698,-0.0051628132,0.013306756,135.5642,-0.0678793,0.0050153383,-0.021035211,0.03778495,-0.0033129258,0.0,0.0,-5.5171595,0.0030219525,0.012544346,-0.019959925,0.016824262,-0.013361952,0.0057212203,0.0024209744,0.0,0.0,0.0,0.0,0.0,0.0,0.0,0.0,0.0,0.0,0.0,0.0,0.0,0.0,0.0,0.0,0.0,0.0,0.0,0.0,0.0,0.0,0.0,0.0,1987.6329,1989.5413,2023.8821,0.0,0.0,0.0,1984.2134,1987.8081,1990.461,0.0,0.0,0.0,0.09386271,-0.30120233,0.0,0.0,0.0,0.0,1987,1989,2023,0,0,0,"c(-1.17755286699677, 42.6228479218909)",NBR_year,,0.6128093534265179,0.5961436231187508,0.579569850149469,0.5629675768734436,0.6388437712930252,0.5709530095493976,0.5200707795286239,0.5224381805120233,0.5246977737922148,0.5268647361903881,0.5299131028164343,0.5340117911955266,0.5379086527653023,0.5416058110632767,0.5451072927037116,0.5484189358951927,0.5515482796975282,0.5545044356991106,0.5572979440059056,0.5599406156137717,0.5624453633891848,0.5648260240001969,0.5670971732293806,0.5692739371502156,0.5720845640104518,0.5762063555124187,0.5801262021257365,0.5838460050814094,0.5873695778443893,0.5907025569285153,0.5938522932727206,0.5968277258347012,0.5996392392698343,0.6048183271283522,0.6072124377828251,0.6094953405598132,0.6116821082969883,0.6142533886964179,0.6183982823360021,0.6022985077500361,0.6009056740832344,0.5200707795286239,N,1841.700026512146,7384.200138092041,22.571997197469077,22.440771786371865,10.193367179234823,10.632575341065724,-0.30449218563735486,-0.36642252686433496
459,[5846 6755],394_N,0.007868714174019,0.006211665905958,1994,0.405210210704769,42.424499907119646,-1.179439329093775,-62.930813,0.03184381,-0.10286667,-0.13815479,0.04284645,-0.030250913,-0.027995512,0.042688213,1.2746634,-0.0005121394,-0.103838354,-0.11588765,0.027637284,-0.037589177,-0.020804496,0.027405228,-12.201974,0.0062110918,-0.08008681,-0.07613701,0.034910403,-0.039525304,0.0,0.03330651,0.0,0.0,0.0,0.0,0.0,0.0,0.0,0.0,0.0,0.0,0.0,0.0,0.0,0.0,0.0,0.0,0.0,0.0,0.0,0.0,0.0,0.0,0.0,0.0,1986.4502,1994.5104,2023.9944,0.0,0.0,0.0,1984.3037,1986.494,1994.598,0.0,0.0,0.0,-0.11652849,-0.42623958,0.0,0.0,0.0,0.0,1986,1994,2023,0,0,0,"c(-1.17943932909378, 42.4244999071196)",NBR_year,,0.5336548927897091,0.5654945946655918,0.4798533470543181,0.4791238768740352,0.4781269094288273,0.477029861106695,0.4772158534274811,0.4771369219542851,0.4767914889512907,0.4761786537858966,0.3770016551239277,0.367283437890802,0.3899667684087843,0.3874389857940539,0.398432078176552,0.4066270087608971,0.4026089848836933,0.4213509803166897,0.4147202357768964,0.431546387254115,0.4355794122694888,0.4373482996949828,0.4520524914964112,0.4413901960496147,0.4639983602912214,0.4638706342529649,0.4714748277250792,0.4820715125906022,0.4747368479466611,0.4957765498570141,0.4915167560099628,0.5049660266371745,0.5114127832086186,0.5268739972427273,0.5185380214443858,0.5378035468210838,0.5400855180447901,0.5443040941296642,0.557288278817478,0.5098194072589808,0.47648507136859364,0.367283437890802,N,1330.9000170230865,6600.4001121521,23.25723934173584,23.286839946111044,10.807293287913005,11.047195374965668,-0.49884440898895266,-0.3467488618567586
460,[5700 7020],394_N,0.0054784387856655,0.0071096737154124,1994,0.4038784272502,42.46384611657155,-1.108023263992725,-31.064318,0.01575464,0.0,-0.042327996,0.047449987,-0.01959117,0.0,0.005278577,-14.923958,0.0075695533,-0.04179535,-0.04968933,0.031237913,-0.018919446,0.0,0.0150895575,0.0,0.0,0.0,0.0,0.0,0.0,0.0,0.0,0.0,0.0,0.0,0.0,0.0,0.0,0.0,0.0,0.0,0.0,0.0,0.0,0.0,0.0,0.0,0.0,0.0,0.0,0.0,0.0,0.0,0.0,0.0,0.0,1994.5104,2023.9287,0.0,0.0,0.0,0.0,1984.2134,1994.5542,0.0,0.0,0.0,0.0,-0.3969218,0.0,0.0,0.0,0.0,0.0,1994,2023,0,0,0,0,"c(-1.10802326399272, 42.4638461165716)",NBR_year,,0.2845178764993822,0.3004131825295814,0.3162721657823651,0.3320945566152988,0.3478801077170204,0.3636285943536728,0.3793398145983537,0.3950135895433133,0.4106497634947473,0.4262482041499159,0.284166427556595,0.2951048253113139,0.2932210758277261,0.3103291905764073,0.3140793504041168,0.3224970192396415,0.3327613647915451,0.3318313346976472,0.3483144769561837,0.3513746763740207,0.3607960828963144,0.3703830828203538,0.3704140441842675,0.3862655823378002,0.3886364830100735,0.3990632826773939,0.4079700126849517,0.4089687223886211,0.4241823585013025,0.4258650024692842,0.4372982996195628,0.4455222069260548,0.4474949014168836,0.4630604851973743,0.4755008318888641,0.4830397373117982,0.4859921277297923,0.4999124244186522,0.5002231997586829,0.4620646760303914,0.4184489838223316,0.2951048253113139,N,1330.9000170230865,6600.4001121521,23.25723934173584,23.286839946111044,10.807293287913005,11.047195374965668,-0.50546875,-0.3210652683628723
461,[5726 7017],394_N,0.0073201519882386,0.0080932689027793,1994,0.593810619610209,42.45683925735409,-1.108831747748586,12.935189,-0.00619439,0.037402876,-0.018566536,0.02659838,0.0025146208,0.0,-0.0030942194,-16.377363,0.008411719,0.022148069,-0.046080127,0.029904535,0.0,0.0,0.017531028,0.0,0.0,0.0,0.0,0.0,0.0,0.0,0.0,0.0,0.0,0.0,0.0,0.0,0.0,0.0,0.0,0.0,0.0,0.0,0.0,0.0,0.0,0.0,0.0,0.0,0.0,0.0,0.0,0.0,0.0,0.0,0.0,1994.5104,2023.9287,0.0,0.0,0.0,0.0,1984.3037,1994.5542,0.0,0.0,0.0,0.0,-0.26100308,0.0,0.0,0.0,0.0,0.0,1994,2023,0,0,0,0,"c(-1.10883174774859, 42.4568392573541)",NBR_year,,0.6681058958578961,0.6859655213182392,0.679866201419402,0.673894663244302,0.6676697066931613,0.6611832446074315,0.6550924836963825,0.6491181753884416,0.6428903466531299,0.6364009347043645,0.6303187357678505,0.4644003362179025,0.4771019190632967,0.4804487664531823,0.4928682526701251,0.5010010961590959,0.5068453951559804,0.5191523151807214,0.5219701270610511,0.5351293419121651,0.5427829434967737,0.54927542490926,0.5611785069268692,0.5634637462933109,0.5773700584317432,0.5845378705871969,0.5916898796737011,0.6031801612994837,0.6049296348552238,0.619589947035028,0.6262657142734902,0.6340882200737789,0.6451569600794497,0.6617885637135608,0.6679663290169352,0.6764699136388769,0.6871086001579062,0.6896071644757245,0.70396547606005,0.6470894574352445,0.6396456406787472,0.4644003362179025,N,1330.9000170230865,6600.4001121521,23.25723934173584,23.286839946111044,10.807293287913005,11.047195374965668,-0.50546875,-0.3210652683628723
462,[4218 4888],294_N,0.0193564430945547,0.0162799025954533,2000,0.4960503161081577,42.86323709196686,-1.682585719824576,-21.506569,0.010992735,-0.007958909,-0.01626064,0.0069191973,-0.030101642,0.006819035,0.0,-30.332634,0.015290587,0.03455185,0.0014909805,0.041138712,-0.015382858,-0.009230964,0.0064753047,0.0,0.0,0.0,0.0,0.0,0.0,0.0,0.0,0.0,0.0,0.0,0.0,0.0,0.0,0.0,0.0,0.0,0.0,0.0,0.0,0.0,0.0,0.0,0.0,0.0,0.0,0.0,0.0,0.0,0.0,0.0,0.0,2000.6432,2023.7726,0.0,0.0,0.0,0.0,1984.3037,2001.1908,0.0,0.0,0.0,0.0,-0.63063824,0.0,0.0,0.0,0.0,0.0,2000,2023,0,0,0,0,"c(-1.68258571982458, 42.8632370919669)",NBR_year,,0.356894400424617,0.3688967814168447,0.3800854967797542,0.3894209306935,0.4020497250525341,0.4128957846062946,0.4228297019211132,0.4351398757259565,0.4456408076571675,0.4561862877528805,0.4681665202479848,0.4783204782002198,0.4894832669620659,0.5011290590162168,0.5109348288666561,0.5227195624881064,0.4968432379033778,0.2997427397261806,0.3493078286423152,0.3674289827481597,0.3820342645602205,0.3965249551989545,0.4134866558253695,0.4265980095126614,0.4435558312658226,0.4589197537033903,0.4721675195074327,0.4899284222659371,0.5037600647970463,0.5195251098882085,0.5356633918765105,0.5480449780116876,0.5662175814904784,0.5953351749417753,0.6122612598320055,0.6253407916352467,0.6423514512348653,0.6576809894129126,0.6709849457055977,0.5807892342123198,0.5168271956773812,0.2997427397261806,N,1477.8000330924988,6216.700133919716,23.91165402730306,23.855032912890117,11.927323404947916,12.259393676122029,-0.4656738266348839,-0.422401258846124
463,[5707 7016],394_N,0.0038822894638083,0.0069015583722257,1994,0.400540785477412,42.46195965447454,-1.109101242333872,3.352382,-0.0015890023,-0.09527724,-0.028277056,0.020329496,-0.012673458,-0.026335638,0.035076093,-21.738028,0.011098152,-0.07256298,-0.040120054,0.05597221,-0.029949697,-0.012304053,0.0,-50.171078,0.025346767,-0.0053694914,-0.0128431935,0.04839872,-0.015920445,1.3785295e-05,0.013783436,-15.177668,0.0077236174,-0.038564987,-0.041169405,0.038259167,-0.034949,0.0035781187,0.019473514,0.0,0.0,0.0,0.0,0.0,0.0,0.0,0.0,0.0,0.0,0.0,0.0,0.0,0.0,0.0,0.0,1987.7206,1989.429,1994.5104,2023.9287,0.0,0.0,1984.2134,1987.8766,1989.4536,1994.5542,0.0,0.0,0.20962207,-0.20382644,-0.33247232,0.0,0.0,0.0,1987,1989,1994,2023,0,0,"c(-1.10910124233387, 42.4619596544745)",NBR_year,,0.3572086405690554,0.3554832483109666,0.3540318449753984,0.3523010221520922,0.4808811400174771,0.3361143046786416,0.3615440078560553,0.3869030169184194,0.4121914782695716,0.437409622641788,0.3398405207208481,0.3600415200960684,0.3630839765017249,0.3715815786715072,0.382955263517459,0.3794529674151099,0.3988450556499908,0.4010097289337062,0.4107899063395515,0.4212938561906075,0.4190295484047007,0.4376046811046922,0.4388933748366865,0.4499569953199677,0.4595882227580078,0.4585696522966541,0.4763202452548067,0.4767352659311353,0.4890824617425393,0.4978384799710728,0.4980726875405835,0.5149916222346047,0.5145357775953411,0.5360447699515252,0.5375380828566036,0.5536187116091633,0.5522953085939897,0.5672071095424104,0.5742072600875757,0.5281659453066424,0.42480055045567977,0.3600415200960684,N,1330.9000170230865,6600.4001121521,23.25723934173584,23.286839946111044,10.807293287913005,11.047195374965668,-0.50546875,-0.3210652683628723
464,[5746 7004],394_N,0.0157689368600093,0.0177355145072298,1994,0.672244646889862,42.45144936564835,-1.112335177357316,-25.76945,0.013352473,0.15153801,-0.002333311,0.09523878,0.029765647,0.06276779,-0.0065591345,26.120302,-0.012785489,0.009330722,-0.019182498,0.0,-0.0061131427,-0.012161478,-0.016634539,-36.47587,0.018384105,-0.0126692895,-0.047185257,0.03131479,-0.0020577114,-0.0026453456,0.026102014,0.0,0.0,0.0,0.0,0.0,0.0,0.0,0.0,0.0,0.0,0.0,0.0,0.0,0.0,0.0,0.0,0.0,0.0,0.0,0.0,0.0,0.0,0.0,0.0,1987.8328,1994.5104,2023.9287,0.0,0.0,0.0,1984.3037,1987.8766,1994.5542,0.0,0.0,0.0,-0.231884,-0.5815854,0.0,0.0,0.0,0.0,1987,1994,2023,0,0,0,"c(-1.11233517735732, 42.4514493656484)",NBR_year,,0.8021257800089192,0.9890472741980167,,,0.7303352699919956,0.7175851834149247,0.7047069153823272,0.6917036979853595,0.6791358332457449,0.6664435019912478,0.6536217697974775,0.3019052499268836,0.3226067467080457,0.3431083183505403,0.3534819173532665,0.3807499342269304,0.3931523686990518,0.4149802872643778,0.4347303467899679,0.4461499741640983,0.4727435024659235,0.4843607650598783,0.5073197484920821,0.5263126652745072,0.5387897647836118,0.5646987914895233,0.5755306845790477,0.5996246219214495,0.617855262717569,0.6314006007061161,0.6566155400714805,0.6666623994598868,0.691894420727196,0.7239818100042862,0.7484935124643065,0.7577562083818948,0.784128680181291,0.8008213853694494,0.8165327379213407,0.709358155069714,0.6727896676184963,0.3019052499268836,N,1330.9000170230865,6600.4001121521,23.25723934173584,23.286839946111044,10.807293287913005,11.047195374965668,-0.50546875,-0.3210652683628723
465,[5729 6994],394_N,0.0076109675175044,0.00921648730479,1994,0.411060408467538,42.45603077359823,-1.115030123210186,-29.192345,0.014839373,0.01392445,-0.042405512,0.03715491,-0.009381542,-0.0025171686,0.013008135,-19.182558,0.00968468,-0.020963902,-0.06226006,0.043583624,-0.029185487,0.0,0.013802541,0.0,0.0,0.0,0.0,0.0,0.0,0.0,0.0,0.0,0.0,0.0,0.0,0.0,0.0,0.0,0.0,0.0,0.0,0.0,0.0,0.0,0.0,0.0,0.0,0.0,0.0,0.0,0.0,0.0,0.0,0.0,0.0,1994.5104,2023.9287,0.0,0.0,0.0,0.0,1984.2134,1994.5542,0.0,0.0,0.0,0.0,-0.52631915,0.0,0.0,0.0,0.0,0.0,1994,2023,0,0,0,0,"c(-1.11503012321019, 42.4560307735982)",NBR_year,,0.3264657569174173,0.3412105703176642,0.3559171105584864,0.3705851326386407,0.3852144222278473,0.3998047959673211,0.4147157551265148,0.4297849866795125,0.4448194046216052,0.4598185093689035,0.2496973132571936,0.2604718845177676,0.2635288196702079,0.2812068114340317,0.2839518520278313,0.2985267221052897,0.3085480352928467,0.312672318195255,0.329650036303997,0.3316244170963344,0.347320816285871,0.3565853055724725,0.3617847917326677,0.3780550833128202,0.3792594841008548,0.3960792337501451,0.404583729438416,0.4108657204538249,0.4264217918468793,0.4268573012742456,0.4448016306135693,0.4525433616508385,0.4599145997335603,0.474418136628696,0.4934876814072074,0.5004642776288882,0.508930940508428,0.5230396519586162,0.5219422777912534,0.4747500214543306,0.4523189569952544,0.2604718845177676,N,1330.9000170230865,6600.4001121521,23.25723934173584,23.286839946111044,10.807293287913005,11.047195374965668,-0.50546875,-0.3210652683628723
466,[5771 7163],394_N,0.0124980787860757,0.0122534584289967,1994,0.607189759536665,42.44471200101617,-1.069485538296686,10.563936,-0.0049863807,0.072440326,-0.026561037,0.04281723,0.0,0.0069284774,0.0012266814,-25.679766,0.012927886,-0.012545967,-0.04826547,0.056925494,-0.031180082,0.0026266654,0.023561636,0.0,0.0,0.0,0.0,0.0,0.0,0.0,0.0,0.0,0.0,0.0,0.0,0.0,0.0,0.0,0.0,0.0,0.0,0.0,0.0,0.0,0.0,0.0,0.0,0.0,0.0,0.0,0.0,0.0,0.0,0.0,0.0,1994.5104,2023.9944,0.0,0.0,0.0,0.0,1984.3037,1994.5789,0.0,0.0,0.0,0.0,-0.8237722,0.0,0.0,0.0,0.0,0.0,1994,2023,0,0,0,0,"c(-1.06948553829669, 42.4447120010162)",NBR_year,,,0.7504712857584657,0.7451032549394425,0.7401544752538184,0.7355169808361098,0.7305236391136777,0.7251512671844961,0.7202147077564214,0.7155733851455414,0.7105759454238464,0.7051992297947728,0.2325964622227585,0.2558212431013976,0.2653673952361793,0.2774096781503418,0.2950868561531371,0.2963105956090813,0.3217072577094755,0.325564273368672,0.3452924672973076,0.3573970382605382,0.3660138872255091,0.3861515282650765,0.3843578339826022,0.4118149826916674,0.4182449641892842,0.4344853926755234,0.4491275026008712,0.4543660954699725,0.4769157890657344,0.477665630802693,0.5016318338617209,0.5106336360621249,0.540557237127103,0.5424762683046221,0.5673814687747816,0.5706935992833384,0.5911629086058281,0.6027264199362969,0.5234072258379135,0.7130746652846939,0.2325964622227585,N,1311.2000274658203,6818.400172472,23.136512406667073,23.088657959302267,10.729057550430298,10.975056517124177,-0.50546875,-0.3210652683628723
467,[5716 7035],394_N,0.009534199108525,0.0119073679236963,1994,0.6694567467113,42.45953420320696,-1.10398084521342,0.7418377,0.0,0.13407198,-0.07603261,0.08154797,-0.024479678,0.02680374,-0.008423016,2.9893043,-0.0011616345,0.02415522,0.0,0.034832466,0.040008694,-0.006781144,0.025508812,-24.826181,0.01260558,-0.03198066,-0.08333016,0.02811498,-0.03174164,0.0,0.021050213,0.0,0.0,0.0,0.0,0.0,0.0,0.0,0.0,0.0,0.0,0.0,0.0,0.0,0.0,0.0,0.0,0.0,0.0,0.0,0.0,0.0,0.0,0.0,0.0,1987.8328,1994.5104,2023.9287,0.0,0.0,0.0,1984.3037,1987.8766,1994.5542,0.0,0.0,0.0,-0.42753297,-0.2678115,0.0,0.0,0.0,0.0,1987,1994,2023,0,0,0,"c(-1.10398084521342, 42.459534203207)",NBR_year,,,0.911399582282296,0.911364580415792,0.9112892551577476,0.7519766136291974,0.7509485773702266,0.7500349807204472,0.7488837770716668,0.7475008311818214,0.746114487331165,0.7453079885218178,0.4611484327984329,0.4636106126033026,0.4868182092073087,0.4940066000120816,0.5088194283410582,0.5239063591296376,0.5274996443607556,0.549974960443082,0.5563187845176686,0.5723491710655144,0.5866216384872998,0.5913574436664909,0.6130905890311308,0.6185892419363234,0.6358414519691418,0.6492942402751043,0.6551833306918181,0.6761648308551559,0.6808182014603089,0.6992957912723596,0.7119241588774643,0.7189766424738174,0.743005916367349,0.76271173060873,0.7745114136629765,0.7827367334157482,0.8021882179884212,0.8051526638295912,0.7391974458112227,0.7468076592564932,0.4611484327984329,N,1330.9000170230865,6600.4001121521,23.25723934173584,23.286839946111044,10.807293287913005,11.047195374965668,-0.50546875,-0.3210652683628723
468,[5866 6787],394_N,0.004393465629666,0.0045574453957748,1994,0.431784680450587,42.41911001541392,-1.170815502364592,-41.495213,0.021077538,-0.04042262,-0.14565563,0.033719856,-0.02096222,-0.033565663,0.03630296,-127.41759,0.064242184,-0.16738908,-0.11831917,0.0063703917,-0.07783053,0.0,0.019932047,-24.697037,0.012580762,-0.040275987,-0.10620888,0.04766032,-0.024107834,-0.0036710447,0.05423189,-10.056631,0.0051876665,-0.041086253,-0.11539772,0.033583928,-0.04811464,0.0,0.027543327,0.0,0.0,0.0,0.0,0.0,0.0,0.0,0.0,0.0,0.0,0.0,0.0,0.0,0.0,0.0,0.0,1986.6254,1989.4536,1994.5104,2023.9944,0.0,0.0,1984.3037,1986.6692,1989.4974,1994.598,0.0,0.0,-0.15870002,-0.16805561,-0.3498366,0.0,0.0,0.0,1986,1989,1994,2023,0,0,"c(-1.17081550236459, 42.4191100154139)",NBR_year,,0.5508070082400814,0.5719200436934218,0.5930306810596886,0.5551887170072721,0.6193927733666066,0.5346730658292564,0.5473684481729287,0.559856168656386,0.572134699297999,0.5845820367215212,0.4617735895977054,0.4632077029946072,0.4758174464593256,0.4654328971435776,0.4857596915410607,0.4851750311429373,0.4918016905712515,0.5008258373306995,0.4943090890008586,0.5123436796673919,0.5079597669219588,0.519862939222145,0.5252112321444034,0.5236874009369523,0.5383249375725686,0.5301373261220609,0.5473672824907557,0.548972910699601,0.5525777775878461,0.5636924883684339,0.5543566109101035,0.5742940459995185,0.5721141582256581,0.5884392957598289,0.5840031482983458,0.600626213003142,0.5946422310353396,0.6087807980900117,0.6125623154629128,0.5809509443035739,0.5783583680097601,0.4632077029946072,N,1330.9000170230865,6600.4001121521,23.25723934173584,23.286839946111044,10.807293287913005,11.047195374965668,-0.49884440898895266,-0.3467488618567586
469,[5842 6750],394_N,0.0071147157181813,0.0055965961484805,1994,0.404790609223294,42.4255778854608,-1.18078680202021,0.30661178,0.0,-0.06351482,-0.078771055,0.052476656,-0.03251046,-0.009177672,0.037853926,-11.135518,0.0057069347,-0.06026751,-0.09305819,0.038029794,-0.05196215,0.0,0.032421462,0.0,0.0,0.0,0.0,0.0,0.0,0.0,0.0,0.0,0.0,0.0,0.0,0.0,0.0,0.0,0.0,0.0,0.0,0.0,0.0,0.0,0.0,0.0,0.0,0.0,0.0,0.0,0.0,0.0,0.0,0.0,0.0,1994.5104,2023.9944,0.0,0.0,0.0,0.0,1984.3037,1994.598,0.0,0.0,0.0,0.0,-0.404345,0.0,0.0,0.0,0.0,0.0,1994,2023,0,0,0,0,"c(-1.18078680202021, 42.4255778854608)",NBR_year,,0.5019475579029992,0.5030968496457042,0.5029437850402139,0.5014982010097337,0.5019675257364562,0.503102312469264,0.5029347697170264,0.5014749014411535,0.5019873324762267,0.5031076135757195,0.4366960249020415,0.4279589739091293,0.4492335043216391,0.4445354268962179,0.4571363499399393,0.4635325525000359,0.460649686896986,0.4778895861341912,0.4689263475723402,0.4875709421588433,0.4896696208725964,0.492744325712166,0.5058408193835627,0.4937732793790871,0.5173259686498238,0.5151174998928404,0.5242142300050592,0.5330856471241118,0.5267948266210805,0.5463880217806698,0.5398908968787401,0.5550347786245213,0.5596271365103186,0.5747482483524463,0.5640088177909818,0.5851855805789102,0.5854729364329608,0.5910739147536316,0.6024024072720974,0.5592386718783612,0.5025474730259731,0.4279589739091293,N,1330.9000170230865,6600.4001121521,23.25723934173584,23.286839946111044,10.807293287913005,11.047195374965668,-0.49884440898895266,-0.3467488618567586
470,[5732 7065],394_N,0.0121857127387498,0.0129683120220118,1994,0.551058520000553,42.45522228984237,-1.09589600765481,0.5325729,0.0,0.06314851,-0.011460967,-0.006068597,0.003680183,-0.027215453,0.016023101,1.794004,-0.00061166723,0.10813363,-0.013963119,0.058288496,0.0,0.008572067,-0.0015097854,-27.134338,0.0136602735,0.0065004625,-0.047479875,0.05542727,-0.016922742,0.0,0.014233585,0.0,0.0,0.0,0.0,0.0,0.0,0.0,0.0,0.0,0.0,0.0,0.0,0.0,0.0,0.0,0.0,0.0,0.0,0.0,0.0,0.0,0.0,0.0,0.0,1986.7568,1994.5104,2023.9944,0.0,0.0,0.0,1984.3037,1987.0005,1994.5542,0.0,0.0,0.0,0.19768868,-0.71766984,0.0,0.0,0.0,0.0,1986,1994,2023,0,0,0,"c(-1.09589600765481, 42.4552222898424)",NBR_year,,,0.6272799508264449,0.627268434001784,0.7175140324150403,0.7170815812169615,0.7162705431711343,0.7153189964614826,0.7151530285611145,0.7146186332381118,0.7137020573876167,0.7130296219219584,0.2151668463319259,0.2341891725773057,0.2464973485471349,0.2585616878883202,0.2760954100256751,0.2815275640163341,0.3039743144492881,0.3098606560367389,0.3301899516147076,0.3415089914910818,0.3548383500207861,0.3714272082843342,0.3780520155630746,0.3996205556317598,0.4044966847922797,0.4261372053156206,0.4364615364195968,0.4510660167511702,0.4667000900321243,0.4745330867721638,0.4952095285738309,0.4990753392626991,0.5313551135047861,0.5472437647989716,0.5619139097917442,0.5709696676092465,0.5907408214476134,0.593597076570362,0.5220302293780171,0.7141603453128642,0.2151668463319259,N,1311.2000274658203,6818.400172472,23.136512406667073,23.088657959302267,10.729057550430298,10.975056517124177,-0.50546875,-0.3210652683628723
471,[5884 6844],394_N,0.001883548794801,0.0036698752311944,1994,0.442298361779145,42.414259112878746,-1.155454311003234,0.35782617,0.0,-0.057393517,-0.10122413,0.03870206,-0.020265592,-0.006811022,0.030569013,-7.5741873,0.003927053,-0.070449196,-0.08012114,0.026075771,-0.045217812,0.0,0.022422522,0.0,0.0,0.0,0.0,0.0,0.0,0.0,0.0,0.0,0.0,0.0,0.0,0.0,0.0,0.0,0.0,0.0,0.0,0.0,0.0,0.0,0.0,0.0,0.0,0.0,0.0,0.0,0.0,0.0,0.0,0.0,0.0,1994.5104,2023.9944,0.0,0.0,0.0,0.0,1984.4597,1994.5542,0.0,0.0,0.0,0.0,-0.4296146,0.0,0.0,0.0,0.0,0.0,1994,2023,0,0,0,0,"c(-1.15545431100323, 42.4142591128787)",NBR_year,,0.5380275943017383,0.5369763231217752,0.5374451511571746,0.5382720044229744,0.538548686490992,0.5382659094432449,0.5374177334675324,0.5370179577232909,0.5380387799758259,0.5385135531838923,0.4139138321553192,0.4317401721286251,0.427395763839314,0.4375259036329267,0.4402665059213311,0.4411579161026305,0.4509399632748481,0.4427646695736115,0.4593690634873468,0.4537257770946022,0.4655622316792263,0.4669927609469047,0.4695837820347917,0.478077071877851,0.4715524382730359,0.4869215811792138,0.4799849956201086,0.4935243825067477,0.4936444667335618,0.4979395270023756,0.5051376767525138,0.500275888734163,0.5143975281232557,0.5214118082311052,0.5202221845650223,0.5262242664416111,0.5321219984624966,0.5289338252361768,0.5417967726147247,0.5061742987481984,0.5382761665798591,0.4317401721286251,N,1330.9000170230865,6600.4001121521,23.25723934173584,23.286839946111044,10.807293287913005,11.047195374965668,-0.49884440898895266,-0.3467488618567586
472,[5755 6966],394_N,0.0050463684577328,0.0076962098177148,1994,0.547816266845716,42.44902391438077,-1.122575971598222,4.1751995,-0.0018574138,0.13689147,-0.028749466,0.07563407,-0.0016721839,0.012688037,0.057536814,-59.63828,0.030205242,0.00084343605,-0.0677089,0.0049955966,-0.03405357,-0.01659123,0.033285547,-7.1346703,0.003848308,0.07242041,-0.035984304,0.11378203,0.007876821,0.03146837,0.016782533,-16.439344,0.0084122205,0.07136239,-0.085381,0.13389553,-0.014269108,0.06010057,0.03398989,0.0,0.0,0.0,0.0,0.0,0.0,0.0,0.0,0.0,0.0,0.0,0.0,0.0,0.0,0.0,0.0,1988.9471,1990.7677,1994.5104,2023.9287,0.0,0.0,1984.3037,1988.9717,1991.0743,1994.5542,0.0,0.0,-0.3119154,0.7024111,-0.28875378,0.0,0.0,0.0,1988,1990,1994,2023,0,0,"c(-1.12257597159822, 42.4490239143808)",NBR_year,,,0.6228171623488765,0.6209169495160197,0.6189221698791826,0.6172347194609206,0.5507624689639948,0.5809658652706212,0.6790310236616381,0.6829748711646922,0.6866999744158401,0.6905478985703247,0.4887986617158051,0.4850378008945689,0.5033861459684636,0.5110709033725469,0.5140305040044696,0.5309500779131322,0.5258317926752447,0.5457764224728059,0.5524278305873546,0.556980318031955,0.573019194824402,0.5665762630022829,0.5880994499438597,0.5937179542008117,0.5998783480020438,0.6150072771450599,0.6072731491932238,0.6303537608331279,0.6349429746922662,0.642722858070103,0.6569156382586087,0.6501236695857237,0.6761046248278192,0.6855121335419401,0.6987456388113846,0.6933665398646802,0.7146505479948474,0.7172046679661642,0.6725379243479792,0.6848374227902662,0.4887986617158051,N,1330.9000170230865,6600.4001121521,23.25723934173584,23.286839946111044,10.807293287913005,11.047195374965668,-0.50546875,-0.3210652683628723
473,[3148 4793],347_N,0.0064312335818472,0.0078943653312557,2002,0.5426156904044369,43.151596298223936,-1.708187705426839,21.070007,-0.0104233455,-0.16632447,-0.16355863,0.020932045,0.024868548,-0.022824805,0.029135931,-11.273001,0.0058127707,-0.21927847,-0.11178918,0.049812622,-0.02148963,-0.003108493,0.04179175,-15.602123,0.007910885,-0.18272755,-0.0881488,0.042550113,-0.009667059,0.0,0.031033002,0.0,0.0,0.0,0.0,0.0,0.0,0.0,0.0,0.0,0.0,0.0,0.0,0.0,0.0,0.0,0.0,0.0,0.0,0.0,0.0,0.0,0.0,0.0,0.0,1997.2893,2002.0669,2023.8821,0.0,0.0,0.0,1984.3037,1997.3331,2002.483,0.0,0.0,0.0,0.28330648,-0.15774177,0.0,0.0,0.0,0.0,1997,2002,2023,0,0,0,"c(-1.70818770542684, 43.1515962982239)",NBR_year,,0.6753644718914973,0.662652102122143,0.654472425894106,0.641971607763027,0.6335743760489999,0.6212853322121279,0.612670321564758,0.6005932642358408,0.5917602619524308,0.5798953928787509,0.570844197025384,0.5591917074649054,0.5499221268998724,0.6804813732644389,0.6862666453908485,0.6919108626395889,0.6974140078808686,0.7032975795122927,0.5150650507330006,0.516046827230774,0.5282413005779514,0.539580462427666,0.5437207158315862,0.5482029951400103,0.5626777738113578,0.5700103646507011,0.570188720551103,0.5843681572546949,0.5948907539920332,0.5982130797503693,0.6046787953727741,0.6183527793850879,0.6248621664988141,0.6404034600770376,0.6501069288082877,0.6526141880992107,0.6610658829273468,0.6739341338558894,0.6796207839529363,0.6242423017645172,0.7003557936965806,0.516046827230774,N,2309.4000339508057,9913.500129699707,22.00344772338867,21.65556395848592,12.617296107610066,12.039151167869568,-0.5317708354443311,-0.20017653689361536
474,[5742 6972],394_N,0.006724823366233,0.009371935492035,1994,0.511771837517079,42.452527343989495,-1.1209590040865,126.61171,-0.06359931,-0.006018901,-0.09498711,0.054367818,0.0,0.0,0.0,-13.154754,0.00681594,-0.023473335,-0.07482174,0.04171575,-0.014024327,-0.0028169889,0.026505785,-19.876019,0.010091918,-0.07324081,-0.093012705,0.038510624,-0.03271929,0.0,0.03183011,0.0,0.0,0.0,0.0,0.0,0.0,0.0,0.0,0.0,0.0,0.0,0.0,0.0,0.0,0.0,0.0,0.0,0.0,0.0,0.0,0.0,0.0,0.0,0.0,1986.2312,1994.5104,2023.9287,0.0,0.0,0.0,1984.3037,1986.3872,1994.5542,0.0,0.0,0.0,0.1366115,-0.29828855,0.0,0.0,0.0,0.0,1986,1994,2023,0,0,0,"c(-1.1209590040865, 42.4525273439895)",NBR_year,,0.5259394507811518,0.4623386248888894,0.519069249781429,0.5268215764932437,0.5330627897378525,0.5403423556120847,0.5469715383975566,0.5537815870731343,0.5607958597396829,0.567140139064631,0.4379463594061629,0.4557010061008187,0.4497601137000216,0.4751334401680197,0.4804925459737253,0.4893251229319838,0.5059244851191664,0.4988151726637241,0.525924568127756,0.5300863399029576,0.5406507184662002,0.5560874946646012,0.55053897379551,0.5766569872253228,0.5796214682012808,0.5919224659099435,0.6061900368767706,0.6022918010634084,0.6273303621181292,0.6290983051993907,0.6431397159415189,0.6562321498429301,0.6539974840274044,0.6785172595295986,0.6943018505206179,0.7062139075714915,0.7056551301529251,0.728498812254403,0.7278787738140867,0.6779443922836755,0.5639679994021569,0.4557010061008187,N,1330.9000170230865,6600.4001121521,23.25723934173584,23.286839946111044,10.807293287913005,11.047195374965668,-0.50546875,-0.3210652683628723
475,[4309 5541],382_N,0.0054664738174645,0.0052206183034211,1991,0.5759393256268078,42.83871308470575,-1.506605755632175,-4.634092,0.0026256104,0.048935432,-0.027942482,0.028311228,0.0020906343,-0.015794428,-0.00600079,-10.750619,0.0055129104,-0.04439171,-0.035589766,0.035237435,-0.029089494,0.0,0.0033515708,0.0,0.0,0.0,0.0,0.0,0.0,0.0,0.0,0.0,0.0,0.0,0.0,0.0,0.0,0.0,0.0,0.0,0.0,0.0,0.0,0.0,0.0,0.0,0.0,0.0,0.0,0.0,0.0,0.0,0.0,0.0,0.0,1991.6193,2023.8821,0.0,0.0,0.0,0.0,1984.3037,1991.9259,0.0,0.0,0.0,0.0,-0.32245922,0.0,0.0,0.0,0.0,0.0,1991,2023,0,0,0,0,"c(-1.50660575563218, 42.8387130847058)",NBR_year,,0.6222430090081703,0.6462749167367858,0.6487300984574162,0.6514323502605263,0.6541156732710396,0.6565065744030046,0.6594187029753484,0.6617028424540944,0.3341115579539532,0.343377251257026,0.3487269964755363,0.3509702776223814,0.3614439270412757,0.3581307090963631,0.372228493595301,0.3740099870290664,0.3811015590725466,0.3880454652709111,0.3881380772996612,0.4001661718232158,0.3984117896606763,0.4103551096935546,0.4137318806852497,0.4186500227364909,0.4271805978581646,0.4251421440616317,0.4387034508678475,0.4385239240223758,0.4483003753185769,0.4532745967680457,0.4560258761094795,0.4661313311431034,0.4624542980196205,0.4784634345150416,0.4860664556112519,0.4926359730725437,0.4932328144302949,0.504897101633551,0.5027745277127628,0.477056323404107,0.6579626386891766,0.3341115579539532,N,1726.6000356674194,7034.9001269340515,22.21490281422933,22.526436805725098,10.95898265838623,11.286854251225789,-0.13647461030632257,-0.2897176109778229
476,[5906 6748],394_N,0.0057091162276414,0.0060805769632758,1994,0.411327381623117,42.40833023200243,-1.181325791190784,5.452763,-0.0025819915,-0.08854544,-0.104072645,0.037568763,-0.053285632,-0.0024422053,0.028181495,-12.082472,0.006193645,-0.07841713,-0.10971415,0.022781892,-0.07593157,0.013432135,0.023631109,0.0,0.0,0.0,0.0,0.0,0.0,0.0,0.0,0.0,0.0,0.0,0.0,0.0,0.0,0.0,0.0,0.0,0.0,0.0,0.0,0.0,0.0,0.0,0.0,0.0,0.0,0.0,0.0,0.0,0.0,0.0,0.0,1994.5542,2023.9944,0.0,0.0,0.0,0.0,1984.2134,1994.598,0.0,0.0,0.0,0.0,-0.25758535,0.0,0.0,0.0,0.0,0.0,1994,2023,0,0,0,0,"c(-1.18132579119078, 42.4083302320024)",NBR_year,,0.543953034647172,0.5418675152182134,0.5388636410817051,0.5349390273465848,0.5329524161542856,0.5313754065104197,0.5288845839141875,0.52547344047792,0.5216716310877579,0.5205988131073745,0.480927708521093,0.4848246246421859,0.4864091327129528,0.5015137989109758,0.489496844470557,0.5133702057803933,0.512822647710941,0.5205695876011509,0.5313912945301136,0.5234729034750372,0.5451108520606958,0.540103753334391,0.5540826248203237,0.5605379896246712,0.5585973272659965,0.5761359629206642,0.5666810098920928,0.586923963618445,0.5889558251400431,0.5931203792045472,0.6064361639077023,0.5951257057218355,0.6190733191672219,0.6270118453049388,0.6360064516053751,0.6305834582631124,0.6505145505712907,0.6436344601020791,0.6602452092757335,0.6166511103344509,0.5211352220975662,0.4848246246421859,N,1330.9000170230865,6600.4001121521,23.25723934173584,23.286839946111044,10.807293287913005,11.047195374965668,-0.49884440898895266,-0.3467488618567586
477,[5739 7097],394_N,0.0085562589752699,0.0098247591537548,1994,0.534145711085776,42.45333582774536,-1.087272180925627,1.5716183,-0.00042489733,0.08695655,-0.025163796,0.030460117,0.012825188,0.013291668,-0.00045495867,-31.890928,0.01629292,0.1229168,-0.047184255,-0.0018064069,0.01193357,-0.015484137,0.010222179,-20.169147,0.010219125,0.05530901,-0.04214595,0.064566754,-0.015609493,0.010269977,0.01817627,0.0,0.0,0.0,0.0,0.0,0.0,0.0,0.0,0.0,0.0,0.0,0.0,0.0,0.0,0.0,0.0,0.0,0.0,0.0,0.0,0.0,0.0,0.0,0.0,1990.524,1994.5104,2023.9287,0.0,0.0,0.0,1984.3037,1990.5487,1994.5789,0.0,0.0,0.0,-0.22574036,-0.4412155,0.0,0.0,0.0,0.0,1990,1994,2023,0,0,0,"c(-1.08727218092563, 42.4533358277454)",NBR_year,,0.7874155384005301,0.8134426522362858,0.8128351273785628,0.8125841726038548,0.8120179007571856,0.8117228732830408,0.8111975910377072,0.6934149367222882,0.7098098286293223,0.7260290014941643,0.7423626382468413,0.2896048071516559,0.3023174917925105,0.3103261547042307,0.3221665345164553,0.3323861020280058,0.3401917771176587,0.3534226573715783,0.3617234371434122,0.3730211945510463,0.3836500483441925,0.3907246667923715,0.4044938511602517,0.4131035474644512,0.4238309639259475,0.4348884975485493,0.4419995343115614,0.4555294335474431,0.4644653483685009,0.4745941418747434,0.4860999902267519,0.4934487663933533,0.5065277438936917,0.5253090350487897,0.5372830267838857,0.5448843507854451,0.5574871045538832,0.5671291984557364,0.5759739622943068,0.5158076473573051,0.7179194150617433,0.2896048071516559,N,1311.2000274658203,6818.400172472,23.136512406667073,23.088657959302267,10.729057550430298,10.975056517124177,-0.50546875,-0.3210652683628723
478,[2905 5005],305_N,0.0075823455278366,0.0066026005447829,1989,0.7200744786315751,43.21708348244867,-1.651054853345999,18.532766,-0.009121449,-0.19855955,-0.20461735,-0.01184685,0.0494916,-0.03972436,0.011487009,-12.166958,0.006291979,-0.14175163,-0.11712513,0.051006667,-0.0015817092,0.0,0.003511799,0.0,0.0,0.0,0.0,0.0,0.0,0.0,0.0,0.0,0.0,0.0,0.0,0.0,0.0,0.0,0.0,0.0,0.0,0.0,0.0,0.0,0.0,0.0,0.0,0.0,0.0,0.0,0.0,0.0,0.0,0.0,0.0,1989.8671,2023.8821,0.0,0.0,0.0,0.0,1984.3037,1990.0422,0.0,0.0,0.0,0.0,-0.18528746,0.0,0.0,0.0,0.0,0.0,1989,2023,0,0,0,0,"c(-1.651054853346, 43.2170834824487)",NBR_year,,0.7608777399518032,0.7519802259118762,0.7426587855258773,0.7337232261496935,0.7244389177330943,0.7154653092783254,0.5792394195446445,0.5895437956082769,0.5993068673882964,0.6085135936200735,0.6171511471838278,0.6252090140951342,0.6326790787608587,0.6395556946022851,0.6458357392592812,0.651518653713376,0.6566064647977524,0.6611037907025198,0.6650178292261686,0.6683583286733696,0.6711375414521147,0.673370160571775,0.6834911197298269,0.6933169852337028,0.7025881174548595,0.7112914304403034,0.7194161407143738,0.7269538541550548,0.7338986383349423,0.7402470795273406,0.7459983237002499,0.7511541009516259,0.7557187329772347,0.763104730185479,0.765947522152603,0.7682419164751649,0.7774313667977701,0.7873198254030198,0.7966551918833419,0.7596991233060314,0.7290810719413939,0.5792394195446445,N,3005.7000484466553,11650.500235557556,21.780928134918213,22.15673137505849,13.225488599141439,13.45493069489797,-0.2714192677289248,-0.37399495523422954
479,[2870 4967],305_N,0.001061258244526,0.0025653973841084,1989,0.7038193792514793,43.22651579293372,-1.661295647586904,-34.136303,0.01745088,-0.12703402,-0.09770748,-0.007889257,-0.012512153,-0.05114546,0.0,-3.804691,0.0022078797,-0.04707397,-0.07538566,0.054208875,-0.014445491,0.0022118138,0.013640802,0.0,0.0,0.0,0.0,0.0,0.0,0.0,0.0,0.0,0.0,0.0,0.0,0.0,0.0,0.0,0.0,0.0,0.0,0.0,0.0,0.0,0.0,0.0,0.0,0.0,0.0,0.0,0.0,0.0,0.0,0.0,0.0,1989.8671,2023.8821,0.0,0.0,0.0,0.0,1984.3037,1990.1299,0.0,0.0,0.0,0.0,-0.32356745,0.0,0.0,0.0,0.0,0.0,1989,2023,0,0,0,0,"c(-1.6612956475869, 43.2265157929337)",NBR_year,,0.6880376703286352,0.7051265252740421,0.722933799815582,0.7400508769142671,0.7578292181214799,0.7749745480316498,0.7315712232867739,0.7317070523377226,0.7316550314794831,0.7325141077550399,0.7368775145094042,0.7411027206921046,0.7451836844111163,0.7491146046377559,0.7528899407690679,0.756504431570405,0.7599531134308789,0.7632313378580594,0.7663347881493737,0.7692594951732714,0.7720018522012448,0.774558628732669,0.7769269832561182,0.7791044748984964,0.7810890739139137,0.7828791709689431,0.7844735851860798,0.7858715709097808,0.7870728231665541,0.7880774817922404,0.7888861342056109,0.7894998168144328,0.789920015039514,0.7901881355375847,0.7900412545382595,0.7932453589476504,0.7975389051529943,0.8016911341243883,0.805696124587047,0.7901486619547564,0.7489400475178735,0.7315712232867739,N,3005.7000484466553,11650.500235557556,21.780928134918213,22.15673137505849,13.225488599141439,13.45493069489797,-0.2714192677289248,-0.37399495523422954
480,[4895 2592],370_N,0.0088601117568497,0.0093413984596415,1987,0.7248545817626424,42.680789257727575,-2.301345287643493,5.2077127,-0.002257422,-0.0021260388,-0.008319684,-0.011050454,0.012207945,-0.02604753,-0.013284482,-18.267067,0.009452699,0.027067175,-0.030274019,0.022811763,-0.009122049,0.0,0.005347309,0.0,0.0,0.0,0.0,0.0,0.0,0.0,0.0,0.0,0.0,0.0,0.0,0.0,0.0,0.0,0.0,0.0,0.0,0.0,0.0,0.0,0.0,0.0,0.0,0.0,0.0,0.0,0.0,0.0,0.0,0.0,0.0,1987.6083,2023.8821,0.0,0.0,0.0,0.0,1984.3037,1988.4652,0.0,0.0,0.0,0.0,-0.83845687,0.0,0.0,0.0,0.0,0.0,1987,2023,0,0,0,0,"c(-2.30134528764349, 42.6807892577276)",NBR_year,,0.7692001133118599,0.766952453531048,0.7647037463457297,0.7624539902968075,0.5552121601184707,0.5721858803294141,0.5814117806522262,0.5915874198078348,0.5995127189027193,0.6107299873653286,0.6174355375897156,0.6296146685718418,0.6374043419684907,0.6482454802423455,0.6571190141170451,0.6666299619061529,0.6765764226976241,0.6847796851724328,0.6957749485001349,0.7027106468766674,0.7147151265267577,0.7222702362460582,0.733400287946342,0.7420401293113009,0.7518371645564067,0.7615533289848774,0.7700364188880904,0.7808078356146687,0.7880130651789101,0.7998036637509534,0.8071242989485029,0.8185434872793431,0.8269492530420416,0.8465181480525212,0.855282740586386,0.865828633777571,0.8733059884358922,0.8848802345790796,0.8919665702920139,0.8370332551489925,0.7658280999383889,0.5552121601184707,N,1254.2000260353088,5570.3001227378845,22.904892031351725,22.894782280921937,10.137628920873006,10.286800380547842,-0.25131836757063863,-0.3263753249659203
481,[5772 7170],394_N,0.0093871841759194,0.0085716445418751,1994,0.405342300343162,42.44444250643089,-1.067599076199677,47.141964,-0.023595987,0.04530665,-0.04918973,0.07605387,-0.008648776,0.0,0.015830208,-5.732096,0.0030539364,0.045070376,-0.054879468,0.0627521,0.0,0.0,0.019101141,-17.7721,0.008996301,-0.0027237698,-0.058234684,0.048905868,-0.03192044,0.0,0.021083837,0.0,0.0,0.0,0.0,0.0,0.0,0.0,0.0,0.0,0.0,0.0,0.0,0.0,0.0,0.0,0.0,0.0,0.0,0.0,0.0,0.0,0.0,0.0,0.0,1987.0005,1994.535,2023.9944,0.0,0.0,0.0,1984.4352,1987.1073,1994.5789,0.0,0.0,0.0,0.20760037,-0.3346469999999999,0.0,0.0,0.0,0.0,1987,1994,2023,0,0,0,"c(-1.06759907619968, 42.4444425064309)",NBR_year,,0.4032319068676821,0.3795745300298634,0.356030145701909,0.422309472075356,0.425416115067685,0.4283284421698975,0.4310409682102467,0.4341514668157864,0.437513120227021,0.4406888258276416,0.2849256758932911,0.2813574659079224,0.3029299018620592,0.3056101674438577,0.3182723633387654,0.3282933867875194,0.3311504264598472,0.3481969320078903,0.3457743268590047,0.3653568259508667,0.3703406981814565,0.379906722167163,0.3921606936792818,0.3920714227952772,0.4112015433203971,0.4110834234975244,0.4275301072012771,0.434804311105876,0.4413093036366796,0.4557579007772797,0.4527903567454257,0.4739425614789939,0.4761334048569788,0.4989989731118329,0.5024885744703581,0.5190860031198089,0.5161760760073992,0.5364239465079592,0.5409201847978917,0.489455643076025,0.4391009730273313,0.2813574659079224,N,1311.2000274658203,6818.400172472,23.136512406667073,23.088657959302267,10.729057550430298,10.975056517124177,-0.50546875,-0.3210652683628723
482,[2943 4982],305_N,0.008082196429515,0.008714735061842,1989,0.7647980944991678,43.206842688207765,-1.657253228807599,0.6913228,0.0,0.0484648,-0.16455267,0.11036095,-0.08920588,0.05817143,-0.057536647,-17.318808,0.008947882,-0.025614802,-0.06451321,0.05999958,-0.02740506,-0.0016445393,0.012807079,0.0,0.0,0.0,0.0,0.0,0.0,0.0,0.0,0.0,0.0,0.0,0.0,0.0,0.0,0.0,0.0,0.0,0.0,0.0,0.0,0.0,0.0,0.0,0.0,0.0,0.0,0.0,0.0,0.0,0.0,0.0,0.0,1989.8671,2023.8821,0.0,0.0,0.0,0.0,1984.3037,1990.0422,0.0,0.0,0.0,0.0,-0.52417934,0.0,0.0,0.0,0.0,0.0,1989,2023,0,0,0,0,"c(-1.6572532288076, 43.2068426882078)",NBR_year,,0.8242135611816063,0.84915255771565,0.8490340863932919,0.8491760786169688,0.8490029092950114,0.8491983285539544,0.6184189909475185,0.6232399724287788,0.6341310957697663,0.6467308743655731,0.6588299730950937,0.6703985017120339,0.6814100325785913,0.691841856977473,0.7016752087782565,0.7108954530392033,0.719492237493862,0.7274596052660489,0.7347960675683308,0.7415046355670757,0.7475928110351875,0.7530725358528846,0.7579601008612279,0.7679006140490295,0.7805556773358298,0.7927136921843593,0.8043443895397204,0.8154209316398761,0.8259201718965204,0.8358228824293744,0.8451139467947627,0.8537825158140718,0.8618221248000275,0.8760109496023916,0.8821696502390156,0.8877183100568328,0.8926727277485152,0.9016640486940866,0.9143739581480872,0.869230770887527,0.8490894939559901,0.6184189909475185,N,3005.7000484466553,11650.500235557556,21.780928134918213,22.15673137505849,13.225488599141439,13.45493069489797,-0.2714192677289248,-0.37399495523422954
483,[5758 7064],394_N,0.0077616068097553,0.00967660277503,1994,0.543873452991937,42.448215430624906,-1.096165502240097,-24.995205,0.012864558,0.0,-0.035653837,-0.079012714,0.011890686,-0.07545717,0.013286519,13.73627,-0.006528055,0.34397528,-0.09213822,0.1384705,-0.05720439,0.016105851,-0.036335435,8.671198,-0.0040319767,0.13508303,-0.03710441,0.050175488,-0.019026179,0.0109237945,-0.03026058,-19.912647,0.010106342,0.09137319,-0.055587534,0.08956177,6.4807264e-06,0.008565578,0.0379641,0.0,0.0,0.0,0.0,0.0,0.0,0.0,0.0,0.0,0.0,0.0,0.0,0.0,0.0,0.0,0.0,1986.6692,1988.728,1994.5104,2023.9944,0.0,0.0,1984.3037,1986.7377,1988.8157,1994.5542,0.0,0.0,0.20960931,-0.33605433,-0.6281017,0.0,0.0,0.0,1986,1988,1994,2023,0,0,"c(-1.0961655022401, 42.4482154306249)",NBR_year,,0.6594470522655759,0.6722004058839369,,,,0.8344510942609323,0.8303756316171625,0.8262964833460752,0.8222136612950498,0.8181271774513346,0.8140370439413053,0.3434285500857128,0.3544700757124327,0.3611721055094802,0.375243703816282,0.3822365841344895,0.3953301154099679,0.4037575116074313,0.4144885802142693,0.4250541109320048,0.4324748236436917,0.4459292757933761,0.4527285717605199,0.4661604009440829,0.4742718879751886,0.4855086288080628,0.4956238506761908,0.5037294778786149,0.516592938504376,0.523219508913531,0.5369606055863134,0.5447798358880613,0.5564902305604773,0.5749375208720624,0.5872361497964016,0.5937102455226122,0.6077322640321644,0.6152824425335374,0.6274349269927738,0.5661806135921674,0.8201704193731922,0.3434285500857128,N,1311.2000274658203,6818.400172472,23.136512406667073,23.088657959302267,10.729057550430298,10.975056517124177,-0.50546875,-0.3210652683628723
484,[5683 7025],394_N,0.0083523858034729,0.0078059997953573,1994,0.402059550923197,42.46842752452143,-1.10667579106629,-10.990153,0.005639111,-0.0833168,-0.063545324,-0.0012019889,0.0030427591,-0.04639608,0.029442687,-126.904625,0.063987516,-0.05112835,-0.11948681,0.057774883,0.0,-0.020426985,0.048081156,-52.128113,0.026324673,-0.01125876,-0.05741626,0.043721143,-0.02403745,-0.0022770707,0.015373438,-14.963437,0.007625706,-0.01681736,-0.06759408,0.03736141,-0.024949543,0.0017255545,0.02071875,0.0,0.0,0.0,0.0,0.0,0.0,0.0,0.0,0.0,0.0,0.0,0.0,0.0,0.0,0.0,0.0,1987.8766,1989.366,1994.5104,2023.9287,0.0,0.0,1984.2134,1987.9642,1989.429,1994.5789,0.0,0.0,0.17603444,-0.1708012,-0.37522,0.0,0.0,0.0,1987,1989,1994,2023,0,0,"c(-1.10667579106629, 42.4684275245214)",NBR_year,,0.3582359390647073,0.36387680652636,0.3695176259021383,0.375158397188064,0.5696190679198584,0.4022789518756913,0.3822018945935797,0.4084604511848218,0.4349617106370187,0.4613683169451285,0.3626437049476367,0.3592173151956195,0.3773262121743276,0.3824164635214824,0.3877352390928969,0.4009792442129841,0.3988648011656047,0.414975806473084,0.4213582464674028,0.4247737015171025,0.4392060622626091,0.4384061953195223,0.4525254514172198,0.4601894077412223,0.4617272561644254,0.4773250614615065,0.4778403271519874,0.4899770815079662,0.4989099026157402,0.4985986957798555,0.5153373111027661,0.5171661964049821,0.5273327765697788,0.5353909251336569,0.5532440449382685,0.5563829746702578,0.5645947573220693,0.576019586431387,0.5721069550427825,0.5375198609232847,0.4481650137910736,0.3592173151956195,N,1330.9000170230865,6600.4001121521,23.25723934173584,23.286839946111044,10.807293287913005,11.047195374965668,-0.50546875,-0.3210652683628723
485,[5910 6793],394_N,0.0032880711077721,0.0032410741777824,1994,0.583612906058543,42.40725225366128,-1.16919853485287,6.7478166,-0.0031667026,-0.027004344,-0.18401037,0.030254863,0.01805693,-0.051978257,0.0,87.04059,-0.043615263,-0.17890847,-0.18964392,-0.0030521094,-0.104015715,0.0,0.0,202.06128,-0.101318724,0.0,-0.11649379,0.11529523,0.01562648,0.015775971,0.10222916,-65.077896,0.032926828,-0.034908604,-0.13571128,0.06334118,-0.020049427,-0.016563093,0.05002081,-7.32108,0.0038816321,-0.05045572,-0.13942787,0.038508635,-0.051456194,0.0,0.033524923,0.0,0.0,0.0,0.0,0.0,0.0,0.0,0.0,1986.2312,1987.9834,1989.9792,1994.5104,2023.9944,0.0,1984.2134,1986.3872,1988.2024,1990.0231,1994.5542,0.0,0.21780834,0.19592838,-0.3904166,-0.4451329,0.0,0.0,1986,1987,1989,1994,2023,0,"c(-1.16919853485287, 42.4072522536613)",NBR_year,,0.7264329587386745,0.7232018640077484,0.7012721855901878,0.6576641629053414,0.8413328009359053,0.7400079614754081,0.6990913083129154,0.7322317756694333,0.7650785061548768,0.7979825721197044,0.6231705899970826,0.6309339709692904,0.624100983214945,0.6406208522413603,0.6279857261148286,0.6473743265081511,0.6441874163462321,0.6513339977484986,0.6574232128111858,0.652712367230313,0.6676608281600441,0.6532823856782765,0.6749476498881825,0.670021845102576,0.6794092316627554,0.6838100314552532,0.6812450865219526,0.6946000004046194,0.6807219240716216,0.7024244611287309,0.69575545452494,0.7073947731870707,0.7100944257244671,0.7214378660418744,0.709586753677792,0.729803772087461,0.7213888355021273,0.7352891822891018,0.7362764875162375,0.709697230192999,0.7815305391372906,0.6309339709692904,N,1330.9000170230865,6600.4001121521,23.25723934173584,23.286839946111044,10.807293287913005,11.047195374965668,-0.49884440898895266,-0.3467488618567586
486,[3049 4813],304_N,0.0024077848538166,0.0035388845473274,1989,0.7130721154841689,43.178276262167344,-1.7027978137211,7.148877,-0.0033411798,-0.14937857,-0.20734657,0.038608767,-0.03368193,-0.010316177,0.002401932,-8.143738,0.004306473,-0.21891376,-0.13324842,0.026159897,-0.061468825,0.013873609,0.032246187,0.0,0.0,0.0,0.0,0.0,0.0,0.0,0.0,0.0,0.0,0.0,0.0,0.0,0.0,0.0,0.0,0.0,0.0,0.0,0.0,0.0,0.0,0.0,0.0,0.0,0.0,0.0,0.0,0.0,0.0,0.0,0.0,1989.8671,2023.9014,0.0,0.0,0.0,0.0,1984.3037,1990.0422,0.0,0.0,0.0,0.0,-0.16063556,0.0,0.0,0.0,0.0,0.0,1989,2023,0,0,0,0,"c(-1.7027978137211, 43.1782762621673)",NBR_year,,0.8174029031337109,0.8144645068847489,0.8107433882954895,0.8077780615849979,0.8040832246758786,0.8010909689212344,0.7786737366703727,0.7838096881602629,0.7875279931277874,0.7898258362596067,0.7907126609394559,0.7902100028229975,0.7883511726126659,0.7851807931983007,0.7817421371314339,0.7944466112960212,0.8059837402348172,0.8162840309545313,0.8252882102541091,0.8329479252455506,0.8392263060658495,0.8440983833635136,0.847551355241894,0.8495847004912576,0.8502101371468497,0.8494514276169216,0.847344033814772,0.8439346278514757,0.8436856542013355,0.8561779224067801,0.8674891326708224,0.8775516406556176,0.8863081626495074,0.8997298302944141,0.9043375869239058,0.9075252076650874,0.9092944639639696,0.9096593417064214,0.9086458180187408,0.8937124510159692,0.8059306431304383,0.7786737366703727,N,2519.700078010559,9929.700184822083,21.05417947769165,21.363773783047993,11.75977217356364,12.062874456246695,-0.2714192677289248,-0.37399495523422954
487,[3042 4998],305_N,0.0013328142190819,0.0029007012222021,1989,0.6806163968395986,43.18016272426436,-1.652941315443007,-48.63262,0.024737677,-0.089644186,-0.056277633,0.054773595,-0.03946585,0.017820645,0.060771868,-6.3207765,0.0034010578,-0.1228294,-0.08079363,0.034137145,-0.026530027,0.007963862,0.009746763,0.0,0.0,0.0,0.0,0.0,0.0,0.0,0.0,0.0,0.0,0.0,0.0,0.0,0.0,0.0,0.0,0.0,0.0,0.0,0.0,0.0,0.0,0.0,0.0,0.0,0.0,0.0,0.0,0.0,0.0,0.0,0.0,1989.8671,2023.8821,0.0,0.0,0.0,0.0,1984.3037,1990.0422,0.0,0.0,0.0,0.0,-0.28695035,0.0,0.0,0.0,0.0,0.0,1989,2023,0,0,0,0,"c(-1.65294131544301, 43.1801627242644)",NBR_year,,0.6995071272880243,0.7235998046073595,0.7489922668865315,0.7730331406675358,0.798476154990746,0.8224652367980486,0.6496607492753309,0.6522449812308843,0.6542157655249004,0.6555741072765583,0.6563248203707406,0.6564765222190069,0.6560415925004612,0.6585453985560753,0.665697153344011,0.6723568527100331,0.6784986443990447,0.6840993014243788,0.6891384695974484,0.6935988911337795,0.6974666016575778,0.7007310982114273,0.7033854761876979,0.7054265334390936,0.7068548401863349,0.7076747737193732,0.7078945172820207,0.707526022933029,0.7091015790657131,0.7163079256652753,0.7230253331069666,0.7292276652600902,0.7348913815179804,0.7445232584624684,0.7484594456276397,0.7517934414744797,0.7545179233997659,0.7566292610495143,0.758127590201335,0.7399957868848653,0.7857546478291408,0.6496607492753309,N,2669.300033569336,10320.300218582153,22.026339880625407,22.41362637678782,12.944137001037598,13.133110427856446,-0.2714192677289248,-0.37399495523422954
488,[2917 5019],305_N,0.008282289625015,0.0087533901751247,1989,0.721145063804576,43.21384954742523,-1.647281929151981,-2.2408779,0.0013412695,-0.17395854,-0.12753314,-0.0067256563,0.087109916,-0.025736278,0.015510124,-17.33109,0.00891525,-0.019666987,-0.077323474,0.04775361,-0.012118356,-0.0014812598,0.007140925,0.0,0.0,0.0,0.0,0.0,0.0,0.0,0.0,0.0,0.0,0.0,0.0,0.0,0.0,0.0,0.0,0.0,0.0,0.0,0.0,0.0,0.0,0.0,0.0,0.0,0.0,0.0,0.0,0.0,0.0,0.0,0.0,1989.8671,2023.8821,0.0,0.0,0.0,0.0,1984.3037,1990.0422,0.0,0.0,0.0,0.0,-0.3473854,0.0,0.0,0.0,0.0,0.0,1989,2023,0,0,0,0,"c(-1.64728192915198, 43.2138495474252)",NBR_year,,0.6823029800620856,0.683423855964974,0.6849749235731407,0.6861270827375077,0.6876460950152317,0.6888295391124729,0.5321104310378064,0.543059714415313,0.5536238725725582,0.5637836096557681,0.5735218791628816,0.582824053010654,0.5916780716189521,0.6000745733895884,0.6080070021594989,0.6154716914241898,0.6224679243609741,0.6289979689268591,0.6350670875564436,0.642538310097306,0.6542293466575746,0.6655826060835257,0.6765746680308315,0.6871839498595393,0.6973909096998224,0.7071782345403014,0.7165310113568084,0.7254368794563036,0.7338861623917791,0.7418719780028881,0.7493903253531684,0.7564401475667778,0.7630233698090993,0.7759287310606803,0.787656880231649,0.7990500420583644,0.8100845993009353,0.8207387483072869,0.83099270366046,0.7691449119095293,0.6868865888763697,0.5321104310378064,N,3005.7000484466553,11650.500235557556,21.780928134918213,22.15673137505849,13.225488599141439,13.45493069489797,-0.2714192677289248,-0.37399495523422954
489,[3071 4844],304_N,0.0043997199460109,0.000939294168308502,1989,0.7315707631876115,43.17234738129103,-1.694443481577203,-24.83364,0.012835259,0.12863018,-0.15064707,0.23743425,-0.023364872,0.09220262,-0.02681394,-0.28749847,0.00044112722,-0.11197145,-0.1322987,0.052292906,-0.024314024,0.008436667,0.058914535,0.0,0.0,0.0,0.0,0.0,0.0,0.0,0.0,0.0,0.0,0.0,0.0,0.0,0.0,0.0,0.0,0.0,0.0,0.0,0.0,0.0,0.0,0.0,0.0,0.0,0.0,0.0,0.0,0.0,0.0,0.0,0.0,1989.7794,2023.8821,0.0,0.0,0.0,0.0,1984.3037,1989.8671,0.0,0.0,0.0,0.0,-0.31836867,0.0,0.0,0.0,0.0,0.0,1989,2023,0,0,0,0,"c(-1.6944434815772, 43.172347381291)",NBR_year,,,0.9551753246130502,0.9678964124420528,0.9803111529964248,0.9938883034182692,,0.8485372345765962,0.8376736522359132,0.8522950569424076,0.8634038061584483,0.8705358343066509,0.8733438773245945,0.8716126166659124,0.8652686393769363,0.8543847708842973,0.8391785772629514,0.8536879399607799,0.8654179842616749,0.8732411053958703,0.8767893647914023,0.875824587351107,0.8702492236328903,0.860111642436027,0.8456056095615962,0.8549852388560992,0.8673231179427663,0.875827050804033,0.8801088700600137,0.8799078476093055,0.8751024454447267,0.8657165612142262,0.8519199835951047,0.856189470815228,0.8782951445503426,0.8833032371571319,0.8838625713549917,0.8798277951237888,0.8711983477251385,0.8581198906433971,0.8691212462664776,0.987099728207347,0.8485372345765962,N,2669.300033569336,10320.300218582153,22.026339880625407,22.41362637678782,12.944137001037598,13.133110427856446,-0.2714192677289248,-0.37399495523422954
490,[4897 2606],370_N,0.0103337773967595,0.0124106218924906,1987,0.7202006057088876,42.680250268557,-2.297572363449475,24.368103,-0.011928209,-0.10686959,0.0,-0.10542727,0.010252846,-0.084895514,-0.036158875,-25.518188,0.013052848,0.04885859,-0.049602594,0.059013497,0.0,0.005594082,0.020103317,0.0,0.0,0.0,0.0,0.0,0.0,0.0,0.0,0.0,0.0,0.0,0.0,0.0,0.0,0.0,0.0,0.0,0.0,0.0,0.0,0.0,0.0,0.0,0.0,0.0,0.0,0.0,0.0,0.0,0.0,0.0,0.0,1987.6083,2023.8821,0.0,0.0,0.0,0.0,1984.3037,1987.6329,0.0,0.0,0.0,0.0,-0.7545245,0.0,0.0,0.0,0.0,0.0,1987,2023,0,0,0,0,"c(-2.29757236344948, 42.680250268557)",NBR_year,,0.9592259205321728,0.9472395632669616,0.9352482004452864,0.7298122895305319,0.5088844972267756,0.5183496864449522,0.5243842840834454,0.5417882075548102,0.5605533842105732,0.5738349698423064,0.5826123344470846,0.5882015754965925,0.6084531878008281,0.6262255531053902,0.6386514941805416,0.6467803816997283,0.6522774652402032,0.6749415379449438,0.6917385610559056,0.7033402670821988,0.710861208570194,0.7196241349233695,0.7412550995358703,0.7570969350765893,0.7679077567936822,0.7748623006509591,0.7867919935309851,0.8073962174452026,0.8223055954328942,0.8323606753450282,0.8387912196172992,0.8537808514095109,0.8733677245452245,0.8967059503877585,0.9026555742246788,0.9205910647991904,0.9391729247874248,0.952295280761948,0.9609506966052892,0.88736983220214,0.941243881856124,0.5088844972267756,N,1226.7000193595886,5500.700077533722,23.53647143046061,23.543959379196167,10.905242776870727,11.053899176915486,-0.25131836757063863,-0.3263753249659203
491,[3051 4849],304_N,0.0014929146374747,0.0048997923290583,1989,0.6937258206981349,43.17773727299677,-1.693096008650768,10.211285,-0.0048498283,-0.07979585,-0.13231121,0.016397454,-0.0015806858,-0.009048644,0.019118583,-11.490523,0.0059897187,-0.153663,-0.119548686,0.020644069,-0.035660367,0.0,0.042729642,0.0,0.0,0.0,0.0,0.0,0.0,0.0,0.0,0.0,0.0,0.0,0.0,0.0,0.0,0.0,0.0,0.0,0.0,0.0,0.0,0.0,0.0,0.0,0.0,0.0,0.0,0.0,0.0,0.0,0.0,0.0,0.0,1989.8671,2023.8821,0.0,0.0,0.0,0.0,1984.3037,1990.0422,0.0,0.0,0.0,0.0,-0.21872313,0.0,0.0,0.0,0.0,0.0,1989,2023,0,0,0,0,"c(-1.69309600865077, 43.1777372729968)",NBR_year,,0.7727194910812538,0.7674552417004937,0.7630192971693719,0.757776133374,0.7533185895839827,0.7480964994344503,0.7022890069451792,0.705641420580751,0.7079830792477965,0.7093418481647136,0.709753580132553,0.7092616723179872,0.7153494628328134,0.7277334464350893,0.7392474968215219,0.7498425768979172,0.759477229875953,0.7681180199974085,0.7757398807116894,0.7823263662937637,0.7878698040921802,0.7923713458381527,0.7958409177015933,0.7982970700379358,0.799766729015615,0.8002848535263454,0.7998940019500048,0.8044099079760557,0.8168900643567871,0.8285063641115656,0.8392089341611519,0.8489554255742068,0.8577114645829451,0.8721566239833176,0.8778196199198396,0.8824401411813951,0.8860271148280777,0.8885981143398424,0.8901791223303935,0.8654510115847112,0.7555473614789914,0.7022890069451792,N,2669.300033569336,10320.300218582153,22.026339880625407,22.41362637678782,12.944137001037598,13.133110427856446,-0.2714192677289248,-0.37399495523422954
492,[5736 6972],394_N,0.0049125989385933,0.0072747355927106,1994,0.477070622468381,42.45414431150122,-1.1209590040865,0.40097934,0.0,-0.020575438,-0.065492705,0.046445258,-0.024219759,0.0,0.0132740885,-15.590737,0.007900531,-0.06272558,-0.068370916,0.042088855,-0.03427431,-0.0034265525,0.028536981,0.0,0.0,0.0,0.0,0.0,0.0,0.0,0.0,0.0,0.0,0.0,0.0,0.0,0.0,0.0,0.0,0.0,0.0,0.0,0.0,0.0,0.0,0.0,0.0,0.0,0.0,0.0,0.0,0.0,0.0,0.0,0.0,1994.5104,2023.9287,0.0,0.0,0.0,0.0,1984.3037,1994.5542,0.0,0.0,0.0,0.0,-0.4797367,0.0,0.0,0.0,0.0,0.0,1994,2023,0,0,0,0,"c(-1.1209590040865, 42.4541443115012)",NBR_year,,0.519777327008504,0.5198043482138447,0.520491606188566,0.5204733230877268,0.5197657268300284,0.5198159293160014,0.5204952639706815,0.5204692016203255,0.5197540438916136,0.5198274216504053,0.3309815866083077,0.3468328976808184,0.3403825953331987,0.3616143381245267,0.3657213940075586,0.3713958923737853,0.3861450561368869,0.3786111841228723,0.4014639389709633,0.4044457216161538,0.4117587074480699,0.4254003877434744,0.4173764236703943,0.4412576105938969,0.4431157307869409,0.4520694602460847,0.4645989744234383,0.4581556860987451,0.4809951161941251,0.4817318461936156,0.4923276095350315,0.503740931597426,0.4988886657407426,0.5202945236336569,0.5325326448257222,0.5428264080755227,0.539574578135484,0.5603008485440207,0.5588042496636548,0.5206762522285656,0.5197907327710094,0.3468328976808184,N,1330.9000170230865,6600.4001121521,23.25723934173584,23.286839946111044,10.807293287913005,11.047195374965668,-0.50546875,-0.3210652683628723
493,[4247 4930],294_N,0.036626878275796,0.0208461395474163,2000,0.5613060025412498,42.855421748993535,-1.671266947242523,-12.5065975,0.0066130934,-0.059962135,0.0,0.0,0.0,0.0,0.0,-35.961155,0.018244749,-0.055859286,-0.0373618,0.039832257,-0.02737439,-0.000808095,0.005206368,-94.9696,0.04736915,-0.04641306,-0.19209653,0.2695284,-0.09231684,0.13082252,0.16376443,0.0,0.0,0.0,0.0,0.0,0.0,0.0,0.0,0.0,0.0,0.0,0.0,0.0,0.0,0.0,0.0,0.0,0.0,0.0,0.0,0.0,0.0,0.0,0.0,1985.6616,2000.6432,2023.8821,0.0,0.0,0.0,1984.3037,1985.7931,2000.7965,0.0,0.0,0.0,-0.51782423,-0.40536925,0.0,0.0,0.0,0.0,1985,2000,2023,0,0,0,"c(-1.67126694724252, 42.8554217489935)",NBR_year,,0.6787088291976967,,0.405204652710101,0.4230729627825813,0.4408042561101919,0.4583995850486064,0.4763329675029407,0.4952852269429332,0.5141010825599532,0.5327795761428814,0.5513200051951826,0.5697219242476159,0.5879851455276857,0.6061097389845566,0.6240960316712607,0.6419446064875193,,0.4297188081981222,0.4759728873473129,0.5219109329247033,0.5675364553426421,0.6128531995771023,0.6578651408431453,0.702576480087755,0.7469916392755114,0.7911152564850625,0.8349521808179492,0.8785074671272715,0.9217863705659364,0.9647943409699876,1.0,0.6116564423710089,0.659059188268006,0.7532620649377574,0.8000561469013803,0.8466415991464493,0.8930158641874936,0.9391765786540098,0.9851215770775787,0.7062621008655177,0.6330203190793899,0.4297188081981222,N,1477.8000330924988,6216.700133919716,23.91165402730306,23.855032912890117,11.927323404947916,12.259393676122029,-0.4656738266348839,-0.422401258846124
494,[5758 7142],394_N,0.0119826404954694,0.0138826745809975,1994,0.477296060141291,42.448215430624906,-1.075144924587712,-22.913244,0.011739917,0.06071267,-0.050145164,0.04822085,-0.011801363,0.0,0.016171215,-28.580515,0.01442792,0.0,-0.06694382,0.03766009,-0.021434484,0.0,0.011616424,0.0,0.0,0.0,0.0,0.0,0.0,0.0,0.0,0.0,0.0,0.0,0.0,0.0,0.0,0.0,0.0,0.0,0.0,0.0,0.0,0.0,0.0,0.0,0.0,0.0,0.0,0.0,0.0,0.0,0.0,0.0,0.0,1994.535,2023.9287,0.0,0.0,0.0,0.0,1984.3037,1994.5789,0.0,0.0,0.0,0.0,-0.41260403,0.0,0.0,0.0,0.0,0.0,1994,2023,0,0,0,0,"c(-1.07514492458771, 42.4482154306249)",NBR_year,,,0.4657040137607512,0.4774818813597133,0.4894009727954831,0.5012273434858469,0.5129628234110046,0.5246094833578787,0.5361695907709902,0.5478948057817701,0.5598246472100806,0.5716615751562049,0.3021721591695392,0.3206602522312047,0.3277994847105213,0.3486124527240073,0.3620853616468864,0.3735251766147768,0.3928739883344398,0.4010032648389811,0.4203324802441196,0.4347482479506519,0.4448176583851198,0.4650084876252844,0.4741242830521979,0.491981782219929,0.5073282056971875,0.5160517036983541,0.5370647806328038,0.5471621872131669,0.5635620265068331,0.5798256507894903,0.5872294776459911,0.6090440033502224,0.6350749676123443,0.6522411144871064,0.658353207040582,0.6809473948116165,0.6929878399125343,0.7065224432089192,0.620116744196318,0.5538597264959253,0.3021721591695392,N,1311.2000274658203,6818.400172472,23.136512406667073,23.088657959302267,10.729057550430298,10.975056517124177,-0.50546875,-0.3210652683628723
495,[5156 6712],368_N,0.001948956096091,0.0015559628080506,1989,0.5578690990793287,42.61045117096767,-1.191027596261116,-17.076496,0.008803918,-0.041608162,-0.051205575,0.0,-0.011942906,-0.02781125,0.018824628,-3.610601,0.0019742022,-0.0024997091,-0.045235485,0.0626066,-0.042817116,0.016490653,0.019811608,0.0,0.0,0.0,0.0,0.0,0.0,0.0,0.0,0.0,0.0,0.0,0.0,0.0,0.0,0.0,0.0,0.0,0.0,0.0,0.0,0.0,0.0,0.0,0.0,0.0,0.0,0.0,0.0,0.0,0.0,0.0,0.0,1989.5413,2023.8821,0.0,0.0,0.0,0.0,1984.2134,1989.6726,0.0,0.0,0.0,0.0,-0.5111421,0.0,0.0,0.0,0.0,0.0,1989,2023,0,0,0,0,"c(-1.19102759626112, 42.6104511709677)",NBR_year,,0.494308434839074,0.5033896540739079,0.5118816686272116,0.5209840397067641,0.5296198770467473,,0.4375380844516741,0.4307817457423522,0.4269267266491017,0.4395886358780723,0.4472828649321294,0.4492571343601629,0.4451228338746077,0.4348996994288824,0.4454569926179177,0.4553792998664073,0.4598614553717706,0.4583526260679635,0.450695065635656,0.4504950337966072,0.4624833347206841,0.4693725984193215,0.470460254585062,0.4654158980355461,0.454786892601924,0.468657340612687,0.4778252263903886,0.4814488467234261,0.4790324726948222,0.4704794046107119,0.4739737953260353,0.4852664139580676,0.4913352837199297,0.4855764145459567,0.4785140614132741,0.4917547714255064,0.5001497577221424,0.5029039485744774,0.4995778846459724,0.4915290569777664,0.5253019583767558,0.4375380844516741,N,1841.700026512146,7384.200138092041,22.571997197469077,22.440771786371865,10.193367179234823,10.632575341065724,-0.30449218563735486,-0.36642252686433496
496,[5690 7010],394_N,0.007455677986641,0.0077529318171944,1994,0.415212927298406,42.46654106242442,-1.110718209845594,1.343546,-0.0005090284,-0.051758368,-0.05852209,0.037242826,-0.025778873,-0.0072818063,0.016037513,-15.718502,0.007985464,-0.060699508,-0.06976796,0.03468743,-0.032956652,0.0,0.02630992,0.0,0.0,0.0,0.0,0.0,0.0,0.0,0.0,0.0,0.0,0.0,0.0,0.0,0.0,0.0,0.0,0.0,0.0,0.0,0.0,0.0,0.0,0.0,0.0,0.0,0.0,0.0,0.0,0.0,0.0,0.0,0.0,1994.5104,2023.9287,0.0,0.0,0.0,0.0,1984.2134,1994.5789,0.0,0.0,0.0,0.0,-0.49243793,0.0,0.0,0.0,0.0,0.0,1994,2023,0,0,0,0,"c(-1.11071820984559, 42.4665410624244)",NBR_year,,0.4700274694155436,0.4692660904465667,0.4684488145970569,0.4675758409527366,0.4671089742606513,0.4669571486467216,0.4667499370776768,0.4664870871437344,0.4661683878604161,0.4657936698049644,0.3697407841249619,0.3719874264431856,0.3807539600483339,0.3934908395125434,0.3869590816632701,0.4092658163763906,0.4131335678541029,0.4194402663439833,0.4337620726320935,0.4287998721387613,0.448657505205187,0.454147672135935,0.4580049166387321,0.4738968041391855,0.4705190499074868,0.4879171022417359,0.4950284824527906,0.4964504256690581,0.5138951346294872,0.51211429181259,0.527046062787075,0.5357749464223437,0.5347794867514081,0.55358345977946,0.5660460430300178,0.5763862183544234,0.5729949665218966,0.5934840522496411,0.5949246051955099,0.5537573762576729,0.4659810288326902,0.3719874264431856,N,1330.9000170230865,6600.4001121521,23.25723934173584,23.286839946111044,10.807293287913005,11.047195374965668,-0.50546875,-0.3210652683628723
497,[5900 6791],394_N,-0.0015178400618967,-0.0003777022444026223,1994,0.433681852705746,42.40994719951415,-1.169737524023444,12.177049,-0.005903698,0.1046632,-0.12902676,0.118020676,-0.08044173,0.0,-0.016803728,-37.37049,0.018969549,0.021209229,-0.093644954,0.075076744,-0.005464029,0.0022633104,0.053957585,1.0795919,-0.0003353378,0.0,-0.105445296,0.045766648,-0.07157715,0.010895491,0.013763703,0.0,0.0,0.0,0.0,0.0,0.0,0.0,0.0,0.0,0.0,0.0,0.0,0.0,0.0,0.0,0.0,0.0,0.0,0.0,0.0,0.0,0.0,0.0,0.0,1989.8041,1994.5104,2023.9944,0.0,0.0,0.0,1984.2134,1989.8232,1994.5542,0.0,0.0,0.0,-0.22413518,-0.22109209,0.0,0.0,0.0,0.0,1989,1994,2023,0,0,0,"c(-1.16973752402344, 42.4099471995141)",NBR_year,,,0.6650352101085025,0.659354727975331,0.6534694474656264,0.6473761543086411,0.6410719134259039,0.5554381200798886,0.57445857398872,0.593461334198326,0.6124463123198348,0.5392871629976647,0.5524408857551644,0.5434823406249328,0.5496666027286923,0.548140819303473,0.5448516854456805,0.5503741274791374,0.5382191035277175,0.5502437697952892,0.5398846287559723,0.5478671677586391,0.5449929628261133,0.5434134737845612,0.5476711159184188,0.5370978854007697,0.5479699401816455,0.5362041812869551,0.545996800964487,0.5417621032497169,0.5419116853311244,0.5448868408671119,0.5359217798061519,0.5456185177315139,0.5440543100037838,0.5384481375835046,0.5403448540428069,0.5420208327372733,0.5346890941086934,0.5431886846979489,0.5324412693909776,0.6029538232590804,0.5524408857551644,N,1330.9000170230865,6600.4001121521,23.25723934173584,23.286839946111044,10.807293287913005,11.047195374965668,-0.49884440898895266,-0.3467488618567586
498,[4250 4928],294_N,0.0088230316098351,0.0101374453603075,2000,0.6347731572011908,42.85461326523768,-1.671805936413096,288.7478,-0.14519678,-0.1412324,-0.09345416,0.0,0.0,0.0,0.0,-35.559116,0.018083343,-0.06959287,-0.07152728,0.045674242,-0.02861949,0.0016546497,0.021272095,-21.465675,0.010931248,-0.091466226,-0.093615144,0.017271882,-0.03864566,-0.008450528,0.017234,0.0,0.0,0.0,0.0,0.0,0.0,0.0,0.0,0.0,0.0,0.0,0.0,0.0,0.0,0.0,0.0,0.0,0.0,0.0,0.0,0.0,0.0,0.0,0.0,1985.7931,2000.6432,2023.8821,0.0,0.0,0.0,1984.3037,1986.1436,2000.7965,0.0,0.0,0.0,-0.30960917,-0.33518454,0.0,0.0,0.0,0.0,1985,2000,2023,0,0,0,"c(-1.6718059364131, 42.8546132652377)",NBR_year,,0.752924511903369,0.6077313175821312,0.5371147974890907,0.554925878807486,0.5730216872267123,0.591356290374539,0.6088904682063938,0.6277474244153975,0.6447213425731938,0.6640992670057324,0.68051452793559,0.700411820597855,0.7162702572343831,0.7366851040087763,0.7519887786029738,0.7729191523986472,,0.5922869389169403,0.6033875743180032,0.6144403693071777,0.6254452318147854,0.6364020969661163,0.6473109272520974,0.6581717126759304,0.6689844708776315,0.6797492472352445,0.6904661149429826,0.7011351750655818,0.7117565565701122,0.7223304163329675,0.7328569391240524,0.743336337566927,0.7537688520751249,0.7744943293436148,0.7847879109757341,0.7950358461230906,0.8052385123632942,0.8153963141837917,0.8255096827527073,0.7641547507647558,0.7624539655008105,0.5922869389169403,N,1477.8000330924988,6216.700133919716,23.91165402730306,23.855032912890117,11.927323404947916,12.259393676122029,-0.4656738266348839,-0.422401258846124
499,[2931 5010],305_N,0.0039258331197809,0.0058329361737854,1989,0.7290957669133358,43.21007662323121,-1.649707380419564,-77.66243,0.03932657,-0.16237754,-0.12167197,0.00669945,-0.017262464,0.0,0.020340541,-12.360189,0.0064483155,-0.10711997,-0.08427702,0.025342127,-0.032734875,0.005327424,0.010642889,0.0,0.0,0.0,0.0,0.0,0.0,0.0,0.0,0.0,0.0,0.0,0.0,0.0,0.0,0.0,0.0,0.0,0.0,0.0,0.0,0.0,0.0,0.0,0.0,0.0,0.0,0.0,0.0,0.0,0.0,0.0,0.0,1989.8671,2023.8821,0.0,0.0,0.0,0.0,1984.5227,1990.0422,0.0,0.0,0.0,0.0,-0.3128367,0.0,0.0,0.0,0.0,0.0,1989,2023,0,0,0,0,"c(-1.64970738041956, 43.2100766232312)",NBR_year,,0.6239491377198667,0.6630953166933723,0.7022682214831959,0.7418678394766833,0.781272033688645,0.8204810486316426,0.6610722090675889,0.6668499019978418,0.6720461279909863,0.6766617713024767,0.6807013746664935,0.6841731088084138,0.6870887078649357,0.6912697242959289,0.7013603028923772,0.7109896021220389,0.7201318776399032,0.7287640702668133,0.7368660321326918,0.7444207266202177,0.751414399892271,0.7578367221026273,0.7636808967238571,0.7689437367835571,0.7736257071694792,0.7777309325432986,0.7812671707882781,0.7842457523033621,0.7875491500649762,0.7976907995024886,0.8073742781717907,0.8165735497453498,0.8252652356016793,0.8410469722127134,0.8481054832687307,0.8545936488627517,0.860504263332184,0.8658337235469259,0.8705820751306038,0.833428843814061,0.7615699365826641,0.6610722090675889,N,3005.7000484466553,11650.500235557556,21.780928134918213,22.15673137505849,13.225488599141439,13.45493069489797,-0.2714192677289248,-0.37399495523422954
500,[5863 6748],394_N,0.0071649080631193,0.0057404227093927,1994,0.422708150580774,42.41991849916977,-1.181325791190784,-65.54004,0.03318114,-0.08764783,-0.12535205,0.04299126,-0.020277362,-0.022405911,0.036350675,-89.207016,0.045029573,-0.11878864,-0.083607696,0.04129749,-0.012243365,0.0,0.054388132,-9.650337,0.0049922946,-0.09763931,-0.09285457,0.01925144,-0.026922956,-0.01577679,0.03398276,-11.080876,0.005654211,-0.07078972,-0.072951004,0.032412097,-0.039528143,0.0042377687,0.025842842,0.0,0.0,0.0,0.0,0.0,0.0,0.0,0.0,0.0,0.0,0.0,0.0,0.0,0.0,0.0,0.0,1986.4502,1989.366,1994.5104,2023.9944,0.0,0.0,1984.3037,1986.494,1989.429,1994.598,0.0,0.0,-0.11464177,-0.13047482,-0.5037877,0.0,0.0,0.0,1986,1989,1994,2023,0,0,"c(-1.18132579119078, 42.4199184991698)",NBR_year,,0.5488842135702161,0.5820429549399349,0.4929404016419361,0.5379751448947399,0.5831105843146054,0.4798875096633171,0.4850211257982178,0.4900075944148724,0.4948470766088786,0.4995399662103838,0.3691239087913418,0.3608088871570186,0.3796567697843751,0.3806285041262653,0.3863415170927887,0.3966334274726151,0.3894411522948337,0.4086944490843509,0.4060404415146654,0.4168484083968569,0.4235484695757667,0.4212968070357114,0.4371432028919508,0.4308914946121923,0.4467967686015238,0.4498736555579146,0.4526475869302154,0.4649978883325653,0.4551992357965229,0.4761719374458117,0.4756173413448735,0.4834700864936184,0.4922571478464703,0.5049628807934505,0.5007915432766757,0.513744166704811,0.5189234147261713,0.5187761482252157,0.5331622768903012,0.4871297063260135,0.49719352140963124,0.3608088871570186,N,1330.9000170230865,6600.4001121521,23.25723934173584,23.286839946111044,10.807293287913005,11.047195374965668,-0.49884440898895266,-0.3467488618567586
501,[3042 4782],304_N,0.00025744091585231386,0.0042865093731859,1989,0.7285165901375225,43.18016272426436,-1.711152145864996,-16.473267,0.008490582,-0.24540296,-0.1862277,0.027285418,0.038477313,-0.0071980795,0.010216693,-9.559207,0.0049922015,-0.2226891,-0.16140124,0.033977736,-0.011055876,0.0,0.052906133,0.0,0.0,0.0,0.0,0.0,0.0,0.0,0.0,0.0,0.0,0.0,0.0,0.0,0.0,0.0,0.0,0.0,0.0,0.0,0.0,0.0,0.0,0.0,0.0,0.0,0.0,0.0,0.0,0.0,0.0,0.0,0.0,1989.8671,2023.9014,0.0,0.0,0.0,0.0,1984.4543,1990.0422,0.0,0.0,0.0,0.0,-0.24386448,0.0,0.0,0.0,0.0,0.0,1989,2023,0,0,0,0,"c(-1.711152145865, 43.1801627242644)",NBR_year,,0.722845311020803,0.730876722381917,0.7397789174751055,0.7482727121607955,0.756342712384967,0.7652961939956864,0.7311963945214697,0.7299950859550153,0.7273644701674866,0.7233687955608539,0.7324835991007312,0.745649293822735,0.7575341015182318,0.7680606188651607,0.7771639697418435,0.7847927533683964,0.7909098086231968,0.7954927827958227,0.7985344959664638,0.8000430952604238,0.8000419963755552,0.798569612975805,0.7956788777252799,0.7914365618672327,0.8039935922894681,0.8169265819851885,0.8285633327621684,0.8388286999580344,0.8476602564426345,0.8550092074591065,0.860841119237752,0.8651364501743556,0.8678908763255703,0.8688362818046759,0.8670946702356018,0.8639461450117155,0.8615376571224655,0.8754614053557411,0.8881586623409911,0.8691154060522583,0.7523077122728812,0.7311963945214697,N,2519.700078010559,9929.700184822083,21.05417947769165,21.363773783047993,11.75977217356364,12.062874456246695,-0.2714192677289248,-0.37399495523422954
502,[4509 6620],373_N,0.0045177947292636,0.0056266852740159,1990,0.435832617085461,42.78481416764834,-1.215821098107518,31.993591,-0.015876401,0.041256025,-0.018665124,0.03138095,-0.011540305,0.0056565,0.016669309,-11.482069,0.0059122266,0.009480644,-0.033056796,0.015115839,-0.0059302878,-0.0012503884,0.013934638,0.0,0.0,0.0,0.0,0.0,0.0,0.0,0.0,0.0,0.0,0.0,0.0,0.0,0.0,0.0,0.0,0.0,0.0,0.0,0.0,0.0,0.0,0.0,0.0,0.0,0.0,0.0,0.0,0.0,0.0,0.0,0.0,1990.524,2023.8821,0.0,0.0,0.0,0.0,1984.2134,1990.5679,0.0,0.0,0.0,0.0,-0.27101567,0.0,0.0,0.0,0.0,0.0,1990,2023,0,0,0,0,"c(-1.21582109810752, 42.7848141676483)",NBR_year,,0.5381106526918061,0.5221755884080138,0.5063611239255863,0.4904676989459015,0.4745713690370089,0.4587357234439665,0.4428171369309403,0.334821347171145,0.3414626930815405,0.3474108988012016,0.3527076987183495,0.3574103208174634,0.3615896272078995,0.3653278735943355,0.3715159993361202,0.379888574485624,0.3875385450488063,0.3944655826559562,0.4006874398780781,0.4062392180162534,0.4111721365770149,0.4155518435886375,0.4194563199659159,0.4235409629687467,0.4321988808179767,0.4401394647302709,0.4473550526514638,0.4538562111304163,0.459671210366,0.4648449894905581,0.4694376452360546,0.4735224917423241,0.4771837523441195,0.4926237733080257,0.5001296140333847,0.5069146245114705,0.5130000773308223,0.5184243880503454,0.523241789902243,0.4843938062926352,0.4666535462404877,0.334821347171145,N,1891.8000240325928,7366.30010676384,22.853659693400065,22.883449721336365,10.889953104654948,11.257201731204987,-0.35976562947034835,-0.30279947984963657
503,[4921 2696],380_N,0.0011630653084542,0.0016017399992129,1991,0.6617496772113441,42.67378239851011,-2.273317850773646,5.6585126,-0.00250184,0.03920122,-0.011819883,0.014889776,0.0,-0.012692235,-0.008325027,-2.8141258,0.0017346828,0.028229952,-0.013601888,0.0042179152,0.0,-0.0036671693,0.0,0.0,0.0,0.0,0.0,0.0,0.0,0.0,0.0,0.0,0.0,0.0,0.0,0.0,0.0,0.0,0.0,0.0,0.0,0.0,0.0,0.0,0.0,0.0,0.0,0.0,0.0,0.0,0.0,0.0,0.0,0.0,0.0,1991.6193,2023.9479,0.0,0.0,0.0,0.0,1984.3037,1992.1011,0.0,0.0,0.0,0.0,-0.1391624,0.0,0.0,0.0,0.0,0.0,1991,2023,0,0,0,0,"c(-2.27331785077365, 42.6737823985101)",NBR_year,,,0.7490006955955087,0.746151918723943,0.7439882044597135,0.7413368828788687,0.7389034426020226,0.7364505288314412,0.7337464035907826,0.6738513856005334,0.6738846237610348,0.6772518081897285,0.6786449273291236,0.6796667121428046,0.682610587791972,0.6831352739870459,0.6856397994844282,0.6876119307600531,0.6876691217736175,0.691231201817292,0.692286077057037,0.6938797959944049,0.696452079919961,0.6966733211081283,0.6997081499222163,0.7013256622505118,0.7019715528375124,0.7051575756989817,0.7058861855847932,0.7080381721687423,0.7102438792523286,0.7101772603427349,0.7137222773282638,0.7149946053471391,0.7190319899139678,0.7194477533825042,0.7221418123627862,0.7239876643715684,0.7242537635324933,0.7276828310525351,0.7162198784895691,0.7376769857167319,0.6738513856005334,N,1452.400013923645,5588.100085258484,23.019765377044678,23.503747193018594,10.708363580703736,10.995350090662638,-0.06461588591337204,-0.28393554309150204
504,[2928 4947],305_N,0.00042270718944184,0.0042438127758331,1989,0.6698946378364461,43.21088510698707,-1.666685539292644,0.41161555,0.0,-0.22170667,-0.13164042,0.007942823,-0.035003155,-0.013449995,0.02207336,-8.356856,0.0044319755,-0.18015511,-0.0818223,0.0083751865,-0.032741766,0.017546996,0.027183082,0.0,0.0,0.0,0.0,0.0,0.0,0.0,0.0,0.0,0.0,0.0,0.0,0.0,0.0,0.0,0.0,0.0,0.0,0.0,0.0,0.0,0.0,0.0,0.0,0.0,0.0,0.0,0.0,0.0,0.0,0.0,0.0,1989.8671,2023.8821,0.0,0.0,0.0,0.0,1984.3037,1990.086,0.0,0.0,0.0,0.0,-0.213384,0.0,0.0,0.0,0.0,0.0,1989,2023,0,0,0,0,"c(-1.66668553929264, 43.2108851069871)",NBR_year,,0.715723793703839,0.715891042159645,0.7157044307898579,0.7159013450290522,0.7156843308598332,0.7159109218400187,0.7181927902313114,0.7194527993975524,0.7202138916371301,0.7204922807562586,0.7203063261785206,0.7280705761182789,0.7367446232741534,0.7449582322729852,0.7526923812848368,0.7599302625023788,0.7666573918228842,0.7728617024571286,0.7785336217897592,0.7836661309466258,0.7882548066510999,0.7922978450915467,0.7957960676559093,0.7987529085291581,0.8011743842856861,0.8030690457479748,0.8044479125141337,0.8053243906907752,0.8057141744929865,0.8056351324954895,0.8112211168640354,0.819999942624737,0.8283230883134904,0.8435264357420603,0.8503742642424205,0.8567018769585114,0.8624991115992674,0.8677583472492,0.8724745503989917,0.8361710314673831,0.7157928379444427,0.7181927902313114,N,3005.7000484466553,11650.500235557556,21.780928134918213,22.15673137505849,13.225488599141439,13.45493069489797,-0.2714192677289248,-0.37399495523422954
505,[2908 4889],305_N,-0.0026407389975442,-0.00043557894867561896,1989,0.7265380824439017,43.21627499869281,-1.682316225239289,22.077477,-0.01077666,-0.04310441,-0.05970033,0.0013385011,-0.011375357,-0.017427836,0.0063648946,0.08628802,0.00026286792,-0.095648766,-0.0918954,0.012849609,-0.019470971,0.0,0.03046977,0.0,0.0,0.0,0.0,0.0,0.0,0.0,0.0,0.0,0.0,0.0,0.0,0.0,0.0,0.0,0.0,0.0,0.0,0.0,0.0,0.0,0.0,0.0,0.0,0.0,0.0,0.0,0.0,0.0,0.0,0.0,0.0,1989.8671,2023.8821,0.0,0.0,0.0,0.0,1984.3037,1990.0422,0.0,0.0,0.0,0.0,-0.25863656,0.0,0.0,0.0,0.0,0.0,1989,2023,0,0,0,0,"c(-1.68231622523929, 43.2162749986928)",NBR_year,,0.7810578613267737,0.7703057523428799,0.7595114231163983,0.7487464030774386,0.737964675700626,0.7271867419233454,0.7862349737092872,0.783921355045933,0.7809341981720354,0.7772951351891335,0.773031278721566,0.7752467538515608,0.7796170880718557,0.7834266099130135,0.7866386698224335,0.7892215518170679,0.7911488346409226,0.7923996911962092,0.7929591226428713,0.7928181243826593,0.7919737819971704,0.7904292960887367,0.7881939358643225,0.7852829221931964,0.7817172417529487,0.7775233947357748,0.7786854031876788,0.7831174154482051,0.7869931090205627,0.7902752950330866,0.7929316730745544,0.7949351991541537,0.7962643924000787,0.7968430550893052,0.7960792128017461,0.7946145512566282,0.7924576492928501,0.7896230543363936,0.7861311043282047,0.7969035767978944,0.7433555393890323,0.7862349737092872,N,3005.7000484466553,11650.500235557556,21.780928134918213,22.15673137505849,13.225488599141439,13.45493069489797,-0.2714192677289248,-0.37399495523422954
506,[5672 7008],394_N,0.009503626258948,0.0097354739997762,1994,0.580969227801067,42.4713919649596,-1.111257199016168,-69.82007,0.03535101,-0.007286759,-0.056288492,0.063766256,-0.009890592,-0.014916994,0.03437967,-70.997665,0.03590618,0.015986001,-0.053061105,0.06488755,-0.0145471245,0.0015493624,0.02276348,-19.181183,0.009766541,-0.009314894,-0.07953287,0.05552915,-0.035404023,0.0017099275,0.010299802,0.0,0.0,0.0,0.0,0.0,0.0,0.0,0.0,0.0,0.0,0.0,0.0,0.0,0.0,0.0,0.0,0.0,0.0,0.0,0.0,0.0,0.0,0.0,0.0,1989.4536,1994.5104,2023.9287,0.0,0.0,0.0,1984.2134,1989.5166,1994.5789,0.0,0.0,0.0,-0.13562495,-0.63955635,0.0,0.0,0.0,0.0,1989,1994,2023,0,0,0,"c(-1.11125719901617, 42.4713919649596)",NBR_year,,0.4825117954491081,0.5180324338045528,0.5534856558690312,0.5883529108619074,0.6242259900003605,0.5498937158561839,0.5857749334917924,0.6216286110509772,0.657454919104672,0.693254037618576,0.4259132537248744,0.4276710303118725,0.4464442871450405,0.4508561635620419,0.4627179308004849,0.4751891616066125,0.4751944362404728,0.4950433927152492,0.5007236673176888,0.5106977209559682,0.5243585396850418,0.5230103882335783,0.5435426201879686,0.5504833921309268,0.5585893280971035,0.5734220558427588,0.5733579610969561,0.5919434602780752,0.6001352561886422,0.6063949457249758,0.6223805103073968,0.6235998362875346,0.640247520921484,0.6541168618261894,0.6712348338789222,0.673735309178722,0.6884565242313365,0.6991157653571742,0.7017574548113593,0.6496793159066976,0.675354478361624,0.4276710303118725,N,1330.9000170230865,6600.4001121521,23.25723934173584,23.286839946111044,10.807293287913005,11.047195374965668,-0.50546875,-0.3210652683628723
507,[4252 4912],294_N,0.0100846664888606,0.0122260147195918,2000,0.476868144131121,42.8540742760671,-1.676117849777688,-14.566576,0.0074853757,-0.06872678,-0.016230838,0.043239746,-0.0331128,0.02202712,0.0029842986,-25.626923,0.012917196,-0.054341022,-0.03173211,0.03106398,-0.027739089,0.0041170954,0.011511364,0.0,0.0,0.0,0.0,0.0,0.0,0.0,0.0,0.0,0.0,0.0,0.0,0.0,0.0,0.0,0.0,0.0,0.0,0.0,0.0,0.0,0.0,0.0,0.0,0.0,0.0,0.0,0.0,0.0,0.0,0.0,0.0,2000.6432,2023.8821,0.0,0.0,0.0,0.0,1984.3037,2001.1908,0.0,0.0,0.0,0.0,-0.32054916,0.0,0.0,0.0,0.0,0.0,2000,2023,0,0,0,0,"c(-1.67611784977769, 42.8540742760671)",NBR_year,,0.4277571304433656,0.4352466982060083,0.4397127097759675,0.4505313954430235,0.4572343739842429,0.4630915879356468,0.4731611957479828,0.4790727284509641,0.4863354130909497,0.495645036203072,0.5007617357455386,0.5094416199779249,0.5179816859509974,0.5223016561043345,0.532407876610167,0.5401701839551177,,0.3456536414634303,0.356240391186209,0.3677112890738185,0.3842326958194595,0.3960769739077337,0.4047081288339175,0.4224688856923259,0.4355788172570762,0.4440602815509277,0.4603641405648062,0.4747413759245938,0.4844518206627974,0.4979221376356846,0.5135618331819897,0.5245202434259152,0.5351482787572016,0.5642581425941546,0.5720496555829033,0.5901739358552675,0.6036597760417084,0.6125033139174523,0.6279687233432084,0.5520391222763436,0.5362890302826424,0.3456536414634303,N,1477.8000330924988,6216.700133919716,23.91165402730306,23.855032912890117,11.927323404947916,12.259393676122029,-0.4656738266348839,-0.422401258846124
508,[4902 2594],370_N,0.0049456947810963,0.0052269359155461,1987,0.5721348757625684,42.67890279563056,-2.300806298472919,0.61704284,0.0,0.043350495,-0.020158691,0.004390363,-0.0050274013,-0.01617633,0.0,-10.691694,0.0056344033,0.038604002,-0.023280812,0.015532685,-0.0029329874,-0.006871465,0.0,0.0,0.0,0.0,0.0,0.0,0.0,0.0,0.0,0.0,0.0,0.0,0.0,0.0,0.0,0.0,0.0,0.0,0.0,0.0,0.0,0.0,0.0,0.0,0.0,0.0,0.0,0.0,0.0,0.0,0.0,0.0,0.0,1987.6083,2023.8821,0.0,0.0,0.0,0.0,1984.3037,1987.9834,0.0,0.0,0.0,0.0,-0.16966641,0.0,0.0,0.0,0.0,0.0,1987,2023,0,0,0,0,"c(-2.30080629847292, 42.6789027956306)",NBR_year,,,0.6819059462497534,0.6819039195222762,0.68190110632443,0.5570075287842909,0.5651176896865747,0.5692654718729826,0.572713057499961,0.5817360026897729,0.5869560815558382,0.5882310317068447,0.5980938778390246,0.6043643663776437,0.6065167767790584,0.6142057187576778,0.6214907904581894,0.6247191860925638,0.630089262311298,0.6383394806079944,0.6426477625573883,0.6457653302700833,0.6549182384519552,0.6602964469971233,0.6615462470952138,0.671238483985836,0.6776626459576858,0.6799744876290652,0.6873151303515382,0.6947473655086172,0.698136638506976,0.7031663910283567,0.7115552805124936,0.716023841693258,0.7280947366077479,0.7336305431497246,0.7350369889606759,0.7443776835031076,0.7509546784280613,0.7534262936636544,0.7188135220372425,0.6819049328860148,0.5570075287842909,N,1254.2000260353088,5570.3001227378845,22.904892031351725,22.894782280921937,10.137628920873006,10.286800380547842,-0.25131836757063863,-0.3263753249659203
509,[5888 6835],394_N,0.0027201138815419,0.0039438698262862,1994,0.416601304159245,42.4131811345376,-1.157879762270817,0.32990506,0.0,-0.042589698,-0.07229896,0.035439517,-0.0143933315,-0.0019831664,0.018462086,-8.281458,0.0042819045,-0.02954375,-0.06593636,0.027859034,-0.041464336,0.0,0.019517375,0.0,0.0,0.0,0.0,0.0,0.0,0.0,0.0,0.0,0.0,0.0,0.0,0.0,0.0,0.0,0.0,0.0,0.0,0.0,0.0,0.0,0.0,0.0,0.0,0.0,0.0,0.0,0.0,0.0,0.0,0.0,0.0,1994.5104,2023.9944,0.0,0.0,0.0,0.0,1984.2134,1994.5542,0.0,0.0,0.0,0.0,-0.4434196,0.0,0.0,0.0,0.0,0.0,1994,2023,0,0,0,0,"c(-1.15787976227082, 42.4131811345376)",NBR_year,,0.4623684096393078,0.4626897152182845,0.4629598291473649,0.4631782559382105,0.4633445380824312,0.4634582565813306,0.4635190314372772,0.4635265221062357,0.4634804279106265,0.4633804884124622,0.3735014362848455,0.3867295860247296,0.3810205239408076,0.3944525608009612,0.3947756193595593,0.4003301554324391,0.4066686945955904,0.4044700986329629,0.4166508084138671,0.409838690000733,0.4247224728984833,0.4239283946562374,0.4309340726217653,0.4361703860559688,0.4353846240041517,0.4465067689477406,0.4385973226029675,0.4549288440914686,0.4530180550052157,0.46147783214182,0.4656069825504548,0.4662439391010824,0.4762973359690934,0.4850712294941245,0.4820451443583462,0.4919606879562047,0.4949787247336265,0.4970470189373225,0.5060224361412723,0.4693637811406011,0.4634304581615444,0.3867295860247296,N,1330.9000170230865,6600.4001121521,23.25723934173584,23.286839946111044,10.807293287913005,11.047195374965668,-0.49884440898895266,-0.3467488618567586
510,[5903 6794],394_N,-0.0008432549722321436,0.0004302752520445763,1994,0.582729104463432,42.40913871575829,-1.168929040267583,6.968548,-0.003256905,0.0072052586,-0.16708769,0.065523565,-0.0064739967,0.0,0.0,-61.376465,0.031084972,-0.17328215,-0.08767101,0.014383635,0.0,0.036201563,0.1211103,-9.829739,0.0051892363,-0.015622193,-0.13697426,0.08684897,-0.033181705,0.009737648,0.045258757,-0.79943025,0.00064154185,-0.04826902,-0.15550263,0.05614852,-0.06926106,0.019159347,0.027671397,0.0,0.0,0.0,0.0,0.0,0.0,0.0,0.0,0.0,0.0,0.0,0.0,0.0,0.0,0.0,0.0,1986.2119,1988.728,1994.5104,2023.9944,0.0,0.0,1984.2134,1986.2312,1988.8595,1994.5542,0.0,0.0,0.14158736,0.3381431,-0.15686774,0.0,0.0,0.0,1986,1988,1994,2023,0,0,"c(-1.16892904026758, 42.4091387157583)",NBR_year,,0.6997932444993428,0.6965132976268092,0.7107072100315311,0.741856180017421,0.7730716553933826,0.720490624760665,0.7265300055590149,0.7310278581282144,0.7368857314701707,0.7415490421285916,0.6947142628296763,0.7114256745773205,0.6957784025168997,0.7108259906135126,0.7059499787481737,0.7072093997161598,0.7126442445075771,0.7008793711975569,0.7159143332295654,0.6982492338964605,0.715899427381853,0.7090615656216208,0.7128189540785949,0.7163964740542709,0.7069642134794188,0.7202907901343846,0.7006030688684172,0.7208681654358476,0.712054366148541,0.7183337690138186,0.7200311796182121,0.7129663686552068,0.7245539527823948,0.7257306249813775,0.7149284801431517,0.7237518364473114,0.7235479009161475,0.7188834726416411,0.7287028238819389,0.7051080958524173,0.7392173867993812,0.7114256745773205,N,1330.9000170230865,6600.4001121521,23.25723934173584,23.286839946111044,10.807293287913005,11.047195374965668,-0.49884440898895266,-0.3467488618567586
511,[5759 7080],394_N,0.011284303118053,0.0124948106556182,1994,0.683391531237146,42.447945936039616,-1.091853588875505,2.8983443,-0.0011030583,0.07294358,-0.02231178,0.024471197,0.0057674213,0.0,0.0,-26.003632,0.013131105,0.009983842,-0.04878412,0.055277437,-0.014547482,0.0039474,0.025024299,0.0,0.0,0.0,0.0,0.0,0.0,0.0,0.0,0.0,0.0,0.0,0.0,0.0,0.0,0.0,0.0,0.0,0.0,0.0,0.0,0.0,0.0,0.0,0.0,0.0,0.0,0.0,0.0,0.0,0.0,0.0,0.0,1994.5104,2023.9944,0.0,0.0,0.0,0.0,1984.3037,1994.5789,0.0,0.0,0.0,0.0,-0.8220425,0.0,0.0,0.0,0.0,0.0,1994,2023,0,0,0,0,"c(-1.0918535888755, 42.4479459360396)",NBR_year,,,0.780605410761009,0.7794228052725655,0.7785399489874895,0.7774661258909904,0.776190098809582,0.7750140331470915,0.774129114673421,0.7730530997694772,0.7717747604784259,0.7706052387970921,0.2935666429686962,0.3150768143173568,0.3172827399863515,0.3403013848659168,0.3499881585589616,0.3629998205465189,0.3798718490420605,0.3834574182648538,0.4069560465510181,0.4115058334376082,0.4313686929572859,0.4433369623066644,0.4533351114254397,0.4723416398155429,0.4731654142383175,0.4985756241070107,0.5054593058134258,0.5221982783339807,0.5364110144297347,0.5434628560810606,0.5645421208248295,0.5662505801945875,0.5991404157532766,0.6127987195266701,0.6292108897268952,0.6333938926402081,0.6564770788293905,0.6605303960656633,0.5899414095591553,0.7724139301239515,0.2935666429686962,N,1311.2000274658203,6818.400172472,23.136512406667073,23.088657959302267,10.729057550430298,10.975056517124177,-0.50546875,-0.3210652683628723
512,[2965 5007],305_N,0.0054285889222655,0.0061593385520505,1989,0.7580068876352114,43.20091380733145,-1.650515864175425,4.7373605,-0.0020285882,-0.0140245035,-0.07306666,-0.0058736103,0.0,-0.020609707,0.025813151,-12.172735,0.0064005014,0.0045399303,-0.06235082,0.023849033,0.0,-0.006220975,0.015912404,0.0,0.0,0.0,0.0,0.0,0.0,0.0,0.0,0.0,0.0,0.0,0.0,0.0,0.0,0.0,0.0,0.0,0.0,0.0,0.0,0.0,0.0,0.0,0.0,0.0,0.0,0.0,0.0,0.0,0.0,0.0,0.0,1989.8671,2023.8821,0.0,0.0,0.0,0.0,1984.3037,1990.0422,0.0,0.0,0.0,0.0,-0.4478973,0.0,0.0,0.0,0.0,0.0,1989,2023,0,0,0,0,"c(-1.65051586417542, 43.2009138073315)",NBR_year,,0.801184520349479,0.7993162779415028,0.797114852661038,0.7952634024836056,0.7930447816377296,0.7912101033443802,0.6481674082046437,0.6554686322225566,0.6624394479176621,0.6690592749638823,0.6753103528159715,0.6811779804443147,0.6866507230386706,0.6917205830237542,0.6963831331622918,0.7006376099742714,0.7044869661856399,0.7119217559577244,0.7203163238943947,0.7284886298912068,0.7364095979305575,0.7440517089005195,0.7513893404997559,0.7583990887440675,0.7650600670648257,0.7713541792456537,0.7772663627519023,0.7827847993593242,0.7879010903785856,0.7926103941980909,0.7969115243222074,0.8008070065622799,0.8076880834077149,0.8243054512638642,0.8322566303588488,0.8399320139688432,0.8473057458842653,0.8543541524564378,0.8610560444577569,0.816106191632752,0.7941540920606676,0.6481674082046437,N,3005.7000484466553,11650.500235557556,21.780928134918213,22.15673137505849,13.225488599141439,13.45493069489797,-0.2714192677289248,-0.37399495523422954
513,[5696 6990],394_N,0.0101394608006457,0.012271493021069,1994,0.437271717857452,42.464924094912696,-1.116108101551334,-4.013708,0.0022174353,0.010549782,-0.021744875,0.048128016,-0.008038658,0.0,0.014171084,-25.533802,0.012906722,-0.022832653,-0.064275265,0.038607463,-0.024988273,0.0,0.020669961,0.0,0.0,0.0,0.0,0.0,0.0,0.0,0.0,0.0,0.0,0.0,0.0,0.0,0.0,0.0,0.0,0.0,0.0,0.0,0.0,0.0,0.0,0.0,0.0,0.0,0.0,0.0,0.0,0.0,0.0,0.0,0.0,1994.5104,2023.9287,0.0,0.0,0.0,0.0,1984.2134,1994.5542,0.0,0.0,0.0,0.0,-0.40982398,0.0,0.0,0.0,0.0,0.0,1994,2023,0,0,0,0,"c(-1.11610810155133, 42.4649240949127)",NBR_year,,0.4538045524714181,0.4561513696096277,0.4584562338408474,0.4607187850367706,0.4629386960686229,0.4651156732409199,0.4672494566940773,0.4693398207753715,0.4713865743777947,0.4733895612463602,0.3281592541701533,0.3424505263744001,0.3478238318807111,0.3696768165789875,0.3751344520467494,0.3931478303776289,0.4066112515577789,0.4131530174312044,0.4342418269128439,0.4388516355284453,0.4580978322188398,0.4707291595772052,0.478448810862172,0.4987648202632379,0.5025277660897975,0.5230088226594782,0.5348042988641639,0.5437105843736171,0.5632456060156608,0.5661631543179634,0.5878803867957811,0.5988367432264629,0.6089377283929767,0.6297581349054538,0.6527121321851209,0.6628265918159234,0.674129652047762,0.6920799161301988,0.6933130664236462,0.6276840182987354,0.47238806781207743,0.3424505263744001,N,1330.9000170230865,6600.4001121521,23.25723934173584,23.286839946111044,10.807293287913005,11.047195374965668,-0.50546875,-0.3210652683628723
514,[3145 4800],347_N,0.0029809847627278,0.0042731603953101,2002,0.4510406746252798,43.1524047819798,-1.70630124332983,30.799997,-0.015360723,-0.17490515,-0.15950651,0.009720074,0.034098826,-0.029425565,0.0033123675,121.97391,-0.06093573,-0.06584923,-0.032212455,0.07615376,0.18782383,-0.115240015,0.1533447,-75.737434,0.03800297,-0.23651151,-0.14541315,0.04226799,0.0021165097,-0.014822911,0.043828398,-8.990907,0.004597737,-0.19520204,-0.11325957,0.051511683,0.00965326,-0.011194222,0.021801993,0.0,0.0,0.0,0.0,0.0,0.0,0.0,0.0,0.0,0.0,0.0,0.0,0.0,0.0,0.0,0.0,1993.6781,1998.034,2002.0669,2023.8821,0.0,0.0,1984.498,1994.0286,1998.0587,2002.2422,0.0,0.0,0.20005535,-0.59372663,-0.2006045,0.0,0.0,0.0,1993,1998,2002,2023,0,0,"c(-1.70630124332983, 43.1524047819798)",NBR_year,,0.596203973604757,0.5812047271697204,0.5648801730857265,0.5497814774376508,0.5351539242765051,0.5192064137814268,0.5032552462258648,0.4889970915380924,0.47342554667496,0.4566261472320699,0.7841688736503621,0.7221834951213696,0.6622673255268766,0.6011552430149993,0.579358389273076,0.6177738132323648,0.6558088193006005,0.6934624757564474,0.5110312558479465,0.5168212242067508,0.5217903551063269,0.5259314776128298,0.5292424471302358,0.5317261480203899,0.5333904501237724,0.534248119832249,0.5423702361931945,0.5499158918061596,0.5566738561393983,0.5626261402566954,0.5677596135345063,0.5720661075522766,0.5755424741721805,0.5800173589722808,0.5810345585834565,0.5876677826728585,0.5953678760305633,0.602284432112954,0.6083985099918187,0.5781905973828828,0.674635647528524,0.5168212242067508,N,2309.4000339508057,9913.500129699707,22.00344772338867,21.65556395848592,12.617296107610066,12.039151167869568,-0.5317708354443311,-0.20017653689361536
515,[5076 3583],379_N,0.0044172259848332,0.0054243898610162,1991,0.6590482039577119,42.63201073779063,-2.034276153624091,10.737036,-0.0050490987,0.013939318,-0.0051676165,0.037896316,0.009501437,-0.009586213,0.0,-10.946921,0.0057898364,0.008361544,-0.018620508,0.010200803,-0.007119867,-0.0071389345,0.0016358747,0.0,0.0,0.0,0.0,0.0,0.0,0.0,0.0,0.0,0.0,0.0,0.0,0.0,0.0,0.0,0.0,0.0,0.0,0.0,0.0,0.0,0.0,0.0,0.0,0.0,0.0,0.0,0.0,0.0,0.0,0.0,0.0,1991.5316,2023.9014,0.0,0.0,0.0,0.0,1984.3037,1991.5535,0.0,0.0,0.0,0.0,-0.27096725,0.0,0.0,0.0,0.0,0.0,1991,2023,0,0,0,0,"c(-2.03427615362409, 42.6320107377906)",NBR_year,,0.7610112141694612,0.7562210630698528,0.7513019736159773,0.7462539899223327,0.7410775688097264,0.7357735791955402,0.730923221905549,0.7218697643562134,0.6148568253120217,0.6178917556695962,0.6261462325484413,0.6308032296220933,0.636942955236188,0.6432986083408945,0.6472596542533264,0.6553374127880399,0.6575438481150893,0.666893700973494,0.6706590632105239,0.6779567256673852,0.6833857790166489,0.6885310264418166,0.6956761109788842,0.6986359615906802,0.7074961240674706,0.7104006502876548,0.7188267913452917,0.723344622532347,0.7296643932121717,0.7358765049616088,0.7400203507485826,0.7479546513590312,0.7500371841400196,0.7631822824391931,0.7706561400568129,0.7759434698649966,0.7812707272125399,0.7882717568905745,0.7914137853979466,0.759551872378044,0.7333484005505446,0.6148568253120217,N,1418.8000288009644,5607.500098347664,23.442552185058595,23.926483217875163,11.229377889633179,11.583851087093354,-0.06341146379709243,-0.2941487648524344
516,[5754 7134],394_N,0.0005895266545876687,0.0021785552489397,1994,0.474196470838619,42.44929340896605,-1.077300881270008,6.494525,-0.003128927,-0.12132618,-0.016679624,-0.0019926974,0.0,-0.017423177,0.032733433,251.11636,-0.12607567,-0.04006043,-0.047397926,0.07981116,-0.0074347216,0.025322838,0.035353214,-50.34891,0.025458919,-0.021299062,-0.024484262,0.090890735,-0.026231539,-0.006621098,0.009640017,-4.3022428,0.0023250685,-0.06696035,-0.048109747,0.053156868,-0.050196745,0.004213101,0.010036732,0.0,0.0,0.0,0.0,0.0,0.0,0.0,0.0,0.0,0.0,0.0,0.0,0.0,0.0,0.0,0.0,1987.8328,1990.4174,1994.535,2023.9287,0.0,0.0,1984.3037,1987.8766,1990.4365,1994.6418,0.0,0.0,0.37133867,0.2228542,-0.46326596,0.0,0.0,0.0,1987,1990,1994,2023,0,0,"c(-1.07730088127001, 42.449293408966)",NBR_year,,0.4290796683295021,0.4259022571994675,0.4226893878676373,0.419592260718521,0.5612325094615456,0.4350355201340533,0.4685507208053682,0.4941014173792576,0.5194613406200034,0.5447776494734642,,0.5018813237140328,0.5012969914169689,0.4990002034386009,0.5096061886389721,0.5048289569869712,0.5096806143719536,0.5161925176044235,0.507270525259291,0.5192939804678244,0.5216365057329431,0.514411799536007,0.5278036279844815,0.5259468927490961,0.5258082963217727,0.5351847701991801,0.5291448745286222,0.5361700515930067,0.5414249015161589,0.5312638348392493,0.5454524286928286,0.5465240154352076,0.5414329330731265,0.550494642386409,0.5525213728244436,0.560658573233949,0.553361706535685,0.5625603721699006,0.5665525060424225,0.5536223026770524,0.5321194950467338,0.5018813237140328,N,1311.2000274658203,6818.400172472,23.136512406667073,23.088657959302267,10.729057550430298,10.975056517124177,-0.50546875,-0.3210652683628723
517,[5726 7064],394_N,0.0090434532334533,0.0094626470577195,1994,0.440057442480627,42.45683925735409,-1.096165502240097,1.3264608,-0.00046080115,0.05691044,-0.041739058,0.046166725,-0.01443904,0.0010579448,0.0,-19.175274,0.00967346,-0.029066017,-0.062053908,0.034010332,-0.032251284,0.0,0.018589105,0.0,0.0,0.0,0.0,0.0,0.0,0.0,0.0,0.0,0.0,0.0,0.0,0.0,0.0,0.0,0.0,0.0,0.0,0.0,0.0,0.0,0.0,0.0,0.0,0.0,0.0,0.0,0.0,0.0,0.0,0.0,0.0,1994.5104,2023.9287,0.0,0.0,0.0,0.0,1984.3037,1994.5789,0.0,0.0,0.0,0.0,-0.30909386,0.0,0.0,0.0,0.0,0.0,1994,2023,0,0,0,0,"c(-1.0961655022401, 42.4568392573541)",NBR_year,,,0.4906521313423187,0.4903148804018337,0.4901754845467411,0.4896762855841825,0.4888022104993753,0.4884771760014596,0.488333863748136,0.4878305682194188,0.4869522415448148,0.4866394290591184,0.2436970514547424,0.2572339038799803,0.268584157939623,0.2696261595026594,0.2889143176220093,0.293209439182084,0.3047889657952404,0.3174002537768631,0.3165895905484389,0.3370309197780087,0.3426166654032145,0.3522470561717224,0.366107790380643,0.3646367301815905,0.385042433368212,0.3919177651464517,0.3996101280559624,0.4147068550167165,0.4145071417267023,0.4329499926091343,0.4411119322786059,0.4468802726953072,0.4642769869286871,0.4807548869070702,0.4901985210929661,0.4940597155544841,0.5115807351030788,0.5139447620103551,0.4631976985696828,0.4873914048821168,0.2436970514547424,N,1311.2000274658203,6818.400172472,23.136512406667073,23.088657959302267,10.729057550430298,10.975056517124177,-0.50546875,-0.3210652683628723
518,[4239 4922],294_N,0.0403185708748004,0.0257628438013964,2000,0.5184914842226287,42.85757770567584,-1.673422903924818,413.3108,-0.20801799,-0.15914021,0.06767635,0.0,0.0,0.0,0.0,-15.5729265,0.008023883,0.0,-0.023395753,0.017717507,0.0,-0.016786484,0.02947732,-105.32033,0.052522797,-0.025620608,-0.19944194,0.25079197,-0.11824633,0.13173243,0.14840488,0.0,0.0,0.0,0.0,0.0,0.0,0.0,0.0,0.0,0.0,0.0,0.0,0.0,0.0,0.0,0.0,0.0,0.0,0.0,0.0,0.0,0.0,0.0,0.0,1987.3263,2000.6432,2023.8821,0.0,0.0,0.0,1984.3037,1987.414,2000.7965,0.0,0.0,0.0,0.36638305,-0.63579917,0.0,0.0,0.0,0.0,1987,2000,2023,0,0,0,"c(-1.67342290392482, 42.8575777056758)",NBR_year,,0.609875279972214,0.4018723058401239,0.1938093740324164,0.4426823575762519,0.4507188034423512,0.4587357794483696,0.4667332399582569,0.4747111469523902,0.482669470048306,0.4906081865180176,0.4985272813023313,0.5064267470216322,0.5143065839834651,0.52216680018687,0.5300074113235529,0.5378284407753298,,0.3630125384703518,0.4138529166730721,0.4643959220848473,0.5146453949461949,0.5646053928443542,0.6142801862263833,0.6636742537461707,0.7127922774224218,0.7616391376244988,0.810219907888084,0.8585398495677126,0.9066044063276696,0.954419198483598,1.0,0.6224746142308115,0.6740136864821242,0.7765263088016503,0.8274951237322583,0.8782694144982817,0.928847264097678,0.9792269420620368,,0.7253650698285933,0.5339179260494413,0.3630125384703518,N,1477.8000330924988,6216.700133919716,23.91165402730306,23.855032912890117,11.927323404947916,12.259393676122029,-0.4656738266348839,-0.422401258846124
519,[5072 3599],379_N,0.0053348906127901,0.0061725934675431,1991,0.4756668031722457,42.63308871613177,-2.029964240259499,35.42243,-0.017585026,-0.002216904,0.00031311918,0.06319664,-0.032100305,0.026230339,-0.008371252,121.2814,-0.060686935,-0.01521295,0.0,0.012428473,-0.0136803845,0.0,0.011241063,-12.424968,0.0064371973,-0.01349226,0.0,0.012933,-0.0048999246,-0.002954275,0.0039887424,0.0,0.0,0.0,0.0,0.0,0.0,0.0,0.0,0.0,0.0,0.0,0.0,0.0,0.0,0.0,0.0,0.0,0.0,0.0,0.0,0.0,0.0,0.0,0.0,1988.2024,1991.5316,2023.9014,0.0,0.0,0.0,1984.3037,1988.4652,1992.3639,0.0,0.0,0.0,0.15903941,-0.58537275,0.0,0.0,0.0,0.0,1988,1991,2023,0,0,0,"c(-2.0299642402595, 42.6330887161318)",NBR_year,,,0.6006471259963895,0.5829832920869672,0.5653968268958925,0.6375462535330472,0.5768753731879916,0.5161471574109942,,0.4285111047437686,0.4376004620705878,0.4444627471381943,0.4492248779373707,0.4551855578077192,0.4636806876382175,0.4699578364934989,0.4742100914781677,0.4817039996581718,0.4896004629048236,0.4953065235227737,0.4990788083991978,0.5080633809510575,0.5153618006672147,0.5205154266451163,0.5253295211168666,0.5342620114525941,0.5409680208700276,0.5455922333705554,0.5519629740946321,0.5602995656137648,0.5664237038766582,0.5705456097115331,0.5784394756394826,0.5861770737776197,0.5953908919498302,0.6047563354801356,0.6118968991890761,0.6169077119587089,0.6221371761577162,0.6309122253367989,0.5917346308430862,0.5465112652994929,0.4285111047437686,N,1418.8000288009644,5607.500098347664,23.442552185058595,23.926483217875163,11.229377889633179,11.583851087093354,-0.06341146379709243,-0.2941487648524344
520,[4894 2625],370_N,0.0064917575066622,0.006249392830066,1987,0.5384740042830392,42.68105875231286,-2.292451966329022,-9.704232,0.005163703,0.0,-0.043808326,0.03752668,-0.0049360697,0.0,-0.003685786,-12.818316,0.0066737575,0.0,-0.048565727,0.024292378,-0.0044693886,-0.003066229,0.015579166,0.0,0.0,0.0,0.0,0.0,0.0,0.0,0.0,0.0,0.0,0.0,0.0,0.0,0.0,0.0,0.0,0.0,0.0,0.0,0.0,0.0,0.0,0.0,0.0,0.0,0.0,0.0,0.0,0.0,0.0,0.0,0.0,1987.6083,2023.8821,0.0,0.0,0.0,0.0,1984.3037,1987.9834,0.0,0.0,0.0,0.0,-0.43507633,0.0,0.0,0.0,0.0,0.0,1987,2023,0,0,0,0,"c(-2.29245196632902, 42.6810587523129)",NBR_year,,0.6121406754480089,0.6173015822299429,0.6224618699678627,0.6276215385620695,0.5183318884852051,0.5315798162362723,0.5358904858918121,0.5351313705464328,0.5507906760185163,0.5573062060815352,0.5561478899747115,0.569374494263416,0.5781965872624373,0.5787955338025251,0.5873260969411572,0.5985236868229261,0.601060819201015,0.6046496968746455,0.6182572672232273,0.6228885675892759,0.6213589320553379,0.637375452674083,0.64422875067687,0.6433197450865269,0.6558652376738253,0.6650374865291501,0.665914125025746,0.6737228367448113,0.6852779327536516,0.6881176456723815,0.6909538678238402,0.7049210586946247,0.709875828719112,0.7239462808453665,0.7311395002138044,0.7304842308575146,0.7423419483426339,0.7518657725341232,0.7530240431363325,0.7076033068811914,0.6198817260989028,0.5183318884852051,N,1226.7000193595886,5500.700077533722,23.53647143046061,23.543959379196167,10.905242776870727,11.053899176915486,-0.25131836757063863,-0.3263753249659203
521,[5157 6750],368_N,0.0042227913474224,0.004504849951186,1989,0.6071219256075753,42.61018167638238,-1.18078680202021,-14.581188,0.007621294,-0.03975991,-0.12983502,0.09678395,-0.055115253,0.06169561,0.052418593,-9.12216,0.004795584,-0.14934812,-0.1406886,0.026987461,-0.07314577,0.016037317,0.03875777,0.0,0.0,0.0,0.0,0.0,0.0,0.0,0.0,0.0,0.0,0.0,0.0,0.0,0.0,0.0,0.0,0.0,0.0,0.0,0.0,0.0,0.0,0.0,0.0,0.0,0.0,0.0,0.0,0.0,0.0,0.0,0.0,1989.5413,2023.8821,0.0,0.0,0.0,0.0,1984.2134,1989.585,0.0,0.0,0.0,0.0,-0.4144766,0.0,0.0,0.0,0.0,0.0,1989,2023,0,0,0,0,"c(-1.18078680202021, 42.6101816763824)",NBR_year,,0.8108912220160204,0.819267130635899,0.8265006981250838,0.8343264107250652,0.842004580789308,0.7229351387006828,0.7268618935486137,0.7178531279007238,0.7101481795802564,0.7349035567701193,0.7479758502857262,0.7482542214931103,0.7356941794423199,0.7408146355506045,0.7624560543162752,0.7719987222193716,0.7686252371996051,0.7525949111660306,0.7706632048710711,0.7890460897633105,0.7949940294441489,0.787989438743009,0.7732266012463559,0.7996459471431526,0.8146468766120375,0.8169588925723356,0.806367907597202,0.8043258226229065,0.8277204436470115,0.8392381851288356,0.8378972819415161,0.823788099705971,0.8346360975704544,0.8628065026299618,0.8578199603568905,0.8402835808207861,0.8641065857414221,0.8810047440737949,0.8853451331649368,0.854850158057324,0.8381654957571866,0.7268618935486137,N,1841.700026512146,7384.200138092041,22.571997197469077,22.440771786371865,10.193367179234823,10.632575341065724,-0.30449218563735486,-0.36642252686433496
522,[5077 6488],343_N,0.0044543360036391,0.0052167054298903,2002,0.4484358899509035,42.63174124320534,-1.2513943833654,60.390244,-0.030221045,0.014747642,0.0,0.0,0.014443919,-0.012550743,0.0051576495,-7.6509175,0.004042491,0.0,-0.023198413,0.023789752,0.0,0.008527002,0.0,-10.6677,0.0055043558,0.0,-0.011720637,0.014460684,0.0,-0.006075935,0.0029449135,0.0,0.0,0.0,0.0,0.0,0.0,0.0,0.0,0.0,0.0,0.0,0.0,0.0,0.0,0.0,0.0,0.0,0.0,0.0,0.0,0.0,0.0,0.0,0.0,1988.3339,2002.5488,2023.8821,0.0,0.0,0.0,1984.2134,1988.4652,2002.6802,0.0,0.0,0.0,0.16939051,-0.15617785,0.0,0.0,0.0,0.0,1988,2002,2023,0,0,0,"c(-1.2513943833654, 42.6317412432053)",NBR_year,,0.4377328925449171,,,,0.4220729992190763,0.4260720706582092,0.4303588132274378,0.434364954336469,0.4381309969646498,0.4423530188062965,0.4465457141319461,0.4504708218148787,0.4542043991768441,0.4586025192399255,0.4627053274994114,0.466553509671262,0.4705224997801941,0.4748218949063409,,0.3906235392579878,0.3952593955428491,0.4018365888501533,0.4056062989557719,0.4128952192761834,0.4168916861127963,0.4237982490145344,0.4284966054965215,0.434545680939113,0.4399557701086565,0.44513870011202,0.4512649528926574,0.4555796607523176,0.4624210653119197,0.4734221835478322,0.4776769284983256,0.4842675639855524,0.4892284682693126,0.4949576478557954,0.5006325582490222,0.4659828649783543,0.4726721973432675,0.3906235392579878,N,1589.800021648407,6966.4001297950745,24.220955181121827,24.098761908213298,12.273418076833089,11.819509069124857,-0.42325847540050743,-0.2454176711079736
523,[5117 6758],367_N,0.0030533927365249,0.003600413279561,1989,0.6011851229712668,42.62096145979386,-1.178630845337915,2.2116747,-0.000834111,0.01779415,-0.031249173,0.027998798,-0.009251998,-0.0023463513,0.0,-7.283854,0.0038915419,0.0,-0.016183667,0.014603446,-0.011453778,0.0,0.005318924,0.0,0.0,0.0,0.0,0.0,0.0,0.0,0.0,0.0,0.0,0.0,0.0,0.0,0.0,0.0,0.0,0.0,0.0,0.0,0.0,0.0,0.0,0.0,0.0,0.0,0.0,0.0,0.0,0.0,0.0,0.0,0.0,1989.5413,2023.8821,0.0,0.0,0.0,0.0,1984.2134,1990.2174,0.0,0.0,0.0,0.0,-0.39337638,0.0,0.0,0.0,0.0,0.0,1989,2023,0,0,0,0,"c(-1.17863084533792, 42.6209614597939)",NBR_year,,0.5971062088383966,0.5962457482086105,0.5954123378406866,0.5946032721343054,0.5937057572980436,,0.4943211109493997,0.4981432747378401,0.5019618207175505,0.5057767525904168,0.5095880746320243,0.5133957916907204,0.5171999091869507,0.5210004331122283,0.5247973700279668,0.5285907270644691,0.5323805119196049,0.5361667328572575,0.5399493987060681,0.5437285188576652,0.5475041032649175,0.5512761624402608,0.5550447074536512,0.5588097499304407,0.5625713020494558,0.566329376540621,0.5700839866824613,0.573835146299875,0.577582869761497,0.5813271719768953,0.5850680683938835,0.5888055749958248,0.5925397082982344,0.5999979237104501,0.6037220414853386,0.6074428572840775,0.6111603902359446,0.614874659982939,0.6185856866755416,0.5962704853461201,0.5941545147161745,0.4943211109493997,N,1841.700026512146,7384.200138092041,22.571997197469077,22.440771786371865,10.193367179234823,10.632575341065724,-0.30449218563735486,-0.36642252686433496
524,[5891 6840],394_N,0.0026379358244845,0.0046203056857394,1994,0.408422726953156,42.41237265078173,-1.156532289344382,6.533505,-0.0031228655,-0.034337416,-0.070481405,0.038846362,-0.027538931,-0.0041830507,0.020110581,-9.606505,0.004909461,-0.060721304,-0.059610292,0.032482546,-0.03804835,0.002655845,0.021693282,0.0,0.0,0.0,0.0,0.0,0.0,0.0,0.0,0.0,0.0,0.0,0.0,0.0,0.0,0.0,0.0,0.0,0.0,0.0,0.0,0.0,0.0,0.0,0.0,0.0,0.0,0.0,0.0,0.0,0.0,0.0,0.0,1994.5104,2023.9944,0.0,0.0,0.0,0.0,1984.2134,1994.5542,0.0,0.0,0.0,0.0,-0.4307488,0.0,0.0,0.0,0.0,0.0,1994,2023,0,0,0,0,"c(-1.15653228934438, 42.4123726507817)",NBR_year,,0.4700199293274733,0.4665601828370188,0.4630398915334507,0.4600597164851755,0.4573077107476781,0.4544979529269665,0.451629957447281,0.4487032836858302,0.4457175364074277,0.442672366153952,0.323653270131895,0.3425570976071794,0.3400899770417048,0.3501877967101333,0.3545645396826758,0.3557467767296023,0.3669135761168072,0.3593635592303841,0.377093762314144,0.3733710567776303,0.3851169931561775,0.3882290106320331,0.3910502438204486,0.4009753700883681,0.3950135912048826,0.411556747783061,0.4065836467112218,0.4199747989017652,0.4218213543396653,0.4262864238051287,0.4349632113219691,0.4306021263783881,0.445945836374427,0.4547606519425309,0.4553421090554259,0.4614544274669264,0.4688772964801497,0.4661279764155484,0.4802608749924014,0.4397286072310215,0.44419495128068986,0.3425570976071794,N,1330.9000170230865,6600.4001121521,23.25723934173584,23.286839946111044,10.807293287913005,11.047195374965668,-0.49884440898895266,-0.3467488618567586
525,[3183 5829],353_N,0.0004921803498122879,0.0006441705045357737,2002,0.6527847262558226,43.14216398773889,-1.428991315069523,-6.238457,0.0032864737,-0.21714844,-0.16110541,0.0426569,0.06545238,-0.0043342807,0.016446477,-1.3137356,0.00082872156,-0.19550888,-0.17213291,0.07949017,0.04535092,-0.0019253952,0.018365586,0.0,0.0,0.0,0.0,0.0,0.0,0.0,0.0,0.0,0.0,0.0,0.0,0.0,0.0,0.0,0.0,0.0,0.0,0.0,0.0,0.0,0.0,0.0,0.0,0.0,0.0,0.0,0.0,0.0,0.0,0.0,0.0,2002.0669,2023.8821,0.0,0.0,0.0,0.0,1984.3037,2002.1107,0.0,0.0,0.0,0.0,-0.21720167,0.0,0.0,0.0,0.0,0.0,2002,2023,0,0,0,0,"c(-1.42899131506952, 43.1421639877389)",NBR_year,,0.6097080953373716,0.6151272232365869,0.619004297324798,0.6213361299632922,0.6221339027971595,0.6230525286299889,0.6297966840641335,0.6350127336261125,0.638685503834232,0.6408136755067134,0.6414103628644605,0.6433149893523453,0.6498585737384949,0.6548712789163088,0.6583397213797368,0.6602644605456737,0.66066054944246,0.6635511676928555,0.6926822165661417,0.6933038862173064,0.6939229759776374,0.6945394880329931,0.6951534246081399,0.6957647879663679,0.6963735804091779,0.6969798042760696,0.6975834619452749,0.6981845558335452,0.6987830883949003,0.699379062123408,0.6999724795496669,0.70056334324355,0.7011516558129769,0.7023206382009358,0.7029807903689577,0.7040520284431324,0.7051208650485319,0.7061872963080219,0.7072513183730651,0.7017374199039791,0.6621058585676578,0.6933038862173064,N,2335.4000368118286,10649.800172805786,22.101221402486164,21.758668915430704,12.15513432820638,11.215098249912263,-0.43828125,0.01576272570169889
526,[4888 2639],370_N,0.0061201127162363,0.0056488550080646,1987,0.4112651240025605,42.68267571982458,-2.288679042135004,-0.12712577,0.00031396883,0.07795791,-0.021578047,0.025170924,-0.01801726,-0.011593676,0.0008295168,-11.135616,0.0057798657,-0.020399697,-0.044720393,0.02377841,-0.018052775,0.0,0.021011718,0.0,0.0,0.0,0.0,0.0,0.0,0.0,0.0,0.0,0.0,0.0,0.0,0.0,0.0,0.0,0.0,0.0,0.0,0.0,0.0,0.0,0.0,0.0,0.0,0.0,0.0,0.0,0.0,0.0,0.0,0.0,0.0,1987.6083,2023.8821,0.0,0.0,0.0,0.0,1984.3037,1987.6329,0.0,0.0,0.0,0.0,-0.22236525,0.0,0.0,0.0,0.0,0.0,1987,2023,0,0,0,0,"c(-2.288679042135, 42.6826757198246)",NBR_year,,,0.6050696424894579,0.6053876136869293,0.605704575766353,0.4372487160828702,0.4482774754131863,0.4603308870002509,0.4667896268530406,0.4678492796640517,0.4642511204959776,0.4786443969373526,0.4897470531467203,0.495247726938687,0.4954397417406151,0.49329868767776,0.5088526973489443,0.5189962445499823,0.523547617972414,0.522896703854001,0.5242382824626529,0.5388997367172772,0.5480787552341805,0.5516924774953312,0.5502258162441639,0.5550336615345367,0.5687833669373644,0.5769953889341162,0.5796859468555521,0.5774330893348161,0.5856804099486186,0.5985019393450702,0.6057474556834487,0.6075321172067549,0.6161745590754124,0.6280543104698155,0.6343367665093895,0.6352355138378933,0.6315078226889593,0.646512600964788,0.6045248710127272,0.6052286280881936,0.4372487160828702,N,1226.7000193595886,5500.700077533722,23.53647143046061,23.543959379196167,10.905242776870727,11.053899176915486,-0.25131836757063863,-0.3263753249659203
527,[5779 7175],394_N,0.0129278354368289,0.0149059969002377,1994,0.619595636034898,42.44255604433388,-1.066251603273242,-21.679731,0.011184162,0.041983645,-0.03749174,0.029065495,0.0,-0.0105674155,0.01158264,-31.037184,0.015669025,0.043767214,-0.05696503,0.063695475,-0.022384327,0.00542481,0.029262064,0.0,0.0,0.0,0.0,0.0,0.0,0.0,0.0,0.0,0.0,0.0,0.0,0.0,0.0,0.0,0.0,0.0,0.0,0.0,0.0,0.0,0.0,0.0,0.0,0.0,0.0,0.0,0.0,0.0,0.0,0.0,0.0,1994.5104,2023.9944,0.0,0.0,0.0,0.0,1984.3037,1994.5789,0.0,0.0,0.0,0.0,-0.74332255,0.0,0.0,0.0,0.0,0.0,1994,2023,0,0,0,0,"c(-1.06625160327324, 42.4425560443339)",NBR_year,,0.5630799635503849,0.577070745537932,0.5881721463630658,0.5990031615902074,0.6104375222860625,0.6218079703667768,0.6329063434186571,0.6437343704832144,0.6551777394900145,0.6665451614037934,0.6776405068986558,0.3170424082158247,0.340535178032755,0.3426162311384282,0.3712372673335041,0.3816815853999693,0.3991671465235376,0.4175716656461868,0.4246760734759322,0.4503347883674772,0.4550432707571478,0.4801419666607071,0.4931225704949716,0.5072761837235373,0.528028057221637,0.5321167397115641,0.5598470721366088,0.5671655825077169,0.5887868825621614,0.6042550023891943,0.6151623462205802,0.6381844124061316,0.6397070498796681,0.6789806339126738,0.6971825847606544,0.7150802304716901,0.7228387433583832,0.7480458099253356,0.7521982658581309,0.6690794995356868,0.6608614504469039,0.3170424082158247,N,1311.2000274658203,6818.400172472,23.136512406667073,23.088657959302267,10.729057550430298,10.975056517124177,-0.50546875,-0.3210652683628723
528,[5752 7109],394_N,0.010863047605693,0.0135885651494118,1994,0.692201207494494,42.44983239813664,-1.084038245902183,4.9405084,-0.0021223219,0.056429636,-0.034184895,0.0034995642,-0.014835893,0.018346896,-0.0105544645,16.398552,-0.007876255,0.037351828,-0.0063975784,0.0,0.021164153,-0.010906644,0.0126923565,-28.338839,0.014289127,0.028170919,-0.05297604,0.057541307,-0.015092658,0.0040706345,0.021006934,0.0,0.0,0.0,0.0,0.0,0.0,0.0,0.0,0.0,0.0,0.0,0.0,0.0,0.0,0.0,0.0,0.0,0.0,0.0,0.0,0.0,0.0,0.0,0.0,1987.8766,1994.5104,2023.9944,0.0,0.0,0.0,1984.3037,1987.9642,1994.5789,0.0,0.0,0.0,-0.23716624,-0.83653605,0.0,0.0,0.0,0.0,1987,1994,2023,0,0,0,"c(-1.08403824590218, 42.4498323981366)",NBR_year,,0.79609469494004,0.7940257094027708,0.7918508298831802,0.7897771552196029,0.7760761048971907,0.768059173432921,0.7603200244387096,0.7523324958033414,0.7445612692622763,0.7366032505201593,0.7287998330289368,0.2606581701285201,0.2787099365225886,0.2840790624925216,0.3078128549619099,0.3149734081569855,0.3345817840670665,0.3483471858174644,0.3592624738685955,0.3791590783504947,0.382167445896429,0.4075136165532518,0.4167674337476892,0.4336026551879867,0.4493380306466669,0.4576942931515455,0.4793694004479872,0.4839624671332361,0.5069942353404161,0.518310766812756,0.5324294731167568,0.5500820797158471,0.5559641821423378,0.5860593030482982,0.6062620983867484,0.6196036177175167,0.6310716633879572,0.6505824207923954,0.6540831249635557,0.579345851106447,0.7405822598912177,0.2606581701285201,N,1311.2000274658203,6818.400172472,23.136512406667073,23.088657959302267,10.729057550430298,10.975056517124177,-0.50546875,-0.3210652683628723
529,[4309 5546],382_N,0.0077500925813283,0.0072085778122575,1991,0.5891384304416752,42.83871308470575,-1.50525828270574,5.018634,-0.0022182,0.014481715,-0.017900692,0.021051077,0.0,-0.029031191,0.00939457,-14.7713,0.007560842,-0.060064513,-0.052230682,0.031450167,-0.026023585,-0.006681649,0.011220547,0.0,0.0,0.0,0.0,0.0,0.0,0.0,0.0,0.0,0.0,0.0,0.0,0.0,0.0,0.0,0.0,0.0,0.0,0.0,0.0,0.0,0.0,0.0,0.0,0.0,0.0,0.0,0.0,0.0,0.0,0.0,0.0,1991.6193,2023.8821,0.0,0.0,0.0,0.0,1984.3037,1991.9259,0.0,0.0,0.0,0.0,-0.36093158,0.0,0.0,0.0,0.0,0.0,1991,2023,0,0,0,0,"c(-1.50525828270574, 42.8387130847058)",NBR_year,,0.6728807548636127,0.6704804444407905,0.6685757016304442,0.6656880959667217,0.6641395190860134,0.6616040441083669,0.6595729304179463,0.6573979988316726,0.4142188838151433,0.432603208860268,0.4332533624598244,0.4457493232585788,0.452969346721785,0.4564453772160334,0.4703140156544294,0.4665907432144712,0.4851845367407033,0.4878430757867869,0.4975643564959178,0.5068420103791115,0.507526069468087,0.5234289762712471,0.5216396601894394,0.5375272459769955,0.542216966565656,0.5491477181466483,0.5604836309795345,0.5583904400602945,0.5763055209197577,0.5764873829961134,0.5896325694255774,0.5963695410895129,0.6005032739758244,0.6097190448890251,0.6289430556245404,0.6311269814551052,0.6415025599106821,0.6502960002399091,0.6516356830646782,0.6138910579697086,0.6605884872631567,0.4142188838151433,N,1726.6000356674194,7034.9001269340515,22.21490281422933,22.526436805725098,10.95898265838623,11.286854251225789,-0.13647461030632257,-0.2897176109778229
530,[4317 5526],382_N,0.0079045589336629,0.0107414862717431,1991,0.6173729393840129,42.83655712802345,-1.51064817441148,4.6232076,-0.0019876538,0.02820829,-0.030974774,0.022846173,0.0037935048,-0.009980267,0.015727688,-21.261194,0.010788151,0.0,-0.025570488,0.0570949,-0.030807078,0.0,0.01657876,0.0,0.0,0.0,0.0,0.0,0.0,0.0,0.0,0.0,0.0,0.0,0.0,0.0,0.0,0.0,0.0,0.0,0.0,0.0,0.0,0.0,0.0,0.0,0.0,0.0,0.0,0.0,0.0,0.0,0.0,0.0,0.0,1991.6193,2023.8821,0.0,0.0,0.0,0.0,1984.3037,1992.4515,0.0,0.0,0.0,0.0,-0.7014232,0.0,0.0,0.0,0.0,0.0,1991,2023,0,0,0,0,"c(-1.51064817441148, 42.8365571280235)",NBR_year,,0.7242424662499272,0.721971467683885,0.7202107340473688,0.7181750654845874,0.7160974643130535,0.7142915119973345,0.711905074539209,0.7103226634682616,0.3205336056497463,0.3393914207857317,0.3524209355852841,0.3592589264605966,0.3600564003180611,0.3800886626358843,0.3954343864822457,0.4046687624775596,0.4077430661169793,0.4199558561142094,0.4375350031516037,0.4491584297462081,0.4545790733902883,0.4590433858929905,0.4787460775452355,0.4927215593700879,0.5005287704964679,0.5022378729595532,0.5191018003975052,0.535363331084609,0.5455675545303609,0.5495851077262442,0.5586467160656561,0.5771003576569905,0.5896821995798125,0.5974350261214948,0.6179603993164324,0.6328710154845677,0.6416491597093444,0.6442840875006516,0.6579819132328614,0.5960659461207455,0.7130982932682718,0.3205336056497463,N,1726.6000356674194,7034.9001269340515,22.21490281422933,22.526436805725098,10.95898265838623,11.286854251225789,-0.13647461030632257,-0.2897176109778229
531,[4301 5517],382_N,0.0194838454823871,0.0223654183935311,1991,0.4962708139779521,42.84086904138804,-1.513073625679062,-66.23626,0.03357174,0.085279934,-0.03843659,0.06770889,-0.024389923,0.008741795,0.015984748,-46.811882,0.023551509,0.04200392,-0.039669205,0.037325155,-0.038440023,0.0099846795,0.005772385,0.0,0.0,0.0,0.0,0.0,0.0,0.0,0.0,0.0,0.0,0.0,0.0,0.0,0.0,0.0,0.0,0.0,0.0,0.0,0.0,0.0,0.0,0.0,0.0,0.0,0.0,0.0,0.0,0.0,0.0,0.0,0.0,1991.6193,2023.8821,0.0,0.0,0.0,0.0,1984.3037,1991.9259,0.0,0.0,0.0,0.0,-0.52621734,0.0,0.0,0.0,0.0,0.0,1991,2023,0,0,0,0,"c(-1.51307362567906, 42.840869041388)",NBR_year,,,0.5211547023588755,0.5545450683351532,0.5882608104668903,0.6218014904542348,0.655309516518191,0.689004580445162,0.7222992432755526,0.1762871941963672,0.2033078235306132,0.2253622585812498,0.2493509181112828,0.2737064216083028,0.2943944282243725,0.3212567766953399,0.3418318769355176,0.3679424985554205,0.3906872882276187,0.4136855124405997,0.4387931619980087,0.4584031247416319,0.4860841881394517,0.5073105267192756,0.5324871382019278,0.5559407578358998,0.5779221376651135,0.6038021071169443,0.6235955620669902,0.6508267986335733,0.6727215000664473,0.6969393219553636,0.7211208220557674,0.7420583123963466,0.7891555405236081,0.8154823005923778,0.8380630981954161,0.8612965955576639,0.8862255630108283,0.9060915682078244,0.7687311718376376,0.6721570484816766,0.1762871941963672,N,1726.6000356674194,7034.9001269340515,22.21490281422933,22.526436805725098,10.95898265838623,11.286854251225789,-0.13647461030632257,-0.2897176109778229
532,[4220 4913],294_N,0.0132692028414475,0.0156509354417105,2000,0.6647911813862057,42.86269810279629,-1.675848355192401,-32.999557,0.01679045,-0.07596971,-0.06414989,0.0031252138,-0.018471919,0.004680689,0.017722383,-32.602444,0.016449332,-0.05742851,-0.050700773,0.05314675,-0.026379015,0.0,0.020852976,0.0,0.0,0.0,0.0,0.0,0.0,0.0,0.0,0.0,0.0,0.0,0.0,0.0,0.0,0.0,0.0,0.0,0.0,0.0,0.0,0.0,0.0,0.0,0.0,0.0,0.0,0.0,0.0,0.0,0.0,0.0,0.0,2000.6432,2023.8821,0.0,0.0,0.0,0.0,1984.3037,2001.4098,0.0,0.0,0.0,0.0,-0.60257936,0.0,0.0,0.0,0.0,0.0,2000,2023,0,0,0,0,"c(-1.6758483551924, 42.8626981027963)",NBR_year,,0.4501112768947878,0.4690506497331044,0.4859139673322433,0.5003341356533424,0.5196698682328997,0.5359550865916872,0.5514061592529204,0.5701819750964272,0.5858878823558545,0.6023764122065571,0.6205862891311034,0.6357127911628062,0.6532433301538035,0.6708823376643297,0.6854304560158238,0.7040055470876988,,0.4786317141586894,0.4895243222548974,0.5119850355886768,0.5201680900076542,0.5449777283659272,0.5542959878418909,0.5776081830024924,0.5892430787607115,0.6098762119332926,0.6238546448842144,0.6417830530466656,0.658122803527476,0.6733313659518825,0.6920409865211502,0.7045252209969616,0.7256039760756009,0.7588079338412215,0.7667869529490225,0.7916504229928998,0.8019261712070377,0.8241304232033265,0.8367350690553782,0.7353700810977299,0.6947180015517613,0.4786317141586894,N,1477.8000330924988,6216.700133919716,23.91165402730306,23.855032912890117,11.927323404947916,12.259393676122029,-0.4656738266348839,-0.422401258846124
533,[5884 6831],394_N,0.0043951963847561,0.0075645710955302,1994,0.406308095367213,42.414259112878746,-1.158957740611965,15.394462,-0.0075834147,-0.10613376,-0.108366914,0.040023006,-0.045181125,-0.0031946604,0.030877147,-15.6293,0.0079176845,-0.06133187,-0.07211687,0.027499244,-0.054836996,0.0014866348,0.026129408,0.0,0.0,0.0,0.0,0.0,0.0,0.0,0.0,0.0,0.0,0.0,0.0,0.0,0.0,0.0,0.0,0.0,0.0,0.0,0.0,0.0,0.0,0.0,0.0,0.0,0.0,0.0,0.0,0.0,0.0,0.0,0.0,1994.5104,2023.9944,0.0,0.0,0.0,0.0,1984.2134,1994.5542,0.0,0.0,0.0,0.0,-0.45937672,0.0,0.0,0.0,0.0,0.0,1994,2023,0,0,0,0,"c(-1.15895774061197, 42.4142591128787)",NBR_year,,0.5779864353547383,0.5705855382184307,0.5630949742101418,0.5555145130032798,0.5478439921326418,0.5400833170713084,0.5322324612383402,0.5242914659369828,0.516260440223772,0.5081395607088135,0.3195344158595056,0.3386591210272319,0.3419001147482308,0.3508132867023919,0.361901045943289,0.3606351029510128,0.3794438599902791,0.3735050989040337,0.3944977536435755,0.3962924502317011,0.4070964057530634,0.4167388227429229,0.4173377547171881,0.4347396971688056,0.4274013662456258,0.4502525135751563,0.4506048264711842,0.4632989973009582,0.4714930653621448,0.4739653387215369,0.4899505429378366,0.4824001936642885,0.5059230221766251,0.5194202811261088,0.5261642779671667,0.5305166938411185,0.5450765023443521,0.5393496319343623,0.5615089761231277,0.5048381242972622,0.5122000004662928,0.3386591210272319,N,1330.9000170230865,6600.4001121521,23.25723934173584,23.286839946111044,10.807293287913005,11.047195374965668,-0.49884440898895266,-0.3467488618567586
534,[4826 4358],369_N,0.0003064320952479438,-1.487343903774363e-05,1989,0.7780826331976081,42.69938438411238,-1.825417850026678,-39.597637,0.020189447,-0.08622671,-0.06743605,0.021892428,-0.014262631,0.0,-0.0034025086,0.49987113,0.0,-0.16022868,-0.05215453,-0.009538037,-0.050946683,0.01389725,0.0,0.0,0.0,0.0,0.0,0.0,0.0,0.0,0.0,0.0,0.0,0.0,0.0,0.0,0.0,0.0,0.0,0.0,0.0,0.0,0.0,0.0,0.0,0.0,0.0,0.0,0.0,0.0,0.0,0.0,0.0,0.0,0.0,1989.7794,2023.8821,0.0,0.0,0.0,0.0,1984.3037,1990.086,0.0,0.0,0.0,0.0,-0.23520066,0.0,0.0,0.0,0.0,0.0,1989,2023,0,0,0,0,"c(-1.82541785002668, 42.6993843841124)",NBR_year,,0.603001448696979,0.6230320980316242,0.6433690406306495,0.6634959094635681,0.6837046782777605,0.703927721017853,0.7242748870540632,0.7252915679730852,0.7258899895237855,0.726063500747521,0.7258070475303029,0.7251172039101736,0.7239921940455606,0.7224319047109906,0.7204378882500617,0.7180133559832805,0.7151631621303278,0.7118937783748014,0.7082132592600414,0.7091314613007953,0.7125138548557453,0.7155522596473429,0.7182313163551112,0.7205368739630167,0.7224560724376438,0.7239774182733083,0.7250908524072021,0.7257878100539698,0.7260612720665787,0.7259058074876832,0.7253176070159952,0.724294507174652,0.7228360050325093,0.718619106432245,0.7158680058330303,0.7126960575239671,0.7091109492007837,0.7082919870144273,0.7117525414538729,0.7209432633929361,0.6736002938706642,0.7242748870540632,N,1414.800032377243,5436.500087738037,24.38188756306966,24.83359653155009,11.900426896413167,12.393991907437643,-0.12519531697034836,-0.3732666062191129
